codigo_punto_turistico;punto_turistico;indicador;tipo_periodo;anio;mes;fecha_mes_ref;periodo;ocupacion_pct
22054;Benasque;Grado de ocupación por plazas en fin de semana;fin_de_semana;2018;1;2018-01-01;2018M01;60.14
22054;Benasque;Grado de ocupación por plazas en fin de semana;fin_de_semana;2018;2;2018-02-01;2018M02;88.49
22054;Benasque;Grado de ocupación por plazas en fin de semana;fin_de_semana;2018;3;2018-03-01;2018M03;71.29
22054;Benasque;Grado de ocupación por plazas en fin de semana;fin_de_semana;2018;4;2018-04-01;2018M04;35.93
22054;Benasque;Grado de ocupación por plazas en fin de semana;fin_de_semana;2018;5;2018-05-01;2018M05;
22054;Benasque;Grado de ocupación por plazas en fin de semana;fin_de_semana;2018;6;2018-06-01;2018M06;54.5
22054;Benasque;Grado de ocupación por plazas en fin de semana;fin_de_semana;2018;7;2018-07-01;2018M07;64.68
22054;Benasque;Grado de ocupación por plazas en fin de semana;fin_de_semana;2018;8;2018-08-01;2018M08;68.58
22054;Benasque;Grado de ocupación por plazas en fin de semana;fin_de_semana;2018;9;2018-09-01;2018M09;49.63
22054;Benasque;Grado de ocupación por plazas en fin de semana;fin_de_semana;2018;10;2018-10-01;2018M10;55.9
22054;Benasque;Grado de ocupación por plazas en fin de semana;fin_de_semana;2018;11;2018-11-01;2018M11;
22054;Benasque;Grado de ocupación por plazas en fin de semana;fin_de_semana;2018;12;2018-12-01;2018M12;58.3
22054;Benasque;Grado de ocupación por plazas en fin de semana;fin_de_semana;2019;1;2019-01-01;2019M01;70.09
22054;Benasque;Grado de ocupación por plazas en fin de semana;fin_de_semana;2019;2;2019-02-01;2019M02;81.4
22054;Benasque;Grado de ocupación por plazas en fin de semana;fin_de_semana;2019;3;2019-03-01;2019M03;78.05
22054;Benasque;Grado de ocupación por plazas en fin de semana;fin_de_semana;2019;4;2019-04-01;2019M04;38.51
22054;Benasque;Grado de ocupación por plazas en fin de semana;fin_de_semana;2019;5;2019-05-01;2019M05;
22054;Benasque;Grado de ocupación por plazas en fin de semana;fin_de_semana;2019;6;2019-06-01;2019M06;64.03
22054;Benasque;Grado de ocupación por plazas en fin de semana;fin_de_semana;2019;7;2019-07-01;2019M07;67.08
22054;Benasque;Grado de ocupación por plazas en fin de semana;fin_de_semana;2019;8;2019-08-01;2019M08;66.86
22054;Benasque;Grado de ocupación por plazas en fin de semana;fin_de_semana;2019;9;2019-09-01;2019M09;49.57
22054;Benasque;Grado de ocupación por plazas en fin de semana;fin_de_semana;2019;10;2019-10-01;2019M10;45.17
22054;Benasque;Grado de ocupación por plazas en fin de semana;fin_de_semana;2019;11;2019-11-01;2019M11;
22054;Benasque;Grado de ocupación por plazas en fin de semana;fin_de_semana;2019;12;2019-12-01;2019M12;64.35
22054;Benasque;Grado de ocupación por plazas en fin de semana;fin_de_semana;2020;1;2020-01-01;2020M01;78.09
22054;Benasque;Grado de ocupación por plazas en fin de semana;fin_de_semana;2020;2;2020-02-01;2020M02;85.79
22054;Benasque;Grado de ocupación por plazas en fin de semana;fin_de_semana;2020;3;2020-03-01;2020M03;45.85
22054;Benasque;Grado de ocupación por plazas en fin de semana;fin_de_semana;2020;4;2020-04-01;2020M04;0.0
22054;Benasque;Grado de ocupación por plazas en fin de semana;fin_de_semana;2020;5;2020-05-01;2020M05;
22054;Benasque;Grado de ocupación por plazas en fin de semana;fin_de_semana;2020;6;2020-06-01;2020M06;
22054;Benasque;Grado de ocupación por plazas en fin de semana;fin_de_semana;2020;7;2020-07-01;2020M07;46.02
22054;Benasque;Grado de ocupación por plazas en fin de semana;fin_de_semana;2020;8;2020-08-01;2020M08;70.32
22054;Benasque;Grado de ocupación por plazas en fin de semana;fin_de_semana;2020;9;2020-09-01;2020M09;58.76
22054;Benasque;Grado de ocupación por plazas en fin de semana;fin_de_semana;2020;10;2020-10-01;2020M10;32.57
22054;Benasque;Grado de ocupación por plazas en fin de semana;fin_de_semana;2020;11;2020-11-01;2020M11;
22054;Benasque;Grado de ocupación por plazas en fin de semana;fin_de_semana;2020;12;2020-12-01;2020M12;4.21
22054;Benasque;Grado de ocupación por plazas en fin de semana;fin_de_semana;2021;1;2021-01-01;2021M01;17.67
22054;Benasque;Grado de ocupación por plazas en fin de semana;fin_de_semana;2021;2;2021-02-01;2021M02;15.55
22054;Benasque;Grado de ocupación por plazas en fin de semana;fin_de_semana;2021;3;2021-03-01;2021M03;12.86
22054;Benasque;Grado de ocupación por plazas en fin de semana;fin_de_semana;2021;4;2021-04-01;2021M04;8.56
22054;Benasque;Grado de ocupación por plazas en fin de semana;fin_de_semana;2021;5;2021-05-01;2021M05;
22054;Benasque;Grado de ocupación por plazas en fin de semana;fin_de_semana;2021;6;2021-06-01;2021M06;65.32
22054;Benasque;Grado de ocupación por plazas en fin de semana;fin_de_semana;2021;7;2021-07-01;2021M07;50.07
22054;Benasque;Grado de ocupación por plazas en fin de semana;fin_de_semana;2021;8;2021-08-01;2021M08;80.51
22054;Benasque;Grado de ocupación por plazas en fin de semana;fin_de_semana;2021;9;2021-09-01;2021M09;59.84
22054;Benasque;Grado de ocupación por plazas en fin de semana;fin_de_semana;2021;10;2021-10-01;2021M10;38.38
22054;Benasque;Grado de ocupación por plazas en fin de semana;fin_de_semana;2021;11;2021-11-01;2021M11;
22054;Benasque;Grado de ocupación por plazas en fin de semana;fin_de_semana;2021;12;2021-12-01;2021M12;47.78
22054;Benasque;Grado de ocupación por plazas en fin de semana;fin_de_semana;2022;1;2022-01-01;2022M01;66.62
22054;Benasque;Grado de ocupación por plazas en fin de semana;fin_de_semana;2022;2;2022-02-01;2022M02;79.79
22054;Benasque;Grado de ocupación por plazas en fin de semana;fin_de_semana;2022;3;2022-03-01;2022M03;64.94
22054;Benasque;Grado de ocupación por plazas en fin de semana;fin_de_semana;2022;4;2022-04-01;2022M04;38.0
22054;Benasque;Grado de ocupación por plazas en fin de semana;fin_de_semana;2022;5;2022-05-01;2022M05;
22054;Benasque;Grado de ocupación por plazas en fin de semana;fin_de_semana;2022;6;2022-06-01;2022M06;61.4
22054;Benasque;Grado de ocupación por plazas en fin de semana;fin_de_semana;2022;7;2022-07-01;2022M07;55.96
22054;Benasque;Grado de ocupación por plazas en fin de semana;fin_de_semana;2022;8;2022-08-01;2022M08;72.71
22054;Benasque;Grado de ocupación por plazas en fin de semana;fin_de_semana;2022;9;2022-09-01;2022M09;64.21
22054;Benasque;Grado de ocupación por plazas en fin de semana;fin_de_semana;2022;10;2022-10-01;2022M10;37.72
22054;Benasque;Grado de ocupación por plazas en fin de semana;fin_de_semana;2022;11;2022-11-01;2022M11;
22054;Benasque;Grado de ocupación por plazas en fin de semana;fin_de_semana;2022;12;2022-12-01;2022M12;30.41
22054;Benasque;Grado de ocupación por plazas en fin de semana;fin_de_semana;2023;1;2023-01-01;2023M01;54.95
22054;Benasque;Grado de ocupación por plazas en fin de semana;fin_de_semana;2023;2;2023-02-01;2023M02;81.62
22054;Benasque;Grado de ocupación por plazas en fin de semana;fin_de_semana;2023;3;2023-03-01;2023M03;67.83
22054;Benasque;Grado de ocupación por plazas en fin de semana;fin_de_semana;2023;4;2023-04-01;2023M04;21.18
22054;Benasque;Grado de ocupación por plazas en fin de semana;fin_de_semana;2023;5;2023-05-01;2023M05;
22054;Benasque;Grado de ocupación por plazas en fin de semana;fin_de_semana;2023;6;2023-06-01;2023M06;69.03
22054;Benasque;Grado de ocupación por plazas en fin de semana;fin_de_semana;2023;7;2023-07-01;2023M07;52.91
22054;Benasque;Grado de ocupación por plazas en fin de semana;fin_de_semana;2023;8;2023-08-01;2023M08;70.75
22054;Benasque;Grado de ocupación por plazas en fin de semana;fin_de_semana;2023;9;2023-09-01;2023M09;52.65
22054;Benasque;Grado de ocupación por plazas en fin de semana;fin_de_semana;2023;10;2023-10-01;2023M10;67.58
22054;Benasque;Grado de ocupación por plazas en fin de semana;fin_de_semana;2023;11;2023-11-01;2023M11;
22054;Benasque;Grado de ocupación por plazas en fin de semana;fin_de_semana;2023;12;2023-12-01;2023M12;54.73
22054;Benasque;Grado de ocupación por plazas en fin de semana;fin_de_semana;2024;1;2024-01-01;2024M01;46.25
22054;Benasque;Grado de ocupación por plazas en fin de semana;fin_de_semana;2024;2;2024-02-01;2024M02;66.54
22054;Benasque;Grado de ocupación por plazas en fin de semana;fin_de_semana;2024;3;2024-03-01;2024M03;67.88
22054;Benasque;Grado de ocupación por plazas en fin de semana;fin_de_semana;2024;4;2024-04-01;2024M04;
22054;Benasque;Grado de ocupación por plazas en fin de semana;fin_de_semana;2024;5;2024-05-01;2024M05;
22054;Benasque;Grado de ocupación por plazas en fin de semana;fin_de_semana;2024;6;2024-06-01;2024M06;57.2
22054;Benasque;Grado de ocupación por plazas en fin de semana;fin_de_semana;2024;7;2024-07-01;2024M07;68.67
22054;Benasque;Grado de ocupación por plazas en fin de semana;fin_de_semana;2024;8;2024-08-01;2024M08;67.62
22054;Benasque;Grado de ocupación por plazas en fin de semana;fin_de_semana;2024;9;2024-09-01;2024M09;51.73
22054;Benasque;Grado de ocupación por plazas en fin de semana;fin_de_semana;2024;10;2024-10-01;2024M10;
22054;Benasque;Grado de ocupación por plazas en fin de semana;fin_de_semana;2024;11;2024-11-01;2024M11;
22054;Benasque;Grado de ocupación por plazas en fin de semana;fin_de_semana;2024;12;2024-12-01;2024M12;54.9
22054;Benasque;Grado de ocupación por plazas en fin de semana;fin_de_semana;2025;1;2025-01-01;2025M01;58.34
22054;Benasque;Grado de ocupación por plazas en fin de semana;fin_de_semana;2025;2;2025-02-01;2025M02;83.82
22054;Benasque;Grado de ocupación por plazas en fin de semana;fin_de_semana;2025;3;2025-03-01;2025M03;64.18
22054;Benasque;Grado de ocupación por plazas en fin de semana;fin_de_semana;2025;4;2025-04-01;2025M04;49.81
22054;Benasque;Grado de ocupación por plazas en fin de semana;fin_de_semana;2025;5;2025-05-01;2025M05;
22054;Benasque;Grado de ocupación por plazas en fin de semana;fin_de_semana;2025;6;2025-06-01;2025M06;78.43
22054;Benasque;Grado de ocupación por plazas en fin de semana;fin_de_semana;2025;7;2025-07-01;2025M07;62.15
22054;Benasque;Grado de ocupación por plazas en fin de semana;fin_de_semana;2025;8;2025-08-01;2025M08;54.66
22054;Benasque;Grado de ocupación por plazas en fin de semana;fin_de_semana;2025;9;2025-09-01;2025M09;63.39
22054;Benasque;Grado de ocupación por plazas en fin de semana;fin_de_semana;2025;10;2025-10-01;2025M10;47.0
22054;Benasque;Grado de ocupación por plazas en fin de semana;fin_de_semana;2025;11;2025-11-01;2025M11;
22054;Benasque;Grado de ocupación por plazas en fin de semana;fin_de_semana;2025;12;2025-12-01;2025M12;50.7
22054;Benasque;Grado de ocupación por plazas en fin de semana;fin_de_semana;2026;1;2026-01-01;2026M01;72.75
22054;Benasque;Grado de ocupación por plazas en fin de semana;fin_de_semana;2026;2;2026-02-01;2026M02;83.34
22054;Benasque;Grado de ocupación por plazas;general;2018;1;2018-01-01;2018M01;61.99
22054;Benasque;Grado de ocupación por plazas;general;2018;2;2018-02-01;2018M02;75.78
22054;Benasque;Grado de ocupación por plazas;general;2018;3;2018-03-01;2018M03;60.95
22054;Benasque;Grado de ocupación por plazas;general;2018;4;2018-04-01;2018M04;44.73
22054;Benasque;Grado de ocupación por plazas;general;2018;5;2018-05-01;2018M05;
22054;Benasque;Grado de ocupación por plazas;general;2018;6;2018-06-01;2018M06;33.83
22054;Benasque;Grado de ocupación por plazas;general;2018;7;2018-07-01;2018M07;52.61
22054;Benasque;Grado de ocupación por plazas;general;2018;8;2018-08-01;2018M08;69.86
22054;Benasque;Grado de ocupación por plazas;general;2018;9;2018-09-01;2018M09;40.41
22054;Benasque;Grado de ocupación por plazas;general;2018;10;2018-10-01;2018M10;32.86
22054;Benasque;Grado de ocupación por plazas;general;2018;11;2018-11-01;2018M11;
22054;Benasque;Grado de ocupación por plazas;general;2018;12;2018-12-01;2018M12;58.02
22054;Benasque;Grado de ocupación por plazas;general;2019;1;2019-01-01;2019M01;64.41
22054;Benasque;Grado de ocupación por plazas;general;2019;2;2019-02-01;2019M02;74.89
22054;Benasque;Grado de ocupación por plazas;general;2019;3;2019-03-01;2019M03;55.16
22054;Benasque;Grado de ocupación por plazas;general;2019;4;2019-04-01;2019M04;25.34
22054;Benasque;Grado de ocupación por plazas;general;2019;5;2019-05-01;2019M05;
22054;Benasque;Grado de ocupación por plazas;general;2019;6;2019-06-01;2019M06;38.56
22054;Benasque;Grado de ocupación por plazas;general;2019;7;2019-07-01;2019M07;51.69
22054;Benasque;Grado de ocupación por plazas;general;2019;8;2019-08-01;2019M08;71.68
22054;Benasque;Grado de ocupación por plazas;general;2019;9;2019-09-01;2019M09;39.66
22054;Benasque;Grado de ocupación por plazas;general;2019;10;2019-10-01;2019M10;31.85
22054;Benasque;Grado de ocupación por plazas;general;2019;11;2019-11-01;2019M11;
22054;Benasque;Grado de ocupación por plazas;general;2019;12;2019-12-01;2019M12;53.88
22054;Benasque;Grado de ocupación por plazas;general;2020;1;2020-01-01;2020M01;68.88
22054;Benasque;Grado de ocupación por plazas;general;2020;2;2020-02-01;2020M02;75.84
22054;Benasque;Grado de ocupación por plazas;general;2020;3;2020-03-01;2020M03;49.33
22054;Benasque;Grado de ocupación por plazas;general;2020;4;2020-04-01;2020M04;0.0
22054;Benasque;Grado de ocupación por plazas;general;2020;5;2020-05-01;2020M05;
22054;Benasque;Grado de ocupación por plazas;general;2020;6;2020-06-01;2020M06;
22054;Benasque;Grado de ocupación por plazas;general;2020;7;2020-07-01;2020M07;40.78
22054;Benasque;Grado de ocupación por plazas;general;2020;8;2020-08-01;2020M08;69.18
22054;Benasque;Grado de ocupación por plazas;general;2020;9;2020-09-01;2020M09;43.55
22054;Benasque;Grado de ocupación por plazas;general;2020;10;2020-10-01;2020M10;22.54
22054;Benasque;Grado de ocupación por plazas;general;2020;11;2020-11-01;2020M11;
22054;Benasque;Grado de ocupación por plazas;general;2020;12;2020-12-01;2020M12;11.06
22054;Benasque;Grado de ocupación por plazas;general;2021;1;2021-01-01;2021M01;8.95
22054;Benasque;Grado de ocupación por plazas;general;2021;2;2021-02-01;2021M02;23.77
22054;Benasque;Grado de ocupación por plazas;general;2021;3;2021-03-01;2021M03;11.36
22054;Benasque;Grado de ocupación por plazas;general;2021;4;2021-04-01;2021M04;15.76
22054;Benasque;Grado de ocupación por plazas;general;2021;5;2021-05-01;2021M05;
22054;Benasque;Grado de ocupación por plazas;general;2021;6;2021-06-01;2021M06;40.79
22054;Benasque;Grado de ocupación por plazas;general;2021;7;2021-07-01;2021M07;57.92
22054;Benasque;Grado de ocupación por plazas;general;2021;8;2021-08-01;2021M08;77.82
22054;Benasque;Grado de ocupación por plazas;general;2021;9;2021-09-01;2021M09;44.67
22054;Benasque;Grado de ocupación por plazas;general;2021;10;2021-10-01;2021M10;38.08
22054;Benasque;Grado de ocupación por plazas;general;2021;11;2021-11-01;2021M11;
22054;Benasque;Grado de ocupación por plazas;general;2021;12;2021-12-01;2021M12;45.24
22054;Benasque;Grado de ocupación por plazas;general;2022;1;2022-01-01;2022M01;64.43
22054;Benasque;Grado de ocupación por plazas;general;2022;2;2022-02-01;2022M02;71.66
22054;Benasque;Grado de ocupación por plazas;general;2022;3;2022-03-01;2022M03;55.52
22054;Benasque;Grado de ocupación por plazas;general;2022;4;2022-04-01;2022M04;40.95
22054;Benasque;Grado de ocupación por plazas;general;2022;5;2022-05-01;2022M05;
22054;Benasque;Grado de ocupación por plazas;general;2022;6;2022-06-01;2022M06;40.21
22054;Benasque;Grado de ocupación por plazas;general;2022;7;2022-07-01;2022M07;51.61
22054;Benasque;Grado de ocupación por plazas;general;2022;8;2022-08-01;2022M08;76.46
22054;Benasque;Grado de ocupación por plazas;general;2022;9;2022-09-01;2022M09;46.88
22054;Benasque;Grado de ocupación por plazas;general;2022;10;2022-10-01;2022M10;35.18
22054;Benasque;Grado de ocupación por plazas;general;2022;11;2022-11-01;2022M11;
22054;Benasque;Grado de ocupación por plazas;general;2022;12;2022-12-01;2022M12;45.07
22054;Benasque;Grado de ocupación por plazas;general;2023;1;2023-01-01;2023M01;59.35
22054;Benasque;Grado de ocupación por plazas;general;2023;2;2023-02-01;2023M02;72.34
22054;Benasque;Grado de ocupación por plazas;general;2023;3;2023-03-01;2023M03;49.64
22054;Benasque;Grado de ocupación por plazas;general;2023;4;2023-04-01;2023M04;34.78
22054;Benasque;Grado de ocupación por plazas;general;2023;5;2023-05-01;2023M05;
22054;Benasque;Grado de ocupación por plazas;general;2023;6;2023-06-01;2023M06;54.89
22054;Benasque;Grado de ocupación por plazas;general;2023;7;2023-07-01;2023M07;52.31
22054;Benasque;Grado de ocupación por plazas;general;2023;8;2023-08-01;2023M08;69.15
22054;Benasque;Grado de ocupación por plazas;general;2023;9;2023-09-01;2023M09;48.34
22054;Benasque;Grado de ocupación por plazas;general;2023;10;2023-10-01;2023M10;42.18
22054;Benasque;Grado de ocupación por plazas;general;2023;11;2023-11-01;2023M11;
22054;Benasque;Grado de ocupación por plazas;general;2023;12;2023-12-01;2023M12;41.07
22054;Benasque;Grado de ocupación por plazas;general;2024;1;2024-01-01;2024M01;54.3
22054;Benasque;Grado de ocupación por plazas;general;2024;2;2024-02-01;2024M02;60.82
22054;Benasque;Grado de ocupación por plazas;general;2024;3;2024-03-01;2024M03;60.54
22054;Benasque;Grado de ocupación por plazas;general;2024;4;2024-04-01;2024M04;
22054;Benasque;Grado de ocupación por plazas;general;2024;5;2024-05-01;2024M05;
22054;Benasque;Grado de ocupación por plazas;general;2024;6;2024-06-01;2024M06;38.17
22054;Benasque;Grado de ocupación por plazas;general;2024;7;2024-07-01;2024M07;55.06
22054;Benasque;Grado de ocupación por plazas;general;2024;8;2024-08-01;2024M08;70.01
22054;Benasque;Grado de ocupación por plazas;general;2024;9;2024-09-01;2024M09;41.11
22054;Benasque;Grado de ocupación por plazas;general;2024;10;2024-10-01;2024M10;
22054;Benasque;Grado de ocupación por plazas;general;2024;11;2024-11-01;2024M11;
22054;Benasque;Grado de ocupación por plazas;general;2024;12;2024-12-01;2024M12;52.18
22054;Benasque;Grado de ocupación por plazas;general;2025;1;2025-01-01;2025M01;55.12
22054;Benasque;Grado de ocupación por plazas;general;2025;2;2025-02-01;2025M02;71.18
22054;Benasque;Grado de ocupación por plazas;general;2025;3;2025-03-01;2025M03;54.13
22054;Benasque;Grado de ocupación por plazas;general;2025;4;2025-04-01;2025M04;32.16
22054;Benasque;Grado de ocupación por plazas;general;2025;5;2025-05-01;2025M05;
22054;Benasque;Grado de ocupación por plazas;general;2025;6;2025-06-01;2025M06;46.52
22054;Benasque;Grado de ocupación por plazas;general;2025;7;2025-07-01;2025M07;50.53
22054;Benasque;Grado de ocupación por plazas;general;2025;8;2025-08-01;2025M08;63.15
22054;Benasque;Grado de ocupación por plazas;general;2025;9;2025-09-01;2025M09;47.25
22054;Benasque;Grado de ocupación por plazas;general;2025;10;2025-10-01;2025M10;34.87
22054;Benasque;Grado de ocupación por plazas;general;2025;11;2025-11-01;2025M11;
22054;Benasque;Grado de ocupación por plazas;general;2025;12;2025-12-01;2025M12;43.29
22054;Benasque;Grado de ocupación por plazas;general;2026;1;2026-01-01;2026M01;69.48
22054;Benasque;Grado de ocupación por plazas;general;2026;2;2026-02-01;2026M02;77.68
22125;Huesca;Grado de ocupación por plazas en fin de semana;fin_de_semana;2018;1;2018-01-01;2018M01;
22125;Huesca;Grado de ocupación por plazas en fin de semana;fin_de_semana;2018;2;2018-02-01;2018M02;
22125;Huesca;Grado de ocupación por plazas en fin de semana;fin_de_semana;2018;3;2018-03-01;2018M03;
22125;Huesca;Grado de ocupación por plazas en fin de semana;fin_de_semana;2018;4;2018-04-01;2018M04;
22125;Huesca;Grado de ocupación por plazas en fin de semana;fin_de_semana;2018;5;2018-05-01;2018M05;
22125;Huesca;Grado de ocupación por plazas en fin de semana;fin_de_semana;2018;6;2018-06-01;2018M06;
22125;Huesca;Grado de ocupación por plazas en fin de semana;fin_de_semana;2018;7;2018-07-01;2018M07;
22125;Huesca;Grado de ocupación por plazas en fin de semana;fin_de_semana;2018;8;2018-08-01;2018M08;
22125;Huesca;Grado de ocupación por plazas en fin de semana;fin_de_semana;2018;9;2018-09-01;2018M09;
22125;Huesca;Grado de ocupación por plazas en fin de semana;fin_de_semana;2018;10;2018-10-01;2018M10;
22125;Huesca;Grado de ocupación por plazas en fin de semana;fin_de_semana;2018;11;2018-11-01;2018M11;
22125;Huesca;Grado de ocupación por plazas en fin de semana;fin_de_semana;2018;12;2018-12-01;2018M12;
22125;Huesca;Grado de ocupación por plazas en fin de semana;fin_de_semana;2019;1;2019-01-01;2019M01;
22125;Huesca;Grado de ocupación por plazas en fin de semana;fin_de_semana;2019;2;2019-02-01;2019M02;
22125;Huesca;Grado de ocupación por plazas en fin de semana;fin_de_semana;2019;3;2019-03-01;2019M03;
22125;Huesca;Grado de ocupación por plazas en fin de semana;fin_de_semana;2019;4;2019-04-01;2019M04;
22125;Huesca;Grado de ocupación por plazas en fin de semana;fin_de_semana;2019;5;2019-05-01;2019M05;
22125;Huesca;Grado de ocupación por plazas en fin de semana;fin_de_semana;2019;6;2019-06-01;2019M06;
22125;Huesca;Grado de ocupación por plazas en fin de semana;fin_de_semana;2019;7;2019-07-01;2019M07;
22125;Huesca;Grado de ocupación por plazas en fin de semana;fin_de_semana;2019;8;2019-08-01;2019M08;
22125;Huesca;Grado de ocupación por plazas en fin de semana;fin_de_semana;2019;9;2019-09-01;2019M09;
22125;Huesca;Grado de ocupación por plazas en fin de semana;fin_de_semana;2019;10;2019-10-01;2019M10;
22125;Huesca;Grado de ocupación por plazas en fin de semana;fin_de_semana;2019;11;2019-11-01;2019M11;
22125;Huesca;Grado de ocupación por plazas en fin de semana;fin_de_semana;2019;12;2019-12-01;2019M12;
22125;Huesca;Grado de ocupación por plazas en fin de semana;fin_de_semana;2020;1;2020-01-01;2020M01;
22125;Huesca;Grado de ocupación por plazas en fin de semana;fin_de_semana;2020;2;2020-02-01;2020M02;
22125;Huesca;Grado de ocupación por plazas en fin de semana;fin_de_semana;2020;3;2020-03-01;2020M03;
22125;Huesca;Grado de ocupación por plazas en fin de semana;fin_de_semana;2020;4;2020-04-01;2020M04;
22125;Huesca;Grado de ocupación por plazas en fin de semana;fin_de_semana;2020;5;2020-05-01;2020M05;
22125;Huesca;Grado de ocupación por plazas en fin de semana;fin_de_semana;2020;6;2020-06-01;2020M06;
22125;Huesca;Grado de ocupación por plazas en fin de semana;fin_de_semana;2020;7;2020-07-01;2020M07;
22125;Huesca;Grado de ocupación por plazas en fin de semana;fin_de_semana;2020;8;2020-08-01;2020M08;
22125;Huesca;Grado de ocupación por plazas en fin de semana;fin_de_semana;2020;9;2020-09-01;2020M09;
22125;Huesca;Grado de ocupación por plazas en fin de semana;fin_de_semana;2020;10;2020-10-01;2020M10;
22125;Huesca;Grado de ocupación por plazas en fin de semana;fin_de_semana;2020;11;2020-11-01;2020M11;
22125;Huesca;Grado de ocupación por plazas en fin de semana;fin_de_semana;2020;12;2020-12-01;2020M12;
22125;Huesca;Grado de ocupación por plazas en fin de semana;fin_de_semana;2021;1;2021-01-01;2021M01;
22125;Huesca;Grado de ocupación por plazas en fin de semana;fin_de_semana;2021;2;2021-02-01;2021M02;
22125;Huesca;Grado de ocupación por plazas en fin de semana;fin_de_semana;2021;3;2021-03-01;2021M03;
22125;Huesca;Grado de ocupación por plazas en fin de semana;fin_de_semana;2021;4;2021-04-01;2021M04;
22125;Huesca;Grado de ocupación por plazas en fin de semana;fin_de_semana;2021;5;2021-05-01;2021M05;
22125;Huesca;Grado de ocupación por plazas en fin de semana;fin_de_semana;2021;6;2021-06-01;2021M06;
22125;Huesca;Grado de ocupación por plazas en fin de semana;fin_de_semana;2021;7;2021-07-01;2021M07;
22125;Huesca;Grado de ocupación por plazas en fin de semana;fin_de_semana;2021;8;2021-08-01;2021M08;
22125;Huesca;Grado de ocupación por plazas en fin de semana;fin_de_semana;2021;9;2021-09-01;2021M09;
22125;Huesca;Grado de ocupación por plazas en fin de semana;fin_de_semana;2021;10;2021-10-01;2021M10;
22125;Huesca;Grado de ocupación por plazas en fin de semana;fin_de_semana;2021;11;2021-11-01;2021M11;
22125;Huesca;Grado de ocupación por plazas en fin de semana;fin_de_semana;2021;12;2021-12-01;2021M12;
22125;Huesca;Grado de ocupación por plazas en fin de semana;fin_de_semana;2022;1;2022-01-01;2022M01;
22125;Huesca;Grado de ocupación por plazas en fin de semana;fin_de_semana;2022;2;2022-02-01;2022M02;
22125;Huesca;Grado de ocupación por plazas en fin de semana;fin_de_semana;2022;3;2022-03-01;2022M03;
22125;Huesca;Grado de ocupación por plazas en fin de semana;fin_de_semana;2022;4;2022-04-01;2022M04;
22125;Huesca;Grado de ocupación por plazas en fin de semana;fin_de_semana;2022;5;2022-05-01;2022M05;
22125;Huesca;Grado de ocupación por plazas en fin de semana;fin_de_semana;2022;6;2022-06-01;2022M06;
22125;Huesca;Grado de ocupación por plazas en fin de semana;fin_de_semana;2022;7;2022-07-01;2022M07;
22125;Huesca;Grado de ocupación por plazas en fin de semana;fin_de_semana;2022;8;2022-08-01;2022M08;
22125;Huesca;Grado de ocupación por plazas en fin de semana;fin_de_semana;2022;9;2022-09-01;2022M09;
22125;Huesca;Grado de ocupación por plazas en fin de semana;fin_de_semana;2022;10;2022-10-01;2022M10;
22125;Huesca;Grado de ocupación por plazas en fin de semana;fin_de_semana;2022;11;2022-11-01;2022M11;
22125;Huesca;Grado de ocupación por plazas en fin de semana;fin_de_semana;2022;12;2022-12-01;2022M12;
22125;Huesca;Grado de ocupación por plazas en fin de semana;fin_de_semana;2023;1;2023-01-01;2023M01;
22125;Huesca;Grado de ocupación por plazas en fin de semana;fin_de_semana;2023;2;2023-02-01;2023M02;
22125;Huesca;Grado de ocupación por plazas en fin de semana;fin_de_semana;2023;3;2023-03-01;2023M03;
22125;Huesca;Grado de ocupación por plazas en fin de semana;fin_de_semana;2023;4;2023-04-01;2023M04;
22125;Huesca;Grado de ocupación por plazas en fin de semana;fin_de_semana;2023;5;2023-05-01;2023M05;
22125;Huesca;Grado de ocupación por plazas en fin de semana;fin_de_semana;2023;6;2023-06-01;2023M06;
22125;Huesca;Grado de ocupación por plazas en fin de semana;fin_de_semana;2023;7;2023-07-01;2023M07;
22125;Huesca;Grado de ocupación por plazas en fin de semana;fin_de_semana;2023;8;2023-08-01;2023M08;
22125;Huesca;Grado de ocupación por plazas en fin de semana;fin_de_semana;2023;9;2023-09-01;2023M09;
22125;Huesca;Grado de ocupación por plazas en fin de semana;fin_de_semana;2023;10;2023-10-01;2023M10;
22125;Huesca;Grado de ocupación por plazas en fin de semana;fin_de_semana;2023;11;2023-11-01;2023M11;
22125;Huesca;Grado de ocupación por plazas en fin de semana;fin_de_semana;2023;12;2023-12-01;2023M12;
22125;Huesca;Grado de ocupación por plazas en fin de semana;fin_de_semana;2024;1;2024-01-01;2024M01;34.58
22125;Huesca;Grado de ocupación por plazas en fin de semana;fin_de_semana;2024;2;2024-02-01;2024M02;44.51
22125;Huesca;Grado de ocupación por plazas en fin de semana;fin_de_semana;2024;3;2024-03-01;2024M03;54.13
22125;Huesca;Grado de ocupación por plazas en fin de semana;fin_de_semana;2024;4;2024-04-01;2024M04;63.21
22125;Huesca;Grado de ocupación por plazas en fin de semana;fin_de_semana;2024;5;2024-05-01;2024M05;64.6
22125;Huesca;Grado de ocupación por plazas en fin de semana;fin_de_semana;2024;6;2024-06-01;2024M06;54.5
22125;Huesca;Grado de ocupación por plazas en fin de semana;fin_de_semana;2024;7;2024-07-01;2024M07;59.37
22125;Huesca;Grado de ocupación por plazas en fin de semana;fin_de_semana;2024;8;2024-08-01;2024M08;68.15
22125;Huesca;Grado de ocupación por plazas en fin de semana;fin_de_semana;2024;9;2024-09-01;2024M09;59.68
22125;Huesca;Grado de ocupación por plazas en fin de semana;fin_de_semana;2024;10;2024-10-01;2024M10;62.75
22125;Huesca;Grado de ocupación por plazas en fin de semana;fin_de_semana;2024;11;2024-11-01;2024M11;51.89
22125;Huesca;Grado de ocupación por plazas en fin de semana;fin_de_semana;2024;12;2024-12-01;2024M12;49.36
22125;Huesca;Grado de ocupación por plazas en fin de semana;fin_de_semana;2025;1;2025-01-01;2025M01;
22125;Huesca;Grado de ocupación por plazas en fin de semana;fin_de_semana;2025;2;2025-02-01;2025M02;
22125;Huesca;Grado de ocupación por plazas en fin de semana;fin_de_semana;2025;3;2025-03-01;2025M03;
22125;Huesca;Grado de ocupación por plazas en fin de semana;fin_de_semana;2025;4;2025-04-01;2025M04;
22125;Huesca;Grado de ocupación por plazas en fin de semana;fin_de_semana;2025;5;2025-05-01;2025M05;65.13
22125;Huesca;Grado de ocupación por plazas en fin de semana;fin_de_semana;2025;6;2025-06-01;2025M06;52.29
22125;Huesca;Grado de ocupación por plazas en fin de semana;fin_de_semana;2025;7;2025-07-01;2025M07;
22125;Huesca;Grado de ocupación por plazas en fin de semana;fin_de_semana;2025;8;2025-08-01;2025M08;70.85
22125;Huesca;Grado de ocupación por plazas en fin de semana;fin_de_semana;2025;9;2025-09-01;2025M09;65.8
22125;Huesca;Grado de ocupación por plazas en fin de semana;fin_de_semana;2025;10;2025-10-01;2025M10;
22125;Huesca;Grado de ocupación por plazas en fin de semana;fin_de_semana;2025;11;2025-11-01;2025M11;48.84
22125;Huesca;Grado de ocupación por plazas en fin de semana;fin_de_semana;2025;12;2025-12-01;2025M12;
22125;Huesca;Grado de ocupación por plazas en fin de semana;fin_de_semana;2026;1;2026-01-01;2026M01;
22125;Huesca;Grado de ocupación por plazas en fin de semana;fin_de_semana;2026;2;2026-02-01;2026M02;43.57
22125;Huesca;Grado de ocupación por plazas;general;2018;1;2018-01-01;2018M01;
22125;Huesca;Grado de ocupación por plazas;general;2018;2;2018-02-01;2018M02;
22125;Huesca;Grado de ocupación por plazas;general;2018;3;2018-03-01;2018M03;
22125;Huesca;Grado de ocupación por plazas;general;2018;4;2018-04-01;2018M04;
22125;Huesca;Grado de ocupación por plazas;general;2018;5;2018-05-01;2018M05;
22125;Huesca;Grado de ocupación por plazas;general;2018;6;2018-06-01;2018M06;
22125;Huesca;Grado de ocupación por plazas;general;2018;7;2018-07-01;2018M07;
22125;Huesca;Grado de ocupación por plazas;general;2018;8;2018-08-01;2018M08;
22125;Huesca;Grado de ocupación por plazas;general;2018;9;2018-09-01;2018M09;
22125;Huesca;Grado de ocupación por plazas;general;2018;10;2018-10-01;2018M10;
22125;Huesca;Grado de ocupación por plazas;general;2018;11;2018-11-01;2018M11;
22125;Huesca;Grado de ocupación por plazas;general;2018;12;2018-12-01;2018M12;
22125;Huesca;Grado de ocupación por plazas;general;2019;1;2019-01-01;2019M01;
22125;Huesca;Grado de ocupación por plazas;general;2019;2;2019-02-01;2019M02;
22125;Huesca;Grado de ocupación por plazas;general;2019;3;2019-03-01;2019M03;
22125;Huesca;Grado de ocupación por plazas;general;2019;4;2019-04-01;2019M04;
22125;Huesca;Grado de ocupación por plazas;general;2019;5;2019-05-01;2019M05;
22125;Huesca;Grado de ocupación por plazas;general;2019;6;2019-06-01;2019M06;
22125;Huesca;Grado de ocupación por plazas;general;2019;7;2019-07-01;2019M07;
22125;Huesca;Grado de ocupación por plazas;general;2019;8;2019-08-01;2019M08;
22125;Huesca;Grado de ocupación por plazas;general;2019;9;2019-09-01;2019M09;
22125;Huesca;Grado de ocupación por plazas;general;2019;10;2019-10-01;2019M10;
22125;Huesca;Grado de ocupación por plazas;general;2019;11;2019-11-01;2019M11;
22125;Huesca;Grado de ocupación por plazas;general;2019;12;2019-12-01;2019M12;
22125;Huesca;Grado de ocupación por plazas;general;2020;1;2020-01-01;2020M01;
22125;Huesca;Grado de ocupación por plazas;general;2020;2;2020-02-01;2020M02;
22125;Huesca;Grado de ocupación por plazas;general;2020;3;2020-03-01;2020M03;
22125;Huesca;Grado de ocupación por plazas;general;2020;4;2020-04-01;2020M04;
22125;Huesca;Grado de ocupación por plazas;general;2020;5;2020-05-01;2020M05;
22125;Huesca;Grado de ocupación por plazas;general;2020;6;2020-06-01;2020M06;
22125;Huesca;Grado de ocupación por plazas;general;2020;7;2020-07-01;2020M07;
22125;Huesca;Grado de ocupación por plazas;general;2020;8;2020-08-01;2020M08;
22125;Huesca;Grado de ocupación por plazas;general;2020;9;2020-09-01;2020M09;
22125;Huesca;Grado de ocupación por plazas;general;2020;10;2020-10-01;2020M10;
22125;Huesca;Grado de ocupación por plazas;general;2020;11;2020-11-01;2020M11;
22125;Huesca;Grado de ocupación por plazas;general;2020;12;2020-12-01;2020M12;
22125;Huesca;Grado de ocupación por plazas;general;2021;1;2021-01-01;2021M01;
22125;Huesca;Grado de ocupación por plazas;general;2021;2;2021-02-01;2021M02;
22125;Huesca;Grado de ocupación por plazas;general;2021;3;2021-03-01;2021M03;
22125;Huesca;Grado de ocupación por plazas;general;2021;4;2021-04-01;2021M04;
22125;Huesca;Grado de ocupación por plazas;general;2021;5;2021-05-01;2021M05;
22125;Huesca;Grado de ocupación por plazas;general;2021;6;2021-06-01;2021M06;
22125;Huesca;Grado de ocupación por plazas;general;2021;7;2021-07-01;2021M07;
22125;Huesca;Grado de ocupación por plazas;general;2021;8;2021-08-01;2021M08;
22125;Huesca;Grado de ocupación por plazas;general;2021;9;2021-09-01;2021M09;
22125;Huesca;Grado de ocupación por plazas;general;2021;10;2021-10-01;2021M10;
22125;Huesca;Grado de ocupación por plazas;general;2021;11;2021-11-01;2021M11;
22125;Huesca;Grado de ocupación por plazas;general;2021;12;2021-12-01;2021M12;
22125;Huesca;Grado de ocupación por plazas;general;2022;1;2022-01-01;2022M01;
22125;Huesca;Grado de ocupación por plazas;general;2022;2;2022-02-01;2022M02;
22125;Huesca;Grado de ocupación por plazas;general;2022;3;2022-03-01;2022M03;
22125;Huesca;Grado de ocupación por plazas;general;2022;4;2022-04-01;2022M04;
22125;Huesca;Grado de ocupación por plazas;general;2022;5;2022-05-01;2022M05;
22125;Huesca;Grado de ocupación por plazas;general;2022;6;2022-06-01;2022M06;
22125;Huesca;Grado de ocupación por plazas;general;2022;7;2022-07-01;2022M07;
22125;Huesca;Grado de ocupación por plazas;general;2022;8;2022-08-01;2022M08;
22125;Huesca;Grado de ocupación por plazas;general;2022;9;2022-09-01;2022M09;
22125;Huesca;Grado de ocupación por plazas;general;2022;10;2022-10-01;2022M10;
22125;Huesca;Grado de ocupación por plazas;general;2022;11;2022-11-01;2022M11;
22125;Huesca;Grado de ocupación por plazas;general;2022;12;2022-12-01;2022M12;
22125;Huesca;Grado de ocupación por plazas;general;2023;1;2023-01-01;2023M01;
22125;Huesca;Grado de ocupación por plazas;general;2023;2;2023-02-01;2023M02;
22125;Huesca;Grado de ocupación por plazas;general;2023;3;2023-03-01;2023M03;
22125;Huesca;Grado de ocupación por plazas;general;2023;4;2023-04-01;2023M04;
22125;Huesca;Grado de ocupación por plazas;general;2023;5;2023-05-01;2023M05;
22125;Huesca;Grado de ocupación por plazas;general;2023;6;2023-06-01;2023M06;
22125;Huesca;Grado de ocupación por plazas;general;2023;7;2023-07-01;2023M07;
22125;Huesca;Grado de ocupación por plazas;general;2023;8;2023-08-01;2023M08;
22125;Huesca;Grado de ocupación por plazas;general;2023;9;2023-09-01;2023M09;
22125;Huesca;Grado de ocupación por plazas;general;2023;10;2023-10-01;2023M10;
22125;Huesca;Grado de ocupación por plazas;general;2023;11;2023-11-01;2023M11;
22125;Huesca;Grado de ocupación por plazas;general;2023;12;2023-12-01;2023M12;
22125;Huesca;Grado de ocupación por plazas;general;2024;1;2024-01-01;2024M01;38.05
22125;Huesca;Grado de ocupación por plazas;general;2024;2;2024-02-01;2024M02;43.18
22125;Huesca;Grado de ocupación por plazas;general;2024;3;2024-03-01;2024M03;48.47
22125;Huesca;Grado de ocupación por plazas;general;2024;4;2024-04-01;2024M04;52.79
22125;Huesca;Grado de ocupación por plazas;general;2024;5;2024-05-01;2024M05;53.5
22125;Huesca;Grado de ocupación por plazas;general;2024;6;2024-06-01;2024M06;47.62
22125;Huesca;Grado de ocupación por plazas;general;2024;7;2024-07-01;2024M07;55.26
22125;Huesca;Grado de ocupación por plazas;general;2024;8;2024-08-01;2024M08;61.28
22125;Huesca;Grado de ocupación por plazas;general;2024;9;2024-09-01;2024M09;56.2
22125;Huesca;Grado de ocupación por plazas;general;2024;10;2024-10-01;2024M10;52.44
22125;Huesca;Grado de ocupación por plazas;general;2024;11;2024-11-01;2024M11;42.7
22125;Huesca;Grado de ocupación por plazas;general;2024;12;2024-12-01;2024M12;45.93
22125;Huesca;Grado de ocupación por plazas;general;2025;1;2025-01-01;2025M01;
22125;Huesca;Grado de ocupación por plazas;general;2025;2;2025-02-01;2025M02;
22125;Huesca;Grado de ocupación por plazas;general;2025;3;2025-03-01;2025M03;
22125;Huesca;Grado de ocupación por plazas;general;2025;4;2025-04-01;2025M04;
22125;Huesca;Grado de ocupación por plazas;general;2025;5;2025-05-01;2025M05;54.55
22125;Huesca;Grado de ocupación por plazas;general;2025;6;2025-06-01;2025M06;44.48
22125;Huesca;Grado de ocupación por plazas;general;2025;7;2025-07-01;2025M07;
22125;Huesca;Grado de ocupación por plazas;general;2025;8;2025-08-01;2025M08;67.38
22125;Huesca;Grado de ocupación por plazas;general;2025;9;2025-09-01;2025M09;58.82
22125;Huesca;Grado de ocupación por plazas;general;2025;10;2025-10-01;2025M10;
22125;Huesca;Grado de ocupación por plazas;general;2025;11;2025-11-01;2025M11;41.7
22125;Huesca;Grado de ocupación por plazas;general;2025;12;2025-12-01;2025M12;
22125;Huesca;Grado de ocupación por plazas;general;2026;1;2026-01-01;2026M01;
22125;Huesca;Grado de ocupación por plazas;general;2026;2;2026-02-01;2026M02;39.21
22130;Jaca;Grado de ocupación por plazas en fin de semana;fin_de_semana;2018;1;2018-01-01;2018M01;66.0
22130;Jaca;Grado de ocupación por plazas en fin de semana;fin_de_semana;2018;2;2018-02-01;2018M02;79.99
22130;Jaca;Grado de ocupación por plazas en fin de semana;fin_de_semana;2018;3;2018-03-01;2018M03;68.01
22130;Jaca;Grado de ocupación por plazas en fin de semana;fin_de_semana;2018;4;2018-04-01;2018M04;62.44
22130;Jaca;Grado de ocupación por plazas en fin de semana;fin_de_semana;2018;5;2018-05-01;2018M05;54.46
22130;Jaca;Grado de ocupación por plazas en fin de semana;fin_de_semana;2018;6;2018-06-01;2018M06;60.92
22130;Jaca;Grado de ocupación por plazas en fin de semana;fin_de_semana;2018;7;2018-07-01;2018M07;72.31
22130;Jaca;Grado de ocupación por plazas en fin de semana;fin_de_semana;2018;8;2018-08-01;2018M08;76.17
22130;Jaca;Grado de ocupación por plazas en fin de semana;fin_de_semana;2018;9;2018-09-01;2018M09;76.89
22130;Jaca;Grado de ocupación por plazas en fin de semana;fin_de_semana;2018;10;2018-10-01;2018M10;
22130;Jaca;Grado de ocupación por plazas en fin de semana;fin_de_semana;2018;11;2018-11-01;2018M11;
22130;Jaca;Grado de ocupación por plazas en fin de semana;fin_de_semana;2018;12;2018-12-01;2018M12;45.76
22130;Jaca;Grado de ocupación por plazas en fin de semana;fin_de_semana;2019;1;2019-01-01;2019M01;58.21
22130;Jaca;Grado de ocupación por plazas en fin de semana;fin_de_semana;2019;2;2019-02-01;2019M02;80.04
22130;Jaca;Grado de ocupación por plazas en fin de semana;fin_de_semana;2019;3;2019-03-01;2019M03;76.92
22130;Jaca;Grado de ocupación por plazas en fin de semana;fin_de_semana;2019;4;2019-04-01;2019M04;51.69
22130;Jaca;Grado de ocupación por plazas en fin de semana;fin_de_semana;2019;5;2019-05-01;2019M05;66.13
22130;Jaca;Grado de ocupación por plazas en fin de semana;fin_de_semana;2019;6;2019-06-01;2019M06;73.6
22130;Jaca;Grado de ocupación por plazas en fin de semana;fin_de_semana;2019;7;2019-07-01;2019M07;72.17
22130;Jaca;Grado de ocupación por plazas en fin de semana;fin_de_semana;2019;8;2019-08-01;2019M08;68.18
22130;Jaca;Grado de ocupación por plazas en fin de semana;fin_de_semana;2019;9;2019-09-01;2019M09;64.32
22130;Jaca;Grado de ocupación por plazas en fin de semana;fin_de_semana;2019;10;2019-10-01;2019M10;68.23
22130;Jaca;Grado de ocupación por plazas en fin de semana;fin_de_semana;2019;11;2019-11-01;2019M11;61.56
22130;Jaca;Grado de ocupación por plazas en fin de semana;fin_de_semana;2019;12;2019-12-01;2019M12;77.36
22130;Jaca;Grado de ocupación por plazas en fin de semana;fin_de_semana;2020;1;2020-01-01;2020M01;67.53
22130;Jaca;Grado de ocupación por plazas en fin de semana;fin_de_semana;2020;2;2020-02-01;2020M02;76.08
22130;Jaca;Grado de ocupación por plazas en fin de semana;fin_de_semana;2020;3;2020-03-01;2020M03;46.36
22130;Jaca;Grado de ocupación por plazas en fin de semana;fin_de_semana;2020;4;2020-04-01;2020M04;0.0
22130;Jaca;Grado de ocupación por plazas en fin de semana;fin_de_semana;2020;5;2020-05-01;2020M05;
22130;Jaca;Grado de ocupación por plazas en fin de semana;fin_de_semana;2020;6;2020-06-01;2020M06;
22130;Jaca;Grado de ocupación por plazas en fin de semana;fin_de_semana;2020;7;2020-07-01;2020M07;48.75
22130;Jaca;Grado de ocupación por plazas en fin de semana;fin_de_semana;2020;8;2020-08-01;2020M08;59.02
22130;Jaca;Grado de ocupación por plazas en fin de semana;fin_de_semana;2020;9;2020-09-01;2020M09;33.82
22130;Jaca;Grado de ocupación por plazas en fin de semana;fin_de_semana;2020;10;2020-10-01;2020M10;26.07
22130;Jaca;Grado de ocupación por plazas en fin de semana;fin_de_semana;2020;11;2020-11-01;2020M11;
22130;Jaca;Grado de ocupación por plazas en fin de semana;fin_de_semana;2020;12;2020-12-01;2020M12;
22130;Jaca;Grado de ocupación por plazas en fin de semana;fin_de_semana;2021;1;2021-01-01;2021M01;
22130;Jaca;Grado de ocupación por plazas en fin de semana;fin_de_semana;2021;2;2021-02-01;2021M02;
22130;Jaca;Grado de ocupación por plazas en fin de semana;fin_de_semana;2021;3;2021-03-01;2021M03;
22130;Jaca;Grado de ocupación por plazas en fin de semana;fin_de_semana;2021;4;2021-04-01;2021M04;36.92
22130;Jaca;Grado de ocupación por plazas en fin de semana;fin_de_semana;2021;5;2021-05-01;2021M05;
22130;Jaca;Grado de ocupación por plazas en fin de semana;fin_de_semana;2021;6;2021-06-01;2021M06;60.54
22130;Jaca;Grado de ocupación por plazas en fin de semana;fin_de_semana;2021;7;2021-07-01;2021M07;70.78
22130;Jaca;Grado de ocupación por plazas en fin de semana;fin_de_semana;2021;8;2021-08-01;2021M08;80.39
22130;Jaca;Grado de ocupación por plazas en fin de semana;fin_de_semana;2021;9;2021-09-01;2021M09;66.84
22130;Jaca;Grado de ocupación por plazas en fin de semana;fin_de_semana;2021;10;2021-10-01;2021M10;59.07
22130;Jaca;Grado de ocupación por plazas en fin de semana;fin_de_semana;2021;11;2021-11-01;2021M11;
22130;Jaca;Grado de ocupación por plazas en fin de semana;fin_de_semana;2021;12;2021-12-01;2021M12;38.61
22130;Jaca;Grado de ocupación por plazas en fin de semana;fin_de_semana;2022;1;2022-01-01;2022M01;71.33
22130;Jaca;Grado de ocupación por plazas en fin de semana;fin_de_semana;2022;2;2022-02-01;2022M02;77.99
22130;Jaca;Grado de ocupación por plazas en fin de semana;fin_de_semana;2022;3;2022-03-01;2022M03;54.38
22130;Jaca;Grado de ocupación por plazas en fin de semana;fin_de_semana;2022;4;2022-04-01;2022M04;46.72
22130;Jaca;Grado de ocupación por plazas en fin de semana;fin_de_semana;2022;5;2022-05-01;2022M05;47.1
22130;Jaca;Grado de ocupación por plazas en fin de semana;fin_de_semana;2022;6;2022-06-01;2022M06;60.58
22130;Jaca;Grado de ocupación por plazas en fin de semana;fin_de_semana;2022;7;2022-07-01;2022M07;65.28
22130;Jaca;Grado de ocupación por plazas en fin de semana;fin_de_semana;2022;8;2022-08-01;2022M08;78.12
22130;Jaca;Grado de ocupación por plazas en fin de semana;fin_de_semana;2022;9;2022-09-01;2022M09;69.38
22130;Jaca;Grado de ocupación por plazas en fin de semana;fin_de_semana;2022;10;2022-10-01;2022M10;
22130;Jaca;Grado de ocupación por plazas en fin de semana;fin_de_semana;2022;11;2022-11-01;2022M11;
22130;Jaca;Grado de ocupación por plazas en fin de semana;fin_de_semana;2022;12;2022-12-01;2022M12;34.12
22130;Jaca;Grado de ocupación por plazas en fin de semana;fin_de_semana;2023;1;2023-01-01;2023M01;54.33
22130;Jaca;Grado de ocupación por plazas en fin de semana;fin_de_semana;2023;2;2023-02-01;2023M02;81.46
22130;Jaca;Grado de ocupación por plazas en fin de semana;fin_de_semana;2023;3;2023-03-01;2023M03;60.25
22130;Jaca;Grado de ocupación por plazas en fin de semana;fin_de_semana;2023;4;2023-04-01;2023M04;58.86
22130;Jaca;Grado de ocupación por plazas en fin de semana;fin_de_semana;2023;5;2023-05-01;2023M05;47.26
22130;Jaca;Grado de ocupación por plazas en fin de semana;fin_de_semana;2023;6;2023-06-01;2023M06;53.89
22130;Jaca;Grado de ocupación por plazas en fin de semana;fin_de_semana;2023;7;2023-07-01;2023M07;58.48
22130;Jaca;Grado de ocupación por plazas en fin de semana;fin_de_semana;2023;8;2023-08-01;2023M08;74.49
22130;Jaca;Grado de ocupación por plazas en fin de semana;fin_de_semana;2023;9;2023-09-01;2023M09;57.74
22130;Jaca;Grado de ocupación por plazas en fin de semana;fin_de_semana;2023;10;2023-10-01;2023M10;62.59
22130;Jaca;Grado de ocupación por plazas en fin de semana;fin_de_semana;2023;11;2023-11-01;2023M11;
22130;Jaca;Grado de ocupación por plazas en fin de semana;fin_de_semana;2023;12;2023-12-01;2023M12;34.16
22130;Jaca;Grado de ocupación por plazas en fin de semana;fin_de_semana;2024;1;2024-01-01;2024M01;44.06
22130;Jaca;Grado de ocupación por plazas en fin de semana;fin_de_semana;2024;2;2024-02-01;2024M02;59.45
22130;Jaca;Grado de ocupación por plazas en fin de semana;fin_de_semana;2024;3;2024-03-01;2024M03;57.15
22130;Jaca;Grado de ocupación por plazas en fin de semana;fin_de_semana;2024;4;2024-04-01;2024M04;41.05
22130;Jaca;Grado de ocupación por plazas en fin de semana;fin_de_semana;2024;5;2024-05-01;2024M05;53.12
22130;Jaca;Grado de ocupación por plazas en fin de semana;fin_de_semana;2024;6;2024-06-01;2024M06;61.17
22130;Jaca;Grado de ocupación por plazas en fin de semana;fin_de_semana;2024;7;2024-07-01;2024M07;70.67
22130;Jaca;Grado de ocupación por plazas en fin de semana;fin_de_semana;2024;8;2024-08-01;2024M08;74.9
22130;Jaca;Grado de ocupación por plazas en fin de semana;fin_de_semana;2024;9;2024-09-01;2024M09;64.58
22130;Jaca;Grado de ocupación por plazas en fin de semana;fin_de_semana;2024;10;2024-10-01;2024M10;55.19
22130;Jaca;Grado de ocupación por plazas en fin de semana;fin_de_semana;2024;11;2024-11-01;2024M11;55.2
22130;Jaca;Grado de ocupación por plazas en fin de semana;fin_de_semana;2024;12;2024-12-01;2024M12;47.12
22130;Jaca;Grado de ocupación por plazas en fin de semana;fin_de_semana;2025;1;2025-01-01;2025M01;55.05
22130;Jaca;Grado de ocupación por plazas en fin de semana;fin_de_semana;2025;2;2025-02-01;2025M02;75.39
22130;Jaca;Grado de ocupación por plazas en fin de semana;fin_de_semana;2025;3;2025-03-01;2025M03;44.1
22130;Jaca;Grado de ocupación por plazas en fin de semana;fin_de_semana;2025;4;2025-04-01;2025M04;50.2
22130;Jaca;Grado de ocupación por plazas en fin de semana;fin_de_semana;2025;5;2025-05-01;2025M05;64.96
22130;Jaca;Grado de ocupación por plazas en fin de semana;fin_de_semana;2025;6;2025-06-01;2025M06;64.96
22130;Jaca;Grado de ocupación por plazas en fin de semana;fin_de_semana;2025;7;2025-07-01;2025M07;73.49
22130;Jaca;Grado de ocupación por plazas en fin de semana;fin_de_semana;2025;8;2025-08-01;2025M08;71.07
22130;Jaca;Grado de ocupación por plazas en fin de semana;fin_de_semana;2025;9;2025-09-01;2025M09;67.88
22130;Jaca;Grado de ocupación por plazas en fin de semana;fin_de_semana;2025;10;2025-10-01;2025M10;61.78
22130;Jaca;Grado de ocupación por plazas en fin de semana;fin_de_semana;2025;11;2025-11-01;2025M11;48.93
22130;Jaca;Grado de ocupación por plazas en fin de semana;fin_de_semana;2025;12;2025-12-01;2025M12;50.81
22130;Jaca;Grado de ocupación por plazas en fin de semana;fin_de_semana;2026;1;2026-01-01;2026M01;54.78
22130;Jaca;Grado de ocupación por plazas en fin de semana;fin_de_semana;2026;2;2026-02-01;2026M02;69.02
22130;Jaca;Grado de ocupación por plazas;general;2018;1;2018-01-01;2018M01;59.25
22130;Jaca;Grado de ocupación por plazas;general;2018;2;2018-02-01;2018M02;61.04
22130;Jaca;Grado de ocupación por plazas;general;2018;3;2018-03-01;2018M03;56.59
22130;Jaca;Grado de ocupación por plazas;general;2018;4;2018-04-01;2018M04;46.41
22130;Jaca;Grado de ocupación por plazas;general;2018;5;2018-05-01;2018M05;46.06
22130;Jaca;Grado de ocupación por plazas;general;2018;6;2018-06-01;2018M06;49.79
22130;Jaca;Grado de ocupación por plazas;general;2018;7;2018-07-01;2018M07;60.27
22130;Jaca;Grado de ocupación por plazas;general;2018;8;2018-08-01;2018M08;73.54
22130;Jaca;Grado de ocupación por plazas;general;2018;9;2018-09-01;2018M09;67.69
22130;Jaca;Grado de ocupación por plazas;general;2018;10;2018-10-01;2018M10;
22130;Jaca;Grado de ocupación por plazas;general;2018;11;2018-11-01;2018M11;
22130;Jaca;Grado de ocupación por plazas;general;2018;12;2018-12-01;2018M12;40.03
22130;Jaca;Grado de ocupación por plazas;general;2019;1;2019-01-01;2019M01;46.07
22130;Jaca;Grado de ocupación por plazas;general;2019;2;2019-02-01;2019M02;64.27
22130;Jaca;Grado de ocupación por plazas;general;2019;3;2019-03-01;2019M03;60.26
22130;Jaca;Grado de ocupación por plazas;general;2019;4;2019-04-01;2019M04;52.42
22130;Jaca;Grado de ocupación por plazas;general;2019;5;2019-05-01;2019M05;48.19
22130;Jaca;Grado de ocupación por plazas;general;2019;6;2019-06-01;2019M06;58.02
22130;Jaca;Grado de ocupación por plazas;general;2019;7;2019-07-01;2019M07;56.75
22130;Jaca;Grado de ocupación por plazas;general;2019;8;2019-08-01;2019M08;70.9
22130;Jaca;Grado de ocupación por plazas;general;2019;9;2019-09-01;2019M09;54.96
22130;Jaca;Grado de ocupación por plazas;general;2019;10;2019-10-01;2019M10;48.83
22130;Jaca;Grado de ocupación por plazas;general;2019;11;2019-11-01;2019M11;43.73
22130;Jaca;Grado de ocupación por plazas;general;2019;12;2019-12-01;2019M12;51.94
22130;Jaca;Grado de ocupación por plazas;general;2020;1;2020-01-01;2020M01;54.46
22130;Jaca;Grado de ocupación por plazas;general;2020;2;2020-02-01;2020M02;67.06
22130;Jaca;Grado de ocupación por plazas;general;2020;3;2020-03-01;2020M03;48.47
22130;Jaca;Grado de ocupación por plazas;general;2020;4;2020-04-01;2020M04;0.0
22130;Jaca;Grado de ocupación por plazas;general;2020;5;2020-05-01;2020M05;
22130;Jaca;Grado de ocupación por plazas;general;2020;6;2020-06-01;2020M06;
22130;Jaca;Grado de ocupación por plazas;general;2020;7;2020-07-01;2020M07;35.97
22130;Jaca;Grado de ocupación por plazas;general;2020;8;2020-08-01;2020M08;48.8
22130;Jaca;Grado de ocupación por plazas;general;2020;9;2020-09-01;2020M09;23.2
22130;Jaca;Grado de ocupación por plazas;general;2020;10;2020-10-01;2020M10;20.92
22130;Jaca;Grado de ocupación por plazas;general;2020;11;2020-11-01;2020M11;
22130;Jaca;Grado de ocupación por plazas;general;2020;12;2020-12-01;2020M12;
22130;Jaca;Grado de ocupación por plazas;general;2021;1;2021-01-01;2021M01;
22130;Jaca;Grado de ocupación por plazas;general;2021;2;2021-02-01;2021M02;
22130;Jaca;Grado de ocupación por plazas;general;2021;3;2021-03-01;2021M03;
22130;Jaca;Grado de ocupación por plazas;general;2021;4;2021-04-01;2021M04;25.21
22130;Jaca;Grado de ocupación por plazas;general;2021;5;2021-05-01;2021M05;
22130;Jaca;Grado de ocupación por plazas;general;2021;6;2021-06-01;2021M06;38.51
22130;Jaca;Grado de ocupación por plazas;general;2021;7;2021-07-01;2021M07;61.79
22130;Jaca;Grado de ocupación por plazas;general;2021;8;2021-08-01;2021M08;79.17
22130;Jaca;Grado de ocupación por plazas;general;2021;9;2021-09-01;2021M09;56.68
22130;Jaca;Grado de ocupación por plazas;general;2021;10;2021-10-01;2021M10;51.8
22130;Jaca;Grado de ocupación por plazas;general;2021;11;2021-11-01;2021M11;
22130;Jaca;Grado de ocupación por plazas;general;2021;12;2021-12-01;2021M12;43.82
22130;Jaca;Grado de ocupación por plazas;general;2022;1;2022-01-01;2022M01;52.26
22130;Jaca;Grado de ocupación por plazas;general;2022;2;2022-02-01;2022M02;64.38
22130;Jaca;Grado de ocupación por plazas;general;2022;3;2022-03-01;2022M03;45.02
22130;Jaca;Grado de ocupación por plazas;general;2022;4;2022-04-01;2022M04;50.11
22130;Jaca;Grado de ocupación por plazas;general;2022;5;2022-05-01;2022M05;41.31
22130;Jaca;Grado de ocupación por plazas;general;2022;6;2022-06-01;2022M06;50.69
22130;Jaca;Grado de ocupación por plazas;general;2022;7;2022-07-01;2022M07;60.29
22130;Jaca;Grado de ocupación por plazas;general;2022;8;2022-08-01;2022M08;71.17
22130;Jaca;Grado de ocupación por plazas;general;2022;9;2022-09-01;2022M09;56.62
22130;Jaca;Grado de ocupación por plazas;general;2022;10;2022-10-01;2022M10;
22130;Jaca;Grado de ocupación por plazas;general;2022;11;2022-11-01;2022M11;
22130;Jaca;Grado de ocupación por plazas;general;2022;12;2022-12-01;2022M12;39.96
22130;Jaca;Grado de ocupación por plazas;general;2023;1;2023-01-01;2023M01;52.71
22130;Jaca;Grado de ocupación por plazas;general;2023;2;2023-02-01;2023M02;69.7
22130;Jaca;Grado de ocupación por plazas;general;2023;3;2023-03-01;2023M03;52.84
22130;Jaca;Grado de ocupación por plazas;general;2023;4;2023-04-01;2023M04;46.02
22130;Jaca;Grado de ocupación por plazas;general;2023;5;2023-05-01;2023M05;38.18
22130;Jaca;Grado de ocupación por plazas;general;2023;6;2023-06-01;2023M06;51.93
22130;Jaca;Grado de ocupación por plazas;general;2023;7;2023-07-01;2023M07;55.24
22130;Jaca;Grado de ocupación por plazas;general;2023;8;2023-08-01;2023M08;67.58
22130;Jaca;Grado de ocupación por plazas;general;2023;9;2023-09-01;2023M09;51.93
22130;Jaca;Grado de ocupación por plazas;general;2023;10;2023-10-01;2023M10;48.88
22130;Jaca;Grado de ocupación por plazas;general;2023;11;2023-11-01;2023M11;
22130;Jaca;Grado de ocupación por plazas;general;2023;12;2023-12-01;2023M12;32.67
22130;Jaca;Grado de ocupación por plazas;general;2024;1;2024-01-01;2024M01;52.42
22130;Jaca;Grado de ocupación por plazas;general;2024;2;2024-02-01;2024M02;57.5
22130;Jaca;Grado de ocupación por plazas;general;2024;3;2024-03-01;2024M03;57.23
22130;Jaca;Grado de ocupación por plazas;general;2024;4;2024-04-01;2024M04;38.04
22130;Jaca;Grado de ocupación por plazas;general;2024;5;2024-05-01;2024M05;43.36
22130;Jaca;Grado de ocupación por plazas;general;2024;6;2024-06-01;2024M06;54.17
22130;Jaca;Grado de ocupación por plazas;general;2024;7;2024-07-01;2024M07;59.7
22130;Jaca;Grado de ocupación por plazas;general;2024;8;2024-08-01;2024M08;74.9
22130;Jaca;Grado de ocupación por plazas;general;2024;9;2024-09-01;2024M09;57.86
22130;Jaca;Grado de ocupación por plazas;general;2024;10;2024-10-01;2024M10;42.07
22130;Jaca;Grado de ocupación por plazas;general;2024;11;2024-11-01;2024M11;33.98
22130;Jaca;Grado de ocupación por plazas;general;2024;12;2024-12-01;2024M12;32.81
22130;Jaca;Grado de ocupación por plazas;general;2025;1;2025-01-01;2025M01;46.14
22130;Jaca;Grado de ocupación por plazas;general;2025;2;2025-02-01;2025M02;64.79
22130;Jaca;Grado de ocupación por plazas;general;2025;3;2025-03-01;2025M03;41.99
22130;Jaca;Grado de ocupación por plazas;general;2025;4;2025-04-01;2025M04;40.78
22130;Jaca;Grado de ocupación por plazas;general;2025;5;2025-05-01;2025M05;48.28
22130;Jaca;Grado de ocupación por plazas;general;2025;6;2025-06-01;2025M06;53.98
22130;Jaca;Grado de ocupación por plazas;general;2025;7;2025-07-01;2025M07;63.38
22130;Jaca;Grado de ocupación por plazas;general;2025;8;2025-08-01;2025M08;70.63
22130;Jaca;Grado de ocupación por plazas;general;2025;9;2025-09-01;2025M09;56.7
22130;Jaca;Grado de ocupación por plazas;general;2025;10;2025-10-01;2025M10;50.03
22130;Jaca;Grado de ocupación por plazas;general;2025;11;2025-11-01;2025M11;36.26
22130;Jaca;Grado de ocupación por plazas;general;2025;12;2025-12-01;2025M12;38.73
22130;Jaca;Grado de ocupación por plazas;general;2026;1;2026-01-01;2026M01;50.32
22130;Jaca;Grado de ocupación por plazas;general;2026;2;2026-02-01;2026M02;63.7
25120;Lleida;Grado de ocupación por plazas en fin de semana;fin_de_semana;2018;1;2018-01-01;2018M01;30.86
25120;Lleida;Grado de ocupación por plazas en fin de semana;fin_de_semana;2018;2;2018-02-01;2018M02;48.89
25120;Lleida;Grado de ocupación por plazas en fin de semana;fin_de_semana;2018;3;2018-03-01;2018M03;50.98
25120;Lleida;Grado de ocupación por plazas en fin de semana;fin_de_semana;2018;4;2018-04-01;2018M04;51.75
25120;Lleida;Grado de ocupación por plazas en fin de semana;fin_de_semana;2018;5;2018-05-01;2018M05;56.19
25120;Lleida;Grado de ocupación por plazas en fin de semana;fin_de_semana;2018;6;2018-06-01;2018M06;47.59
25120;Lleida;Grado de ocupación por plazas en fin de semana;fin_de_semana;2018;7;2018-07-01;2018M07;45.94
25120;Lleida;Grado de ocupación por plazas en fin de semana;fin_de_semana;2018;8;2018-08-01;2018M08;55.73
25120;Lleida;Grado de ocupación por plazas en fin de semana;fin_de_semana;2018;9;2018-09-01;2018M09;62.87
25120;Lleida;Grado de ocupación por plazas en fin de semana;fin_de_semana;2018;10;2018-10-01;2018M10;61.51
25120;Lleida;Grado de ocupación por plazas en fin de semana;fin_de_semana;2018;11;2018-11-01;2018M11;53.59
25120;Lleida;Grado de ocupación por plazas en fin de semana;fin_de_semana;2018;12;2018-12-01;2018M12;44.18
25120;Lleida;Grado de ocupación por plazas en fin de semana;fin_de_semana;2019;1;2019-01-01;2019M01;29.32
25120;Lleida;Grado de ocupación por plazas en fin de semana;fin_de_semana;2019;2;2019-02-01;2019M02;40.66
25120;Lleida;Grado de ocupación por plazas en fin de semana;fin_de_semana;2019;3;2019-03-01;2019M03;59.85
25120;Lleida;Grado de ocupación por plazas en fin de semana;fin_de_semana;2019;4;2019-04-01;2019M04;48.41
25120;Lleida;Grado de ocupación por plazas en fin de semana;fin_de_semana;2019;5;2019-05-01;2019M05;67.91
25120;Lleida;Grado de ocupación por plazas en fin de semana;fin_de_semana;2019;6;2019-06-01;2019M06;61.34
25120;Lleida;Grado de ocupación por plazas en fin de semana;fin_de_semana;2019;7;2019-07-01;2019M07;52.65
25120;Lleida;Grado de ocupación por plazas en fin de semana;fin_de_semana;2019;8;2019-08-01;2019M08;60.74
25120;Lleida;Grado de ocupación por plazas en fin de semana;fin_de_semana;2019;9;2019-09-01;2019M09;56.75
25120;Lleida;Grado de ocupación por plazas en fin de semana;fin_de_semana;2019;10;2019-10-01;2019M10;53.76
25120;Lleida;Grado de ocupación por plazas en fin de semana;fin_de_semana;2019;11;2019-11-01;2019M11;47.88
25120;Lleida;Grado de ocupación por plazas en fin de semana;fin_de_semana;2019;12;2019-12-01;2019M12;52.04
25120;Lleida;Grado de ocupación por plazas en fin de semana;fin_de_semana;2020;1;2020-01-01;2020M01;32.25
25120;Lleida;Grado de ocupación por plazas en fin de semana;fin_de_semana;2020;2;2020-02-01;2020M02;49.05
25120;Lleida;Grado de ocupación por plazas en fin de semana;fin_de_semana;2020;3;2020-03-01;2020M03;28.02
25120;Lleida;Grado de ocupación por plazas en fin de semana;fin_de_semana;2020;4;2020-04-01;2020M04;0.0
25120;Lleida;Grado de ocupación por plazas en fin de semana;fin_de_semana;2020;5;2020-05-01;2020M05;
25120;Lleida;Grado de ocupación por plazas en fin de semana;fin_de_semana;2020;6;2020-06-01;2020M06;
25120;Lleida;Grado de ocupación por plazas en fin de semana;fin_de_semana;2020;7;2020-07-01;2020M07;
25120;Lleida;Grado de ocupación por plazas en fin de semana;fin_de_semana;2020;8;2020-08-01;2020M08;
25120;Lleida;Grado de ocupación por plazas en fin de semana;fin_de_semana;2020;9;2020-09-01;2020M09;28.69
25120;Lleida;Grado de ocupación por plazas en fin de semana;fin_de_semana;2020;10;2020-10-01;2020M10;28.38
25120;Lleida;Grado de ocupación por plazas en fin de semana;fin_de_semana;2020;11;2020-11-01;2020M11;11.08
25120;Lleida;Grado de ocupación por plazas en fin de semana;fin_de_semana;2020;12;2020-12-01;2020M12;18.07
25120;Lleida;Grado de ocupación por plazas en fin de semana;fin_de_semana;2021;1;2021-01-01;2021M01;19.52
25120;Lleida;Grado de ocupación por plazas en fin de semana;fin_de_semana;2021;2;2021-02-01;2021M02;28.76
25120;Lleida;Grado de ocupación por plazas en fin de semana;fin_de_semana;2021;3;2021-03-01;2021M03;34.71
25120;Lleida;Grado de ocupación por plazas en fin de semana;fin_de_semana;2021;4;2021-04-01;2021M04;47.85
25120;Lleida;Grado de ocupación por plazas en fin de semana;fin_de_semana;2021;5;2021-05-01;2021M05;36.37
25120;Lleida;Grado de ocupación por plazas en fin de semana;fin_de_semana;2021;6;2021-06-01;2021M06;59.37
25120;Lleida;Grado de ocupación por plazas en fin de semana;fin_de_semana;2021;7;2021-07-01;2021M07;56.85
25120;Lleida;Grado de ocupación por plazas en fin de semana;fin_de_semana;2021;8;2021-08-01;2021M08;66.57
25120;Lleida;Grado de ocupación por plazas en fin de semana;fin_de_semana;2021;9;2021-09-01;2021M09;62.43
25120;Lleida;Grado de ocupación por plazas en fin de semana;fin_de_semana;2021;10;2021-10-01;2021M10;57.81
25120;Lleida;Grado de ocupación por plazas en fin de semana;fin_de_semana;2021;11;2021-11-01;2021M11;58.4
25120;Lleida;Grado de ocupación por plazas en fin de semana;fin_de_semana;2021;12;2021-12-01;2021M12;42.9
25120;Lleida;Grado de ocupación por plazas en fin de semana;fin_de_semana;2022;1;2022-01-01;2022M01;37.57
25120;Lleida;Grado de ocupación por plazas en fin de semana;fin_de_semana;2022;2;2022-02-01;2022M02;58.89
25120;Lleida;Grado de ocupación por plazas en fin de semana;fin_de_semana;2022;3;2022-03-01;2022M03;64.95
25120;Lleida;Grado de ocupación por plazas en fin de semana;fin_de_semana;2022;4;2022-04-01;2022M04;71.31
25120;Lleida;Grado de ocupación por plazas en fin de semana;fin_de_semana;2022;5;2022-05-01;2022M05;74.22
25120;Lleida;Grado de ocupación por plazas en fin de semana;fin_de_semana;2022;6;2022-06-01;2022M06;70.31
25120;Lleida;Grado de ocupación por plazas en fin de semana;fin_de_semana;2022;7;2022-07-01;2022M07;67.77
25120;Lleida;Grado de ocupación por plazas en fin de semana;fin_de_semana;2022;8;2022-08-01;2022M08;65.2
25120;Lleida;Grado de ocupación por plazas en fin de semana;fin_de_semana;2022;9;2022-09-01;2022M09;64.03
25120;Lleida;Grado de ocupación por plazas en fin de semana;fin_de_semana;2022;10;2022-10-01;2022M10;62.46
25120;Lleida;Grado de ocupación por plazas en fin de semana;fin_de_semana;2022;11;2022-11-01;2022M11;52.91
25120;Lleida;Grado de ocupación por plazas en fin de semana;fin_de_semana;2022;12;2022-12-01;2022M12;47.07
25120;Lleida;Grado de ocupación por plazas en fin de semana;fin_de_semana;2023;1;2023-01-01;2023M01;44.57
25120;Lleida;Grado de ocupación por plazas en fin de semana;fin_de_semana;2023;2;2023-02-01;2023M02;59.93
25120;Lleida;Grado de ocupación por plazas en fin de semana;fin_de_semana;2023;3;2023-03-01;2023M03;64.99
25120;Lleida;Grado de ocupación por plazas en fin de semana;fin_de_semana;2023;4;2023-04-01;2023M04;68.09
25120;Lleida;Grado de ocupación por plazas en fin de semana;fin_de_semana;2023;5;2023-05-01;2023M05;62.82
25120;Lleida;Grado de ocupación por plazas en fin de semana;fin_de_semana;2023;6;2023-06-01;2023M06;66.91
25120;Lleida;Grado de ocupación por plazas en fin de semana;fin_de_semana;2023;7;2023-07-01;2023M07;57.12
25120;Lleida;Grado de ocupación por plazas en fin de semana;fin_de_semana;2023;8;2023-08-01;2023M08;63.93
25120;Lleida;Grado de ocupación por plazas en fin de semana;fin_de_semana;2023;9;2023-09-01;2023M09;58.41
25120;Lleida;Grado de ocupación por plazas en fin de semana;fin_de_semana;2023;10;2023-10-01;2023M10;62.32
25120;Lleida;Grado de ocupación por plazas en fin de semana;fin_de_semana;2023;11;2023-11-01;2023M11;52.33
25120;Lleida;Grado de ocupación por plazas en fin de semana;fin_de_semana;2023;12;2023-12-01;2023M12;45.0
25120;Lleida;Grado de ocupación por plazas en fin de semana;fin_de_semana;2024;1;2024-01-01;2024M01;41.55
25120;Lleida;Grado de ocupación por plazas en fin de semana;fin_de_semana;2024;2;2024-02-01;2024M02;56.1
25120;Lleida;Grado de ocupación por plazas en fin de semana;fin_de_semana;2024;3;2024-03-01;2024M03;69.27
25120;Lleida;Grado de ocupación por plazas en fin de semana;fin_de_semana;2024;4;2024-04-01;2024M04;52.79
25120;Lleida;Grado de ocupación por plazas en fin de semana;fin_de_semana;2024;5;2024-05-01;2024M05;66.44
25120;Lleida;Grado de ocupación por plazas en fin de semana;fin_de_semana;2024;6;2024-06-01;2024M06;66.38
25120;Lleida;Grado de ocupación por plazas en fin de semana;fin_de_semana;2024;7;2024-07-01;2024M07;69.47
25120;Lleida;Grado de ocupación por plazas en fin de semana;fin_de_semana;2024;8;2024-08-01;2024M08;63.24
25120;Lleida;Grado de ocupación por plazas en fin de semana;fin_de_semana;2024;9;2024-09-01;2024M09;59.78
25120;Lleida;Grado de ocupación por plazas en fin de semana;fin_de_semana;2024;10;2024-10-01;2024M10;66.75
25120;Lleida;Grado de ocupación por plazas en fin de semana;fin_de_semana;2024;11;2024-11-01;2024M11;55.41
25120;Lleida;Grado de ocupación por plazas en fin de semana;fin_de_semana;2024;12;2024-12-01;2024M12;55.38
25120;Lleida;Grado de ocupación por plazas en fin de semana;fin_de_semana;2025;1;2025-01-01;2025M01;42.8
25120;Lleida;Grado de ocupación por plazas en fin de semana;fin_de_semana;2025;2;2025-02-01;2025M02;59.2
25120;Lleida;Grado de ocupación por plazas en fin de semana;fin_de_semana;2025;3;2025-03-01;2025M03;61.46
25120;Lleida;Grado de ocupación por plazas en fin de semana;fin_de_semana;2025;4;2025-04-01;2025M04;68.12
25120;Lleida;Grado de ocupación por plazas en fin de semana;fin_de_semana;2025;5;2025-05-01;2025M05;62.37
25120;Lleida;Grado de ocupación por plazas en fin de semana;fin_de_semana;2025;6;2025-06-01;2025M06;65.03
25120;Lleida;Grado de ocupación por plazas en fin de semana;fin_de_semana;2025;7;2025-07-01;2025M07;63.78
25120;Lleida;Grado de ocupación por plazas en fin de semana;fin_de_semana;2025;8;2025-08-01;2025M08;70.16
25120;Lleida;Grado de ocupación por plazas en fin de semana;fin_de_semana;2025;9;2025-09-01;2025M09;60.76
25120;Lleida;Grado de ocupación por plazas en fin de semana;fin_de_semana;2025;10;2025-10-01;2025M10;66.39
25120;Lleida;Grado de ocupación por plazas en fin de semana;fin_de_semana;2025;11;2025-11-01;2025M11;61.98
25120;Lleida;Grado de ocupación por plazas en fin de semana;fin_de_semana;2025;12;2025-12-01;2025M12;54.26
25120;Lleida;Grado de ocupación por plazas en fin de semana;fin_de_semana;2026;1;2026-01-01;2026M01;48.69
25120;Lleida;Grado de ocupación por plazas en fin de semana;fin_de_semana;2026;2;2026-02-01;2026M02;65.83
25120;Lleida;Grado de ocupación por plazas;general;2018;1;2018-01-01;2018M01;26.22
25120;Lleida;Grado de ocupación por plazas;general;2018;2;2018-02-01;2018M02;37.01
25120;Lleida;Grado de ocupación por plazas;general;2018;3;2018-03-01;2018M03;42.78
25120;Lleida;Grado de ocupación por plazas;general;2018;4;2018-04-01;2018M04;45.08
25120;Lleida;Grado de ocupación por plazas;general;2018;5;2018-05-01;2018M05;46.03
25120;Lleida;Grado de ocupación por plazas;general;2018;6;2018-06-01;2018M06;38.6
25120;Lleida;Grado de ocupación por plazas;general;2018;7;2018-07-01;2018M07;40.49
25120;Lleida;Grado de ocupación por plazas;general;2018;8;2018-08-01;2018M08;45.99
25120;Lleida;Grado de ocupación por plazas;general;2018;9;2018-09-01;2018M09;48.63
25120;Lleida;Grado de ocupación por plazas;general;2018;10;2018-10-01;2018M10;45.47
25120;Lleida;Grado de ocupación por plazas;general;2018;11;2018-11-01;2018M11;39.25
25120;Lleida;Grado de ocupación por plazas;general;2018;12;2018-12-01;2018M12;37.89
25120;Lleida;Grado de ocupación por plazas;general;2019;1;2019-01-01;2019M01;26.44
25120;Lleida;Grado de ocupación por plazas;general;2019;2;2019-02-01;2019M02;33.03
25120;Lleida;Grado de ocupación por plazas;general;2019;3;2019-03-01;2019M03;50.45
25120;Lleida;Grado de ocupación por plazas;general;2019;4;2019-04-01;2019M04;46.44
25120;Lleida;Grado de ocupación por plazas;general;2019;5;2019-05-01;2019M05;53.04
25120;Lleida;Grado de ocupación por plazas;general;2019;6;2019-06-01;2019M06;52.44
25120;Lleida;Grado de ocupación por plazas;general;2019;7;2019-07-01;2019M07;47.79
25120;Lleida;Grado de ocupación por plazas;general;2019;8;2019-08-01;2019M08;50.57
25120;Lleida;Grado de ocupación por plazas;general;2019;9;2019-09-01;2019M09;45.02
25120;Lleida;Grado de ocupación por plazas;general;2019;10;2019-10-01;2019M10;48.66
25120;Lleida;Grado de ocupación por plazas;general;2019;11;2019-11-01;2019M11;39.47
25120;Lleida;Grado de ocupación por plazas;general;2019;12;2019-12-01;2019M12;43.65
25120;Lleida;Grado de ocupación por plazas;general;2020;1;2020-01-01;2020M01;27.09
25120;Lleida;Grado de ocupación por plazas;general;2020;2;2020-02-01;2020M02;36.76
25120;Lleida;Grado de ocupación por plazas;general;2020;3;2020-03-01;2020M03;32.26
25120;Lleida;Grado de ocupación por plazas;general;2020;4;2020-04-01;2020M04;0.0
25120;Lleida;Grado de ocupación por plazas;general;2020;5;2020-05-01;2020M05;
25120;Lleida;Grado de ocupación por plazas;general;2020;6;2020-06-01;2020M06;
25120;Lleida;Grado de ocupación por plazas;general;2020;7;2020-07-01;2020M07;
25120;Lleida;Grado de ocupación por plazas;general;2020;8;2020-08-01;2020M08;
25120;Lleida;Grado de ocupación por plazas;general;2020;9;2020-09-01;2020M09;22.73
25120;Lleida;Grado de ocupación por plazas;general;2020;10;2020-10-01;2020M10;23.23
25120;Lleida;Grado de ocupación por plazas;general;2020;11;2020-11-01;2020M11;16.45
25120;Lleida;Grado de ocupación por plazas;general;2020;12;2020-12-01;2020M12;19.11
25120;Lleida;Grado de ocupación por plazas;general;2021;1;2021-01-01;2021M01;20.84
25120;Lleida;Grado de ocupación por plazas;general;2021;2;2021-02-01;2021M02;27.46
25120;Lleida;Grado de ocupación por plazas;general;2021;3;2021-03-01;2021M03;29.63
25120;Lleida;Grado de ocupación por plazas;general;2021;4;2021-04-01;2021M04;36.96
25120;Lleida;Grado de ocupación por plazas;general;2021;5;2021-05-01;2021M05;31.62
25120;Lleida;Grado de ocupación por plazas;general;2021;6;2021-06-01;2021M06;47.27
25120;Lleida;Grado de ocupación por plazas;general;2021;7;2021-07-01;2021M07;56.07
25120;Lleida;Grado de ocupación por plazas;general;2021;8;2021-08-01;2021M08;58.7
25120;Lleida;Grado de ocupación por plazas;general;2021;9;2021-09-01;2021M09;52.03
25120;Lleida;Grado de ocupación por plazas;general;2021;10;2021-10-01;2021M10;49.83
25120;Lleida;Grado de ocupación por plazas;general;2021;11;2021-11-01;2021M11;48.34
25120;Lleida;Grado de ocupación por plazas;general;2021;12;2021-12-01;2021M12;35.67
25120;Lleida;Grado de ocupación por plazas;general;2022;1;2022-01-01;2022M01;29.05
25120;Lleida;Grado de ocupación por plazas;general;2022;2;2022-02-01;2022M02;43.46
25120;Lleida;Grado de ocupación por plazas;general;2022;3;2022-03-01;2022M03;46.75
25120;Lleida;Grado de ocupación por plazas;general;2022;4;2022-04-01;2022M04;57.08
25120;Lleida;Grado de ocupación por plazas;general;2022;5;2022-05-01;2022M05;62.31
25120;Lleida;Grado de ocupación por plazas;general;2022;6;2022-06-01;2022M06;58.85
25120;Lleida;Grado de ocupación por plazas;general;2022;7;2022-07-01;2022M07;56.17
25120;Lleida;Grado de ocupación por plazas;general;2022;8;2022-08-01;2022M08;61.74
25120;Lleida;Grado de ocupación por plazas;general;2022;9;2022-09-01;2022M09;55.86
25120;Lleida;Grado de ocupación por plazas;general;2022;10;2022-10-01;2022M10;51.6
25120;Lleida;Grado de ocupación por plazas;general;2022;11;2022-11-01;2022M11;45.32
25120;Lleida;Grado de ocupación por plazas;general;2022;12;2022-12-01;2022M12;36.78
25120;Lleida;Grado de ocupación por plazas;general;2023;1;2023-01-01;2023M01;40.67
25120;Lleida;Grado de ocupación por plazas;general;2023;2;2023-02-01;2023M02;45.63
25120;Lleida;Grado de ocupación por plazas;general;2023;3;2023-03-01;2023M03;47.72
25120;Lleida;Grado de ocupación por plazas;general;2023;4;2023-04-01;2023M04;52.94
25120;Lleida;Grado de ocupación por plazas;general;2023;5;2023-05-01;2023M05;53.07
25120;Lleida;Grado de ocupación por plazas;general;2023;6;2023-06-01;2023M06;51.52
25120;Lleida;Grado de ocupación por plazas;general;2023;7;2023-07-01;2023M07;51.46
25120;Lleida;Grado de ocupación por plazas;general;2023;8;2023-08-01;2023M08;53.42
25120;Lleida;Grado de ocupación por plazas;general;2023;9;2023-09-01;2023M09;51.95
25120;Lleida;Grado de ocupación por plazas;general;2023;10;2023-10-01;2023M10;54.33
25120;Lleida;Grado de ocupación por plazas;general;2023;11;2023-11-01;2023M11;43.84
25120;Lleida;Grado de ocupación por plazas;general;2023;12;2023-12-01;2023M12;41.39
25120;Lleida;Grado de ocupación por plazas;general;2024;1;2024-01-01;2024M01;38.88
25120;Lleida;Grado de ocupación por plazas;general;2024;2;2024-02-01;2024M02;46.3
25120;Lleida;Grado de ocupación por plazas;general;2024;3;2024-03-01;2024M03;51.67
25120;Lleida;Grado de ocupación por plazas;general;2024;4;2024-04-01;2024M04;47.53
25120;Lleida;Grado de ocupación por plazas;general;2024;5;2024-05-01;2024M05;55.23
25120;Lleida;Grado de ocupación por plazas;general;2024;6;2024-06-01;2024M06;57.62
25120;Lleida;Grado de ocupación por plazas;general;2024;7;2024-07-01;2024M07;53.05
25120;Lleida;Grado de ocupación por plazas;general;2024;8;2024-08-01;2024M08;54.76
25120;Lleida;Grado de ocupación por plazas;general;2024;9;2024-09-01;2024M09;51.44
25120;Lleida;Grado de ocupación por plazas;general;2024;10;2024-10-01;2024M10;54.64
25120;Lleida;Grado de ocupación por plazas;general;2024;11;2024-11-01;2024M11;46.61
25120;Lleida;Grado de ocupación por plazas;general;2024;12;2024-12-01;2024M12;43.91
25120;Lleida;Grado de ocupación por plazas;general;2025;1;2025-01-01;2025M01;35.68
25120;Lleida;Grado de ocupación por plazas;general;2025;2;2025-02-01;2025M02;46.3
25120;Lleida;Grado de ocupación por plazas;general;2025;3;2025-03-01;2025M03;46.45
25120;Lleida;Grado de ocupación por plazas;general;2025;4;2025-04-01;2025M04;49.2
25120;Lleida;Grado de ocupación por plazas;general;2025;5;2025-05-01;2025M05;50.87
25120;Lleida;Grado de ocupación por plazas;general;2025;6;2025-06-01;2025M06;53.1
25120;Lleida;Grado de ocupación por plazas;general;2025;7;2025-07-01;2025M07;53.13
25120;Lleida;Grado de ocupación por plazas;general;2025;8;2025-08-01;2025M08;59.81
25120;Lleida;Grado de ocupación por plazas;general;2025;9;2025-09-01;2025M09;50.46
25120;Lleida;Grado de ocupación por plazas;general;2025;10;2025-10-01;2025M10;52.42
25120;Lleida;Grado de ocupación por plazas;general;2025;11;2025-11-01;2025M11;50.79
25120;Lleida;Grado de ocupación por plazas;general;2025;12;2025-12-01;2025M12;44.39
25120;Lleida;Grado de ocupación por plazas;general;2026;1;2026-01-01;2026M01;42.43
25120;Lleida;Grado de ocupación por plazas;general;2026;2;2026-02-01;2026M02;52.89
18134;Monachil;Grado de ocupación por plazas en fin de semana;fin_de_semana;2018;1;2018-01-01;2018M01;
18134;Monachil;Grado de ocupación por plazas en fin de semana;fin_de_semana;2018;2;2018-02-01;2018M02;
18134;Monachil;Grado de ocupación por plazas en fin de semana;fin_de_semana;2018;3;2018-03-01;2018M03;
18134;Monachil;Grado de ocupación por plazas en fin de semana;fin_de_semana;2018;4;2018-04-01;2018M04;
18134;Monachil;Grado de ocupación por plazas en fin de semana;fin_de_semana;2018;5;2018-05-01;2018M05;
18134;Monachil;Grado de ocupación por plazas en fin de semana;fin_de_semana;2018;6;2018-06-01;2018M06;
18134;Monachil;Grado de ocupación por plazas en fin de semana;fin_de_semana;2018;7;2018-07-01;2018M07;
18134;Monachil;Grado de ocupación por plazas en fin de semana;fin_de_semana;2018;8;2018-08-01;2018M08;
18134;Monachil;Grado de ocupación por plazas en fin de semana;fin_de_semana;2018;9;2018-09-01;2018M09;
18134;Monachil;Grado de ocupación por plazas en fin de semana;fin_de_semana;2018;10;2018-10-01;2018M10;
18134;Monachil;Grado de ocupación por plazas en fin de semana;fin_de_semana;2018;11;2018-11-01;2018M11;
18134;Monachil;Grado de ocupación por plazas en fin de semana;fin_de_semana;2018;12;2018-12-01;2018M12;
18134;Monachil;Grado de ocupación por plazas en fin de semana;fin_de_semana;2019;1;2019-01-01;2019M01;
18134;Monachil;Grado de ocupación por plazas en fin de semana;fin_de_semana;2019;2;2019-02-01;2019M02;
18134;Monachil;Grado de ocupación por plazas en fin de semana;fin_de_semana;2019;3;2019-03-01;2019M03;
18134;Monachil;Grado de ocupación por plazas en fin de semana;fin_de_semana;2019;4;2019-04-01;2019M04;
18134;Monachil;Grado de ocupación por plazas en fin de semana;fin_de_semana;2019;5;2019-05-01;2019M05;
18134;Monachil;Grado de ocupación por plazas en fin de semana;fin_de_semana;2019;6;2019-06-01;2019M06;
18134;Monachil;Grado de ocupación por plazas en fin de semana;fin_de_semana;2019;7;2019-07-01;2019M07;
18134;Monachil;Grado de ocupación por plazas en fin de semana;fin_de_semana;2019;8;2019-08-01;2019M08;
18134;Monachil;Grado de ocupación por plazas en fin de semana;fin_de_semana;2019;9;2019-09-01;2019M09;
18134;Monachil;Grado de ocupación por plazas en fin de semana;fin_de_semana;2019;10;2019-10-01;2019M10;
18134;Monachil;Grado de ocupación por plazas en fin de semana;fin_de_semana;2019;11;2019-11-01;2019M11;
18134;Monachil;Grado de ocupación por plazas en fin de semana;fin_de_semana;2019;12;2019-12-01;2019M12;
18134;Monachil;Grado de ocupación por plazas en fin de semana;fin_de_semana;2020;1;2020-01-01;2020M01;
18134;Monachil;Grado de ocupación por plazas en fin de semana;fin_de_semana;2020;2;2020-02-01;2020M02;
18134;Monachil;Grado de ocupación por plazas en fin de semana;fin_de_semana;2020;3;2020-03-01;2020M03;
18134;Monachil;Grado de ocupación por plazas en fin de semana;fin_de_semana;2020;4;2020-04-01;2020M04;
18134;Monachil;Grado de ocupación por plazas en fin de semana;fin_de_semana;2020;5;2020-05-01;2020M05;
18134;Monachil;Grado de ocupación por plazas en fin de semana;fin_de_semana;2020;6;2020-06-01;2020M06;
18134;Monachil;Grado de ocupación por plazas en fin de semana;fin_de_semana;2020;7;2020-07-01;2020M07;
18134;Monachil;Grado de ocupación por plazas en fin de semana;fin_de_semana;2020;8;2020-08-01;2020M08;
18134;Monachil;Grado de ocupación por plazas en fin de semana;fin_de_semana;2020;9;2020-09-01;2020M09;
18134;Monachil;Grado de ocupación por plazas en fin de semana;fin_de_semana;2020;10;2020-10-01;2020M10;
18134;Monachil;Grado de ocupación por plazas en fin de semana;fin_de_semana;2020;11;2020-11-01;2020M11;
18134;Monachil;Grado de ocupación por plazas en fin de semana;fin_de_semana;2020;12;2020-12-01;2020M12;
18134;Monachil;Grado de ocupación por plazas en fin de semana;fin_de_semana;2021;1;2021-01-01;2021M01;
18134;Monachil;Grado de ocupación por plazas en fin de semana;fin_de_semana;2021;2;2021-02-01;2021M02;
18134;Monachil;Grado de ocupación por plazas en fin de semana;fin_de_semana;2021;3;2021-03-01;2021M03;
18134;Monachil;Grado de ocupación por plazas en fin de semana;fin_de_semana;2021;4;2021-04-01;2021M04;
18134;Monachil;Grado de ocupación por plazas en fin de semana;fin_de_semana;2021;5;2021-05-01;2021M05;
18134;Monachil;Grado de ocupación por plazas en fin de semana;fin_de_semana;2021;6;2021-06-01;2021M06;
18134;Monachil;Grado de ocupación por plazas en fin de semana;fin_de_semana;2021;7;2021-07-01;2021M07;
18134;Monachil;Grado de ocupación por plazas en fin de semana;fin_de_semana;2021;8;2021-08-01;2021M08;
18134;Monachil;Grado de ocupación por plazas en fin de semana;fin_de_semana;2021;9;2021-09-01;2021M09;
18134;Monachil;Grado de ocupación por plazas en fin de semana;fin_de_semana;2021;10;2021-10-01;2021M10;
18134;Monachil;Grado de ocupación por plazas en fin de semana;fin_de_semana;2021;11;2021-11-01;2021M11;
18134;Monachil;Grado de ocupación por plazas en fin de semana;fin_de_semana;2021;12;2021-12-01;2021M12;
18134;Monachil;Grado de ocupación por plazas en fin de semana;fin_de_semana;2022;1;2022-01-01;2022M01;
18134;Monachil;Grado de ocupación por plazas en fin de semana;fin_de_semana;2022;2;2022-02-01;2022M02;
18134;Monachil;Grado de ocupación por plazas en fin de semana;fin_de_semana;2022;3;2022-03-01;2022M03;
18134;Monachil;Grado de ocupación por plazas en fin de semana;fin_de_semana;2022;4;2022-04-01;2022M04;
18134;Monachil;Grado de ocupación por plazas en fin de semana;fin_de_semana;2022;5;2022-05-01;2022M05;
18134;Monachil;Grado de ocupación por plazas en fin de semana;fin_de_semana;2022;6;2022-06-01;2022M06;
18134;Monachil;Grado de ocupación por plazas en fin de semana;fin_de_semana;2022;7;2022-07-01;2022M07;
18134;Monachil;Grado de ocupación por plazas en fin de semana;fin_de_semana;2022;8;2022-08-01;2022M08;
18134;Monachil;Grado de ocupación por plazas en fin de semana;fin_de_semana;2022;9;2022-09-01;2022M09;
18134;Monachil;Grado de ocupación por plazas en fin de semana;fin_de_semana;2022;10;2022-10-01;2022M10;
18134;Monachil;Grado de ocupación por plazas en fin de semana;fin_de_semana;2022;11;2022-11-01;2022M11;
18134;Monachil;Grado de ocupación por plazas en fin de semana;fin_de_semana;2022;12;2022-12-01;2022M12;
18134;Monachil;Grado de ocupación por plazas en fin de semana;fin_de_semana;2023;1;2023-01-01;2023M01;
18134;Monachil;Grado de ocupación por plazas en fin de semana;fin_de_semana;2023;2;2023-02-01;2023M02;
18134;Monachil;Grado de ocupación por plazas en fin de semana;fin_de_semana;2023;3;2023-03-01;2023M03;
18134;Monachil;Grado de ocupación por plazas en fin de semana;fin_de_semana;2023;4;2023-04-01;2023M04;
18134;Monachil;Grado de ocupación por plazas en fin de semana;fin_de_semana;2023;5;2023-05-01;2023M05;
18134;Monachil;Grado de ocupación por plazas en fin de semana;fin_de_semana;2023;6;2023-06-01;2023M06;
18134;Monachil;Grado de ocupación por plazas en fin de semana;fin_de_semana;2023;7;2023-07-01;2023M07;
18134;Monachil;Grado de ocupación por plazas en fin de semana;fin_de_semana;2023;8;2023-08-01;2023M08;
18134;Monachil;Grado de ocupación por plazas en fin de semana;fin_de_semana;2023;9;2023-09-01;2023M09;
18134;Monachil;Grado de ocupación por plazas en fin de semana;fin_de_semana;2023;10;2023-10-01;2023M10;
18134;Monachil;Grado de ocupación por plazas en fin de semana;fin_de_semana;2023;11;2023-11-01;2023M11;
18134;Monachil;Grado de ocupación por plazas en fin de semana;fin_de_semana;2023;12;2023-12-01;2023M12;
18134;Monachil;Grado de ocupación por plazas en fin de semana;fin_de_semana;2024;1;2024-01-01;2024M01;52.13
18134;Monachil;Grado de ocupación por plazas en fin de semana;fin_de_semana;2024;2;2024-02-01;2024M02;65.87
18134;Monachil;Grado de ocupación por plazas en fin de semana;fin_de_semana;2024;3;2024-03-01;2024M03;38.23
18134;Monachil;Grado de ocupación por plazas en fin de semana;fin_de_semana;2024;4;2024-04-01;2024M04;58.59
18134;Monachil;Grado de ocupación por plazas en fin de semana;fin_de_semana;2024;5;2024-05-01;2024M05;
18134;Monachil;Grado de ocupación por plazas en fin de semana;fin_de_semana;2024;6;2024-06-01;2024M06;
18134;Monachil;Grado de ocupación por plazas en fin de semana;fin_de_semana;2024;7;2024-07-01;2024M07;
18134;Monachil;Grado de ocupación por plazas en fin de semana;fin_de_semana;2024;8;2024-08-01;2024M08;
18134;Monachil;Grado de ocupación por plazas en fin de semana;fin_de_semana;2024;9;2024-09-01;2024M09;
18134;Monachil;Grado de ocupación por plazas en fin de semana;fin_de_semana;2024;10;2024-10-01;2024M10;
18134;Monachil;Grado de ocupación por plazas en fin de semana;fin_de_semana;2024;11;2024-11-01;2024M11;
18134;Monachil;Grado de ocupación por plazas en fin de semana;fin_de_semana;2024;12;2024-12-01;2024M12;
18134;Monachil;Grado de ocupación por plazas en fin de semana;fin_de_semana;2025;1;2025-01-01;2025M01;58.76
18134;Monachil;Grado de ocupación por plazas en fin de semana;fin_de_semana;2025;2;2025-02-01;2025M02;72.56
18134;Monachil;Grado de ocupación por plazas en fin de semana;fin_de_semana;2025;3;2025-03-01;2025M03;65.6
18134;Monachil;Grado de ocupación por plazas en fin de semana;fin_de_semana;2025;4;2025-04-01;2025M04;42.26
18134;Monachil;Grado de ocupación por plazas en fin de semana;fin_de_semana;2025;5;2025-05-01;2025M05;
18134;Monachil;Grado de ocupación por plazas en fin de semana;fin_de_semana;2025;6;2025-06-01;2025M06;
18134;Monachil;Grado de ocupación por plazas en fin de semana;fin_de_semana;2025;7;2025-07-01;2025M07;
18134;Monachil;Grado de ocupación por plazas en fin de semana;fin_de_semana;2025;8;2025-08-01;2025M08;
18134;Monachil;Grado de ocupación por plazas en fin de semana;fin_de_semana;2025;9;2025-09-01;2025M09;
18134;Monachil;Grado de ocupación por plazas en fin de semana;fin_de_semana;2025;10;2025-10-01;2025M10;
18134;Monachil;Grado de ocupación por plazas en fin de semana;fin_de_semana;2025;11;2025-11-01;2025M11;
18134;Monachil;Grado de ocupación por plazas en fin de semana;fin_de_semana;2025;12;2025-12-01;2025M12;53.96
18134;Monachil;Grado de ocupación por plazas en fin de semana;fin_de_semana;2026;1;2026-01-01;2026M01;68.85
18134;Monachil;Grado de ocupación por plazas en fin de semana;fin_de_semana;2026;2;2026-02-01;2026M02;55.05
18134;Monachil;Grado de ocupación por plazas;general;2018;1;2018-01-01;2018M01;
18134;Monachil;Grado de ocupación por plazas;general;2018;2;2018-02-01;2018M02;
18134;Monachil;Grado de ocupación por plazas;general;2018;3;2018-03-01;2018M03;
18134;Monachil;Grado de ocupación por plazas;general;2018;4;2018-04-01;2018M04;
18134;Monachil;Grado de ocupación por plazas;general;2018;5;2018-05-01;2018M05;
18134;Monachil;Grado de ocupación por plazas;general;2018;6;2018-06-01;2018M06;
18134;Monachil;Grado de ocupación por plazas;general;2018;7;2018-07-01;2018M07;
18134;Monachil;Grado de ocupación por plazas;general;2018;8;2018-08-01;2018M08;
18134;Monachil;Grado de ocupación por plazas;general;2018;9;2018-09-01;2018M09;
18134;Monachil;Grado de ocupación por plazas;general;2018;10;2018-10-01;2018M10;
18134;Monachil;Grado de ocupación por plazas;general;2018;11;2018-11-01;2018M11;
18134;Monachil;Grado de ocupación por plazas;general;2018;12;2018-12-01;2018M12;
18134;Monachil;Grado de ocupación por plazas;general;2019;1;2019-01-01;2019M01;
18134;Monachil;Grado de ocupación por plazas;general;2019;2;2019-02-01;2019M02;
18134;Monachil;Grado de ocupación por plazas;general;2019;3;2019-03-01;2019M03;
18134;Monachil;Grado de ocupación por plazas;general;2019;4;2019-04-01;2019M04;
18134;Monachil;Grado de ocupación por plazas;general;2019;5;2019-05-01;2019M05;
18134;Monachil;Grado de ocupación por plazas;general;2019;6;2019-06-01;2019M06;
18134;Monachil;Grado de ocupación por plazas;general;2019;7;2019-07-01;2019M07;
18134;Monachil;Grado de ocupación por plazas;general;2019;8;2019-08-01;2019M08;
18134;Monachil;Grado de ocupación por plazas;general;2019;9;2019-09-01;2019M09;
18134;Monachil;Grado de ocupación por plazas;general;2019;10;2019-10-01;2019M10;
18134;Monachil;Grado de ocupación por plazas;general;2019;11;2019-11-01;2019M11;
18134;Monachil;Grado de ocupación por plazas;general;2019;12;2019-12-01;2019M12;
18134;Monachil;Grado de ocupación por plazas;general;2020;1;2020-01-01;2020M01;
18134;Monachil;Grado de ocupación por plazas;general;2020;2;2020-02-01;2020M02;
18134;Monachil;Grado de ocupación por plazas;general;2020;3;2020-03-01;2020M03;
18134;Monachil;Grado de ocupación por plazas;general;2020;4;2020-04-01;2020M04;
18134;Monachil;Grado de ocupación por plazas;general;2020;5;2020-05-01;2020M05;
18134;Monachil;Grado de ocupación por plazas;general;2020;6;2020-06-01;2020M06;
18134;Monachil;Grado de ocupación por plazas;general;2020;7;2020-07-01;2020M07;
18134;Monachil;Grado de ocupación por plazas;general;2020;8;2020-08-01;2020M08;
18134;Monachil;Grado de ocupación por plazas;general;2020;9;2020-09-01;2020M09;
18134;Monachil;Grado de ocupación por plazas;general;2020;10;2020-10-01;2020M10;
18134;Monachil;Grado de ocupación por plazas;general;2020;11;2020-11-01;2020M11;
18134;Monachil;Grado de ocupación por plazas;general;2020;12;2020-12-01;2020M12;
18134;Monachil;Grado de ocupación por plazas;general;2021;1;2021-01-01;2021M01;
18134;Monachil;Grado de ocupación por plazas;general;2021;2;2021-02-01;2021M02;
18134;Monachil;Grado de ocupación por plazas;general;2021;3;2021-03-01;2021M03;
18134;Monachil;Grado de ocupación por plazas;general;2021;4;2021-04-01;2021M04;
18134;Monachil;Grado de ocupación por plazas;general;2021;5;2021-05-01;2021M05;
18134;Monachil;Grado de ocupación por plazas;general;2021;6;2021-06-01;2021M06;
18134;Monachil;Grado de ocupación por plazas;general;2021;7;2021-07-01;2021M07;
18134;Monachil;Grado de ocupación por plazas;general;2021;8;2021-08-01;2021M08;
18134;Monachil;Grado de ocupación por plazas;general;2021;9;2021-09-01;2021M09;
18134;Monachil;Grado de ocupación por plazas;general;2021;10;2021-10-01;2021M10;
18134;Monachil;Grado de ocupación por plazas;general;2021;11;2021-11-01;2021M11;
18134;Monachil;Grado de ocupación por plazas;general;2021;12;2021-12-01;2021M12;
18134;Monachil;Grado de ocupación por plazas;general;2022;1;2022-01-01;2022M01;
18134;Monachil;Grado de ocupación por plazas;general;2022;2;2022-02-01;2022M02;
18134;Monachil;Grado de ocupación por plazas;general;2022;3;2022-03-01;2022M03;
18134;Monachil;Grado de ocupación por plazas;general;2022;4;2022-04-01;2022M04;
18134;Monachil;Grado de ocupación por plazas;general;2022;5;2022-05-01;2022M05;
18134;Monachil;Grado de ocupación por plazas;general;2022;6;2022-06-01;2022M06;
18134;Monachil;Grado de ocupación por plazas;general;2022;7;2022-07-01;2022M07;
18134;Monachil;Grado de ocupación por plazas;general;2022;8;2022-08-01;2022M08;
18134;Monachil;Grado de ocupación por plazas;general;2022;9;2022-09-01;2022M09;
18134;Monachil;Grado de ocupación por plazas;general;2022;10;2022-10-01;2022M10;
18134;Monachil;Grado de ocupación por plazas;general;2022;11;2022-11-01;2022M11;
18134;Monachil;Grado de ocupación por plazas;general;2022;12;2022-12-01;2022M12;
18134;Monachil;Grado de ocupación por plazas;general;2023;1;2023-01-01;2023M01;
18134;Monachil;Grado de ocupación por plazas;general;2023;2;2023-02-01;2023M02;
18134;Monachil;Grado de ocupación por plazas;general;2023;3;2023-03-01;2023M03;
18134;Monachil;Grado de ocupación por plazas;general;2023;4;2023-04-01;2023M04;
18134;Monachil;Grado de ocupación por plazas;general;2023;5;2023-05-01;2023M05;
18134;Monachil;Grado de ocupación por plazas;general;2023;6;2023-06-01;2023M06;
18134;Monachil;Grado de ocupación por plazas;general;2023;7;2023-07-01;2023M07;
18134;Monachil;Grado de ocupación por plazas;general;2023;8;2023-08-01;2023M08;
18134;Monachil;Grado de ocupación por plazas;general;2023;9;2023-09-01;2023M09;
18134;Monachil;Grado de ocupación por plazas;general;2023;10;2023-10-01;2023M10;
18134;Monachil;Grado de ocupación por plazas;general;2023;11;2023-11-01;2023M11;
18134;Monachil;Grado de ocupación por plazas;general;2023;12;2023-12-01;2023M12;
18134;Monachil;Grado de ocupación por plazas;general;2024;1;2024-01-01;2024M01;51.99
18134;Monachil;Grado de ocupación por plazas;general;2024;2;2024-02-01;2024M02;61.01
18134;Monachil;Grado de ocupación por plazas;general;2024;3;2024-03-01;2024M03;49.45
18134;Monachil;Grado de ocupación por plazas;general;2024;4;2024-04-01;2024M04;38.28
18134;Monachil;Grado de ocupación por plazas;general;2024;5;2024-05-01;2024M05;
18134;Monachil;Grado de ocupación por plazas;general;2024;6;2024-06-01;2024M06;
18134;Monachil;Grado de ocupación por plazas;general;2024;7;2024-07-01;2024M07;
18134;Monachil;Grado de ocupación por plazas;general;2024;8;2024-08-01;2024M08;
18134;Monachil;Grado de ocupación por plazas;general;2024;9;2024-09-01;2024M09;
18134;Monachil;Grado de ocupación por plazas;general;2024;10;2024-10-01;2024M10;
18134;Monachil;Grado de ocupación por plazas;general;2024;11;2024-11-01;2024M11;
18134;Monachil;Grado de ocupación por plazas;general;2024;12;2024-12-01;2024M12;
18134;Monachil;Grado de ocupación por plazas;general;2025;1;2025-01-01;2025M01;50.77
18134;Monachil;Grado de ocupación por plazas;general;2025;2;2025-02-01;2025M02;64.7
18134;Monachil;Grado de ocupación por plazas;general;2025;3;2025-03-01;2025M03;60.42
18134;Monachil;Grado de ocupación por plazas;general;2025;4;2025-04-01;2025M04;42.33
18134;Monachil;Grado de ocupación por plazas;general;2025;5;2025-05-01;2025M05;
18134;Monachil;Grado de ocupación por plazas;general;2025;6;2025-06-01;2025M06;
18134;Monachil;Grado de ocupación por plazas;general;2025;7;2025-07-01;2025M07;
18134;Monachil;Grado de ocupación por plazas;general;2025;8;2025-08-01;2025M08;
18134;Monachil;Grado de ocupación por plazas;general;2025;9;2025-09-01;2025M09;
18134;Monachil;Grado de ocupación por plazas;general;2025;10;2025-10-01;2025M10;
18134;Monachil;Grado de ocupación por plazas;general;2025;11;2025-11-01;2025M11;
18134;Monachil;Grado de ocupación por plazas;general;2025;12;2025-12-01;2025M12;45.11
18134;Monachil;Grado de ocupación por plazas;general;2026;1;2026-01-01;2026M01;62.36
18134;Monachil;Grado de ocupación por plazas;general;2026;2;2026-02-01;2026M02;54.4
25025;Naut Aran;Grado de ocupación por plazas en fin de semana;fin_de_semana;2018;1;2018-01-01;2018M01;61.63
25025;Naut Aran;Grado de ocupación por plazas en fin de semana;fin_de_semana;2018;2;2018-02-01;2018M02;77.5
25025;Naut Aran;Grado de ocupación por plazas en fin de semana;fin_de_semana;2018;3;2018-03-01;2018M03;70.9
25025;Naut Aran;Grado de ocupación por plazas en fin de semana;fin_de_semana;2018;4;2018-04-01;2018M04;24.4
25025;Naut Aran;Grado de ocupación por plazas en fin de semana;fin_de_semana;2018;5;2018-05-01;2018M05;
25025;Naut Aran;Grado de ocupación por plazas en fin de semana;fin_de_semana;2018;6;2018-06-01;2018M06;
25025;Naut Aran;Grado de ocupación por plazas en fin de semana;fin_de_semana;2018;7;2018-07-01;2018M07;44.8
25025;Naut Aran;Grado de ocupación por plazas en fin de semana;fin_de_semana;2018;8;2018-08-01;2018M08;61.95
25025;Naut Aran;Grado de ocupación por plazas en fin de semana;fin_de_semana;2018;9;2018-09-01;2018M09;22.12
25025;Naut Aran;Grado de ocupación por plazas en fin de semana;fin_de_semana;2018;10;2018-10-01;2018M10;
25025;Naut Aran;Grado de ocupación por plazas en fin de semana;fin_de_semana;2018;11;2018-11-01;2018M11;
25025;Naut Aran;Grado de ocupación por plazas en fin de semana;fin_de_semana;2018;12;2018-12-01;2018M12;41.82
25025;Naut Aran;Grado de ocupación por plazas en fin de semana;fin_de_semana;2019;1;2019-01-01;2019M01;53.1
25025;Naut Aran;Grado de ocupación por plazas en fin de semana;fin_de_semana;2019;2;2019-02-01;2019M02;81.74
25025;Naut Aran;Grado de ocupación por plazas en fin de semana;fin_de_semana;2019;3;2019-03-01;2019M03;72.8
25025;Naut Aran;Grado de ocupación por plazas en fin de semana;fin_de_semana;2019;4;2019-04-01;2019M04;32.96
25025;Naut Aran;Grado de ocupación por plazas en fin de semana;fin_de_semana;2019;5;2019-05-01;2019M05;
25025;Naut Aran;Grado de ocupación por plazas en fin de semana;fin_de_semana;2019;6;2019-06-01;2019M06;
25025;Naut Aran;Grado de ocupación por plazas en fin de semana;fin_de_semana;2019;7;2019-07-01;2019M07;45.46
25025;Naut Aran;Grado de ocupación por plazas en fin de semana;fin_de_semana;2019;8;2019-08-01;2019M08;58.9
25025;Naut Aran;Grado de ocupación por plazas en fin de semana;fin_de_semana;2019;9;2019-09-01;2019M09;31.83
25025;Naut Aran;Grado de ocupación por plazas en fin de semana;fin_de_semana;2019;10;2019-10-01;2019M10;
25025;Naut Aran;Grado de ocupación por plazas en fin de semana;fin_de_semana;2019;11;2019-11-01;2019M11;
25025;Naut Aran;Grado de ocupación por plazas en fin de semana;fin_de_semana;2019;12;2019-12-01;2019M12;61.81
25025;Naut Aran;Grado de ocupación por plazas en fin de semana;fin_de_semana;2020;1;2020-01-01;2020M01;66.37
25025;Naut Aran;Grado de ocupación por plazas en fin de semana;fin_de_semana;2020;2;2020-02-01;2020M02;75.7
25025;Naut Aran;Grado de ocupación por plazas en fin de semana;fin_de_semana;2020;3;2020-03-01;2020M03;28.18
25025;Naut Aran;Grado de ocupación por plazas en fin de semana;fin_de_semana;2020;4;2020-04-01;2020M04;0.0
25025;Naut Aran;Grado de ocupación por plazas en fin de semana;fin_de_semana;2020;5;2020-05-01;2020M05;
25025;Naut Aran;Grado de ocupación por plazas en fin de semana;fin_de_semana;2020;6;2020-06-01;2020M06;
25025;Naut Aran;Grado de ocupación por plazas en fin de semana;fin_de_semana;2020;7;2020-07-01;2020M07;31.3
25025;Naut Aran;Grado de ocupación por plazas en fin de semana;fin_de_semana;2020;8;2020-08-01;2020M08;50.52
25025;Naut Aran;Grado de ocupación por plazas en fin de semana;fin_de_semana;2020;9;2020-09-01;2020M09;56.77
25025;Naut Aran;Grado de ocupación por plazas en fin de semana;fin_de_semana;2020;10;2020-10-01;2020M10;
25025;Naut Aran;Grado de ocupación por plazas en fin de semana;fin_de_semana;2020;11;2020-11-01;2020M11;
25025;Naut Aran;Grado de ocupación por plazas en fin de semana;fin_de_semana;2020;12;2020-12-01;2020M12;14.43
25025;Naut Aran;Grado de ocupación por plazas en fin de semana;fin_de_semana;2021;1;2021-01-01;2021M01;16.69
25025;Naut Aran;Grado de ocupación por plazas en fin de semana;fin_de_semana;2021;2;2021-02-01;2021M02;11.89
25025;Naut Aran;Grado de ocupación por plazas en fin de semana;fin_de_semana;2021;3;2021-03-01;2021M03;25.27
25025;Naut Aran;Grado de ocupación por plazas en fin de semana;fin_de_semana;2021;4;2021-04-01;2021M04;17.76
25025;Naut Aran;Grado de ocupación por plazas en fin de semana;fin_de_semana;2021;5;2021-05-01;2021M05;
25025;Naut Aran;Grado de ocupación por plazas en fin de semana;fin_de_semana;2021;6;2021-06-01;2021M06;32.06
25025;Naut Aran;Grado de ocupación por plazas en fin de semana;fin_de_semana;2021;7;2021-07-01;2021M07;51.28
25025;Naut Aran;Grado de ocupación por plazas en fin de semana;fin_de_semana;2021;8;2021-08-01;2021M08;75.33
25025;Naut Aran;Grado de ocupación por plazas en fin de semana;fin_de_semana;2021;9;2021-09-01;2021M09;32.81
25025;Naut Aran;Grado de ocupación por plazas en fin de semana;fin_de_semana;2021;10;2021-10-01;2021M10;33.5
25025;Naut Aran;Grado de ocupación por plazas en fin de semana;fin_de_semana;2021;11;2021-11-01;2021M11;
25025;Naut Aran;Grado de ocupación por plazas en fin de semana;fin_de_semana;2021;12;2021-12-01;2021M12;49.42
25025;Naut Aran;Grado de ocupación por plazas en fin de semana;fin_de_semana;2022;1;2022-01-01;2022M01;68.1
25025;Naut Aran;Grado de ocupación por plazas en fin de semana;fin_de_semana;2022;2;2022-02-01;2022M02;76.8
25025;Naut Aran;Grado de ocupación por plazas en fin de semana;fin_de_semana;2022;3;2022-03-01;2022M03;65.07
25025;Naut Aran;Grado de ocupación por plazas en fin de semana;fin_de_semana;2022;4;2022-04-01;2022M04;30.23
25025;Naut Aran;Grado de ocupación por plazas en fin de semana;fin_de_semana;2022;5;2022-05-01;2022M05;
25025;Naut Aran;Grado de ocupación por plazas en fin de semana;fin_de_semana;2022;6;2022-06-01;2022M06;30.16
25025;Naut Aran;Grado de ocupación por plazas en fin de semana;fin_de_semana;2022;7;2022-07-01;2022M07;44.58
25025;Naut Aran;Grado de ocupación por plazas en fin de semana;fin_de_semana;2022;8;2022-08-01;2022M08;62.84
25025;Naut Aran;Grado de ocupación por plazas en fin de semana;fin_de_semana;2022;9;2022-09-01;2022M09;30.88
25025;Naut Aran;Grado de ocupación por plazas en fin de semana;fin_de_semana;2022;10;2022-10-01;2022M10;
25025;Naut Aran;Grado de ocupación por plazas en fin de semana;fin_de_semana;2022;11;2022-11-01;2022M11;
25025;Naut Aran;Grado de ocupación por plazas en fin de semana;fin_de_semana;2022;12;2022-12-01;2022M12;51.82
25025;Naut Aran;Grado de ocupación por plazas en fin de semana;fin_de_semana;2023;1;2023-01-01;2023M01;58.04
25025;Naut Aran;Grado de ocupación por plazas en fin de semana;fin_de_semana;2023;2;2023-02-01;2023M02;78.2
25025;Naut Aran;Grado de ocupación por plazas en fin de semana;fin_de_semana;2023;3;2023-03-01;2023M03;63.75
25025;Naut Aran;Grado de ocupación por plazas en fin de semana;fin_de_semana;2023;4;2023-04-01;2023M04;24.45
25025;Naut Aran;Grado de ocupación por plazas en fin de semana;fin_de_semana;2023;5;2023-05-01;2023M05;
25025;Naut Aran;Grado de ocupación por plazas en fin de semana;fin_de_semana;2023;6;2023-06-01;2023M06;34.26
25025;Naut Aran;Grado de ocupación por plazas en fin de semana;fin_de_semana;2023;7;2023-07-01;2023M07;48.57
25025;Naut Aran;Grado de ocupación por plazas en fin de semana;fin_de_semana;2023;8;2023-08-01;2023M08;67.4
25025;Naut Aran;Grado de ocupación por plazas en fin de semana;fin_de_semana;2023;9;2023-09-01;2023M09;44.25
25025;Naut Aran;Grado de ocupación por plazas en fin de semana;fin_de_semana;2023;10;2023-10-01;2023M10;
25025;Naut Aran;Grado de ocupación por plazas en fin de semana;fin_de_semana;2023;11;2023-11-01;2023M11;
25025;Naut Aran;Grado de ocupación por plazas en fin de semana;fin_de_semana;2023;12;2023-12-01;2023M12;50.69
25025;Naut Aran;Grado de ocupación por plazas en fin de semana;fin_de_semana;2024;1;2024-01-01;2024M01;71.55
25025;Naut Aran;Grado de ocupación por plazas en fin de semana;fin_de_semana;2024;2;2024-02-01;2024M02;72.08
25025;Naut Aran;Grado de ocupación por plazas en fin de semana;fin_de_semana;2024;3;2024-03-01;2024M03;67.23
25025;Naut Aran;Grado de ocupación por plazas en fin de semana;fin_de_semana;2024;4;2024-04-01;2024M04;37.18
25025;Naut Aran;Grado de ocupación por plazas en fin de semana;fin_de_semana;2024;5;2024-05-01;2024M05;
25025;Naut Aran;Grado de ocupación por plazas en fin de semana;fin_de_semana;2024;6;2024-06-01;2024M06;
25025;Naut Aran;Grado de ocupación por plazas en fin de semana;fin_de_semana;2024;7;2024-07-01;2024M07;51.71
25025;Naut Aran;Grado de ocupación por plazas en fin de semana;fin_de_semana;2024;8;2024-08-01;2024M08;60.7
25025;Naut Aran;Grado de ocupación por plazas en fin de semana;fin_de_semana;2024;9;2024-09-01;2024M09;31.7
25025;Naut Aran;Grado de ocupación por plazas en fin de semana;fin_de_semana;2024;10;2024-10-01;2024M10;
25025;Naut Aran;Grado de ocupación por plazas en fin de semana;fin_de_semana;2024;11;2024-11-01;2024M11;
25025;Naut Aran;Grado de ocupación por plazas en fin de semana;fin_de_semana;2024;12;2024-12-01;2024M12;40.56
25025;Naut Aran;Grado de ocupación por plazas en fin de semana;fin_de_semana;2025;1;2025-01-01;2025M01;70.36
25025;Naut Aran;Grado de ocupación por plazas en fin de semana;fin_de_semana;2025;2;2025-02-01;2025M02;71.13
25025;Naut Aran;Grado de ocupación por plazas en fin de semana;fin_de_semana;2025;3;2025-03-01;2025M03;63.49
25025;Naut Aran;Grado de ocupación por plazas en fin de semana;fin_de_semana;2025;4;2025-04-01;2025M04;33.53
25025;Naut Aran;Grado de ocupación por plazas en fin de semana;fin_de_semana;2025;5;2025-05-01;2025M05;
25025;Naut Aran;Grado de ocupación por plazas en fin de semana;fin_de_semana;2025;6;2025-06-01;2025M06;
25025;Naut Aran;Grado de ocupación por plazas en fin de semana;fin_de_semana;2025;7;2025-07-01;2025M07;50.16
25025;Naut Aran;Grado de ocupación por plazas en fin de semana;fin_de_semana;2025;8;2025-08-01;2025M08;56.94
25025;Naut Aran;Grado de ocupación por plazas en fin de semana;fin_de_semana;2025;9;2025-09-01;2025M09;25.7
25025;Naut Aran;Grado de ocupación por plazas en fin de semana;fin_de_semana;2025;10;2025-10-01;2025M10;
25025;Naut Aran;Grado de ocupación por plazas en fin de semana;fin_de_semana;2025;11;2025-11-01;2025M11;
25025;Naut Aran;Grado de ocupación por plazas en fin de semana;fin_de_semana;2025;12;2025-12-01;2025M12;47.71
25025;Naut Aran;Grado de ocupación por plazas en fin de semana;fin_de_semana;2026;1;2026-01-01;2026M01;65.07
25025;Naut Aran;Grado de ocupación por plazas en fin de semana;fin_de_semana;2026;2;2026-02-01;2026M02;72.9
25025;Naut Aran;Grado de ocupación por plazas;general;2018;1;2018-01-01;2018M01;52.59
25025;Naut Aran;Grado de ocupación por plazas;general;2018;2;2018-02-01;2018M02;68.78
25025;Naut Aran;Grado de ocupación por plazas;general;2018;3;2018-03-01;2018M03;55.67
25025;Naut Aran;Grado de ocupación por plazas;general;2018;4;2018-04-01;2018M04;33.09
25025;Naut Aran;Grado de ocupación por plazas;general;2018;5;2018-05-01;2018M05;
25025;Naut Aran;Grado de ocupación por plazas;general;2018;6;2018-06-01;2018M06;
25025;Naut Aran;Grado de ocupación por plazas;general;2018;7;2018-07-01;2018M07;30.37
25025;Naut Aran;Grado de ocupación por plazas;general;2018;8;2018-08-01;2018M08;58.91
25025;Naut Aran;Grado de ocupación por plazas;general;2018;9;2018-09-01;2018M09;19.29
25025;Naut Aran;Grado de ocupación por plazas;general;2018;10;2018-10-01;2018M10;
25025;Naut Aran;Grado de ocupación por plazas;general;2018;11;2018-11-01;2018M11;
25025;Naut Aran;Grado de ocupación por plazas;general;2018;12;2018-12-01;2018M12;38.14
25025;Naut Aran;Grado de ocupación por plazas;general;2019;1;2019-01-01;2019M01;45.54
25025;Naut Aran;Grado de ocupación por plazas;general;2019;2;2019-02-01;2019M02;70.2
25025;Naut Aran;Grado de ocupación por plazas;general;2019;3;2019-03-01;2019M03;56.12
25025;Naut Aran;Grado de ocupación por plazas;general;2019;4;2019-04-01;2019M04;28.42
25025;Naut Aran;Grado de ocupación por plazas;general;2019;5;2019-05-01;2019M05;
25025;Naut Aran;Grado de ocupación por plazas;general;2019;6;2019-06-01;2019M06;
25025;Naut Aran;Grado de ocupación por plazas;general;2019;7;2019-07-01;2019M07;36.64
25025;Naut Aran;Grado de ocupación por plazas;general;2019;8;2019-08-01;2019M08;61.55
25025;Naut Aran;Grado de ocupación por plazas;general;2019;9;2019-09-01;2019M09;27.32
25025;Naut Aran;Grado de ocupación por plazas;general;2019;10;2019-10-01;2019M10;
25025;Naut Aran;Grado de ocupación por plazas;general;2019;11;2019-11-01;2019M11;
25025;Naut Aran;Grado de ocupación por plazas;general;2019;12;2019-12-01;2019M12;49.07
25025;Naut Aran;Grado de ocupación por plazas;general;2020;1;2020-01-01;2020M01;55.47
25025;Naut Aran;Grado de ocupación por plazas;general;2020;2;2020-02-01;2020M02;69.58
25025;Naut Aran;Grado de ocupación por plazas;general;2020;3;2020-03-01;2020M03;29.36
25025;Naut Aran;Grado de ocupación por plazas;general;2020;4;2020-04-01;2020M04;0.0
25025;Naut Aran;Grado de ocupación por plazas;general;2020;5;2020-05-01;2020M05;
25025;Naut Aran;Grado de ocupación por plazas;general;2020;6;2020-06-01;2020M06;
25025;Naut Aran;Grado de ocupación por plazas;general;2020;7;2020-07-01;2020M07;31.23
25025;Naut Aran;Grado de ocupación por plazas;general;2020;8;2020-08-01;2020M08;61.8
25025;Naut Aran;Grado de ocupación por plazas;general;2020;9;2020-09-01;2020M09;33.2
25025;Naut Aran;Grado de ocupación por plazas;general;2020;10;2020-10-01;2020M10;
25025;Naut Aran;Grado de ocupación por plazas;general;2020;11;2020-11-01;2020M11;
25025;Naut Aran;Grado de ocupación por plazas;general;2020;12;2020-12-01;2020M12;22.14
25025;Naut Aran;Grado de ocupación por plazas;general;2021;1;2021-01-01;2021M01;23.75
25025;Naut Aran;Grado de ocupación por plazas;general;2021;2;2021-02-01;2021M02;11.0
25025;Naut Aran;Grado de ocupación por plazas;general;2021;3;2021-03-01;2021M03;16.75
25025;Naut Aran;Grado de ocupación por plazas;general;2021;4;2021-04-01;2021M04;11.15
25025;Naut Aran;Grado de ocupación por plazas;general;2021;5;2021-05-01;2021M05;
25025;Naut Aran;Grado de ocupación por plazas;general;2021;6;2021-06-01;2021M06;20.53
25025;Naut Aran;Grado de ocupación por plazas;general;2021;7;2021-07-01;2021M07;39.33
25025;Naut Aran;Grado de ocupación por plazas;general;2021;8;2021-08-01;2021M08;68.13
25025;Naut Aran;Grado de ocupación por plazas;general;2021;9;2021-09-01;2021M09;23.55
25025;Naut Aran;Grado de ocupación por plazas;general;2021;10;2021-10-01;2021M10;26.05
25025;Naut Aran;Grado de ocupación por plazas;general;2021;11;2021-11-01;2021M11;
25025;Naut Aran;Grado de ocupación por plazas;general;2021;12;2021-12-01;2021M12;48.96
25025;Naut Aran;Grado de ocupación por plazas;general;2022;1;2022-01-01;2022M01;60.01
25025;Naut Aran;Grado de ocupación por plazas;general;2022;2;2022-02-01;2022M02;69.04
25025;Naut Aran;Grado de ocupación por plazas;general;2022;3;2022-03-01;2022M03;50.9
25025;Naut Aran;Grado de ocupación por plazas;general;2022;4;2022-04-01;2022M04;34.46
25025;Naut Aran;Grado de ocupación por plazas;general;2022;5;2022-05-01;2022M05;
25025;Naut Aran;Grado de ocupación por plazas;general;2022;6;2022-06-01;2022M06;21.01
25025;Naut Aran;Grado de ocupación por plazas;general;2022;7;2022-07-01;2022M07;39.76
25025;Naut Aran;Grado de ocupación por plazas;general;2022;8;2022-08-01;2022M08;61.78
25025;Naut Aran;Grado de ocupación por plazas;general;2022;9;2022-09-01;2022M09;32.83
25025;Naut Aran;Grado de ocupación por plazas;general;2022;10;2022-10-01;2022M10;
25025;Naut Aran;Grado de ocupación por plazas;general;2022;11;2022-11-01;2022M11;
25025;Naut Aran;Grado de ocupación por plazas;general;2022;12;2022-12-01;2022M12;51.04
25025;Naut Aran;Grado de ocupación por plazas;general;2023;1;2023-01-01;2023M01;52.79
25025;Naut Aran;Grado de ocupación por plazas;general;2023;2;2023-02-01;2023M02;72.7
25025;Naut Aran;Grado de ocupación por plazas;general;2023;3;2023-03-01;2023M03;44.37
25025;Naut Aran;Grado de ocupación por plazas;general;2023;4;2023-04-01;2023M04;23.05
25025;Naut Aran;Grado de ocupación por plazas;general;2023;5;2023-05-01;2023M05;
25025;Naut Aran;Grado de ocupación por plazas;general;2023;6;2023-06-01;2023M06;26.51
25025;Naut Aran;Grado de ocupación por plazas;general;2023;7;2023-07-01;2023M07;40.12
25025;Naut Aran;Grado de ocupación por plazas;general;2023;8;2023-08-01;2023M08;60.26
25025;Naut Aran;Grado de ocupación por plazas;general;2023;9;2023-09-01;2023M09;36.0
25025;Naut Aran;Grado de ocupación por plazas;general;2023;10;2023-10-01;2023M10;
25025;Naut Aran;Grado de ocupación por plazas;general;2023;11;2023-11-01;2023M11;
25025;Naut Aran;Grado de ocupación por plazas;general;2023;12;2023-12-01;2023M12;45.21
25025;Naut Aran;Grado de ocupación por plazas;general;2024;1;2024-01-01;2024M01;63.7
25025;Naut Aran;Grado de ocupación por plazas;general;2024;2;2024-02-01;2024M02;69.72
25025;Naut Aran;Grado de ocupación por plazas;general;2024;3;2024-03-01;2024M03;55.64
25025;Naut Aran;Grado de ocupación por plazas;general;2024;4;2024-04-01;2024M04;30.46
25025;Naut Aran;Grado de ocupación por plazas;general;2024;5;2024-05-01;2024M05;
25025;Naut Aran;Grado de ocupación por plazas;general;2024;6;2024-06-01;2024M06;
25025;Naut Aran;Grado de ocupación por plazas;general;2024;7;2024-07-01;2024M07;39.35
25025;Naut Aran;Grado de ocupación por plazas;general;2024;8;2024-08-01;2024M08;57.59
25025;Naut Aran;Grado de ocupación por plazas;general;2024;9;2024-09-01;2024M09;31.55
25025;Naut Aran;Grado de ocupación por plazas;general;2024;10;2024-10-01;2024M10;
25025;Naut Aran;Grado de ocupación por plazas;general;2024;11;2024-11-01;2024M11;
25025;Naut Aran;Grado de ocupación por plazas;general;2024;12;2024-12-01;2024M12;45.6
25025;Naut Aran;Grado de ocupación por plazas;general;2025;1;2025-01-01;2025M01;59.88
25025;Naut Aran;Grado de ocupación por plazas;general;2025;2;2025-02-01;2025M02;68.85
25025;Naut Aran;Grado de ocupación por plazas;general;2025;3;2025-03-01;2025M03;52.03
25025;Naut Aran;Grado de ocupación por plazas;general;2025;4;2025-04-01;2025M04;21.8
25025;Naut Aran;Grado de ocupación por plazas;general;2025;5;2025-05-01;2025M05;
25025;Naut Aran;Grado de ocupación por plazas;general;2025;6;2025-06-01;2025M06;
25025;Naut Aran;Grado de ocupación por plazas;general;2025;7;2025-07-01;2025M07;39.76
25025;Naut Aran;Grado de ocupación por plazas;general;2025;8;2025-08-01;2025M08;57.57
25025;Naut Aran;Grado de ocupación por plazas;general;2025;9;2025-09-01;2025M09;21.45
25025;Naut Aran;Grado de ocupación por plazas;general;2025;10;2025-10-01;2025M10;
25025;Naut Aran;Grado de ocupación por plazas;general;2025;11;2025-11-01;2025M11;
25025;Naut Aran;Grado de ocupación por plazas;general;2025;12;2025-12-01;2025M12;49.7
25025;Naut Aran;Grado de ocupación por plazas;general;2026;1;2026-01-01;2026M01;58.32
25025;Naut Aran;Grado de ocupación por plazas;general;2026;2;2026-02-01;2026M02;66.7
22204;Sallent de Gállego;Grado de ocupación por plazas en fin de semana;fin_de_semana;2018;1;2018-01-01;2018M01;61.15
22204;Sallent de Gállego;Grado de ocupación por plazas en fin de semana;fin_de_semana;2018;2;2018-02-01;2018M02;83.71
22204;Sallent de Gállego;Grado de ocupación por plazas en fin de semana;fin_de_semana;2018;3;2018-03-01;2018M03;72.27
22204;Sallent de Gállego;Grado de ocupación por plazas en fin de semana;fin_de_semana;2018;4;2018-04-01;2018M04;20.83
22204;Sallent de Gállego;Grado de ocupación por plazas en fin de semana;fin_de_semana;2018;5;2018-05-01;2018M05;
22204;Sallent de Gállego;Grado de ocupación por plazas en fin de semana;fin_de_semana;2018;6;2018-06-01;2018M06;48.74
22204;Sallent de Gállego;Grado de ocupación por plazas en fin de semana;fin_de_semana;2018;7;2018-07-01;2018M07;53.89
22204;Sallent de Gállego;Grado de ocupación por plazas en fin de semana;fin_de_semana;2018;8;2018-08-01;2018M08;70.21
22204;Sallent de Gállego;Grado de ocupación por plazas en fin de semana;fin_de_semana;2018;9;2018-09-01;2018M09;34.94
22204;Sallent de Gállego;Grado de ocupación por plazas en fin de semana;fin_de_semana;2018;10;2018-10-01;2018M10;
22204;Sallent de Gállego;Grado de ocupación por plazas en fin de semana;fin_de_semana;2018;11;2018-11-01;2018M11;
22204;Sallent de Gállego;Grado de ocupación por plazas en fin de semana;fin_de_semana;2018;12;2018-12-01;2018M12;23.48
22204;Sallent de Gállego;Grado de ocupación por plazas en fin de semana;fin_de_semana;2019;1;2019-01-01;2019M01;20.92
22204;Sallent de Gállego;Grado de ocupación por plazas en fin de semana;fin_de_semana;2019;2;2019-02-01;2019M02;76.42
22204;Sallent de Gállego;Grado de ocupación por plazas en fin de semana;fin_de_semana;2019;3;2019-03-01;2019M03;77.52
22204;Sallent de Gállego;Grado de ocupación por plazas en fin de semana;fin_de_semana;2019;4;2019-04-01;2019M04;35.54
22204;Sallent de Gállego;Grado de ocupación por plazas en fin de semana;fin_de_semana;2019;5;2019-05-01;2019M05;
22204;Sallent de Gállego;Grado de ocupación por plazas en fin de semana;fin_de_semana;2019;6;2019-06-01;2019M06;37.65
22204;Sallent de Gállego;Grado de ocupación por plazas en fin de semana;fin_de_semana;2019;7;2019-07-01;2019M07;65.56
22204;Sallent de Gállego;Grado de ocupación por plazas en fin de semana;fin_de_semana;2019;8;2019-08-01;2019M08;77.79
22204;Sallent de Gállego;Grado de ocupación por plazas en fin de semana;fin_de_semana;2019;9;2019-09-01;2019M09;30.53
22204;Sallent de Gállego;Grado de ocupación por plazas en fin de semana;fin_de_semana;2019;10;2019-10-01;2019M10;
22204;Sallent de Gállego;Grado de ocupación por plazas en fin de semana;fin_de_semana;2019;11;2019-11-01;2019M11;
22204;Sallent de Gállego;Grado de ocupación por plazas en fin de semana;fin_de_semana;2019;12;2019-12-01;2019M12;63.97
22204;Sallent de Gállego;Grado de ocupación por plazas en fin de semana;fin_de_semana;2020;1;2020-01-01;2020M01;77.92
22204;Sallent de Gállego;Grado de ocupación por plazas en fin de semana;fin_de_semana;2020;2;2020-02-01;2020M02;88.35
22204;Sallent de Gállego;Grado de ocupación por plazas en fin de semana;fin_de_semana;2020;3;2020-03-01;2020M03;38.34
22204;Sallent de Gállego;Grado de ocupación por plazas en fin de semana;fin_de_semana;2020;4;2020-04-01;2020M04;0.0
22204;Sallent de Gállego;Grado de ocupación por plazas en fin de semana;fin_de_semana;2020;5;2020-05-01;2020M05;
22204;Sallent de Gállego;Grado de ocupación por plazas en fin de semana;fin_de_semana;2020;6;2020-06-01;2020M06;
22204;Sallent de Gállego;Grado de ocupación por plazas en fin de semana;fin_de_semana;2020;7;2020-07-01;2020M07;41.91
22204;Sallent de Gállego;Grado de ocupación por plazas en fin de semana;fin_de_semana;2020;8;2020-08-01;2020M08;75.06
22204;Sallent de Gállego;Grado de ocupación por plazas en fin de semana;fin_de_semana;2020;9;2020-09-01;2020M09;40.36
22204;Sallent de Gállego;Grado de ocupación por plazas en fin de semana;fin_de_semana;2020;10;2020-10-01;2020M10;
22204;Sallent de Gállego;Grado de ocupación por plazas en fin de semana;fin_de_semana;2020;11;2020-11-01;2020M11;
22204;Sallent de Gállego;Grado de ocupación por plazas en fin de semana;fin_de_semana;2020;12;2020-12-01;2020M12;
22204;Sallent de Gállego;Grado de ocupación por plazas en fin de semana;fin_de_semana;2021;1;2021-01-01;2021M01;
22204;Sallent de Gállego;Grado de ocupación por plazas en fin de semana;fin_de_semana;2021;2;2021-02-01;2021M02;
22204;Sallent de Gállego;Grado de ocupación por plazas en fin de semana;fin_de_semana;2021;3;2021-03-01;2021M03;
22204;Sallent de Gállego;Grado de ocupación por plazas en fin de semana;fin_de_semana;2021;4;2021-04-01;2021M04;38.66
22204;Sallent de Gállego;Grado de ocupación por plazas en fin de semana;fin_de_semana;2021;5;2021-05-01;2021M05;
22204;Sallent de Gállego;Grado de ocupación por plazas en fin de semana;fin_de_semana;2021;6;2021-06-01;2021M06;32.14
22204;Sallent de Gállego;Grado de ocupación por plazas en fin de semana;fin_de_semana;2021;7;2021-07-01;2021M07;55.54
22204;Sallent de Gállego;Grado de ocupación por plazas en fin de semana;fin_de_semana;2021;8;2021-08-01;2021M08;85.01
22204;Sallent de Gállego;Grado de ocupación por plazas en fin de semana;fin_de_semana;2021;9;2021-09-01;2021M09;44.0
22204;Sallent de Gállego;Grado de ocupación por plazas en fin de semana;fin_de_semana;2021;10;2021-10-01;2021M10;40.4
22204;Sallent de Gállego;Grado de ocupación por plazas en fin de semana;fin_de_semana;2021;11;2021-11-01;2021M11;
22204;Sallent de Gállego;Grado de ocupación por plazas en fin de semana;fin_de_semana;2021;12;2021-12-01;2021M12;39.12
22204;Sallent de Gállego;Grado de ocupación por plazas en fin de semana;fin_de_semana;2022;1;2022-01-01;2022M01;77.4
22204;Sallent de Gállego;Grado de ocupación por plazas en fin de semana;fin_de_semana;2022;2;2022-02-01;2022M02;82.62
22204;Sallent de Gállego;Grado de ocupación por plazas en fin de semana;fin_de_semana;2022;3;2022-03-01;2022M03;75.36
22204;Sallent de Gállego;Grado de ocupación por plazas en fin de semana;fin_de_semana;2022;4;2022-04-01;2022M04;42.61
22204;Sallent de Gállego;Grado de ocupación por plazas en fin de semana;fin_de_semana;2022;5;2022-05-01;2022M05;
22204;Sallent de Gállego;Grado de ocupación por plazas en fin de semana;fin_de_semana;2022;6;2022-06-01;2022M06;42.29
22204;Sallent de Gállego;Grado de ocupación por plazas en fin de semana;fin_de_semana;2022;7;2022-07-01;2022M07;60.12
22204;Sallent de Gállego;Grado de ocupación por plazas en fin de semana;fin_de_semana;2022;8;2022-08-01;2022M08;70.47
22204;Sallent de Gállego;Grado de ocupación por plazas en fin de semana;fin_de_semana;2022;9;2022-09-01;2022M09;28.79
22204;Sallent de Gállego;Grado de ocupación por plazas en fin de semana;fin_de_semana;2022;10;2022-10-01;2022M10;
22204;Sallent de Gállego;Grado de ocupación por plazas en fin de semana;fin_de_semana;2022;11;2022-11-01;2022M11;
22204;Sallent de Gállego;Grado de ocupación por plazas en fin de semana;fin_de_semana;2022;12;2022-12-01;2022M12;27.88
22204;Sallent de Gállego;Grado de ocupación por plazas en fin de semana;fin_de_semana;2023;1;2023-01-01;2023M01;57.2
22204;Sallent de Gállego;Grado de ocupación por plazas en fin de semana;fin_de_semana;2023;2;2023-02-01;2023M02;86.59
22204;Sallent de Gállego;Grado de ocupación por plazas en fin de semana;fin_de_semana;2023;3;2023-03-01;2023M03;74.65
22204;Sallent de Gállego;Grado de ocupación por plazas en fin de semana;fin_de_semana;2023;4;2023-04-01;2023M04;45.1
22204;Sallent de Gállego;Grado de ocupación por plazas en fin de semana;fin_de_semana;2023;5;2023-05-01;2023M05;
22204;Sallent de Gállego;Grado de ocupación por plazas en fin de semana;fin_de_semana;2023;6;2023-06-01;2023M06;
22204;Sallent de Gállego;Grado de ocupación por plazas en fin de semana;fin_de_semana;2023;7;2023-07-01;2023M07;71.12
22204;Sallent de Gállego;Grado de ocupación por plazas en fin de semana;fin_de_semana;2023;8;2023-08-01;2023M08;68.99
22204;Sallent de Gállego;Grado de ocupación por plazas en fin de semana;fin_de_semana;2023;9;2023-09-01;2023M09;32.29
22204;Sallent de Gállego;Grado de ocupación por plazas en fin de semana;fin_de_semana;2023;10;2023-10-01;2023M10;
22204;Sallent de Gállego;Grado de ocupación por plazas en fin de semana;fin_de_semana;2023;11;2023-11-01;2023M11;
22204;Sallent de Gállego;Grado de ocupación por plazas en fin de semana;fin_de_semana;2023;12;2023-12-01;2023M12;28.21
22204;Sallent de Gállego;Grado de ocupación por plazas en fin de semana;fin_de_semana;2024;1;2024-01-01;2024M01;51.86
22204;Sallent de Gállego;Grado de ocupación por plazas en fin de semana;fin_de_semana;2024;2;2024-02-01;2024M02;54.44
22204;Sallent de Gállego;Grado de ocupación por plazas en fin de semana;fin_de_semana;2024;3;2024-03-01;2024M03;64.82
22204;Sallent de Gállego;Grado de ocupación por plazas en fin de semana;fin_de_semana;2024;4;2024-04-01;2024M04;17.62
22204;Sallent de Gállego;Grado de ocupación por plazas en fin de semana;fin_de_semana;2024;5;2024-05-01;2024M05;
22204;Sallent de Gállego;Grado de ocupación por plazas en fin de semana;fin_de_semana;2024;6;2024-06-01;2024M06;
22204;Sallent de Gállego;Grado de ocupación por plazas en fin de semana;fin_de_semana;2024;7;2024-07-01;2024M07;57.59
22204;Sallent de Gállego;Grado de ocupación por plazas en fin de semana;fin_de_semana;2024;8;2024-08-01;2024M08;71.63
22204;Sallent de Gállego;Grado de ocupación por plazas en fin de semana;fin_de_semana;2024;9;2024-09-01;2024M09;36.19
22204;Sallent de Gállego;Grado de ocupación por plazas en fin de semana;fin_de_semana;2024;10;2024-10-01;2024M10;
22204;Sallent de Gállego;Grado de ocupación por plazas en fin de semana;fin_de_semana;2024;11;2024-11-01;2024M11;
22204;Sallent de Gállego;Grado de ocupación por plazas en fin de semana;fin_de_semana;2024;12;2024-12-01;2024M12;33.61
22204;Sallent de Gállego;Grado de ocupación por plazas en fin de semana;fin_de_semana;2025;1;2025-01-01;2025M01;65.82
22204;Sallent de Gállego;Grado de ocupación por plazas en fin de semana;fin_de_semana;2025;2;2025-02-01;2025M02;89.49
22204;Sallent de Gállego;Grado de ocupación por plazas en fin de semana;fin_de_semana;2025;3;2025-03-01;2025M03;68.22
22204;Sallent de Gállego;Grado de ocupación por plazas en fin de semana;fin_de_semana;2025;4;2025-04-01;2025M04;37.0
22204;Sallent de Gállego;Grado de ocupación por plazas en fin de semana;fin_de_semana;2025;5;2025-05-01;2025M05;
22204;Sallent de Gállego;Grado de ocupación por plazas en fin de semana;fin_de_semana;2025;6;2025-06-01;2025M06;
22204;Sallent de Gállego;Grado de ocupación por plazas en fin de semana;fin_de_semana;2025;7;2025-07-01;2025M07;64.92
22204;Sallent de Gállego;Grado de ocupación por plazas en fin de semana;fin_de_semana;2025;8;2025-08-01;2025M08;53.33
22204;Sallent de Gállego;Grado de ocupación por plazas en fin de semana;fin_de_semana;2025;9;2025-09-01;2025M09;32.34
22204;Sallent de Gállego;Grado de ocupación por plazas en fin de semana;fin_de_semana;2025;10;2025-10-01;2025M10;
22204;Sallent de Gállego;Grado de ocupación por plazas en fin de semana;fin_de_semana;2025;11;2025-11-01;2025M11;
22204;Sallent de Gállego;Grado de ocupación por plazas en fin de semana;fin_de_semana;2025;12;2025-12-01;2025M12;59.58
22204;Sallent de Gállego;Grado de ocupación por plazas en fin de semana;fin_de_semana;2026;1;2026-01-01;2026M01;80.03
22204;Sallent de Gállego;Grado de ocupación por plazas en fin de semana;fin_de_semana;2026;2;2026-02-01;2026M02;91.43
22204;Sallent de Gállego;Grado de ocupación por plazas;general;2018;1;2018-01-01;2018M01;57.28
22204;Sallent de Gállego;Grado de ocupación por plazas;general;2018;2;2018-02-01;2018M02;72.99
22204;Sallent de Gállego;Grado de ocupación por plazas;general;2018;3;2018-03-01;2018M03;57.69
22204;Sallent de Gállego;Grado de ocupación por plazas;general;2018;4;2018-04-01;2018M04;52.87
22204;Sallent de Gállego;Grado de ocupación por plazas;general;2018;5;2018-05-01;2018M05;
22204;Sallent de Gállego;Grado de ocupación por plazas;general;2018;6;2018-06-01;2018M06;27.14
22204;Sallent de Gállego;Grado de ocupación por plazas;general;2018;7;2018-07-01;2018M07;39.89
22204;Sallent de Gállego;Grado de ocupación por plazas;general;2018;8;2018-08-01;2018M08;60.62
22204;Sallent de Gállego;Grado de ocupación por plazas;general;2018;9;2018-09-01;2018M09;24.3
22204;Sallent de Gállego;Grado de ocupación por plazas;general;2018;10;2018-10-01;2018M10;
22204;Sallent de Gállego;Grado de ocupación por plazas;general;2018;11;2018-11-01;2018M11;
22204;Sallent de Gállego;Grado de ocupación por plazas;general;2018;12;2018-12-01;2018M12;26.48
22204;Sallent de Gállego;Grado de ocupación por plazas;general;2019;1;2019-01-01;2019M01;20.15
22204;Sallent de Gállego;Grado de ocupación por plazas;general;2019;2;2019-02-01;2019M02;63.66
22204;Sallent de Gállego;Grado de ocupación por plazas;general;2019;3;2019-03-01;2019M03;54.0
22204;Sallent de Gállego;Grado de ocupación por plazas;general;2019;4;2019-04-01;2019M04;20.36
22204;Sallent de Gállego;Grado de ocupación por plazas;general;2019;5;2019-05-01;2019M05;
22204;Sallent de Gállego;Grado de ocupación por plazas;general;2019;6;2019-06-01;2019M06;21.93
22204;Sallent de Gállego;Grado de ocupación por plazas;general;2019;7;2019-07-01;2019M07;44.31
22204;Sallent de Gállego;Grado de ocupación por plazas;general;2019;8;2019-08-01;2019M08;67.29
22204;Sallent de Gállego;Grado de ocupación por plazas;general;2019;9;2019-09-01;2019M09;16.91
22204;Sallent de Gállego;Grado de ocupación por plazas;general;2019;10;2019-10-01;2019M10;
22204;Sallent de Gállego;Grado de ocupación por plazas;general;2019;11;2019-11-01;2019M11;
22204;Sallent de Gállego;Grado de ocupación por plazas;general;2019;12;2019-12-01;2019M12;48.57
22204;Sallent de Gállego;Grado de ocupación por plazas;general;2020;1;2020-01-01;2020M01;58.94
22204;Sallent de Gállego;Grado de ocupación por plazas;general;2020;2;2020-02-01;2020M02;69.38
22204;Sallent de Gállego;Grado de ocupación por plazas;general;2020;3;2020-03-01;2020M03;37.53
22204;Sallent de Gállego;Grado de ocupación por plazas;general;2020;4;2020-04-01;2020M04;0.0
22204;Sallent de Gállego;Grado de ocupación por plazas;general;2020;5;2020-05-01;2020M05;
22204;Sallent de Gállego;Grado de ocupación por plazas;general;2020;6;2020-06-01;2020M06;
22204;Sallent de Gállego;Grado de ocupación por plazas;general;2020;7;2020-07-01;2020M07;33.1
22204;Sallent de Gállego;Grado de ocupación por plazas;general;2020;8;2020-08-01;2020M08;61.38
22204;Sallent de Gállego;Grado de ocupación por plazas;general;2020;9;2020-09-01;2020M09;21.73
22204;Sallent de Gállego;Grado de ocupación por plazas;general;2020;10;2020-10-01;2020M10;
22204;Sallent de Gállego;Grado de ocupación por plazas;general;2020;11;2020-11-01;2020M11;
22204;Sallent de Gállego;Grado de ocupación por plazas;general;2020;12;2020-12-01;2020M12;
22204;Sallent de Gállego;Grado de ocupación por plazas;general;2021;1;2021-01-01;2021M01;
22204;Sallent de Gállego;Grado de ocupación por plazas;general;2021;2;2021-02-01;2021M02;
22204;Sallent de Gállego;Grado de ocupación por plazas;general;2021;3;2021-03-01;2021M03;
22204;Sallent de Gállego;Grado de ocupación por plazas;general;2021;4;2021-04-01;2021M04;17.4
22204;Sallent de Gállego;Grado de ocupación por plazas;general;2021;5;2021-05-01;2021M05;
22204;Sallent de Gállego;Grado de ocupación por plazas;general;2021;6;2021-06-01;2021M06;14.85
22204;Sallent de Gállego;Grado de ocupación por plazas;general;2021;7;2021-07-01;2021M07;50.17
22204;Sallent de Gállego;Grado de ocupación por plazas;general;2021;8;2021-08-01;2021M08;76.74
22204;Sallent de Gállego;Grado de ocupación por plazas;general;2021;9;2021-09-01;2021M09;28.14
22204;Sallent de Gállego;Grado de ocupación por plazas;general;2021;10;2021-10-01;2021M10;24.04
22204;Sallent de Gállego;Grado de ocupación por plazas;general;2021;11;2021-11-01;2021M11;
22204;Sallent de Gállego;Grado de ocupación por plazas;general;2021;12;2021-12-01;2021M12;46.3
22204;Sallent de Gállego;Grado de ocupación por plazas;general;2022;1;2022-01-01;2022M01;65.36
22204;Sallent de Gállego;Grado de ocupación por plazas;general;2022;2;2022-02-01;2022M02;74.18
22204;Sallent de Gállego;Grado de ocupación por plazas;general;2022;3;2022-03-01;2022M03;44.61
22204;Sallent de Gállego;Grado de ocupación por plazas;general;2022;4;2022-04-01;2022M04;33.05
22204;Sallent de Gállego;Grado de ocupación por plazas;general;2022;5;2022-05-01;2022M05;
22204;Sallent de Gállego;Grado de ocupación por plazas;general;2022;6;2022-06-01;2022M06;23.72
22204;Sallent de Gállego;Grado de ocupación por plazas;general;2022;7;2022-07-01;2022M07;46.73
22204;Sallent de Gállego;Grado de ocupación por plazas;general;2022;8;2022-08-01;2022M08;61.18
22204;Sallent de Gállego;Grado de ocupación por plazas;general;2022;9;2022-09-01;2022M09;31.49
22204;Sallent de Gállego;Grado de ocupación por plazas;general;2022;10;2022-10-01;2022M10;
22204;Sallent de Gállego;Grado de ocupación por plazas;general;2022;11;2022-11-01;2022M11;
22204;Sallent de Gállego;Grado de ocupación por plazas;general;2022;12;2022-12-01;2022M12;36.08
22204;Sallent de Gállego;Grado de ocupación por plazas;general;2023;1;2023-01-01;2023M01;58.41
22204;Sallent de Gállego;Grado de ocupación por plazas;general;2023;2;2023-02-01;2023M02;74.7
22204;Sallent de Gállego;Grado de ocupación por plazas;general;2023;3;2023-03-01;2023M03;45.34
22204;Sallent de Gállego;Grado de ocupación por plazas;general;2023;4;2023-04-01;2023M04;35.03
22204;Sallent de Gállego;Grado de ocupación por plazas;general;2023;5;2023-05-01;2023M05;
22204;Sallent de Gállego;Grado de ocupación por plazas;general;2023;6;2023-06-01;2023M06;
22204;Sallent de Gállego;Grado de ocupación por plazas;general;2023;7;2023-07-01;2023M07;46.46
22204;Sallent de Gállego;Grado de ocupación por plazas;general;2023;8;2023-08-01;2023M08;63.36
22204;Sallent de Gállego;Grado de ocupación por plazas;general;2023;9;2023-09-01;2023M09;26.93
22204;Sallent de Gállego;Grado de ocupación por plazas;general;2023;10;2023-10-01;2023M10;
22204;Sallent de Gállego;Grado de ocupación por plazas;general;2023;11;2023-11-01;2023M11;
22204;Sallent de Gállego;Grado de ocupación por plazas;general;2023;12;2023-12-01;2023M12;28.45
22204;Sallent de Gállego;Grado de ocupación por plazas;general;2024;1;2024-01-01;2024M01;45.87
22204;Sallent de Gállego;Grado de ocupación por plazas;general;2024;2;2024-02-01;2024M02;49.32
22204;Sallent de Gállego;Grado de ocupación por plazas;general;2024;3;2024-03-01;2024M03;63.95
22204;Sallent de Gállego;Grado de ocupación por plazas;general;2024;4;2024-04-01;2024M04;23.42
22204;Sallent de Gállego;Grado de ocupación por plazas;general;2024;5;2024-05-01;2024M05;
22204;Sallent de Gállego;Grado de ocupación por plazas;general;2024;6;2024-06-01;2024M06;
22204;Sallent de Gállego;Grado de ocupación por plazas;general;2024;7;2024-07-01;2024M07;48.61
22204;Sallent de Gállego;Grado de ocupación por plazas;general;2024;8;2024-08-01;2024M08;69.28
22204;Sallent de Gállego;Grado de ocupación por plazas;general;2024;9;2024-09-01;2024M09;29.07
22204;Sallent de Gállego;Grado de ocupación por plazas;general;2024;10;2024-10-01;2024M10;
22204;Sallent de Gállego;Grado de ocupación por plazas;general;2024;11;2024-11-01;2024M11;
22204;Sallent de Gállego;Grado de ocupación por plazas;general;2024;12;2024-12-01;2024M12;33.99
22204;Sallent de Gállego;Grado de ocupación por plazas;general;2025;1;2025-01-01;2025M01;54.42
22204;Sallent de Gállego;Grado de ocupación por plazas;general;2025;2;2025-02-01;2025M02;72.01
22204;Sallent de Gállego;Grado de ocupación por plazas;general;2025;3;2025-03-01;2025M03;52.63
22204;Sallent de Gállego;Grado de ocupación por plazas;general;2025;4;2025-04-01;2025M04;19.08
22204;Sallent de Gállego;Grado de ocupación por plazas;general;2025;5;2025-05-01;2025M05;
22204;Sallent de Gállego;Grado de ocupación por plazas;general;2025;6;2025-06-01;2025M06;
22204;Sallent de Gállego;Grado de ocupación por plazas;general;2025;7;2025-07-01;2025M07;47.17
22204;Sallent de Gállego;Grado de ocupación por plazas;general;2025;8;2025-08-01;2025M08;63.07
22204;Sallent de Gállego;Grado de ocupación por plazas;general;2025;9;2025-09-01;2025M09;26.64
22204;Sallent de Gállego;Grado de ocupación por plazas;general;2025;10;2025-10-01;2025M10;
22204;Sallent de Gállego;Grado de ocupación por plazas;general;2025;11;2025-11-01;2025M11;
22204;Sallent de Gállego;Grado de ocupación por plazas;general;2025;12;2025-12-01;2025M12;46.96
22204;Sallent de Gállego;Grado de ocupación por plazas;general;2026;1;2026-01-01;2026M01;66.37
22204;Sallent de Gállego;Grado de ocupación por plazas;general;2026;2;2026-02-01;2026M02;79.77
25043;Vall de Boí, La;Grado de ocupación por plazas en fin de semana;fin_de_semana;2018;1;2018-01-01;2018M01;
25043;Vall de Boí, La;Grado de ocupación por plazas en fin de semana;fin_de_semana;2018;2;2018-02-01;2018M02;
25043;Vall de Boí, La;Grado de ocupación por plazas en fin de semana;fin_de_semana;2018;3;2018-03-01;2018M03;
25043;Vall de Boí, La;Grado de ocupación por plazas en fin de semana;fin_de_semana;2018;4;2018-04-01;2018M04;
25043;Vall de Boí, La;Grado de ocupación por plazas en fin de semana;fin_de_semana;2018;5;2018-05-01;2018M05;
25043;Vall de Boí, La;Grado de ocupación por plazas en fin de semana;fin_de_semana;2018;6;2018-06-01;2018M06;
25043;Vall de Boí, La;Grado de ocupación por plazas en fin de semana;fin_de_semana;2018;7;2018-07-01;2018M07;
25043;Vall de Boí, La;Grado de ocupación por plazas en fin de semana;fin_de_semana;2018;8;2018-08-01;2018M08;
25043;Vall de Boí, La;Grado de ocupación por plazas en fin de semana;fin_de_semana;2018;9;2018-09-01;2018M09;
25043;Vall de Boí, La;Grado de ocupación por plazas en fin de semana;fin_de_semana;2018;10;2018-10-01;2018M10;
25043;Vall de Boí, La;Grado de ocupación por plazas en fin de semana;fin_de_semana;2018;11;2018-11-01;2018M11;
25043;Vall de Boí, La;Grado de ocupación por plazas en fin de semana;fin_de_semana;2018;12;2018-12-01;2018M12;
25043;Vall de Boí, La;Grado de ocupación por plazas en fin de semana;fin_de_semana;2019;1;2019-01-01;2019M01;
25043;Vall de Boí, La;Grado de ocupación por plazas en fin de semana;fin_de_semana;2019;2;2019-02-01;2019M02;
25043;Vall de Boí, La;Grado de ocupación por plazas en fin de semana;fin_de_semana;2019;3;2019-03-01;2019M03;
25043;Vall de Boí, La;Grado de ocupación por plazas en fin de semana;fin_de_semana;2019;4;2019-04-01;2019M04;
25043;Vall de Boí, La;Grado de ocupación por plazas en fin de semana;fin_de_semana;2019;5;2019-05-01;2019M05;
25043;Vall de Boí, La;Grado de ocupación por plazas en fin de semana;fin_de_semana;2019;6;2019-06-01;2019M06;
25043;Vall de Boí, La;Grado de ocupación por plazas en fin de semana;fin_de_semana;2019;7;2019-07-01;2019M07;
25043;Vall de Boí, La;Grado de ocupación por plazas en fin de semana;fin_de_semana;2019;8;2019-08-01;2019M08;
25043;Vall de Boí, La;Grado de ocupación por plazas en fin de semana;fin_de_semana;2019;9;2019-09-01;2019M09;
25043;Vall de Boí, La;Grado de ocupación por plazas en fin de semana;fin_de_semana;2019;10;2019-10-01;2019M10;
25043;Vall de Boí, La;Grado de ocupación por plazas en fin de semana;fin_de_semana;2019;11;2019-11-01;2019M11;
25043;Vall de Boí, La;Grado de ocupación por plazas en fin de semana;fin_de_semana;2019;12;2019-12-01;2019M12;
25043;Vall de Boí, La;Grado de ocupación por plazas en fin de semana;fin_de_semana;2020;1;2020-01-01;2020M01;
25043;Vall de Boí, La;Grado de ocupación por plazas en fin de semana;fin_de_semana;2020;2;2020-02-01;2020M02;
25043;Vall de Boí, La;Grado de ocupación por plazas en fin de semana;fin_de_semana;2020;3;2020-03-01;2020M03;
25043;Vall de Boí, La;Grado de ocupación por plazas en fin de semana;fin_de_semana;2020;4;2020-04-01;2020M04;
25043;Vall de Boí, La;Grado de ocupación por plazas en fin de semana;fin_de_semana;2020;5;2020-05-01;2020M05;
25043;Vall de Boí, La;Grado de ocupación por plazas en fin de semana;fin_de_semana;2020;6;2020-06-01;2020M06;
25043;Vall de Boí, La;Grado de ocupación por plazas en fin de semana;fin_de_semana;2020;7;2020-07-01;2020M07;
25043;Vall de Boí, La;Grado de ocupación por plazas en fin de semana;fin_de_semana;2020;8;2020-08-01;2020M08;
25043;Vall de Boí, La;Grado de ocupación por plazas en fin de semana;fin_de_semana;2020;9;2020-09-01;2020M09;
25043;Vall de Boí, La;Grado de ocupación por plazas en fin de semana;fin_de_semana;2020;10;2020-10-01;2020M10;
25043;Vall de Boí, La;Grado de ocupación por plazas en fin de semana;fin_de_semana;2020;11;2020-11-01;2020M11;
25043;Vall de Boí, La;Grado de ocupación por plazas en fin de semana;fin_de_semana;2020;12;2020-12-01;2020M12;
25043;Vall de Boí, La;Grado de ocupación por plazas en fin de semana;fin_de_semana;2021;1;2021-01-01;2021M01;
25043;Vall de Boí, La;Grado de ocupación por plazas en fin de semana;fin_de_semana;2021;2;2021-02-01;2021M02;
25043;Vall de Boí, La;Grado de ocupación por plazas en fin de semana;fin_de_semana;2021;3;2021-03-01;2021M03;
25043;Vall de Boí, La;Grado de ocupación por plazas en fin de semana;fin_de_semana;2021;4;2021-04-01;2021M04;
25043;Vall de Boí, La;Grado de ocupación por plazas en fin de semana;fin_de_semana;2021;5;2021-05-01;2021M05;
25043;Vall de Boí, La;Grado de ocupación por plazas en fin de semana;fin_de_semana;2021;6;2021-06-01;2021M06;
25043;Vall de Boí, La;Grado de ocupación por plazas en fin de semana;fin_de_semana;2021;7;2021-07-01;2021M07;
25043;Vall de Boí, La;Grado de ocupación por plazas en fin de semana;fin_de_semana;2021;8;2021-08-01;2021M08;
25043;Vall de Boí, La;Grado de ocupación por plazas en fin de semana;fin_de_semana;2021;9;2021-09-01;2021M09;
25043;Vall de Boí, La;Grado de ocupación por plazas en fin de semana;fin_de_semana;2021;10;2021-10-01;2021M10;
25043;Vall de Boí, La;Grado de ocupación por plazas en fin de semana;fin_de_semana;2021;11;2021-11-01;2021M11;
25043;Vall de Boí, La;Grado de ocupación por plazas en fin de semana;fin_de_semana;2021;12;2021-12-01;2021M12;
25043;Vall de Boí, La;Grado de ocupación por plazas en fin de semana;fin_de_semana;2022;1;2022-01-01;2022M01;
25043;Vall de Boí, La;Grado de ocupación por plazas en fin de semana;fin_de_semana;2022;2;2022-02-01;2022M02;
25043;Vall de Boí, La;Grado de ocupación por plazas en fin de semana;fin_de_semana;2022;3;2022-03-01;2022M03;
25043;Vall de Boí, La;Grado de ocupación por plazas en fin de semana;fin_de_semana;2022;4;2022-04-01;2022M04;
25043;Vall de Boí, La;Grado de ocupación por plazas en fin de semana;fin_de_semana;2022;5;2022-05-01;2022M05;
25043;Vall de Boí, La;Grado de ocupación por plazas en fin de semana;fin_de_semana;2022;6;2022-06-01;2022M06;
25043;Vall de Boí, La;Grado de ocupación por plazas en fin de semana;fin_de_semana;2022;7;2022-07-01;2022M07;
25043;Vall de Boí, La;Grado de ocupación por plazas en fin de semana;fin_de_semana;2022;8;2022-08-01;2022M08;
25043;Vall de Boí, La;Grado de ocupación por plazas en fin de semana;fin_de_semana;2022;9;2022-09-01;2022M09;
25043;Vall de Boí, La;Grado de ocupación por plazas en fin de semana;fin_de_semana;2022;10;2022-10-01;2022M10;
25043;Vall de Boí, La;Grado de ocupación por plazas en fin de semana;fin_de_semana;2022;11;2022-11-01;2022M11;
25043;Vall de Boí, La;Grado de ocupación por plazas en fin de semana;fin_de_semana;2022;12;2022-12-01;2022M12;
25043;Vall de Boí, La;Grado de ocupación por plazas en fin de semana;fin_de_semana;2023;1;2023-01-01;2023M01;
25043;Vall de Boí, La;Grado de ocupación por plazas en fin de semana;fin_de_semana;2023;2;2023-02-01;2023M02;
25043;Vall de Boí, La;Grado de ocupación por plazas en fin de semana;fin_de_semana;2023;3;2023-03-01;2023M03;
25043;Vall de Boí, La;Grado de ocupación por plazas en fin de semana;fin_de_semana;2023;4;2023-04-01;2023M04;
25043;Vall de Boí, La;Grado de ocupación por plazas en fin de semana;fin_de_semana;2023;5;2023-05-01;2023M05;
25043;Vall de Boí, La;Grado de ocupación por plazas en fin de semana;fin_de_semana;2023;6;2023-06-01;2023M06;
25043;Vall de Boí, La;Grado de ocupación por plazas en fin de semana;fin_de_semana;2023;7;2023-07-01;2023M07;
25043;Vall de Boí, La;Grado de ocupación por plazas en fin de semana;fin_de_semana;2023;8;2023-08-01;2023M08;
25043;Vall de Boí, La;Grado de ocupación por plazas en fin de semana;fin_de_semana;2023;9;2023-09-01;2023M09;
25043;Vall de Boí, La;Grado de ocupación por plazas en fin de semana;fin_de_semana;2023;10;2023-10-01;2023M10;
25043;Vall de Boí, La;Grado de ocupación por plazas en fin de semana;fin_de_semana;2023;11;2023-11-01;2023M11;
25043;Vall de Boí, La;Grado de ocupación por plazas en fin de semana;fin_de_semana;2023;12;2023-12-01;2023M12;
25043;Vall de Boí, La;Grado de ocupación por plazas en fin de semana;fin_de_semana;2024;1;2024-01-01;2024M01;42.8
25043;Vall de Boí, La;Grado de ocupación por plazas en fin de semana;fin_de_semana;2024;2;2024-02-01;2024M02;49.2
25043;Vall de Boí, La;Grado de ocupación por plazas en fin de semana;fin_de_semana;2024;3;2024-03-01;2024M03;77.49
25043;Vall de Boí, La;Grado de ocupación por plazas en fin de semana;fin_de_semana;2024;4;2024-04-01;2024M04;
25043;Vall de Boí, La;Grado de ocupación por plazas en fin de semana;fin_de_semana;2024;5;2024-05-01;2024M05;
25043;Vall de Boí, La;Grado de ocupación por plazas en fin de semana;fin_de_semana;2024;6;2024-06-01;2024M06;34.35
25043;Vall de Boí, La;Grado de ocupación por plazas en fin de semana;fin_de_semana;2024;7;2024-07-01;2024M07;65.33
25043;Vall de Boí, La;Grado de ocupación por plazas en fin de semana;fin_de_semana;2024;8;2024-08-01;2024M08;54.95
25043;Vall de Boí, La;Grado de ocupación por plazas en fin de semana;fin_de_semana;2024;9;2024-09-01;2024M09;44.41
25043;Vall de Boí, La;Grado de ocupación por plazas en fin de semana;fin_de_semana;2024;10;2024-10-01;2024M10;
25043;Vall de Boí, La;Grado de ocupación por plazas en fin de semana;fin_de_semana;2024;11;2024-11-01;2024M11;
25043;Vall de Boí, La;Grado de ocupación por plazas en fin de semana;fin_de_semana;2024;12;2024-12-01;2024M12;71.15
25043;Vall de Boí, La;Grado de ocupación por plazas en fin de semana;fin_de_semana;2025;1;2025-01-01;2025M01;61.72
25043;Vall de Boí, La;Grado de ocupación por plazas en fin de semana;fin_de_semana;2025;2;2025-02-01;2025M02;82.53
25043;Vall de Boí, La;Grado de ocupación por plazas en fin de semana;fin_de_semana;2025;3;2025-03-01;2025M03;65.38
25043;Vall de Boí, La;Grado de ocupación por plazas en fin de semana;fin_de_semana;2025;4;2025-04-01;2025M04;
25043;Vall de Boí, La;Grado de ocupación por plazas en fin de semana;fin_de_semana;2025;5;2025-05-01;2025M05;
25043;Vall de Boí, La;Grado de ocupación por plazas en fin de semana;fin_de_semana;2025;6;2025-06-01;2025M06;47.53
25043;Vall de Boí, La;Grado de ocupación por plazas en fin de semana;fin_de_semana;2025;7;2025-07-01;2025M07;72.44
25043;Vall de Boí, La;Grado de ocupación por plazas en fin de semana;fin_de_semana;2025;8;2025-08-01;2025M08;48.12
25043;Vall de Boí, La;Grado de ocupación por plazas en fin de semana;fin_de_semana;2025;9;2025-09-01;2025M09;41.65
25043;Vall de Boí, La;Grado de ocupación por plazas en fin de semana;fin_de_semana;2025;10;2025-10-01;2025M10;
25043;Vall de Boí, La;Grado de ocupación por plazas en fin de semana;fin_de_semana;2025;11;2025-11-01;2025M11;
25043;Vall de Boí, La;Grado de ocupación por plazas en fin de semana;fin_de_semana;2025;12;2025-12-01;2025M12;
25043;Vall de Boí, La;Grado de ocupación por plazas en fin de semana;fin_de_semana;2026;1;2026-01-01;2026M01;
25043;Vall de Boí, La;Grado de ocupación por plazas en fin de semana;fin_de_semana;2026;2;2026-02-01;2026M02;
25043;Vall de Boí, La;Grado de ocupación por plazas;general;2018;1;2018-01-01;2018M01;
25043;Vall de Boí, La;Grado de ocupación por plazas;general;2018;2;2018-02-01;2018M02;
25043;Vall de Boí, La;Grado de ocupación por plazas;general;2018;3;2018-03-01;2018M03;
25043;Vall de Boí, La;Grado de ocupación por plazas;general;2018;4;2018-04-01;2018M04;
25043;Vall de Boí, La;Grado de ocupación por plazas;general;2018;5;2018-05-01;2018M05;
25043;Vall de Boí, La;Grado de ocupación por plazas;general;2018;6;2018-06-01;2018M06;
25043;Vall de Boí, La;Grado de ocupación por plazas;general;2018;7;2018-07-01;2018M07;
25043;Vall de Boí, La;Grado de ocupación por plazas;general;2018;8;2018-08-01;2018M08;
25043;Vall de Boí, La;Grado de ocupación por plazas;general;2018;9;2018-09-01;2018M09;
25043;Vall de Boí, La;Grado de ocupación por plazas;general;2018;10;2018-10-01;2018M10;
25043;Vall de Boí, La;Grado de ocupación por plazas;general;2018;11;2018-11-01;2018M11;
25043;Vall de Boí, La;Grado de ocupación por plazas;general;2018;12;2018-12-01;2018M12;
25043;Vall de Boí, La;Grado de ocupación por plazas;general;2019;1;2019-01-01;2019M01;
25043;Vall de Boí, La;Grado de ocupación por plazas;general;2019;2;2019-02-01;2019M02;
25043;Vall de Boí, La;Grado de ocupación por plazas;general;2019;3;2019-03-01;2019M03;
25043;Vall de Boí, La;Grado de ocupación por plazas;general;2019;4;2019-04-01;2019M04;
25043;Vall de Boí, La;Grado de ocupación por plazas;general;2019;5;2019-05-01;2019M05;
25043;Vall de Boí, La;Grado de ocupación por plazas;general;2019;6;2019-06-01;2019M06;
25043;Vall de Boí, La;Grado de ocupación por plazas;general;2019;7;2019-07-01;2019M07;
25043;Vall de Boí, La;Grado de ocupación por plazas;general;2019;8;2019-08-01;2019M08;
25043;Vall de Boí, La;Grado de ocupación por plazas;general;2019;9;2019-09-01;2019M09;
25043;Vall de Boí, La;Grado de ocupación por plazas;general;2019;10;2019-10-01;2019M10;
25043;Vall de Boí, La;Grado de ocupación por plazas;general;2019;11;2019-11-01;2019M11;
25043;Vall de Boí, La;Grado de ocupación por plazas;general;2019;12;2019-12-01;2019M12;
25043;Vall de Boí, La;Grado de ocupación por plazas;general;2020;1;2020-01-01;2020M01;
25043;Vall de Boí, La;Grado de ocupación por plazas;general;2020;2;2020-02-01;2020M02;
25043;Vall de Boí, La;Grado de ocupación por plazas;general;2020;3;2020-03-01;2020M03;
25043;Vall de Boí, La;Grado de ocupación por plazas;general;2020;4;2020-04-01;2020M04;
25043;Vall de Boí, La;Grado de ocupación por plazas;general;2020;5;2020-05-01;2020M05;
25043;Vall de Boí, La;Grado de ocupación por plazas;general;2020;6;2020-06-01;2020M06;
25043;Vall de Boí, La;Grado de ocupación por plazas;general;2020;7;2020-07-01;2020M07;
25043;Vall de Boí, La;Grado de ocupación por plazas;general;2020;8;2020-08-01;2020M08;
25043;Vall de Boí, La;Grado de ocupación por plazas;general;2020;9;2020-09-01;2020M09;
25043;Vall de Boí, La;Grado de ocupación por plazas;general;2020;10;2020-10-01;2020M10;
25043;Vall de Boí, La;Grado de ocupación por plazas;general;2020;11;2020-11-01;2020M11;
25043;Vall de Boí, La;Grado de ocupación por plazas;general;2020;12;2020-12-01;2020M12;
25043;Vall de Boí, La;Grado de ocupación por plazas;general;2021;1;2021-01-01;2021M01;
25043;Vall de Boí, La;Grado de ocupación por plazas;general;2021;2;2021-02-01;2021M02;
25043;Vall de Boí, La;Grado de ocupación por plazas;general;2021;3;2021-03-01;2021M03;
25043;Vall de Boí, La;Grado de ocupación por plazas;general;2021;4;2021-04-01;2021M04;
25043;Vall de Boí, La;Grado de ocupación por plazas;general;2021;5;2021-05-01;2021M05;
25043;Vall de Boí, La;Grado de ocupación por plazas;general;2021;6;2021-06-01;2021M06;
25043;Vall de Boí, La;Grado de ocupación por plazas;general;2021;7;2021-07-01;2021M07;
25043;Vall de Boí, La;Grado de ocupación por plazas;general;2021;8;2021-08-01;2021M08;
25043;Vall de Boí, La;Grado de ocupación por plazas;general;2021;9;2021-09-01;2021M09;
25043;Vall de Boí, La;Grado de ocupación por plazas;general;2021;10;2021-10-01;2021M10;
25043;Vall de Boí, La;Grado de ocupación por plazas;general;2021;11;2021-11-01;2021M11;
25043;Vall de Boí, La;Grado de ocupación por plazas;general;2021;12;2021-12-01;2021M12;
25043;Vall de Boí, La;Grado de ocupación por plazas;general;2022;1;2022-01-01;2022M01;
25043;Vall de Boí, La;Grado de ocupación por plazas;general;2022;2;2022-02-01;2022M02;
25043;Vall de Boí, La;Grado de ocupación por plazas;general;2022;3;2022-03-01;2022M03;
25043;Vall de Boí, La;Grado de ocupación por plazas;general;2022;4;2022-04-01;2022M04;
25043;Vall de Boí, La;Grado de ocupación por plazas;general;2022;5;2022-05-01;2022M05;
25043;Vall de Boí, La;Grado de ocupación por plazas;general;2022;6;2022-06-01;2022M06;
25043;Vall de Boí, La;Grado de ocupación por plazas;general;2022;7;2022-07-01;2022M07;
25043;Vall de Boí, La;Grado de ocupación por plazas;general;2022;8;2022-08-01;2022M08;
25043;Vall de Boí, La;Grado de ocupación por plazas;general;2022;9;2022-09-01;2022M09;
25043;Vall de Boí, La;Grado de ocupación por plazas;general;2022;10;2022-10-01;2022M10;
25043;Vall de Boí, La;Grado de ocupación por plazas;general;2022;11;2022-11-01;2022M11;
25043;Vall de Boí, La;Grado de ocupación por plazas;general;2022;12;2022-12-01;2022M12;
25043;Vall de Boí, La;Grado de ocupación por plazas;general;2023;1;2023-01-01;2023M01;
25043;Vall de Boí, La;Grado de ocupación por plazas;general;2023;2;2023-02-01;2023M02;
25043;Vall de Boí, La;Grado de ocupación por plazas;general;2023;3;2023-03-01;2023M03;
25043;Vall de Boí, La;Grado de ocupación por plazas;general;2023;4;2023-04-01;2023M04;
25043;Vall de Boí, La;Grado de ocupación por plazas;general;2023;5;2023-05-01;2023M05;
25043;Vall de Boí, La;Grado de ocupación por plazas;general;2023;6;2023-06-01;2023M06;
25043;Vall de Boí, La;Grado de ocupación por plazas;general;2023;7;2023-07-01;2023M07;
25043;Vall de Boí, La;Grado de ocupación por plazas;general;2023;8;2023-08-01;2023M08;
25043;Vall de Boí, La;Grado de ocupación por plazas;general;2023;9;2023-09-01;2023M09;
25043;Vall de Boí, La;Grado de ocupación por plazas;general;2023;10;2023-10-01;2023M10;
25043;Vall de Boí, La;Grado de ocupación por plazas;general;2023;11;2023-11-01;2023M11;
25043;Vall de Boí, La;Grado de ocupación por plazas;general;2023;12;2023-12-01;2023M12;
25043;Vall de Boí, La;Grado de ocupación por plazas;general;2024;1;2024-01-01;2024M01;46.7
25043;Vall de Boí, La;Grado de ocupación por plazas;general;2024;2;2024-02-01;2024M02;61.78
25043;Vall de Boí, La;Grado de ocupación por plazas;general;2024;3;2024-03-01;2024M03;64.03
25043;Vall de Boí, La;Grado de ocupación por plazas;general;2024;4;2024-04-01;2024M04;
25043;Vall de Boí, La;Grado de ocupación por plazas;general;2024;5;2024-05-01;2024M05;
25043;Vall de Boí, La;Grado de ocupación por plazas;general;2024;6;2024-06-01;2024M06;25.35
25043;Vall de Boí, La;Grado de ocupación por plazas;general;2024;7;2024-07-01;2024M07;46.43
25043;Vall de Boí, La;Grado de ocupación por plazas;general;2024;8;2024-08-01;2024M08;66.1
25043;Vall de Boí, La;Grado de ocupación por plazas;general;2024;9;2024-09-01;2024M09;40.21
25043;Vall de Boí, La;Grado de ocupación por plazas;general;2024;10;2024-10-01;2024M10;
25043;Vall de Boí, La;Grado de ocupación por plazas;general;2024;11;2024-11-01;2024M11;
25043;Vall de Boí, La;Grado de ocupación por plazas;general;2024;12;2024-12-01;2024M12;41.65
25043;Vall de Boí, La;Grado de ocupación por plazas;general;2025;1;2025-01-01;2025M01;54.08
25043;Vall de Boí, La;Grado de ocupación por plazas;general;2025;2;2025-02-01;2025M02;67.03
25043;Vall de Boí, La;Grado de ocupación por plazas;general;2025;3;2025-03-01;2025M03;52.4
25043;Vall de Boí, La;Grado de ocupación por plazas;general;2025;4;2025-04-01;2025M04;
25043;Vall de Boí, La;Grado de ocupación por plazas;general;2025;5;2025-05-01;2025M05;
25043;Vall de Boí, La;Grado de ocupación por plazas;general;2025;6;2025-06-01;2025M06;38.89
25043;Vall de Boí, La;Grado de ocupación por plazas;general;2025;7;2025-07-01;2025M07;52.77
25043;Vall de Boí, La;Grado de ocupación por plazas;general;2025;8;2025-08-01;2025M08;60.75
25043;Vall de Boí, La;Grado de ocupación por plazas;general;2025;9;2025-09-01;2025M09;35.59
25043;Vall de Boí, La;Grado de ocupación por plazas;general;2025;10;2025-10-01;2025M10;
25043;Vall de Boí, La;Grado de ocupación por plazas;general;2025;11;2025-11-01;2025M11;
25043;Vall de Boí, La;Grado de ocupación por plazas;general;2025;12;2025-12-01;2025M12;
25043;Vall de Boí, La;Grado de ocupación por plazas;general;2026;1;2026-01-01;2026M01;
25043;Vall de Boí, La;Grado de ocupación por plazas;general;2026;2;2026-02-01;2026M02;
25243;Vielha e Mijaran;Grado de ocupación por plazas en fin de semana;fin_de_semana;2018;1;2018-01-01;2018M01;50.29
25243;Vielha e Mijaran;Grado de ocupación por plazas en fin de semana;fin_de_semana;2018;2;2018-02-01;2018M02;73.78
25243;Vielha e Mijaran;Grado de ocupación por plazas en fin de semana;fin_de_semana;2018;3;2018-03-01;2018M03;63.61
25243;Vielha e Mijaran;Grado de ocupación por plazas en fin de semana;fin_de_semana;2018;4;2018-04-01;2018M04;22.91
25243;Vielha e Mijaran;Grado de ocupación por plazas en fin de semana;fin_de_semana;2018;5;2018-05-01;2018M05;
25243;Vielha e Mijaran;Grado de ocupación por plazas en fin de semana;fin_de_semana;2018;6;2018-06-01;2018M06;37.13
25243;Vielha e Mijaran;Grado de ocupación por plazas en fin de semana;fin_de_semana;2018;7;2018-07-01;2018M07;54.48
25243;Vielha e Mijaran;Grado de ocupación por plazas en fin de semana;fin_de_semana;2018;8;2018-08-01;2018M08;71.71
25243;Vielha e Mijaran;Grado de ocupación por plazas en fin de semana;fin_de_semana;2018;9;2018-09-01;2018M09;44.11
25243;Vielha e Mijaran;Grado de ocupación por plazas en fin de semana;fin_de_semana;2018;10;2018-10-01;2018M10;53.17
25243;Vielha e Mijaran;Grado de ocupación por plazas en fin de semana;fin_de_semana;2018;11;2018-11-01;2018M11;37.44
25243;Vielha e Mijaran;Grado de ocupación por plazas en fin de semana;fin_de_semana;2018;12;2018-12-01;2018M12;52.32
25243;Vielha e Mijaran;Grado de ocupación por plazas en fin de semana;fin_de_semana;2019;1;2019-01-01;2019M01;44.45
25243;Vielha e Mijaran;Grado de ocupación por plazas en fin de semana;fin_de_semana;2019;2;2019-02-01;2019M02;68.43
25243;Vielha e Mijaran;Grado de ocupación por plazas en fin de semana;fin_de_semana;2019;3;2019-03-01;2019M03;63.2
25243;Vielha e Mijaran;Grado de ocupación por plazas en fin de semana;fin_de_semana;2019;4;2019-04-01;2019M04;42.66
25243;Vielha e Mijaran;Grado de ocupación por plazas en fin de semana;fin_de_semana;2019;5;2019-05-01;2019M05;16.65
25243;Vielha e Mijaran;Grado de ocupación por plazas en fin de semana;fin_de_semana;2019;6;2019-06-01;2019M06;54.7
25243;Vielha e Mijaran;Grado de ocupación por plazas en fin de semana;fin_de_semana;2019;7;2019-07-01;2019M07;52.36
25243;Vielha e Mijaran;Grado de ocupación por plazas en fin de semana;fin_de_semana;2019;8;2019-08-01;2019M08;67.54
25243;Vielha e Mijaran;Grado de ocupación por plazas en fin de semana;fin_de_semana;2019;9;2019-09-01;2019M09;44.24
25243;Vielha e Mijaran;Grado de ocupación por plazas en fin de semana;fin_de_semana;2019;10;2019-10-01;2019M10;35.82
25243;Vielha e Mijaran;Grado de ocupación por plazas en fin de semana;fin_de_semana;2019;11;2019-11-01;2019M11;29.64
25243;Vielha e Mijaran;Grado de ocupación por plazas en fin de semana;fin_de_semana;2019;12;2019-12-01;2019M12;54.4
25243;Vielha e Mijaran;Grado de ocupación por plazas en fin de semana;fin_de_semana;2020;1;2020-01-01;2020M01;58.98
25243;Vielha e Mijaran;Grado de ocupación por plazas en fin de semana;fin_de_semana;2020;2;2020-02-01;2020M02;63.67
25243;Vielha e Mijaran;Grado de ocupación por plazas en fin de semana;fin_de_semana;2020;3;2020-03-01;2020M03;25.63
25243;Vielha e Mijaran;Grado de ocupación por plazas en fin de semana;fin_de_semana;2020;4;2020-04-01;2020M04;0.0
25243;Vielha e Mijaran;Grado de ocupación por plazas en fin de semana;fin_de_semana;2020;5;2020-05-01;2020M05;
25243;Vielha e Mijaran;Grado de ocupación por plazas en fin de semana;fin_de_semana;2020;6;2020-06-01;2020M06;
25243;Vielha e Mijaran;Grado de ocupación por plazas en fin de semana;fin_de_semana;2020;7;2020-07-01;2020M07;42.04
25243;Vielha e Mijaran;Grado de ocupación por plazas en fin de semana;fin_de_semana;2020;8;2020-08-01;2020M08;61.89
25243;Vielha e Mijaran;Grado de ocupación por plazas en fin de semana;fin_de_semana;2020;9;2020-09-01;2020M09;46.06
25243;Vielha e Mijaran;Grado de ocupación por plazas en fin de semana;fin_de_semana;2020;10;2020-10-01;2020M10;30.65
25243;Vielha e Mijaran;Grado de ocupación por plazas en fin de semana;fin_de_semana;2020;11;2020-11-01;2020M11;7.99
25243;Vielha e Mijaran;Grado de ocupación por plazas en fin de semana;fin_de_semana;2020;12;2020-12-01;2020M12;16.18
25243;Vielha e Mijaran;Grado de ocupación por plazas en fin de semana;fin_de_semana;2021;1;2021-01-01;2021M01;33.72
25243;Vielha e Mijaran;Grado de ocupación por plazas en fin de semana;fin_de_semana;2021;2;2021-02-01;2021M02;8.65
25243;Vielha e Mijaran;Grado de ocupación por plazas en fin de semana;fin_de_semana;2021;3;2021-03-01;2021M03;24.19
25243;Vielha e Mijaran;Grado de ocupación por plazas en fin de semana;fin_de_semana;2021;4;2021-04-01;2021M04;21.31
25243;Vielha e Mijaran;Grado de ocupación por plazas en fin de semana;fin_de_semana;2021;5;2021-05-01;2021M05;34.9
25243;Vielha e Mijaran;Grado de ocupación por plazas en fin de semana;fin_de_semana;2021;6;2021-06-01;2021M06;43.63
25243;Vielha e Mijaran;Grado de ocupación por plazas en fin de semana;fin_de_semana;2021;7;2021-07-01;2021M07;56.35
25243;Vielha e Mijaran;Grado de ocupación por plazas en fin de semana;fin_de_semana;2021;8;2021-08-01;2021M08;71.16
25243;Vielha e Mijaran;Grado de ocupación por plazas en fin de semana;fin_de_semana;2021;9;2021-09-01;2021M09;52.4
25243;Vielha e Mijaran;Grado de ocupación por plazas en fin de semana;fin_de_semana;2021;10;2021-10-01;2021M10;37.68
25243;Vielha e Mijaran;Grado de ocupación por plazas en fin de semana;fin_de_semana;2021;11;2021-11-01;2021M11;30.49
25243;Vielha e Mijaran;Grado de ocupación por plazas en fin de semana;fin_de_semana;2021;12;2021-12-01;2021M12;40.91
25243;Vielha e Mijaran;Grado de ocupación por plazas en fin de semana;fin_de_semana;2022;1;2022-01-01;2022M01;75.67
25243;Vielha e Mijaran;Grado de ocupación por plazas en fin de semana;fin_de_semana;2022;2;2022-02-01;2022M02;82.28
25243;Vielha e Mijaran;Grado de ocupación por plazas en fin de semana;fin_de_semana;2022;3;2022-03-01;2022M03;56.42
25243;Vielha e Mijaran;Grado de ocupación por plazas en fin de semana;fin_de_semana;2022;4;2022-04-01;2022M04;27.17
25243;Vielha e Mijaran;Grado de ocupación por plazas en fin de semana;fin_de_semana;2022;5;2022-05-01;2022M05;28.88
25243;Vielha e Mijaran;Grado de ocupación por plazas en fin de semana;fin_de_semana;2022;6;2022-06-01;2022M06;44.03
25243;Vielha e Mijaran;Grado de ocupación por plazas en fin de semana;fin_de_semana;2022;7;2022-07-01;2022M07;55.44
25243;Vielha e Mijaran;Grado de ocupación por plazas en fin de semana;fin_de_semana;2022;8;2022-08-01;2022M08;67.38
25243;Vielha e Mijaran;Grado de ocupación por plazas en fin de semana;fin_de_semana;2022;9;2022-09-01;2022M09;47.09
25243;Vielha e Mijaran;Grado de ocupación por plazas en fin de semana;fin_de_semana;2022;10;2022-10-01;2022M10;29.05
25243;Vielha e Mijaran;Grado de ocupación por plazas en fin de semana;fin_de_semana;2022;11;2022-11-01;2022M11;33.13
25243;Vielha e Mijaran;Grado de ocupación por plazas en fin de semana;fin_de_semana;2022;12;2022-12-01;2022M12;42.29
25243;Vielha e Mijaran;Grado de ocupación por plazas en fin de semana;fin_de_semana;2023;1;2023-01-01;2023M01;55.18
25243;Vielha e Mijaran;Grado de ocupación por plazas en fin de semana;fin_de_semana;2023;2;2023-02-01;2023M02;80.2
25243;Vielha e Mijaran;Grado de ocupación por plazas en fin de semana;fin_de_semana;2023;3;2023-03-01;2023M03;62.73
25243;Vielha e Mijaran;Grado de ocupación por plazas en fin de semana;fin_de_semana;2023;4;2023-04-01;2023M04;30.64
25243;Vielha e Mijaran;Grado de ocupación por plazas en fin de semana;fin_de_semana;2023;5;2023-05-01;2023M05;31.98
25243;Vielha e Mijaran;Grado de ocupación por plazas en fin de semana;fin_de_semana;2023;6;2023-06-01;2023M06;46.31
25243;Vielha e Mijaran;Grado de ocupación por plazas en fin de semana;fin_de_semana;2023;7;2023-07-01;2023M07;55.31
25243;Vielha e Mijaran;Grado de ocupación por plazas en fin de semana;fin_de_semana;2023;8;2023-08-01;2023M08;72.99
25243;Vielha e Mijaran;Grado de ocupación por plazas en fin de semana;fin_de_semana;2023;9;2023-09-01;2023M09;51.17
25243;Vielha e Mijaran;Grado de ocupación por plazas en fin de semana;fin_de_semana;2023;10;2023-10-01;2023M10;56.14
25243;Vielha e Mijaran;Grado de ocupación por plazas en fin de semana;fin_de_semana;2023;11;2023-11-01;2023M11;30.39
25243;Vielha e Mijaran;Grado de ocupación por plazas en fin de semana;fin_de_semana;2023;12;2023-12-01;2023M12;40.1
25243;Vielha e Mijaran;Grado de ocupación por plazas en fin de semana;fin_de_semana;2024;1;2024-01-01;2024M01;69.68
25243;Vielha e Mijaran;Grado de ocupación por plazas en fin de semana;fin_de_semana;2024;2;2024-02-01;2024M02;75.5
25243;Vielha e Mijaran;Grado de ocupación por plazas en fin de semana;fin_de_semana;2024;3;2024-03-01;2024M03;63.8
25243;Vielha e Mijaran;Grado de ocupación por plazas en fin de semana;fin_de_semana;2024;4;2024-04-01;2024M04;29.46
25243;Vielha e Mijaran;Grado de ocupación por plazas en fin de semana;fin_de_semana;2024;5;2024-05-01;2024M05;31.7
25243;Vielha e Mijaran;Grado de ocupación por plazas en fin de semana;fin_de_semana;2024;6;2024-06-01;2024M06;55.55
25243;Vielha e Mijaran;Grado de ocupación por plazas en fin de semana;fin_de_semana;2024;7;2024-07-01;2024M07;70.27
25243;Vielha e Mijaran;Grado de ocupación por plazas en fin de semana;fin_de_semana;2024;8;2024-08-01;2024M08;71.03
25243;Vielha e Mijaran;Grado de ocupación por plazas en fin de semana;fin_de_semana;2024;9;2024-09-01;2024M09;43.4
25243;Vielha e Mijaran;Grado de ocupación por plazas en fin de semana;fin_de_semana;2024;10;2024-10-01;2024M10;46.28
25243;Vielha e Mijaran;Grado de ocupación por plazas en fin de semana;fin_de_semana;2024;11;2024-11-01;2024M11;38.23
25243;Vielha e Mijaran;Grado de ocupación por plazas en fin de semana;fin_de_semana;2024;12;2024-12-01;2024M12;55.88
25243;Vielha e Mijaran;Grado de ocupación por plazas en fin de semana;fin_de_semana;2025;1;2025-01-01;2025M01;62.97
25243;Vielha e Mijaran;Grado de ocupación por plazas en fin de semana;fin_de_semana;2025;2;2025-02-01;2025M02;75.14
25243;Vielha e Mijaran;Grado de ocupación por plazas en fin de semana;fin_de_semana;2025;3;2025-03-01;2025M03;59.42
25243;Vielha e Mijaran;Grado de ocupación por plazas en fin de semana;fin_de_semana;2025;4;2025-04-01;2025M04;49.89
25243;Vielha e Mijaran;Grado de ocupación por plazas en fin de semana;fin_de_semana;2025;5;2025-05-01;2025M05;45.24
25243;Vielha e Mijaran;Grado de ocupación por plazas en fin de semana;fin_de_semana;2025;6;2025-06-01;2025M06;50.66
25243;Vielha e Mijaran;Grado de ocupación por plazas en fin de semana;fin_de_semana;2025;7;2025-07-01;2025M07;65.88
25243;Vielha e Mijaran;Grado de ocupación por plazas en fin de semana;fin_de_semana;2025;8;2025-08-01;2025M08;70.81
25243;Vielha e Mijaran;Grado de ocupación por plazas en fin de semana;fin_de_semana;2025;9;2025-09-01;2025M09;56.64
25243;Vielha e Mijaran;Grado de ocupación por plazas en fin de semana;fin_de_semana;2025;10;2025-10-01;2025M10;54.58
25243;Vielha e Mijaran;Grado de ocupación por plazas en fin de semana;fin_de_semana;2025;11;2025-11-01;2025M11;30.91
25243;Vielha e Mijaran;Grado de ocupación por plazas en fin de semana;fin_de_semana;2025;12;2025-12-01;2025M12;53.79
25243;Vielha e Mijaran;Grado de ocupación por plazas en fin de semana;fin_de_semana;2026;1;2026-01-01;2026M01;65.37
25243;Vielha e Mijaran;Grado de ocupación por plazas en fin de semana;fin_de_semana;2026;2;2026-02-01;2026M02;71.98
25243;Vielha e Mijaran;Grado de ocupación por plazas;general;2018;1;2018-01-01;2018M01;46.54
25243;Vielha e Mijaran;Grado de ocupación por plazas;general;2018;2;2018-02-01;2018M02;58.89
25243;Vielha e Mijaran;Grado de ocupación por plazas;general;2018;3;2018-03-01;2018M03;49.66
25243;Vielha e Mijaran;Grado de ocupación por plazas;general;2018;4;2018-04-01;2018M04;20.79
25243;Vielha e Mijaran;Grado de ocupación por plazas;general;2018;5;2018-05-01;2018M05;
25243;Vielha e Mijaran;Grado de ocupación por plazas;general;2018;6;2018-06-01;2018M06;28.11
25243;Vielha e Mijaran;Grado de ocupación por plazas;general;2018;7;2018-07-01;2018M07;44.63
25243;Vielha e Mijaran;Grado de ocupación por plazas;general;2018;8;2018-08-01;2018M08;67.03
25243;Vielha e Mijaran;Grado de ocupación por plazas;general;2018;9;2018-09-01;2018M09;42.22
25243;Vielha e Mijaran;Grado de ocupación por plazas;general;2018;10;2018-10-01;2018M10;30.0
25243;Vielha e Mijaran;Grado de ocupación por plazas;general;2018;11;2018-11-01;2018M11;23.24
25243;Vielha e Mijaran;Grado de ocupación por plazas;general;2018;12;2018-12-01;2018M12;44.3
25243;Vielha e Mijaran;Grado de ocupación por plazas;general;2019;1;2019-01-01;2019M01;38.58
25243;Vielha e Mijaran;Grado de ocupación por plazas;general;2019;2;2019-02-01;2019M02;58.43
25243;Vielha e Mijaran;Grado de ocupación por plazas;general;2019;3;2019-03-01;2019M03;45.5
25243;Vielha e Mijaran;Grado de ocupación por plazas;general;2019;4;2019-04-01;2019M04;25.6
25243;Vielha e Mijaran;Grado de ocupación por plazas;general;2019;5;2019-05-01;2019M05;20.69
25243;Vielha e Mijaran;Grado de ocupación por plazas;general;2019;6;2019-06-01;2019M06;36.21
25243;Vielha e Mijaran;Grado de ocupación por plazas;general;2019;7;2019-07-01;2019M07;42.38
25243;Vielha e Mijaran;Grado de ocupación por plazas;general;2019;8;2019-08-01;2019M08;65.29
25243;Vielha e Mijaran;Grado de ocupación por plazas;general;2019;9;2019-09-01;2019M09;38.55
25243;Vielha e Mijaran;Grado de ocupación por plazas;general;2019;10;2019-10-01;2019M10;29.02
25243;Vielha e Mijaran;Grado de ocupación por plazas;general;2019;11;2019-11-01;2019M11;20.88
25243;Vielha e Mijaran;Grado de ocupación por plazas;general;2019;12;2019-12-01;2019M12;46.7
25243;Vielha e Mijaran;Grado de ocupación por plazas;general;2020;1;2020-01-01;2020M01;43.31
25243;Vielha e Mijaran;Grado de ocupación por plazas;general;2020;2;2020-02-01;2020M02;53.82
25243;Vielha e Mijaran;Grado de ocupación por plazas;general;2020;3;2020-03-01;2020M03;34.2
25243;Vielha e Mijaran;Grado de ocupación por plazas;general;2020;4;2020-04-01;2020M04;0.0
25243;Vielha e Mijaran;Grado de ocupación por plazas;general;2020;5;2020-05-01;2020M05;
25243;Vielha e Mijaran;Grado de ocupación por plazas;general;2020;6;2020-06-01;2020M06;
25243;Vielha e Mijaran;Grado de ocupación por plazas;general;2020;7;2020-07-01;2020M07;35.44
25243;Vielha e Mijaran;Grado de ocupación por plazas;general;2020;8;2020-08-01;2020M08;59.72
25243;Vielha e Mijaran;Grado de ocupación por plazas;general;2020;9;2020-09-01;2020M09;35.68
25243;Vielha e Mijaran;Grado de ocupación por plazas;general;2020;10;2020-10-01;2020M10;22.18
25243;Vielha e Mijaran;Grado de ocupación por plazas;general;2020;11;2020-11-01;2020M11;12.2
25243;Vielha e Mijaran;Grado de ocupación por plazas;general;2020;12;2020-12-01;2020M12;26.28
25243;Vielha e Mijaran;Grado de ocupación por plazas;general;2021;1;2021-01-01;2021M01;25.74
25243;Vielha e Mijaran;Grado de ocupación por plazas;general;2021;2;2021-02-01;2021M02;10.41
25243;Vielha e Mijaran;Grado de ocupación por plazas;general;2021;3;2021-03-01;2021M03;17.64
25243;Vielha e Mijaran;Grado de ocupación por plazas;general;2021;4;2021-04-01;2021M04;14.67
25243;Vielha e Mijaran;Grado de ocupación por plazas;general;2021;5;2021-05-01;2021M05;24.51
25243;Vielha e Mijaran;Grado de ocupación por plazas;general;2021;6;2021-06-01;2021M06;31.01
25243;Vielha e Mijaran;Grado de ocupación por plazas;general;2021;7;2021-07-01;2021M07;47.99
25243;Vielha e Mijaran;Grado de ocupación por plazas;general;2021;8;2021-08-01;2021M08;67.17
25243;Vielha e Mijaran;Grado de ocupación por plazas;general;2021;9;2021-09-01;2021M09;39.2
25243;Vielha e Mijaran;Grado de ocupación por plazas;general;2021;10;2021-10-01;2021M10;34.72
25243;Vielha e Mijaran;Grado de ocupación por plazas;general;2021;11;2021-11-01;2021M11;22.1
25243;Vielha e Mijaran;Grado de ocupación por plazas;general;2021;12;2021-12-01;2021M12;44.54
25243;Vielha e Mijaran;Grado de ocupación por plazas;general;2022;1;2022-01-01;2022M01;54.95
25243;Vielha e Mijaran;Grado de ocupación por plazas;general;2022;2;2022-02-01;2022M02;69.32
25243;Vielha e Mijaran;Grado de ocupación por plazas;general;2022;3;2022-03-01;2022M03;36.8
25243;Vielha e Mijaran;Grado de ocupación por plazas;general;2022;4;2022-04-01;2022M04;28.37
25243;Vielha e Mijaran;Grado de ocupación por plazas;general;2022;5;2022-05-01;2022M05;18.3
25243;Vielha e Mijaran;Grado de ocupación por plazas;general;2022;6;2022-06-01;2022M06;33.3
25243;Vielha e Mijaran;Grado de ocupación por plazas;general;2022;7;2022-07-01;2022M07;49.1
25243;Vielha e Mijaran;Grado de ocupación por plazas;general;2022;8;2022-08-01;2022M08;63.39
25243;Vielha e Mijaran;Grado de ocupación por plazas;general;2022;9;2022-09-01;2022M09;39.86
25243;Vielha e Mijaran;Grado de ocupación por plazas;general;2022;10;2022-10-01;2022M10;32.64
25243;Vielha e Mijaran;Grado de ocupación por plazas;general;2022;11;2022-11-01;2022M11;24.38
25243;Vielha e Mijaran;Grado de ocupación por plazas;general;2022;12;2022-12-01;2022M12;43.04
25243;Vielha e Mijaran;Grado de ocupación por plazas;general;2023;1;2023-01-01;2023M01;47.07
25243;Vielha e Mijaran;Grado de ocupación por plazas;general;2023;2;2023-02-01;2023M02;65.88
25243;Vielha e Mijaran;Grado de ocupación por plazas;general;2023;3;2023-03-01;2023M03;39.37
25243;Vielha e Mijaran;Grado de ocupación por plazas;general;2023;4;2023-04-01;2023M04;28.44
25243;Vielha e Mijaran;Grado de ocupación por plazas;general;2023;5;2023-05-01;2023M05;22.35
25243;Vielha e Mijaran;Grado de ocupación por plazas;general;2023;6;2023-06-01;2023M06;36.12
25243;Vielha e Mijaran;Grado de ocupación por plazas;general;2023;7;2023-07-01;2023M07;45.84
25243;Vielha e Mijaran;Grado de ocupación por plazas;general;2023;8;2023-08-01;2023M08;66.75
25243;Vielha e Mijaran;Grado de ocupación por plazas;general;2023;9;2023-09-01;2023M09;45.66
25243;Vielha e Mijaran;Grado de ocupación por plazas;general;2023;10;2023-10-01;2023M10;33.3
25243;Vielha e Mijaran;Grado de ocupación por plazas;general;2023;11;2023-11-01;2023M11;21.56
25243;Vielha e Mijaran;Grado de ocupación por plazas;general;2023;12;2023-12-01;2023M12;43.29
25243;Vielha e Mijaran;Grado de ocupación por plazas;general;2024;1;2024-01-01;2024M01;60.26
25243;Vielha e Mijaran;Grado de ocupación por plazas;general;2024;2;2024-02-01;2024M02;65.7
25243;Vielha e Mijaran;Grado de ocupación por plazas;general;2024;3;2024-03-01;2024M03;52.28
25243;Vielha e Mijaran;Grado de ocupación por plazas;general;2024;4;2024-04-01;2024M04;25.07
25243;Vielha e Mijaran;Grado de ocupación por plazas;general;2024;5;2024-05-01;2024M05;30.04
25243;Vielha e Mijaran;Grado de ocupación por plazas;general;2024;6;2024-06-01;2024M06;42.13
25243;Vielha e Mijaran;Grado de ocupación por plazas;general;2024;7;2024-07-01;2024M07;55.66
25243;Vielha e Mijaran;Grado de ocupación por plazas;general;2024;8;2024-08-01;2024M08;68.06
25243;Vielha e Mijaran;Grado de ocupación por plazas;general;2024;9;2024-09-01;2024M09;42.7
25243;Vielha e Mijaran;Grado de ocupación por plazas;general;2024;10;2024-10-01;2024M10;33.19
25243;Vielha e Mijaran;Grado de ocupación por plazas;general;2024;11;2024-11-01;2024M11;32.72
25243;Vielha e Mijaran;Grado de ocupación por plazas;general;2024;12;2024-12-01;2024M12;41.93
25243;Vielha e Mijaran;Grado de ocupación por plazas;general;2025;1;2025-01-01;2025M01;56.32
25243;Vielha e Mijaran;Grado de ocupación por plazas;general;2025;2;2025-02-01;2025M02;61.9
25243;Vielha e Mijaran;Grado de ocupación por plazas;general;2025;3;2025-03-01;2025M03;44.09
25243;Vielha e Mijaran;Grado de ocupación por plazas;general;2025;4;2025-04-01;2025M04;40.9
25243;Vielha e Mijaran;Grado de ocupación por plazas;general;2025;5;2025-05-01;2025M05;40.05
25243;Vielha e Mijaran;Grado de ocupación por plazas;general;2025;6;2025-06-01;2025M06;42.5
25243;Vielha e Mijaran;Grado de ocupación por plazas;general;2025;7;2025-07-01;2025M07;53.05
25243;Vielha e Mijaran;Grado de ocupación por plazas;general;2025;8;2025-08-01;2025M08;69.93
25243;Vielha e Mijaran;Grado de ocupación por plazas;general;2025;9;2025-09-01;2025M09;48.22
25243;Vielha e Mijaran;Grado de ocupación por plazas;general;2025;10;2025-10-01;2025M10;47.3
25243;Vielha e Mijaran;Grado de ocupación por plazas;general;2025;11;2025-11-01;2025M11;28.66
25243;Vielha e Mijaran;Grado de ocupación por plazas;general;2025;12;2025-12-01;2025M12;44.4
25243;Vielha e Mijaran;Grado de ocupación por plazas;general;2026;1;2026-01-01;2026M01;58.24
25243;Vielha e Mijaran;Grado de ocupación por plazas;general;2026;2;2026-02-01;2026M02;64.36
