fecha,municipio,estacion,temp_max_c,temp_min_c,temp_media_c,precipitacion_mm,nieve_cm,viento_max_kmh
2018-01-01,18134 Monachil,Sierra Nevada,5.5,-3.8,1.3,0.3,0.14,15.3
2018-01-02,18134 Monachil,Sierra Nevada,7.4,-1.0,4.6,0.0,0.0,9.0
2018-01-03,18134 Monachil,Sierra Nevada,9.0,3.5,7.0,0.0,0.0,4.9
2018-01-04,18134 Monachil,Sierra Nevada,9.1,4.4,7.1,0.0,0.0,6.3
2018-01-05,18134 Monachil,Sierra Nevada,8.5,-3.0,4.7,0.0,0.0,11.2
2018-01-06,18134 Monachil,Sierra Nevada,-1.4,-8.4,-4.4,24.2,16.87,12.1
2018-01-07,18134 Monachil,Sierra Nevada,-7.5,-10.1,-8.8,2.1,1.54,6.3
2018-01-08,18134 Monachil,Sierra Nevada,-5.1,-10.3,-8.1,3.3,2.38,4.9
2018-01-09,18134 Monachil,Sierra Nevada,-3.0,-11.8,-7.2,3.0,2.1,7.9
2018-01-10,18134 Monachil,Sierra Nevada,-0.1,-4.8,-2.6,16.9,11.13,13.4
2018-01-11,18134 Monachil,Sierra Nevada,-1.4,-10.3,-7.1,4.0,2.8,14.9
2018-01-12,18134 Monachil,Sierra Nevada,4.4,-11.0,-2.9,0.0,0.0,5.4
2018-01-13,18134 Monachil,Sierra Nevada,4.9,-6.4,1.0,3.1,2.17,10.5
2018-01-14,18134 Monachil,Sierra Nevada,-4.4,-7.9,-6.1,3.5,2.45,5.1
2018-01-15,18134 Monachil,Sierra Nevada,-5.7,-9.1,-7.4,0.0,0.0,3.6
2018-01-16,18134 Monachil,Sierra Nevada,8.7,-3.9,3.9,0.0,0.0,5.4
2018-01-17,18134 Monachil,Sierra Nevada,10.5,4.5,8.4,0.0,0.0,4.6
2018-01-18,18134 Monachil,Sierra Nevada,8.8,2.5,6.3,0.0,0.0,6.1
2018-01-19,18134 Monachil,Sierra Nevada,2.6,-2.0,0.1,0.6,0.42,7.2
2018-01-20,18134 Monachil,Sierra Nevada,3.7,-0.2,1.6,0.0,0.0,7.5
2018-01-21,18134 Monachil,Sierra Nevada,6.4,1.0,3.8,0.0,0.0,6.5
2018-01-22,18134 Monachil,Sierra Nevada,8.4,2.4,4.8,0.0,0.0,6.0
2018-01-23,18134 Monachil,Sierra Nevada,8.3,1.9,6.0,0.0,0.0,5.0
2018-01-24,18134 Monachil,Sierra Nevada,7.4,1.3,4.7,0.0,0.0,3.2
2018-01-25,18134 Monachil,Sierra Nevada,4.4,-2.6,1.7,1.8,1.26,9.7
2018-01-26,18134 Monachil,Sierra Nevada,-2.5,-9.4,-6.9,4.9,3.43,14.2
2018-01-27,18134 Monachil,Sierra Nevada,-5.6,-10.7,-8.2,1.2,0.84,10.4
2018-01-28,18134 Monachil,Sierra Nevada,-4.6,-10.0,-6.7,6.2,4.34,16.3
2018-01-29,18134 Monachil,Sierra Nevada,1.7,-6.6,-2.5,0.0,0.0,16.6
2018-01-30,18134 Monachil,Sierra Nevada,3.8,0.2,2.0,0.3,0.21,7.9
2018-01-31,18134 Monachil,Sierra Nevada,4.1,-0.7,1.9,1.1,0.77,7.9
2018-02-01,18134 Monachil,Sierra Nevada,-0.2,-7.2,-2.9,1.9,1.33,7.3
2018-02-02,18134 Monachil,Sierra Nevada,-4.2,-12.6,-8.9,12.0,8.4,14.4
2018-02-03,18134 Monachil,Sierra Nevada,-4.9,-13.5,-8.9,0.0,0.0,6.3
2018-02-04,18134 Monachil,Sierra Nevada,-4.5,-7.6,-5.9,6.5,4.55,7.2
2018-02-05,18134 Monachil,Sierra Nevada,-7.3,-11.2,-9.3,0.3,0.21,5.8
2018-02-06,18134 Monachil,Sierra Nevada,-8.0,-12.2,-10.5,1.2,0.84,9.0
2018-02-07,18134 Monachil,Sierra Nevada,-6.0,-12.1,-9.6,0.1,0.07,6.9
2018-02-08,18134 Monachil,Sierra Nevada,-5.6,-10.2,-8.3,0.2,0.14,5.9
2018-02-09,18134 Monachil,Sierra Nevada,-5.6,-11.5,-8.3,0.0,0.0,7.9
2018-02-10,18134 Monachil,Sierra Nevada,-5.2,-9.3,-7.1,0.0,0.0,5.0
2018-02-11,18134 Monachil,Sierra Nevada,0.9,-9.0,-4.2,0.0,0.0,9.2
2018-02-12,18134 Monachil,Sierra Nevada,-1.5,-8.9,-2.9,3.9,2.73,11.3
2018-02-13,18134 Monachil,Sierra Nevada,-0.7,-7.8,-3.8,0.0,0.0,6.8
2018-02-14,18134 Monachil,Sierra Nevada,3.5,-1.2,1.2,0.0,0.0,7.7
2018-02-15,18134 Monachil,Sierra Nevada,5.4,0.5,3.5,0.0,0.0,4.0
2018-02-16,18134 Monachil,Sierra Nevada,5.2,-0.2,1.9,0.3,0.14,4.5
2018-02-17,18134 Monachil,Sierra Nevada,4.2,-1.2,1.1,0.0,0.0,5.4
2018-02-18,18134 Monachil,Sierra Nevada,1.3,-3.6,-1.3,5.1,3.57,4.2
2018-02-19,18134 Monachil,Sierra Nevada,-0.0,-4.4,-2.0,2.2,1.47,6.6
2018-02-20,18134 Monachil,Sierra Nevada,0.6,-5.7,-2.7,0.0,0.0,6.7
2018-02-21,18134 Monachil,Sierra Nevada,-0.2,-7.1,-3.0,0.6,0.42,7.0
2018-02-22,18134 Monachil,Sierra Nevada,-1.3,-11.2,-5.7,0.0,0.0,9.5
2018-02-23,18134 Monachil,Sierra Nevada,0.5,-4.1,-2.0,0.0,0.0,8.6
2018-02-24,18134 Monachil,Sierra Nevada,-1.7,-5.3,-3.6,0.0,0.0,6.5
2018-02-25,18134 Monachil,Sierra Nevada,-1.3,-6.7,-4.2,1.1,0.77,6.2
2018-02-26,18134 Monachil,Sierra Nevada,3.8,-5.7,-0.8,1.8,1.26,7.8
2018-02-27,18134 Monachil,Sierra Nevada,-0.1,-2.5,-1.5,22.4,15.47,11.6
2018-02-28,18134 Monachil,Sierra Nevada,1.0,-3.7,-0.8,20.6,13.86,14.8
2018-03-01,18134 Monachil,Sierra Nevada,-0.1,-3.9,-1.0,42.4,28.91,19.2
2018-03-02,18134 Monachil,Sierra Nevada,2.7,-4.3,-0.4,73.8,35.7,21.4
2018-03-03,18134 Monachil,Sierra Nevada,0.0,-3.3,-1.9,17.5,12.18,18.3
2018-03-04,18134 Monachil,Sierra Nevada,-0.3,-3.6,-1.7,23.0,16.03,16.0
2018-03-05,18134 Monachil,Sierra Nevada,-1.3,-4.8,-3.7,42.6,29.75,15.6
2018-03-06,18134 Monachil,Sierra Nevada,-2.7,-6.5,-4.5,16.2,11.34,14.0
2018-03-07,18134 Monachil,Sierra Nevada,1.0,-6.9,-2.2,3.8,2.66,9.5
2018-03-08,18134 Monachil,Sierra Nevada,2.3,0.7,1.7,29.1,10.5,14.4
2018-03-09,18134 Monachil,Sierra Nevada,4.5,-0.7,2.4,4.9,0.84,13.7
2018-03-10,18134 Monachil,Sierra Nevada,2.8,-2.2,1.3,10.4,5.04,13.6
2018-03-11,18134 Monachil,Sierra Nevada,-2.2,-4.9,-3.7,22.9,15.96,14.8
2018-03-12,18134 Monachil,Sierra Nevada,-1.8,-5.3,-3.7,5.5,3.85,14.6
2018-03-13,18134 Monachil,Sierra Nevada,2.2,-1.9,1.1,6.4,2.31,11.6
2018-03-14,18134 Monachil,Sierra Nevada,1.8,-0.4,1.1,0.4,0.21,18.7
2018-03-15,18134 Monachil,Sierra Nevada,1.9,-4.2,-2.1,23.1,14.14,18.4
2018-03-16,18134 Monachil,Sierra Nevada,-4.0,-8.2,-5.7,1.5,1.05,7.3
2018-03-17,18134 Monachil,Sierra Nevada,-1.2,-7.2,-4.7,39.0,27.16,16.4
2018-03-18,18134 Monachil,Sierra Nevada,-0.4,-5.1,-2.7,38.7,26.25,16.1
2018-03-19,18134 Monachil,Sierra Nevada,-2.0,-5.5,-3.9,24.4,16.87,12.9
2018-03-20,18134 Monachil,Sierra Nevada,-4.2,-11.0,-8.3,5.2,3.64,16.6
2018-03-21,18134 Monachil,Sierra Nevada,-5.6,-10.4,-8.0,0.9,0.63,11.5
2018-03-22,18134 Monachil,Sierra Nevada,-4.1,-10.4,-7.1,0.0,0.0,8.2
2018-03-23,18134 Monachil,Sierra Nevada,0.0,-5.8,-2.4,7.6,5.18,13.7
2018-03-24,18134 Monachil,Sierra Nevada,-0.3,-9.0,-5.5,29.7,20.65,17.4
2018-03-25,18134 Monachil,Sierra Nevada,-2.5,-6.6,-4.9,12.5,8.82,15.4
2018-03-26,18134 Monachil,Sierra Nevada,-2.7,-7.7,-5.6,0.0,0.0,10.0
2018-03-27,18134 Monachil,Sierra Nevada,4.9,-2.8,1.3,0.0,0.0,7.1
2018-03-28,18134 Monachil,Sierra Nevada,7.5,1.1,5.2,0.0,0.0,4.7
2018-03-29,18134 Monachil,Sierra Nevada,3.7,-2.4,1.5,0.0,0.0,6.6
2018-03-30,18134 Monachil,Sierra Nevada,0.9,-7.0,-3.9,7.6,5.32,16.9
2018-03-31,18134 Monachil,Sierra Nevada,-0.3,-7.0,-3.9,3.7,2.59,18.0
2018-04-01,18134 Monachil,Sierra Nevada,6.8,1.2,3.8,0.0,0.0,6.3
2018-04-02,18134 Monachil,Sierra Nevada,7.2,1.8,4.7,1.6,0.07,8.7
2018-04-03,18134 Monachil,Sierra Nevada,2.6,-1.6,1.2,0.0,0.0,7.9
2018-04-04,18134 Monachil,Sierra Nevada,1.6,-4.0,-1.5,0.0,0.0,7.6
2018-04-05,18134 Monachil,Sierra Nevada,9.3,2.5,5.2,3.8,0.63,4.7
2018-04-06,18134 Monachil,Sierra Nevada,7.4,3.7,5.7,1.9,0.0,8.0
2018-04-07,18134 Monachil,Sierra Nevada,3.1,-4.2,-0.4,6.8,4.41,8.6
2018-04-08,18134 Monachil,Sierra Nevada,-2.6,-4.7,-3.8,1.8,1.26,9.7
2018-04-09,18134 Monachil,Sierra Nevada,-2.2,-7.0,-5.2,4.2,2.94,11.5
2018-04-10,18134 Monachil,Sierra Nevada,-0.9,-6.5,-3.7,30.7,21.28,18.2
2018-04-11,18134 Monachil,Sierra Nevada,-4.7,-7.9,-6.5,14.9,10.43,16.1
2018-04-12,18134 Monachil,Sierra Nevada,-0.8,-4.9,-3.4,20.9,14.63,12.0
2018-04-13,18134 Monachil,Sierra Nevada,-2.2,-6.1,-3.8,3.4,2.38,6.9
2018-04-14,18134 Monachil,Sierra Nevada,0.4,-5.0,-2.4,0.3,0.21,8.4
2018-04-15,18134 Monachil,Sierra Nevada,3.5,-2.7,0.7,0.0,0.0,5.1
2018-04-16,18134 Monachil,Sierra Nevada,3.2,-2.8,1.3,5.6,2.52,8.0
2018-04-17,18134 Monachil,Sierra Nevada,7.2,4.0,5.7,0.0,0.0,6.9
2018-04-18,18134 Monachil,Sierra Nevada,8.4,5.2,7.0,0.0,0.0,7.5
2018-04-19,18134 Monachil,Sierra Nevada,7.7,1.3,6.2,0.0,0.0,3.8
2018-04-20,18134 Monachil,Sierra Nevada,9.2,2.6,6.3,0.1,0.0,4.8
2018-04-21,18134 Monachil,Sierra Nevada,9.2,5.3,7.2,0.7,0.0,10.0
2018-04-22,18134 Monachil,Sierra Nevada,9.2,4.2,6.6,2.2,0.0,12.8
2018-04-23,18134 Monachil,Sierra Nevada,8.7,3.3,6.2,2.8,0.0,12.1
2018-04-24,18134 Monachil,Sierra Nevada,9.1,3.5,6.5,0.6,0.0,10.2
2018-04-25,18134 Monachil,Sierra Nevada,5.6,2.5,3.7,16.8,2.24,15.3
2018-04-26,18134 Monachil,Sierra Nevada,6.7,2.0,4.0,2.9,0.0,7.6
2018-04-27,18134 Monachil,Sierra Nevada,7.5,2.7,5.3,1.6,0.0,8.0
2018-04-28,18134 Monachil,Sierra Nevada,6.1,-1.4,3.5,0.0,0.0,12.0
2018-04-29,18134 Monachil,Sierra Nevada,-2.2,-6.4,-4.1,2.1,1.47,14.0
2018-04-30,18134 Monachil,Sierra Nevada,0.7,-4.7,-2.2,0.2,0.14,7.6
2018-05-01,18134 Monachil,Sierra Nevada,-1.0,-6.7,-3.6,2.1,1.47,7.6
2018-05-02,18134 Monachil,Sierra Nevada,3.0,-5.4,-1.4,0.0,0.0,9.7
2018-05-03,18134 Monachil,Sierra Nevada,4.3,-3.4,0.5,3.4,2.17,7.0
2018-05-04,18134 Monachil,Sierra Nevada,4.2,-1.4,1.3,2.5,1.54,6.1
2018-05-05,18134 Monachil,Sierra Nevada,5.8,-0.6,2.6,2.0,0.35,6.0
2018-05-06,18134 Monachil,Sierra Nevada,7.2,1.1,3.9,2.4,0.63,3.4
2018-05-07,18134 Monachil,Sierra Nevada,6.9,1.6,4.5,12.2,4.41,5.5
2018-05-08,18134 Monachil,Sierra Nevada,7.0,1.3,4.4,1.7,0.14,7.3
2018-05-09,18134 Monachil,Sierra Nevada,8.1,3.2,5.4,4.2,0.35,8.2
2018-05-10,18134 Monachil,Sierra Nevada,8.6,4.3,6.5,0.7,0.0,7.2
2018-05-11,18134 Monachil,Sierra Nevada,9.5,4.0,6.3,0.0,0.0,8.2
2018-05-12,18134 Monachil,Sierra Nevada,8.8,-1.5,5.2,0.0,0.0,10.6
2018-05-13,18134 Monachil,Sierra Nevada,6.7,-2.8,2.8,0.0,0.0,12.3
2018-05-14,18134 Monachil,Sierra Nevada,9.4,-0.9,3.8,0.4,0.0,15.7
2018-05-15,18134 Monachil,Sierra Nevada,10.3,0.4,5.3,0.6,0.0,14.1
2018-05-16,18134 Monachil,Sierra Nevada,10.4,2.6,6.4,0.0,0.0,8.5
2018-05-17,18134 Monachil,Sierra Nevada,9.0,3.4,6.1,4.5,0.0,10.1
2018-05-18,18134 Monachil,Sierra Nevada,8.2,1.9,5.1,1.4,0.07,8.1
2018-05-19,18134 Monachil,Sierra Nevada,8.4,0.9,4.4,9.5,2.03,9.8
2018-05-20,18134 Monachil,Sierra Nevada,8.3,-0.0,4.2,1.3,0.07,7.4
2018-05-21,18134 Monachil,Sierra Nevada,7.0,-0.5,3.6,14.7,1.89,6.8
2018-05-22,18134 Monachil,Sierra Nevada,9.4,0.4,5.4,5.5,0.0,6.5
2018-05-23,18134 Monachil,Sierra Nevada,12.2,3.7,8.4,1.1,0.0,11.3
2018-05-24,18134 Monachil,Sierra Nevada,14.2,6.3,10.2,2.4,0.0,16.1
2018-05-25,18134 Monachil,Sierra Nevada,10.0,2.9,6.9,2.8,0.21,11.7
2018-05-26,18134 Monachil,Sierra Nevada,10.7,0.7,6.4,3.4,0.0,10.2
2018-05-27,18134 Monachil,Sierra Nevada,9.2,3.6,6.0,13.9,0.84,10.0
2018-05-28,18134 Monachil,Sierra Nevada,9.6,2.2,5.8,9.2,0.0,9.4
2018-05-29,18134 Monachil,Sierra Nevada,9.1,2.6,5.6,0.7,0.0,9.9
2018-05-30,18134 Monachil,Sierra Nevada,8.3,1.5,4.8,0.6,0.0,10.7
2018-05-31,18134 Monachil,Sierra Nevada,11.8,1.1,6.6,1.3,0.0,7.7
2018-06-01,18134 Monachil,Sierra Nevada,12.0,3.4,7.7,1.2,0.0,9.2
2018-06-02,18134 Monachil,Sierra Nevada,8.0,1.3,5.3,8.7,1.33,10.0
2018-06-03,18134 Monachil,Sierra Nevada,11.5,0.0,6.3,0.2,0.0,11.5
2018-06-04,18134 Monachil,Sierra Nevada,12.6,4.1,8.6,0.0,0.0,9.9
2018-06-05,18134 Monachil,Sierra Nevada,9.7,2.6,7.1,0.3,0.0,11.2
2018-06-06,18134 Monachil,Sierra Nevada,7.6,1.6,4.2,2.6,0.07,14.7
2018-06-07,18134 Monachil,Sierra Nevada,11.9,1.3,6.9,0.1,0.0,12.7
2018-06-08,18134 Monachil,Sierra Nevada,13.4,5.2,9.0,0.0,0.0,11.2
2018-06-09,18134 Monachil,Sierra Nevada,11.5,5.0,8.5,3.1,0.0,14.4
2018-06-10,18134 Monachil,Sierra Nevada,10.7,3.4,6.9,3.3,0.0,9.2
2018-06-11,18134 Monachil,Sierra Nevada,11.2,3.3,7.3,0.9,0.0,10.9
2018-06-12,18134 Monachil,Sierra Nevada,12.1,3.6,7.3,0.8,0.0,14.2
2018-06-13,18134 Monachil,Sierra Nevada,14.0,3.7,8.8,0.7,0.0,12.8
2018-06-14,18134 Monachil,Sierra Nevada,15.0,6.1,10.5,1.0,0.0,14.8
2018-06-15,18134 Monachil,Sierra Nevada,17.7,6.5,12.9,0.0,0.0,11.8
2018-06-16,18134 Monachil,Sierra Nevada,17.9,11.4,14.8,0.6,0.0,10.8
2018-06-17,18134 Monachil,Sierra Nevada,19.3,12.6,15.7,0.3,0.0,10.9
2018-06-18,18134 Monachil,Sierra Nevada,19.9,13.3,16.5,0.1,0.0,8.4
2018-06-19,18134 Monachil,Sierra Nevada,18.1,12.4,14.9,0.0,0.0,12.6
2018-06-20,18134 Monachil,Sierra Nevada,18.9,11.6,15.5,0.6,0.0,10.8
2018-06-21,18134 Monachil,Sierra Nevada,17.9,10.6,14.7,1.3,0.0,9.5
2018-06-22,18134 Monachil,Sierra Nevada,18.8,8.7,14.9,4.7,0.0,10.6
2018-06-23,18134 Monachil,Sierra Nevada,20.2,11.1,16.9,0.4,0.0,9.0
2018-06-24,18134 Monachil,Sierra Nevada,22.6,14.5,19.7,0.0,0.0,9.5
2018-06-25,18134 Monachil,Sierra Nevada,22.6,12.3,18.8,0.0,0.0,12.0
2018-06-26,18134 Monachil,Sierra Nevada,20.8,11.0,16.7,0.5,0.0,10.8
2018-06-27,18134 Monachil,Sierra Nevada,19.0,11.0,15.2,0.2,0.0,8.4
2018-06-28,18134 Monachil,Sierra Nevada,17.9,8.8,13.4,3.0,0.0,10.2
2018-06-29,18134 Monachil,Sierra Nevada,17.5,7.9,13.5,3.4,0.0,9.2
2018-06-30,18134 Monachil,Sierra Nevada,16.9,9.2,14.0,1.0,0.0,8.4
2018-07-01,18134 Monachil,Sierra Nevada,16.1,7.9,12.2,0.0,0.0,14.8
2018-07-02,18134 Monachil,Sierra Nevada,18.3,7.8,13.6,0.0,0.0,10.2
2018-07-03,18134 Monachil,Sierra Nevada,19.2,9.9,14.5,1.8,0.0,16.1
2018-07-04,18134 Monachil,Sierra Nevada,18.9,9.4,14.5,0.6,0.0,14.3
2018-07-05,18134 Monachil,Sierra Nevada,18.6,9.7,14.4,0.0,0.0,9.0
2018-07-06,18134 Monachil,Sierra Nevada,20.0,8.9,14.9,0.0,0.0,7.7
2018-07-07,18134 Monachil,Sierra Nevada,21.0,11.5,17.2,3.0,0.0,11.5
2018-07-08,18134 Monachil,Sierra Nevada,20.7,11.0,16.7,3.3,0.0,9.4
2018-07-09,18134 Monachil,Sierra Nevada,21.1,13.0,17.0,0.2,0.0,10.2
2018-07-10,18134 Monachil,Sierra Nevada,20.5,13.2,16.6,0.4,0.0,13.0
2018-07-11,18134 Monachil,Sierra Nevada,20.4,10.8,16.4,1.5,0.0,14.1
2018-07-12,18134 Monachil,Sierra Nevada,20.5,9.9,15.8,0.0,0.0,15.8
2018-07-13,18134 Monachil,Sierra Nevada,19.7,10.3,15.5,1.6,0.0,9.4
2018-07-14,18134 Monachil,Sierra Nevada,21.0,9.2,16.0,0.0,0.0,15.6
2018-07-15,18134 Monachil,Sierra Nevada,18.9,9.3,15.1,2.4,0.0,16.7
2018-07-16,18134 Monachil,Sierra Nevada,20.0,7.9,14.4,0.0,0.0,10.8
2018-07-17,18134 Monachil,Sierra Nevada,23.5,9.0,17.5,1.0,0.0,10.2
2018-07-18,18134 Monachil,Sierra Nevada,22.8,12.4,18.8,0.0,0.0,14.6
2018-07-19,18134 Monachil,Sierra Nevada,23.1,13.4,18.7,0.2,0.0,18.2
2018-07-20,18134 Monachil,Sierra Nevada,22.1,13.4,17.8,0.3,0.0,17.1
2018-07-21,18134 Monachil,Sierra Nevada,21.7,12.5,17.1,0.0,0.0,13.0
2018-07-22,18134 Monachil,Sierra Nevada,21.6,11.5,17.1,0.1,0.0,13.2
2018-07-23,18134 Monachil,Sierra Nevada,23.5,14.1,18.8,0.0,0.0,12.0
2018-07-24,18134 Monachil,Sierra Nevada,23.3,13.4,18.3,0.0,0.0,11.3
2018-07-25,18134 Monachil,Sierra Nevada,23.0,12.4,18.4,0.0,0.0,10.6
2018-07-26,18134 Monachil,Sierra Nevada,22.0,13.8,17.4,0.0,0.0,9.0
2018-07-27,18134 Monachil,Sierra Nevada,23.5,12.1,17.6,0.0,0.0,11.1
2018-07-28,18134 Monachil,Sierra Nevada,23.4,14.3,18.9,0.0,0.0,12.2
2018-07-29,18134 Monachil,Sierra Nevada,22.1,14.4,18.8,0.0,0.0,10.8
2018-07-30,18134 Monachil,Sierra Nevada,21.7,12.0,17.0,0.0,0.0,8.7
2018-07-31,18134 Monachil,Sierra Nevada,22.5,12.1,17.5,0.0,0.0,8.6
2018-08-01,18134 Monachil,Sierra Nevada,24.2,14.3,19.1,0.1,0.0,10.7
2018-08-02,18134 Monachil,Sierra Nevada,24.7,17.4,20.6,0.0,0.0,8.7
2018-08-03,18134 Monachil,Sierra Nevada,24.6,16.7,20.9,0.0,0.0,16.6
2018-08-04,18134 Monachil,Sierra Nevada,24.6,16.7,20.6,0.0,0.0,16.9
2018-08-05,18134 Monachil,Sierra Nevada,22.6,15.5,18.8,1.4,0.0,9.9
2018-08-06,18134 Monachil,Sierra Nevada,22.1,15.2,18.7,0.9,0.0,11.2
2018-08-07,18134 Monachil,Sierra Nevada,22.0,14.4,18.2,4.4,0.0,7.5
2018-08-08,18134 Monachil,Sierra Nevada,20.8,13.0,17.1,1.4,0.0,12.6
2018-08-09,18134 Monachil,Sierra Nevada,20.0,10.8,15.7,0.0,0.0,14.8
2018-08-10,18134 Monachil,Sierra Nevada,20.8,10.2,15.1,0.5,0.0,12.3
2018-08-11,18134 Monachil,Sierra Nevada,19.8,11.7,15.9,1.2,0.0,6.6
2018-08-12,18134 Monachil,Sierra Nevada,19.9,12.6,16.0,1.2,0.0,6.9
2018-08-13,18134 Monachil,Sierra Nevada,20.6,9.5,15.1,0.0,0.0,12.7
2018-08-14,18134 Monachil,Sierra Nevada,21.0,10.7,15.7,0.1,0.0,8.2
2018-08-15,18134 Monachil,Sierra Nevada,18.9,11.9,14.9,1.7,0.0,5.5
2018-08-16,18134 Monachil,Sierra Nevada,16.9,9.5,13.1,2.8,0.0,9.5
2018-08-17,18134 Monachil,Sierra Nevada,16.2,9.0,12.3,5.6,0.0,10.6
2018-08-18,18134 Monachil,Sierra Nevada,17.4,9.9,14.0,2.7,0.0,8.5
2018-08-19,18134 Monachil,Sierra Nevada,19.4,12.7,16.1,1.4,0.0,10.1
2018-08-20,18134 Monachil,Sierra Nevada,16.9,12.1,14.4,3.2,0.0,8.1
2018-08-21,18134 Monachil,Sierra Nevada,17.3,11.1,13.9,0.0,0.0,6.2
2018-08-22,18134 Monachil,Sierra Nevada,17.5,10.6,13.8,3.4,0.0,8.5
2018-08-23,18134 Monachil,Sierra Nevada,16.0,8.3,11.7,11.2,0.0,7.0
2018-08-24,18134 Monachil,Sierra Nevada,18.1,9.3,14.2,0.0,0.0,10.7
2018-08-25,18134 Monachil,Sierra Nevada,18.5,11.6,15.0,1.1,0.0,9.2
2018-08-26,18134 Monachil,Sierra Nevada,20.5,11.5,16.1,0.0,0.0,9.2
2018-08-27,18134 Monachil,Sierra Nevada,23.2,15.0,18.7,0.0,0.0,9.1
2018-08-28,18134 Monachil,Sierra Nevada,20.7,14.4,17.3,2.1,0.0,11.3
2018-08-29,18134 Monachil,Sierra Nevada,18.8,9.4,15.0,0.5,0.0,13.9
2018-08-30,18134 Monachil,Sierra Nevada,17.2,9.1,13.5,1.9,0.0,9.0
2018-08-31,18134 Monachil,Sierra Nevada,18.7,11.5,15.0,0.0,0.0,5.8
2018-09-01,18134 Monachil,Sierra Nevada,20.4,12.1,16.1,0.0,0.0,5.4
2018-09-02,18134 Monachil,Sierra Nevada,21.6,14.3,17.9,2.4,0.0,11.8
2018-09-03,18134 Monachil,Sierra Nevada,19.6,11.7,15.8,3.8,0.0,16.8
2018-09-04,18134 Monachil,Sierra Nevada,17.6,8.1,12.9,0.0,0.0,17.6
2018-09-05,18134 Monachil,Sierra Nevada,17.3,6.7,12.2,0.0,0.0,14.2
2018-09-06,18134 Monachil,Sierra Nevada,17.1,7.8,12.2,0.0,0.0,10.2
2018-09-07,18134 Monachil,Sierra Nevada,16.1,5.7,11.6,0.8,0.0,8.4
2018-09-08,18134 Monachil,Sierra Nevada,13.4,9.7,11.2,17.6,0.0,13.7
2018-09-09,18134 Monachil,Sierra Nevada,14.3,7.9,10.6,1.6,0.0,7.2
2018-09-10,18134 Monachil,Sierra Nevada,15.1,7.4,10.9,0.4,0.0,6.3
2018-09-11,18134 Monachil,Sierra Nevada,17.4,8.3,12.6,1.0,0.0,8.2
2018-09-12,18134 Monachil,Sierra Nevada,17.5,10.6,13.9,1.3,0.0,12.3
2018-09-13,18134 Monachil,Sierra Nevada,15.3,7.8,11.7,3.7,0.0,8.4
2018-09-14,18134 Monachil,Sierra Nevada,14.1,8.1,10.7,6.2,0.0,7.4
2018-09-15,18134 Monachil,Sierra Nevada,12.4,7.6,10.0,15.3,0.0,7.4
2018-09-16,18134 Monachil,Sierra Nevada,14.9,6.9,11.1,4.1,0.0,8.6
2018-09-17,18134 Monachil,Sierra Nevada,16.0,8.9,12.2,4.1,0.0,7.7
2018-09-18,18134 Monachil,Sierra Nevada,15.1,8.6,12.0,6.2,0.0,13.3
2018-09-19,18134 Monachil,Sierra Nevada,14.7,7.5,10.8,2.3,0.0,6.6
2018-09-20,18134 Monachil,Sierra Nevada,15.0,8.3,11.7,0.5,0.0,6.5
2018-09-21,18134 Monachil,Sierra Nevada,16.1,7.7,12.2,0.0,0.0,7.8
2018-09-22,18134 Monachil,Sierra Nevada,17.6,8.9,13.1,0.0,0.0,8.1
2018-09-23,18134 Monachil,Sierra Nevada,18.2,9.5,14.0,0.0,0.0,7.7
2018-09-24,18134 Monachil,Sierra Nevada,18.4,10.7,14.3,0.0,0.0,10.5
2018-09-25,18134 Monachil,Sierra Nevada,16.7,11.0,13.8,0.5,0.0,8.7
2018-09-26,18134 Monachil,Sierra Nevada,13.7,8.0,12.1,6.0,0.0,8.7
2018-09-27,18134 Monachil,Sierra Nevada,14.4,7.6,10.3,0.2,0.0,8.9
2018-09-28,18134 Monachil,Sierra Nevada,14.0,7.9,10.9,0.4,0.0,9.0
2018-09-29,18134 Monachil,Sierra Nevada,15.3,9.0,11.8,0.0,0.0,7.3
2018-09-30,18134 Monachil,Sierra Nevada,13.4,7.7,10.3,4.8,0.0,6.6
2018-10-01,18134 Monachil,Sierra Nevada,12.6,5.8,8.6,1.6,0.0,8.6
2018-10-02,18134 Monachil,Sierra Nevada,14.3,5.3,10.1,0.0,0.0,13.0
2018-10-03,18134 Monachil,Sierra Nevada,14.0,7.2,10.3,0.0,0.0,11.9
2018-10-04,18134 Monachil,Sierra Nevada,13.8,6.8,10.1,0.0,0.0,10.1
2018-10-05,18134 Monachil,Sierra Nevada,13.2,6.8,9.8,0.5,0.0,8.5
2018-10-06,18134 Monachil,Sierra Nevada,14.3,6.9,9.8,0.0,0.0,12.7
2018-10-07,18134 Monachil,Sierra Nevada,13.2,5.7,9.4,0.4,0.0,14.0
2018-10-08,18134 Monachil,Sierra Nevada,11.7,4.1,8.0,0.1,0.0,15.6
2018-10-09,18134 Monachil,Sierra Nevada,9.2,5.0,6.7,7.9,0.0,10.5
2018-10-10,18134 Monachil,Sierra Nevada,11.3,5.0,7.6,1.6,0.0,7.2
2018-10-11,18134 Monachil,Sierra Nevada,12.3,5.2,8.3,3.8,0.0,10.7
2018-10-12,18134 Monachil,Sierra Nevada,15.1,6.9,10.7,0.0,0.0,7.2
2018-10-13,18134 Monachil,Sierra Nevada,16.1,8.0,12.0,0.0,0.0,10.0
2018-10-14,18134 Monachil,Sierra Nevada,13.0,0.2,7.5,4.6,0.0,20.4
2018-10-15,18134 Monachil,Sierra Nevada,8.7,0.2,4.1,7.6,1.96,10.1
2018-10-16,18134 Monachil,Sierra Nevada,7.6,2.6,5.0,2.4,0.07,10.6
2018-10-17,18134 Monachil,Sierra Nevada,9.7,0.6,5.0,0.4,0.0,11.3
2018-10-18,18134 Monachil,Sierra Nevada,4.7,0.4,2.7,16.1,9.38,12.4
2018-10-19,18134 Monachil,Sierra Nevada,3.6,-2.5,1.1,1.0,0.7,9.2
2018-10-20,18134 Monachil,Sierra Nevada,5.4,-0.8,3.1,19.0,0.0,13.9
2018-10-21,18134 Monachil,Sierra Nevada,10.2,2.9,6.0,0.2,0.0,12.2
2018-10-22,18134 Monachil,Sierra Nevada,10.6,4.0,7.1,0.0,0.0,4.4
2018-10-23,18134 Monachil,Sierra Nevada,9.4,4.0,6.3,1.6,0.0,7.7
2018-10-24,18134 Monachil,Sierra Nevada,11.3,3.8,7.0,0.0,0.0,7.7
2018-10-25,18134 Monachil,Sierra Nevada,12.4,4.6,7.6,0.0,0.0,5.6
2018-10-26,18134 Monachil,Sierra Nevada,10.6,4.5,7.2,1.9,0.0,12.5
2018-10-27,18134 Monachil,Sierra Nevada,5.4,-1.0,3.3,4.2,1.47,14.0
2018-10-28,18134 Monachil,Sierra Nevada,-2.1,-7.4,-5.1,6.6,4.62,13.4
2018-10-29,18134 Monachil,Sierra Nevada,-4.5,-14.7,-8.5,0.1,0.07,19.2
2018-10-30,18134 Monachil,Sierra Nevada,0.0,-8.2,-2.8,35.1,24.5,17.7
2018-10-31,18134 Monachil,Sierra Nevada,-1.6,-8.0,-4.7,12.1,8.4,8.8
2018-11-01,18134 Monachil,Sierra Nevada,-0.8,-4.6,-2.3,3.0,2.1,3.9
2018-11-02,18134 Monachil,Sierra Nevada,2.2,-4.1,-0.0,0.0,0.0,7.6
2018-11-03,18134 Monachil,Sierra Nevada,3.7,0.0,2.1,0.0,0.0,7.6
2018-11-04,18134 Monachil,Sierra Nevada,7.2,3.0,4.9,0.0,0.0,5.9
2018-11-05,18134 Monachil,Sierra Nevada,5.6,-4.0,-1.0,15.0,8.61,11.8
2018-11-06,18134 Monachil,Sierra Nevada,4.5,-6.3,-1.7,0.0,0.0,6.9
2018-11-07,18134 Monachil,Sierra Nevada,6.4,1.1,4.0,0.0,0.0,6.9
2018-11-08,18134 Monachil,Sierra Nevada,3.9,0.3,1.8,8.7,4.9,10.2
2018-11-09,18134 Monachil,Sierra Nevada,1.5,-7.4,-1.9,1.9,1.33,9.4
2018-11-10,18134 Monachil,Sierra Nevada,6.6,3.0,5.0,0.0,0.0,7.4
2018-11-11,18134 Monachil,Sierra Nevada,8.9,4.7,7.0,0.0,0.0,7.6
2018-11-12,18134 Monachil,Sierra Nevada,6.7,1.9,3.9,0.0,0.0,8.7
2018-11-13,18134 Monachil,Sierra Nevada,6.6,1.5,3.8,0.6,0.07,5.5
2018-11-14,18134 Monachil,Sierra Nevada,4.1,0.9,2.4,9.3,3.01,6.4
2018-11-15,18134 Monachil,Sierra Nevada,3.9,0.8,2.1,3.3,0.0,5.8
2018-11-16,18134 Monachil,Sierra Nevada,4.3,0.2,1.9,0.0,0.0,8.4
2018-11-17,18134 Monachil,Sierra Nevada,4.6,0.2,2.0,0.0,0.0,10.1
2018-11-18,18134 Monachil,Sierra Nevada,3.3,-1.1,0.7,12.1,8.12,11.9
2018-11-19,18134 Monachil,Sierra Nevada,1.0,-1.6,-0.5,5.4,3.57,7.8
2018-11-20,18134 Monachil,Sierra Nevada,0.8,-3.7,-1.1,8.5,5.74,15.1
2018-11-21,18134 Monachil,Sierra Nevada,1.4,-2.0,-0.4,11.7,7.98,14.2
2018-11-22,18134 Monachil,Sierra Nevada,1.9,-3.0,-0.7,4.9,3.22,11.9
2018-11-23,18134 Monachil,Sierra Nevada,1.5,-2.3,-0.1,15.4,10.78,8.6
2018-11-24,18134 Monachil,Sierra Nevada,0.2,-3.1,-1.6,0.0,0.0,5.2
2018-11-25,18134 Monachil,Sierra Nevada,2.2,-2.5,0.3,3.9,1.26,13.3
2018-11-26,18134 Monachil,Sierra Nevada,3.8,-4.6,-1.1,11.8,0.14,17.3
2018-11-27,18134 Monachil,Sierra Nevada,6.3,-1.2,3.2,0.0,0.0,7.3
2018-11-28,18134 Monachil,Sierra Nevada,10.6,5.9,7.6,0.0,0.0,5.4
2018-11-29,18134 Monachil,Sierra Nevada,8.6,4.8,6.8,0.0,0.0,7.8
2018-11-30,18134 Monachil,Sierra Nevada,4.7,0.1,3.0,0.8,0.0,11.6
2018-12-01,18134 Monachil,Sierra Nevada,9.0,2.1,5.1,0.0,0.0,9.1
2018-12-02,18134 Monachil,Sierra Nevada,10.3,7.9,9.2,0.0,0.0,6.4
2018-12-03,18134 Monachil,Sierra Nevada,11.7,7.7,9.6,0.0,0.0,8.0
2018-12-04,18134 Monachil,Sierra Nevada,12.3,6.3,9.2,0.0,0.0,6.4
2018-12-05,18134 Monachil,Sierra Nevada,12.0,4.2,8.6,0.0,0.0,3.3
2018-12-06,18134 Monachil,Sierra Nevada,11.6,6.1,8.4,0.0,0.0,5.2
2018-12-07,18134 Monachil,Sierra Nevada,11.4,7.9,9.2,0.0,0.0,8.0
2018-12-08,18134 Monachil,Sierra Nevada,12.7,5.8,10.2,0.0,0.0,13.7
2018-12-09,18134 Monachil,Sierra Nevada,10.7,5.1,9.0,0.0,0.0,12.0
2018-12-10,18134 Monachil,Sierra Nevada,9.3,4.1,6.1,0.0,0.0,5.6
2018-12-11,18134 Monachil,Sierra Nevada,6.7,3.6,5.1,0.0,0.0,7.2
2018-12-12,18134 Monachil,Sierra Nevada,9.0,3.7,5.4,0.0,0.0,9.4
2018-12-13,18134 Monachil,Sierra Nevada,6.0,-6.1,-1.0,10.5,7.0,25.5
2018-12-14,18134 Monachil,Sierra Nevada,-1.4,-9.3,-5.3,0.1,0.07,24.0
2018-12-15,18134 Monachil,Sierra Nevada,9.1,-0.5,5.0,0.0,0.0,15.4
2018-12-16,18134 Monachil,Sierra Nevada,7.4,0.3,3.9,0.7,0.0,13.4
2018-12-17,18134 Monachil,Sierra Nevada,7.6,-0.6,5.1,0.0,0.0,9.5
2018-12-18,18134 Monachil,Sierra Nevada,8.6,3.0,5.9,0.0,0.0,12.6
2018-12-19,18134 Monachil,Sierra Nevada,3.5,-2.3,1.4,0.8,0.0,14.9
2018-12-20,18134 Monachil,Sierra Nevada,3.5,-2.8,0.7,1.4,0.98,10.3
2018-12-21,18134 Monachil,Sierra Nevada,5.2,-2.0,1.8,0.0,0.0,7.0
2018-12-22,18134 Monachil,Sierra Nevada,9.8,3.5,6.7,0.0,0.0,6.5
2018-12-23,18134 Monachil,Sierra Nevada,12.9,7.2,9.7,0.0,0.0,5.8
2018-12-24,18134 Monachil,Sierra Nevada,14.9,10.1,12.2,0.0,0.0,5.2
2018-12-25,18134 Monachil,Sierra Nevada,13.6,8.5,11.0,0.0,0.0,6.8
2018-12-26,18134 Monachil,Sierra Nevada,11.5,6.9,8.9,0.0,0.0,4.9
2018-12-27,18134 Monachil,Sierra Nevada,9.5,6.0,7.8,0.0,0.0,5.5
2018-12-28,18134 Monachil,Sierra Nevada,6.5,-1.0,3.3,0.0,0.0,7.2
2018-12-29,18134 Monachil,Sierra Nevada,0.2,-2.8,-1.1,1.6,1.12,9.4
2018-12-30,18134 Monachil,Sierra Nevada,3.1,-3.7,0.1,0.0,0.0,12.4
2018-12-31,18134 Monachil,Sierra Nevada,6.3,2.4,4.2,0.0,0.0,12.7
2019-01-01,18134 Monachil,Sierra Nevada,6.0,1.7,3.1,0.0,0.0,4.6
2019-01-02,18134 Monachil,Sierra Nevada,6.4,2.5,4.8,0.0,0.0,7.1
2019-01-03,18134 Monachil,Sierra Nevada,4.1,-0.4,1.9,0.0,0.0,6.5
2019-01-04,18134 Monachil,Sierra Nevada,4.0,-0.4,1.2,0.0,0.0,5.1
2019-01-05,18134 Monachil,Sierra Nevada,5.5,-1.1,1.7,0.0,0.0,6.6
2019-01-06,18134 Monachil,Sierra Nevada,7.1,3.1,4.8,0.0,0.0,5.8
2019-01-07,18134 Monachil,Sierra Nevada,5.9,0.8,2.9,0.0,0.0,8.2
2019-01-08,18134 Monachil,Sierra Nevada,5.4,-1.2,1.9,0.0,0.0,7.8
2019-01-09,18134 Monachil,Sierra Nevada,6.3,1.9,4.0,0.0,0.0,9.6
2019-01-10,18134 Monachil,Sierra Nevada,5.0,-5.2,1.4,0.0,0.0,12.0
2019-01-11,18134 Monachil,Sierra Nevada,0.4,-6.7,-3.6,0.0,0.0,9.7
2019-01-12,18134 Monachil,Sierra Nevada,4.1,-2.4,0.3,0.0,0.0,9.8
2019-01-13,18134 Monachil,Sierra Nevada,6.7,-0.1,2.8,0.0,0.0,7.9
2019-01-14,18134 Monachil,Sierra Nevada,8.6,1.9,6.1,0.0,0.0,7.2
2019-01-15,18134 Monachil,Sierra Nevada,6.0,-0.3,2.7,0.0,0.0,6.2
2019-01-16,18134 Monachil,Sierra Nevada,2.9,-3.0,0.0,0.0,0.0,4.4
2019-01-17,18134 Monachil,Sierra Nevada,0.6,-4.3,-2.5,0.7,0.49,6.9
2019-01-18,18134 Monachil,Sierra Nevada,0.2,-5.5,-3.2,4.0,2.8,8.3
2019-01-19,18134 Monachil,Sierra Nevada,1.6,-5.5,-2.0,3.2,2.24,11.6
2019-01-20,18134 Monachil,Sierra Nevada,-0.8,-8.2,-2.6,18.7,12.95,15.1
2019-01-21,18134 Monachil,Sierra Nevada,-5.5,-11.5,-7.6,0.0,0.0,13.1
2019-01-22,18134 Monachil,Sierra Nevada,-5.3,-12.2,-7.9,1.4,0.98,18.3
2019-01-23,18134 Monachil,Sierra Nevada,-0.6,-5.3,-3.1,5.3,3.64,17.8
2019-01-24,18134 Monachil,Sierra Nevada,2.2,-3.8,-0.9,0.0,0.0,13.0
2019-01-25,18134 Monachil,Sierra Nevada,2.4,-2.5,-0.0,0.0,0.0,12.5
2019-01-26,18134 Monachil,Sierra Nevada,6.7,0.1,3.9,0.0,0.0,7.4
2019-01-27,18134 Monachil,Sierra Nevada,5.2,-5.4,0.7,0.0,0.0,13.2
2019-01-28,18134 Monachil,Sierra Nevada,2.4,-5.0,-2.0,0.0,0.0,15.5
2019-01-29,18134 Monachil,Sierra Nevada,0.6,-4.0,-1.8,0.1,0.07,23.3
2019-01-30,18134 Monachil,Sierra Nevada,-1.6,-4.6,-2.5,1.7,1.12,22.8
2019-01-31,18134 Monachil,Sierra Nevada,0.2,-2.2,-0.7,19.6,13.23,16.7
2019-02-01,18134 Monachil,Sierra Nevada,1.1,-6.1,-2.2,30.0,20.44,19.1
2019-02-02,18134 Monachil,Sierra Nevada,-6.2,-10.1,-7.9,6.4,4.48,14.0
2019-02-03,18134 Monachil,Sierra Nevada,-7.3,-14.8,-10.7,0.0,0.0,8.2
2019-02-04,18134 Monachil,Sierra Nevada,2.9,-6.9,-0.8,0.0,0.0,8.1
2019-02-05,18134 Monachil,Sierra Nevada,2.7,0.3,1.2,0.0,0.0,6.2
2019-02-06,18134 Monachil,Sierra Nevada,4.7,-0.8,1.8,0.0,0.0,3.4
2019-02-07,18134 Monachil,Sierra Nevada,5.7,-0.8,3.0,0.0,0.0,3.7
2019-02-08,18134 Monachil,Sierra Nevada,4.1,-1.4,1.3,0.0,0.0,4.2
2019-02-09,18134 Monachil,Sierra Nevada,4.6,0.3,2.3,0.0,0.0,4.8
2019-02-10,18134 Monachil,Sierra Nevada,5.3,0.3,3.4,0.0,0.0,8.3
2019-02-11,18134 Monachil,Sierra Nevada,4.5,-0.7,2.0,0.0,0.0,4.7
2019-02-12,18134 Monachil,Sierra Nevada,2.9,-2.1,0.5,0.0,0.0,6.5
2019-02-13,18134 Monachil,Sierra Nevada,6.9,2.3,4.8,0.0,0.0,3.4
2019-02-14,18134 Monachil,Sierra Nevada,7.3,3.8,5.9,0.0,0.0,4.0
2019-02-15,18134 Monachil,Sierra Nevada,8.1,3.4,5.9,0.0,0.0,4.9
2019-02-16,18134 Monachil,Sierra Nevada,6.0,1.6,4.0,0.0,0.0,8.1
2019-02-17,18134 Monachil,Sierra Nevada,3.6,-0.5,1.4,0.0,0.0,5.6
2019-02-18,18134 Monachil,Sierra Nevada,2.4,-1.5,0.2,0.0,0.0,6.8
2019-02-19,18134 Monachil,Sierra Nevada,1.6,-2.9,-0.8,1.6,1.12,3.6
2019-02-20,18134 Monachil,Sierra Nevada,1.3,-4.0,-1.3,0.0,0.0,4.3
2019-02-21,18134 Monachil,Sierra Nevada,3.2,-2.1,0.3,0.0,0.0,4.1
2019-02-22,18134 Monachil,Sierra Nevada,6.2,-2.2,2.1,0.0,0.0,4.3
2019-02-23,18134 Monachil,Sierra Nevada,8.9,1.5,6.2,0.0,0.0,5.8
2019-02-24,18134 Monachil,Sierra Nevada,7.3,3.1,5.1,0.0,0.0,8.7
2019-02-25,18134 Monachil,Sierra Nevada,8.0,4.0,5.8,0.0,0.0,10.1
2019-02-26,18134 Monachil,Sierra Nevada,6.5,1.5,5.0,0.0,0.0,9.5
2019-02-27,18134 Monachil,Sierra Nevada,7.4,2.5,4.4,0.0,0.0,7.6
2019-02-28,18134 Monachil,Sierra Nevada,7.5,1.4,4.6,0.0,0.0,5.0
2019-03-01,18134 Monachil,Sierra Nevada,7.5,1.6,3.8,0.9,0.63,8.6
2019-03-02,18134 Monachil,Sierra Nevada,7.6,0.5,3.4,0.0,0.0,10.5
2019-03-03,18134 Monachil,Sierra Nevada,8.7,1.0,4.9,0.0,0.0,5.8
2019-03-04,18134 Monachil,Sierra Nevada,8.5,1.2,5.1,0.0,0.0,9.4
2019-03-05,18134 Monachil,Sierra Nevada,7.2,-1.2,2.8,0.0,0.0,11.5
2019-03-06,18134 Monachil,Sierra Nevada,3.3,-3.6,1.6,7.0,4.69,20.9
2019-03-07,18134 Monachil,Sierra Nevada,0.1,-7.2,-3.3,0.0,0.0,11.9
2019-03-08,18134 Monachil,Sierra Nevada,0.3,-6.8,-3.3,0.6,0.42,11.2
2019-03-09,18134 Monachil,Sierra Nevada,6.9,-4.4,0.8,0.0,0.0,8.7
2019-03-10,18134 Monachil,Sierra Nevada,9.8,1.3,5.1,0.0,0.0,11.5
2019-03-11,18134 Monachil,Sierra Nevada,9.4,2.0,5.2,1.4,0.35,11.7
2019-03-12,18134 Monachil,Sierra Nevada,9.5,2.4,5.5,0.0,0.0,12.0
2019-03-13,18134 Monachil,Sierra Nevada,8.4,0.1,4.2,0.0,0.0,12.6
2019-03-14,18134 Monachil,Sierra Nevada,8.1,-0.4,3.4,0.0,0.0,9.2
2019-03-15,18134 Monachil,Sierra Nevada,10.8,4.5,7.1,0.0,0.0,9.4
2019-03-16,18134 Monachil,Sierra Nevada,10.2,3.5,6.3,0.0,0.0,7.1
2019-03-17,18134 Monachil,Sierra Nevada,7.4,0.1,5.0,0.0,0.0,12.8
2019-03-18,18134 Monachil,Sierra Nevada,5.5,-3.1,1.3,1.7,1.19,11.0
2019-03-19,18134 Monachil,Sierra Nevada,3.7,-2.4,0.1,0.0,0.0,14.5
2019-03-20,18134 Monachil,Sierra Nevada,0.3,-4.8,-2.2,0.0,0.0,13.8
2019-03-21,18134 Monachil,Sierra Nevada,1.8,-6.2,-2.6,0.0,0.0,9.7
2019-03-22,18134 Monachil,Sierra Nevada,4.6,-4.4,-0.1,0.8,0.56,9.9
2019-03-23,18134 Monachil,Sierra Nevada,3.2,-3.8,-0.8,1.2,0.84,11.4
2019-03-24,18134 Monachil,Sierra Nevada,2.6,-2.5,0.1,5.9,4.06,12.1
2019-03-25,18134 Monachil,Sierra Nevada,6.7,-1.5,1.8,2.9,1.61,8.6
2019-03-26,18134 Monachil,Sierra Nevada,9.6,1.8,5.7,10.6,3.15,6.7
2019-03-27,18134 Monachil,Sierra Nevada,4.9,-2.9,1.9,0.2,0.0,9.9
2019-03-28,18134 Monachil,Sierra Nevada,5.3,-2.3,1.1,0.0,0.0,9.4
2019-03-29,18134 Monachil,Sierra Nevada,6.1,-0.6,3.0,1.2,0.77,8.9
2019-03-30,18134 Monachil,Sierra Nevada,7.4,0.2,3.9,0.6,0.0,9.2
2019-03-31,18134 Monachil,Sierra Nevada,3.8,-0.3,1.7,12.2,7.14,5.9
2019-04-01,18134 Monachil,Sierra Nevada,2.8,-1.9,0.1,0.3,0.21,7.3
2019-04-02,18134 Monachil,Sierra Nevada,4.8,-3.1,0.4,0.0,0.0,8.0
2019-04-03,18134 Monachil,Sierra Nevada,6.8,-2.2,2.1,0.0,0.0,16.2
2019-04-04,18134 Monachil,Sierra Nevada,4.8,-1.3,1.7,0.0,0.0,9.4
2019-04-05,18134 Monachil,Sierra Nevada,-1.7,-8.9,-4.0,15.5,10.85,15.3
2019-04-06,18134 Monachil,Sierra Nevada,-3.3,-8.3,-5.7,15.3,10.71,16.2
2019-04-07,18134 Monachil,Sierra Nevada,1.1,-5.6,-3.3,11.8,7.84,14.8
2019-04-08,18134 Monachil,Sierra Nevada,1.0,-2.7,-0.1,5.4,3.43,10.1
2019-04-09,18134 Monachil,Sierra Nevada,-2.0,-5.1,-3.4,1.1,0.7,12.2
2019-04-10,18134 Monachil,Sierra Nevada,-1.6,-5.6,-2.9,1.1,0.77,10.7
2019-04-11,18134 Monachil,Sierra Nevada,0.9,-5.4,-2.3,0.2,0.07,6.3
2019-04-12,18134 Monachil,Sierra Nevada,2.8,-7.3,-1.9,0.0,0.0,9.0
2019-04-13,18134 Monachil,Sierra Nevada,5.5,-5.3,0.2,0.0,0.0,7.2
2019-04-14,18134 Monachil,Sierra Nevada,8.5,0.8,4.7,0.0,0.0,7.0
2019-04-15,18134 Monachil,Sierra Nevada,11.4,0.9,7.5,0.0,0.0,19.2
2019-04-16,18134 Monachil,Sierra Nevada,13.0,-0.2,7.9,0.0,0.0,11.9
2019-04-17,18134 Monachil,Sierra Nevada,12.2,4.2,8.6,1.2,0.0,18.7
2019-04-18,18134 Monachil,Sierra Nevada,5.0,-3.4,0.6,32.9,19.6,9.2
2019-04-19,18134 Monachil,Sierra Nevada,1.0,-6.0,-2.5,1.5,1.05,5.5
2019-04-20,18134 Monachil,Sierra Nevada,1.6,-3.9,-0.7,12.5,8.75,8.3
2019-04-21,18134 Monachil,Sierra Nevada,1.7,-1.1,0.3,6.3,4.34,7.6
2019-04-22,18134 Monachil,Sierra Nevada,1.5,-2.0,-0.2,1.9,1.33,10.5
2019-04-23,18134 Monachil,Sierra Nevada,0.2,-4.6,-2.0,11.3,7.91,17.8
2019-04-24,18134 Monachil,Sierra Nevada,1.2,-7.4,-2.4,0.2,0.14,17.4
2019-04-25,18134 Monachil,Sierra Nevada,3.2,-3.4,1.5,4.1,0.42,20.0
2019-04-26,18134 Monachil,Sierra Nevada,5.7,-2.7,2.1,0.0,0.0,8.9
2019-04-27,18134 Monachil,Sierra Nevada,11.7,2.3,6.6,0.0,0.0,7.2
2019-04-28,18134 Monachil,Sierra Nevada,12.3,6.3,9.3,0.2,0.0,8.6
2019-04-29,18134 Monachil,Sierra Nevada,11.0,4.1,7.5,0.3,0.0,8.0
2019-04-30,18134 Monachil,Sierra Nevada,11.3,3.5,7.8,0.7,0.0,10.0
2019-05-01,18134 Monachil,Sierra Nevada,11.2,4.4,7.6,1.0,0.0,6.4
2019-05-02,18134 Monachil,Sierra Nevada,10.6,4.6,7.1,6.8,0.0,10.6
2019-05-03,18134 Monachil,Sierra Nevada,9.9,4.3,7.1,5.6,0.0,17.1
2019-05-04,18134 Monachil,Sierra Nevada,9.9,1.8,5.9,0.5,0.0,15.0
2019-05-05,18134 Monachil,Sierra Nevada,10.7,3.8,7.2,0.7,0.0,14.8
2019-05-06,18134 Monachil,Sierra Nevada,12.8,4.0,8.5,0.0,0.0,12.8
2019-05-07,18134 Monachil,Sierra Nevada,13.8,5.2,9.4,0.0,0.0,11.7
2019-05-08,18134 Monachil,Sierra Nevada,11.0,4.1,7.9,0.0,0.0,14.9
2019-05-09,18134 Monachil,Sierra Nevada,12.5,5.1,9.1,0.8,0.0,10.5
2019-05-10,18134 Monachil,Sierra Nevada,15.5,8.2,12.2,0.0,0.0,10.1
2019-05-11,18134 Monachil,Sierra Nevada,16.4,8.7,12.1,0.0,0.0,9.4
2019-05-12,18134 Monachil,Sierra Nevada,16.2,9.3,12.8,0.0,0.0,12.8
2019-05-13,18134 Monachil,Sierra Nevada,17.6,8.4,13.2,0.0,0.0,14.0
2019-05-14,18134 Monachil,Sierra Nevada,15.3,8.8,12.7,0.0,0.0,11.2
2019-05-15,18134 Monachil,Sierra Nevada,16.3,9.5,12.7,0.0,0.0,11.5
2019-05-16,18134 Monachil,Sierra Nevada,16.4,6.6,12.2,0.0,0.0,15.5
2019-05-17,18134 Monachil,Sierra Nevada,8.2,0.8,4.7,0.0,0.0,13.9
2019-05-18,18134 Monachil,Sierra Nevada,6.2,-0.7,2.7,0.0,0.0,18.6
2019-05-19,18134 Monachil,Sierra Nevada,7.9,-0.7,3.4,0.0,0.0,16.3
2019-05-20,18134 Monachil,Sierra Nevada,9.9,0.2,5.5,0.4,0.0,13.9
2019-05-21,18134 Monachil,Sierra Nevada,9.9,2.1,6.1,0.4,0.0,12.7
2019-05-22,18134 Monachil,Sierra Nevada,12.2,3.5,7.7,0.5,0.0,7.9
2019-05-23,18134 Monachil,Sierra Nevada,13.8,5.5,10.0,0.6,0.0,8.6
2019-05-24,18134 Monachil,Sierra Nevada,13.2,6.0,9.7,2.9,0.0,11.3
2019-05-25,18134 Monachil,Sierra Nevada,10.1,3.1,6.8,2.9,0.0,15.5
2019-05-26,18134 Monachil,Sierra Nevada,13.7,3.3,8.2,0.0,0.0,18.4
2019-05-27,18134 Monachil,Sierra Nevada,15.0,4.7,10.1,2.8,0.0,15.6
2019-05-28,18134 Monachil,Sierra Nevada,17.2,6.0,11.9,0.4,0.0,16.0
2019-05-29,18134 Monachil,Sierra Nevada,16.4,9.4,12.6,0.0,0.0,16.4
2019-05-30,18134 Monachil,Sierra Nevada,16.1,8.3,12.2,0.0,0.0,12.7
2019-05-31,18134 Monachil,Sierra Nevada,16.0,9.5,12.5,0.0,0.0,7.9
2019-06-01,18134 Monachil,Sierra Nevada,17.1,10.1,13.4,0.0,0.0,11.6
2019-06-02,18134 Monachil,Sierra Nevada,18.1,10.6,14.7,0.0,0.0,9.1
2019-06-03,18134 Monachil,Sierra Nevada,18.1,10.2,14.1,1.1,0.0,6.0
2019-06-04,18134 Monachil,Sierra Nevada,17.4,8.9,13.2,0.0,0.0,14.8
2019-06-05,18134 Monachil,Sierra Nevada,12.3,4.6,7.8,0.0,0.0,13.0
2019-06-06,18134 Monachil,Sierra Nevada,15.0,2.0,8.9,0.0,0.0,9.9
2019-06-07,18134 Monachil,Sierra Nevada,16.5,5.6,11.0,0.0,0.0,11.5
2019-06-08,18134 Monachil,Sierra Nevada,18.0,6.7,13.0,0.2,0.0,9.6
2019-06-09,18134 Monachil,Sierra Nevada,14.8,6.6,11.1,4.8,0.0,11.7
2019-06-10,18134 Monachil,Sierra Nevada,14.3,4.4,9.3,0.0,0.0,10.7
2019-06-11,18134 Monachil,Sierra Nevada,14.4,5.9,9.7,0.0,0.0,13.6
2019-06-12,18134 Monachil,Sierra Nevada,14.7,4.2,9.4,0.0,0.0,7.6
2019-06-13,18134 Monachil,Sierra Nevada,16.4,6.6,12.2,2.5,0.0,9.3
2019-06-14,18134 Monachil,Sierra Nevada,14.8,6.1,10.4,5.8,0.0,13.4
2019-06-15,18134 Monachil,Sierra Nevada,16.6,6.6,12.2,0.0,0.0,10.6
2019-06-16,18134 Monachil,Sierra Nevada,15.0,8.2,11.7,6.9,0.0,7.0
2019-06-17,18134 Monachil,Sierra Nevada,16.8,6.2,12.0,0.0,0.0,7.0
2019-06-18,18134 Monachil,Sierra Nevada,17.7,10.0,13.9,0.0,0.0,13.0
2019-06-19,18134 Monachil,Sierra Nevada,19.4,8.7,14.3,0.0,0.0,11.9
2019-06-20,18134 Monachil,Sierra Nevada,19.0,9.9,14.3,0.0,0.0,10.7
2019-06-21,18134 Monachil,Sierra Nevada,18.3,8.3,13.4,0.0,0.0,7.9
2019-06-22,18134 Monachil,Sierra Nevada,19.6,7.6,14.3,0.4,0.0,5.0
2019-06-23,18134 Monachil,Sierra Nevada,23.0,9.9,17.3,0.0,0.0,9.6
2019-06-24,18134 Monachil,Sierra Nevada,22.5,12.2,17.9,0.5,0.0,10.3
2019-06-25,18134 Monachil,Sierra Nevada,23.8,12.9,18.8,0.0,0.0,10.4
2019-06-26,18134 Monachil,Sierra Nevada,24.9,13.8,20.5,0.0,0.0,12.5
2019-06-27,18134 Monachil,Sierra Nevada,24.6,15.2,20.7,0.0,0.0,17.7
2019-06-28,18134 Monachil,Sierra Nevada,24.9,16.1,21.2,0.0,0.0,17.1
2019-06-29,18134 Monachil,Sierra Nevada,25.7,19.0,22.7,0.0,0.0,9.2
2019-06-30,18134 Monachil,Sierra Nevada,23.5,14.2,20.0,0.4,0.0,9.8
2019-07-01,18134 Monachil,Sierra Nevada,21.0,11.4,16.8,0.2,0.0,10.1
2019-07-02,18134 Monachil,Sierra Nevada,19.0,10.5,15.3,0.4,0.0,9.0
2019-07-03,18134 Monachil,Sierra Nevada,20.8,10.5,16.5,0.0,0.0,8.9
2019-07-04,18134 Monachil,Sierra Nevada,21.3,11.7,17.3,2.0,0.0,9.3
2019-07-05,18134 Monachil,Sierra Nevada,22.9,12.4,18.6,0.5,0.0,19.1
2019-07-06,18134 Monachil,Sierra Nevada,21.0,14.2,18.2,2.1,0.0,21.9
2019-07-07,18134 Monachil,Sierra Nevada,20.2,12.6,17.0,14.1,0.0,19.2
2019-07-08,18134 Monachil,Sierra Nevada,18.1,8.8,13.3,6.7,0.0,16.8
2019-07-09,18134 Monachil,Sierra Nevada,18.2,7.5,12.8,0.0,0.0,8.6
2019-07-10,18134 Monachil,Sierra Nevada,21.6,8.6,15.5,0.0,0.0,8.3
2019-07-11,18134 Monachil,Sierra Nevada,25.4,14.4,20.9,0.4,0.0,8.7
2019-07-12,18134 Monachil,Sierra Nevada,26.5,15.9,22.0,0.7,0.0,11.5
2019-07-13,18134 Monachil,Sierra Nevada,23.8,14.9,19.4,2.3,0.0,14.7
2019-07-14,18134 Monachil,Sierra Nevada,20.6,11.4,16.1,0.0,0.0,12.5
2019-07-15,18134 Monachil,Sierra Nevada,20.7,11.3,16.2,3.3,0.0,14.3
2019-07-16,18134 Monachil,Sierra Nevada,22.1,10.8,17.3,0.0,0.0,10.1
2019-07-17,18134 Monachil,Sierra Nevada,20.4,12.8,17.0,0.0,0.0,10.7
2019-07-18,18134 Monachil,Sierra Nevada,21.5,9.8,15.8,0.0,0.0,7.8
2019-07-19,18134 Monachil,Sierra Nevada,23.1,13.8,18.4,4.4,0.0,9.4
2019-07-20,18134 Monachil,Sierra Nevada,24.0,16.6,20.1,0.4,0.0,10.0
2019-07-21,18134 Monachil,Sierra Nevada,23.4,14.0,19.7,2.3,0.0,7.8
2019-07-22,18134 Monachil,Sierra Nevada,23.4,15.8,19.5,1.0,0.0,11.3
2019-07-23,18134 Monachil,Sierra Nevada,22.6,14.5,18.5,2.1,0.0,13.1
2019-07-24,18134 Monachil,Sierra Nevada,22.7,12.7,18.4,0.0,0.0,11.0
2019-07-25,18134 Monachil,Sierra Nevada,22.1,12.6,18.1,0.0,0.0,10.7
2019-07-26,18134 Monachil,Sierra Nevada,19.5,12.0,15.6,0.0,0.0,14.3
2019-07-27,18134 Monachil,Sierra Nevada,18.1,11.0,14.1,0.0,0.0,12.5
2019-07-28,18134 Monachil,Sierra Nevada,20.4,8.4,14.6,0.0,0.0,8.7
2019-07-29,18134 Monachil,Sierra Nevada,21.5,11.6,16.4,0.0,0.0,8.3
2019-07-30,18134 Monachil,Sierra Nevada,23.2,10.2,16.9,0.0,0.0,9.1
2019-07-31,18134 Monachil,Sierra Nevada,23.7,14.5,19.5,0.4,0.0,11.8
2019-08-01,18134 Monachil,Sierra Nevada,23.9,16.1,20.1,0.3,0.0,12.6
2019-08-02,18134 Monachil,Sierra Nevada,23.8,12.9,19.2,0.6,0.0,10.3
2019-08-03,18134 Monachil,Sierra Nevada,24.2,15.1,19.5,0.9,0.0,14.3
2019-08-04,18134 Monachil,Sierra Nevada,23.6,13.6,18.5,0.1,0.0,14.0
2019-08-05,18134 Monachil,Sierra Nevada,24.2,12.7,18.6,0.0,0.0,15.8
2019-08-06,18134 Monachil,Sierra Nevada,24.8,13.1,19.1,2.1,0.0,19.9
2019-08-07,18134 Monachil,Sierra Nevada,25.0,14.8,19.9,0.0,0.0,18.1
2019-08-08,18134 Monachil,Sierra Nevada,24.7,15.2,20.2,0.0,0.0,17.3
2019-08-09,18134 Monachil,Sierra Nevada,24.9,14.9,19.9,0.0,0.0,18.4
2019-08-10,18134 Monachil,Sierra Nevada,24.0,16.1,20.1,1.2,0.0,14.8
2019-08-11,18134 Monachil,Sierra Nevada,22.5,14.3,18.3,1.0,0.0,13.8
2019-08-12,18134 Monachil,Sierra Nevada,20.0,12.0,16.2,0.0,0.0,11.8
2019-08-13,18134 Monachil,Sierra Nevada,20.0,9.4,15.2,0.0,0.0,11.2
2019-08-14,18134 Monachil,Sierra Nevada,21.2,13.0,16.9,0.0,0.0,10.7
2019-08-15,18134 Monachil,Sierra Nevada,22.2,13.7,17.5,0.0,0.0,9.3
2019-08-16,18134 Monachil,Sierra Nevada,21.8,13.0,17.7,0.9,0.0,7.8
2019-08-17,18134 Monachil,Sierra Nevada,22.3,12.4,17.7,0.2,0.0,9.0
2019-08-18,18134 Monachil,Sierra Nevada,22.4,14.3,18.0,0.0,0.0,10.7
2019-08-19,18134 Monachil,Sierra Nevada,23.6,12.2,17.9,0.0,0.0,9.6
2019-08-20,18134 Monachil,Sierra Nevada,21.9,12.7,17.1,0.0,0.0,10.1
2019-08-21,18134 Monachil,Sierra Nevada,19.7,13.0,15.8,2.3,0.0,9.4
2019-08-22,18134 Monachil,Sierra Nevada,20.4,12.2,16.0,0.0,0.0,8.0
2019-08-23,18134 Monachil,Sierra Nevada,22.1,13.8,17.5,0.2,0.0,9.7
2019-08-24,18134 Monachil,Sierra Nevada,21.2,13.8,17.4,0.0,0.0,8.8
2019-08-25,18134 Monachil,Sierra Nevada,20.6,14.0,16.8,0.0,0.0,6.9
2019-08-26,18134 Monachil,Sierra Nevada,18.5,11.6,14.4,6.4,0.0,10.5
2019-08-27,18134 Monachil,Sierra Nevada,17.1,8.6,12.5,0.2,0.0,12.5
2019-08-28,18134 Monachil,Sierra Nevada,19.7,7.5,13.8,0.0,0.0,9.2
2019-08-29,18134 Monachil,Sierra Nevada,19.2,9.8,14.4,2.2,0.0,7.1
2019-08-30,18134 Monachil,Sierra Nevada,17.9,10.7,14.6,1.4,0.0,10.4
2019-08-31,18134 Monachil,Sierra Nevada,17.4,9.4,13.6,2.6,0.0,12.3
2019-09-01,18134 Monachil,Sierra Nevada,17.4,10.5,14.2,2.3,0.0,7.0
2019-09-02,18134 Monachil,Sierra Nevada,18.6,10.1,14.1,3.3,0.0,6.8
2019-09-03,18134 Monachil,Sierra Nevada,17.1,11.1,14.0,2.0,0.0,8.0
2019-09-04,18134 Monachil,Sierra Nevada,16.5,9.4,12.6,11.5,0.0,7.0
2019-09-05,18134 Monachil,Sierra Nevada,17.4,10.0,13.7,3.5,0.0,14.8
2019-09-06,18134 Monachil,Sierra Nevada,16.6,10.7,13.3,2.4,0.0,10.0
2019-09-07,18134 Monachil,Sierra Nevada,14.4,10.6,12.3,2.3,0.0,8.8
2019-09-08,18134 Monachil,Sierra Nevada,12.2,8.6,10.3,4.6,0.0,7.6
2019-09-09,18134 Monachil,Sierra Nevada,12.4,8.0,9.6,9.1,0.0,7.8
2019-09-10,18134 Monachil,Sierra Nevada,10.2,4.7,7.5,0.1,0.0,22.1
2019-09-11,18134 Monachil,Sierra Nevada,7.0,0.1,3.6,2.7,0.21,14.9
2019-09-12,18134 Monachil,Sierra Nevada,9.3,1.3,6.2,12.9,0.7,13.7
2019-09-13,18134 Monachil,Sierra Nevada,10.9,5.8,8.2,8.9,0.0,12.4
2019-09-14,18134 Monachil,Sierra Nevada,15.4,8.7,11.9,9.2,0.0,12.8
2019-09-15,18134 Monachil,Sierra Nevada,17.0,8.5,12.6,0.0,0.0,14.4
2019-09-16,18134 Monachil,Sierra Nevada,16.5,6.2,11.3,0.0,0.0,8.7
2019-09-17,18134 Monachil,Sierra Nevada,16.8,7.9,11.9,8.9,0.0,13.1
2019-09-18,18134 Monachil,Sierra Nevada,17.1,5.8,11.4,0.0,0.0,10.0
2019-09-19,18134 Monachil,Sierra Nevada,16.4,6.8,11.8,0.0,0.0,9.8
2019-09-20,18134 Monachil,Sierra Nevada,16.0,9.5,12.9,1.4,0.0,12.7
2019-09-21,18134 Monachil,Sierra Nevada,14.4,7.8,11.2,0.6,0.0,9.4
2019-09-22,18134 Monachil,Sierra Nevada,14.5,8.6,11.4,0.7,0.0,10.9
2019-09-23,18134 Monachil,Sierra Nevada,17.3,8.7,13.2,0.0,0.0,9.3
2019-09-24,18134 Monachil,Sierra Nevada,19.0,10.4,15.4,0.0,0.0,7.6
2019-09-25,18134 Monachil,Sierra Nevada,18.2,9.9,14.1,0.0,0.0,10.4
2019-09-26,18134 Monachil,Sierra Nevada,18.7,8.8,14.2,0.0,0.0,9.1
2019-09-27,18134 Monachil,Sierra Nevada,19.5,11.1,15.3,0.0,0.0,14.2
2019-09-28,18134 Monachil,Sierra Nevada,19.2,10.9,14.8,0.0,0.0,12.6
2019-09-29,18134 Monachil,Sierra Nevada,18.8,9.7,14.9,0.0,0.0,14.0
2019-09-30,18134 Monachil,Sierra Nevada,19.0,9.6,14.0,0.0,0.0,11.7
2019-10-01,18134 Monachil,Sierra Nevada,16.2,7.7,12.1,0.0,0.0,15.5
2019-10-02,18134 Monachil,Sierra Nevada,16.3,8.1,11.5,0.0,0.0,15.0
2019-10-03,18134 Monachil,Sierra Nevada,16.6,7.4,11.7,0.0,0.0,10.9
2019-10-04,18134 Monachil,Sierra Nevada,17.5,9.7,12.9,0.0,0.0,9.2
2019-10-05,18134 Monachil,Sierra Nevada,17.9,10.7,13.6,0.0,0.0,10.0
2019-10-06,18134 Monachil,Sierra Nevada,17.7,9.4,13.0,0.0,0.0,11.0
2019-10-07,18134 Monachil,Sierra Nevada,18.9,9.9,13.9,0.0,0.0,10.6
2019-10-08,18134 Monachil,Sierra Nevada,18.6,11.7,14.7,0.0,0.0,9.9
2019-10-09,18134 Monachil,Sierra Nevada,18.7,10.1,14.7,0.0,0.0,10.1
2019-10-10,18134 Monachil,Sierra Nevada,17.6,10.3,13.8,1.7,0.0,6.8
2019-10-11,18134 Monachil,Sierra Nevada,17.5,10.7,14.2,0.0,0.0,8.7
2019-10-12,18134 Monachil,Sierra Nevada,15.3,9.7,12.3,0.0,0.0,7.5
2019-10-13,18134 Monachil,Sierra Nevada,15.7,8.3,11.5,0.0,0.0,17.7
2019-10-14,18134 Monachil,Sierra Nevada,12.0,3.2,8.1,4.0,0.07,19.0
2019-10-15,18134 Monachil,Sierra Nevada,10.1,1.3,5.4,0.3,0.0,10.8
2019-10-16,18134 Monachil,Sierra Nevada,12.7,4.4,7.9,0.0,0.0,5.4
2019-10-17,18134 Monachil,Sierra Nevada,14.0,6.2,9.8,0.0,0.0,6.3
2019-10-18,18134 Monachil,Sierra Nevada,14.7,6.8,10.1,0.0,0.0,8.7
2019-10-19,18134 Monachil,Sierra Nevada,12.4,4.0,8.0,0.0,0.0,15.6
2019-10-20,18134 Monachil,Sierra Nevada,6.9,-1.5,3.8,14.0,0.14,23.3
2019-10-21,18134 Monachil,Sierra Nevada,5.7,-4.5,0.4,0.0,0.0,7.7
2019-10-22,18134 Monachil,Sierra Nevada,2.8,-1.6,0.4,7.1,4.83,9.3
2019-10-23,18134 Monachil,Sierra Nevada,-0.6,-4.0,-2.0,13.7,9.52,12.7
2019-10-24,18134 Monachil,Sierra Nevada,7.4,-1.8,2.4,2.3,1.61,15.0
2019-10-25,18134 Monachil,Sierra Nevada,11.7,5.5,8.7,0.0,0.0,5.7
2019-10-26,18134 Monachil,Sierra Nevada,11.5,7.0,8.4,0.0,0.0,8.7
2019-10-27,18134 Monachil,Sierra Nevada,13.1,6.7,8.8,0.0,0.0,9.2
2019-10-28,18134 Monachil,Sierra Nevada,12.3,5.8,9.1,0.0,0.0,7.0
2019-10-29,18134 Monachil,Sierra Nevada,11.1,4.0,7.2,0.0,0.0,8.6
2019-10-30,18134 Monachil,Sierra Nevada,11.5,3.3,6.6,0.0,0.0,9.3
2019-10-31,18134 Monachil,Sierra Nevada,11.5,5.4,8.0,0.0,0.0,10.8
2019-11-01,18134 Monachil,Sierra Nevada,11.6,5.7,8.0,6.0,0.0,17.1
2019-11-02,18134 Monachil,Sierra Nevada,7.1,4.2,5.7,16.0,0.0,17.7
2019-11-03,18134 Monachil,Sierra Nevada,5.2,2.2,4.3,8.8,0.0,24.1
2019-11-04,18134 Monachil,Sierra Nevada,10.3,2.7,5.6,0.0,0.0,15.8
2019-11-05,18134 Monachil,Sierra Nevada,3.4,-2.0,0.8,5.9,1.89,21.0
2019-11-06,18134 Monachil,Sierra Nevada,5.3,-3.7,0.3,0.2,0.14,12.8
2019-11-07,18134 Monachil,Sierra Nevada,4.5,-3.2,0.9,3.0,0.14,13.5
2019-11-08,18134 Monachil,Sierra Nevada,-2.0,-6.7,-4.4,0.0,0.0,16.5
2019-11-09,18134 Monachil,Sierra Nevada,6.0,-6.2,0.3,0.0,0.0,10.2
2019-11-10,18134 Monachil,Sierra Nevada,1.5,-5.7,-2.4,3.6,2.24,19.1
2019-11-11,18134 Monachil,Sierra Nevada,1.9,-5.7,-1.6,0.2,0.07,18.3
2019-11-12,18134 Monachil,Sierra Nevada,4.3,-3.5,0.2,0.0,0.0,10.1
2019-11-13,18134 Monachil,Sierra Nevada,4.8,-1.1,1.6,2.4,0.0,19.6
2019-11-14,18134 Monachil,Sierra Nevada,3.3,-6.3,-1.5,12.7,8.82,23.0
2019-11-15,18134 Monachil,Sierra Nevada,-5.6,-10.8,-7.2,0.2,0.14,14.8
2019-11-16,18134 Monachil,Sierra Nevada,-4.2,-10.1,-7.4,0.4,0.28,11.0
2019-11-17,18134 Monachil,Sierra Nevada,0.8,-7.8,-2.5,2.4,1.68,19.1
2019-11-18,18134 Monachil,Sierra Nevada,0.9,-7.3,-2.7,24.7,16.59,19.8
2019-11-19,18134 Monachil,Sierra Nevada,-1.2,-8.4,-5.5,0.0,0.0,2.5
2019-11-20,18134 Monachil,Sierra Nevada,-1.2,-7.6,-3.8,5.2,3.57,9.4
2019-11-21,18134 Monachil,Sierra Nevada,0.9,-4.5,-1.1,21.6,14.63,9.9
2019-11-22,18134 Monachil,Sierra Nevada,3.6,0.3,2.1,37.1,7.14,18.8
2019-11-23,18134 Monachil,Sierra Nevada,1.1,-5.2,-3.1,8.3,5.39,17.7
2019-11-24,18134 Monachil,Sierra Nevada,2.8,-5.5,-1.2,0.0,0.0,7.9
2019-11-25,18134 Monachil,Sierra Nevada,5.8,2.4,3.5,1.2,0.0,8.7
2019-11-26,18134 Monachil,Sierra Nevada,9.1,3.7,6.0,0.0,0.0,7.2
2019-11-27,18134 Monachil,Sierra Nevada,4.3,-0.4,2.8,0.9,0.0,12.7
2019-11-28,18134 Monachil,Sierra Nevada,8.7,2.8,6.3,0.0,0.0,6.1
2019-11-29,18134 Monachil,Sierra Nevada,10.0,6.2,8.2,0.0,0.0,6.4
2019-11-30,18134 Monachil,Sierra Nevada,9.6,3.8,7.6,0.0,0.0,8.7
2019-12-01,18134 Monachil,Sierra Nevada,3.0,-1.9,0.4,2.5,1.54,10.0
2019-12-02,18134 Monachil,Sierra Nevada,1.0,-4.5,-1.8,0.0,0.0,6.0
2019-12-03,18134 Monachil,Sierra Nevada,0.6,-2.6,-1.0,13.0,9.1,7.2
2019-12-04,18134 Monachil,Sierra Nevada,0.5,-4.5,-1.8,0.1,0.07,6.8
2019-12-05,18134 Monachil,Sierra Nevada,0.6,-5.8,-2.5,0.0,0.0,6.1
2019-12-06,18134 Monachil,Sierra Nevada,2.8,-1.9,0.4,0.1,0.0,5.1
2019-12-07,18134 Monachil,Sierra Nevada,1.2,-2.0,-0.7,0.7,0.49,4.8
2019-12-08,18134 Monachil,Sierra Nevada,3.7,-3.3,0.3,0.0,0.0,6.5
2019-12-09,18134 Monachil,Sierra Nevada,8.0,0.8,4.3,0.0,0.0,6.6
2019-12-10,18134 Monachil,Sierra Nevada,7.6,1.0,5.1,0.0,0.0,4.3
2019-12-11,18134 Monachil,Sierra Nevada,5.4,-3.3,2.4,0.0,0.0,11.1
2019-12-12,18134 Monachil,Sierra Nevada,3.1,-4.0,-0.1,0.1,0.0,15.6
2019-12-13,18134 Monachil,Sierra Nevada,4.2,-0.1,2.2,2.6,0.49,17.1
2019-12-14,18134 Monachil,Sierra Nevada,12.7,6.1,10.8,0.0,0.0,11.6
2019-12-15,18134 Monachil,Sierra Nevada,11.9,-0.5,5.4,0.0,0.0,16.9
2019-12-16,18134 Monachil,Sierra Nevada,4.1,-2.4,0.8,0.0,0.0,16.6
2019-12-17,18134 Monachil,Sierra Nevada,-0.6,-4.8,-2.6,7.7,5.39,12.1
2019-12-18,18134 Monachil,Sierra Nevada,2.6,-4.9,-1.0,0.0,0.0,11.6
2019-12-19,18134 Monachil,Sierra Nevada,3.1,-2.4,1.6,1.5,0.0,22.9
2019-12-20,18134 Monachil,Sierra Nevada,4.9,2.8,4.2,68.2,0.0,28.4
2019-12-21,18134 Monachil,Sierra Nevada,5.2,2.2,4.2,42.5,0.0,29.9
2019-12-22,18134 Monachil,Sierra Nevada,4.8,-1.1,1.3,0.0,0.0,23.5
2019-12-23,18134 Monachil,Sierra Nevada,9.9,-2.2,6.2,0.0,0.0,17.5
2019-12-24,18134 Monachil,Sierra Nevada,12.8,6.5,9.3,0.0,0.0,5.5
2019-12-25,18134 Monachil,Sierra Nevada,12.5,7.1,9.1,0.0,0.0,8.8
2019-12-26,18134 Monachil,Sierra Nevada,10.9,4.6,7.5,0.0,0.0,7.6
2019-12-27,18134 Monachil,Sierra Nevada,11.2,6.2,8.7,0.0,0.0,6.6
2019-12-28,18134 Monachil,Sierra Nevada,11.9,7.0,8.9,0.0,0.0,6.6
2019-12-29,18134 Monachil,Sierra Nevada,11.1,6.1,8.4,0.0,0.0,9.8
2019-12-30,18134 Monachil,Sierra Nevada,10.2,2.2,7.9,0.0,0.0,10.1
2019-12-31,18134 Monachil,Sierra Nevada,10.7,7.0,8.7,0.0,0.0,9.7
2020-01-01,18134 Monachil,Sierra Nevada,11.1,7.2,8.8,0.0,0.0,4.7
2020-01-02,18134 Monachil,Sierra Nevada,10.4,6.7,8.1,0.0,0.0,6.1
2020-01-03,18134 Monachil,Sierra Nevada,9.6,3.0,7.4,0.0,0.0,8.4
2020-01-04,18134 Monachil,Sierra Nevada,7.0,1.5,5.4,0.0,0.0,8.4
2020-01-05,18134 Monachil,Sierra Nevada,7.8,3.1,5.1,0.0,0.0,8.4
2020-01-06,18134 Monachil,Sierra Nevada,7.2,1.5,4.3,0.0,0.0,8.1
2020-01-07,18134 Monachil,Sierra Nevada,8.6,2.3,4.8,0.0,0.0,8.7
2020-01-08,18134 Monachil,Sierra Nevada,9.7,3.3,6.0,0.0,0.0,8.2
2020-01-09,18134 Monachil,Sierra Nevada,6.8,-0.2,3.2,0.0,0.0,10.7
2020-01-10,18134 Monachil,Sierra Nevada,3.8,-3.2,1.3,0.0,0.0,10.6
2020-01-11,18134 Monachil,Sierra Nevada,0.1,-5.8,-3.3,0.0,0.0,6.5
2020-01-12,18134 Monachil,Sierra Nevada,4.4,-5.8,-1.0,0.0,0.0,8.5
2020-01-13,18134 Monachil,Sierra Nevada,8.9,1.1,4.7,0.0,0.0,6.6
2020-01-14,18134 Monachil,Sierra Nevada,10.5,3.5,6.3,0.0,0.0,10.8
2020-01-15,18134 Monachil,Sierra Nevada,4.9,-2.8,1.8,0.0,0.0,11.1
2020-01-16,18134 Monachil,Sierra Nevada,4.1,-2.8,-0.3,0.0,0.0,6.2
2020-01-17,18134 Monachil,Sierra Nevada,5.5,-1.0,2.0,0.2,0.14,10.7
2020-01-18,18134 Monachil,Sierra Nevada,3.1,0.7,2.1,10.7,4.62,16.5
2020-01-19,18134 Monachil,Sierra Nevada,3.3,-6.6,-3.5,6.5,4.13,19.2
2020-01-20,18134 Monachil,Sierra Nevada,-3.7,-7.1,-5.6,13.2,9.24,21.8
2020-01-21,18134 Monachil,Sierra Nevada,-2.9,-5.0,-3.8,9.3,6.51,11.8
2020-01-22,18134 Monachil,Sierra Nevada,-2.5,-6.7,-4.4,0.6,0.42,10.3
2020-01-23,18134 Monachil,Sierra Nevada,-2.5,-5.7,-4.3,0.0,0.0,8.3
2020-01-24,18134 Monachil,Sierra Nevada,-1.6,-5.8,-3.6,4.5,3.15,10.5
2020-01-25,18134 Monachil,Sierra Nevada,-2.3,-4.4,-3.1,19.8,13.86,11.8
2020-01-26,18134 Monachil,Sierra Nevada,-2.0,-5.1,-3.6,0.7,0.49,4.9
2020-01-27,18134 Monachil,Sierra Nevada,2.4,-3.6,-0.2,0.0,0.0,5.8
2020-01-28,18134 Monachil,Sierra Nevada,3.6,-0.8,1.7,0.0,0.0,4.7
2020-01-29,18134 Monachil,Sierra Nevada,5.7,1.8,3.2,0.0,0.0,7.3
2020-01-30,18134 Monachil,Sierra Nevada,6.6,1.9,4.6,0.0,0.0,6.5
2020-01-31,18134 Monachil,Sierra Nevada,5.5,1.4,3.8,0.0,0.0,6.2
2020-02-01,18134 Monachil,Sierra Nevada,6.9,1.5,4.0,0.0,0.0,6.8
2020-02-02,18134 Monachil,Sierra Nevada,10.1,4.4,7.1,0.0,0.0,4.4
2020-02-03,18134 Monachil,Sierra Nevada,12.6,6.6,9.5,0.0,0.0,3.6
2020-02-04,18134 Monachil,Sierra Nevada,13.1,6.2,10.5,0.0,0.0,4.1
2020-02-05,18134 Monachil,Sierra Nevada,9.4,4.6,6.8,0.0,0.0,9.1
2020-02-06,18134 Monachil,Sierra Nevada,8.9,6.3,7.7,0.0,0.0,8.6
2020-02-07,18134 Monachil,Sierra Nevada,9.1,-1.4,4.2,0.0,0.0,14.6
2020-02-08,18134 Monachil,Sierra Nevada,2.3,-1.9,-0.2,0.0,0.0,8.3
2020-02-09,18134 Monachil,Sierra Nevada,4.0,-3.4,-0.2,0.0,0.0,6.8
2020-02-10,18134 Monachil,Sierra Nevada,9.3,-2.1,4.3,0.0,0.0,7.2
2020-02-11,18134 Monachil,Sierra Nevada,10.0,3.2,7.2,0.0,0.0,3.8
2020-02-12,18134 Monachil,Sierra Nevada,7.9,2.5,4.9,0.0,0.0,9.1
2020-02-13,18134 Monachil,Sierra Nevada,6.6,0.8,3.5,0.0,0.0,10.0
2020-02-14,18134 Monachil,Sierra Nevada,9.9,2.1,6.0,0.0,0.0,7.4
2020-02-15,18134 Monachil,Sierra Nevada,9.7,2.6,6.5,0.0,0.0,6.3
2020-02-16,18134 Monachil,Sierra Nevada,11.2,4.8,7.7,0.0,0.0,9.7
2020-02-17,18134 Monachil,Sierra Nevada,11.0,2.2,7.4,0.0,0.0,8.8
2020-02-18,18134 Monachil,Sierra Nevada,7.8,1.2,4.4,0.3,0.0,10.5
2020-02-19,18134 Monachil,Sierra Nevada,6.7,0.6,3.1,0.0,0.0,8.4
2020-02-20,18134 Monachil,Sierra Nevada,8.6,1.5,4.8,0.9,0.07,6.1
2020-02-21,18134 Monachil,Sierra Nevada,8.1,3.5,5.3,1.5,0.35,8.0
2020-02-22,18134 Monachil,Sierra Nevada,9.7,4.2,6.6,0.0,0.0,7.3
2020-02-23,18134 Monachil,Sierra Nevada,10.1,3.5,7.3,0.0,0.0,7.1
2020-02-24,18134 Monachil,Sierra Nevada,9.6,0.2,5.2,0.0,0.0,7.9
2020-02-25,18134 Monachil,Sierra Nevada,7.3,0.9,3.6,0.0,0.0,12.3
2020-02-26,18134 Monachil,Sierra Nevada,8.0,0.2,3.6,0.0,0.0,10.6
2020-02-27,18134 Monachil,Sierra Nevada,11.1,3.5,7.0,0.0,0.0,11.1
2020-02-28,18134 Monachil,Sierra Nevada,10.4,3.6,7.0,0.0,0.0,13.8
2020-02-29,18134 Monachil,Sierra Nevada,7.2,-0.6,3.1,0.0,0.0,16.0
2020-03-01,18134 Monachil,Sierra Nevada,5.0,-0.3,2.1,0.3,0.07,15.3
2020-03-02,18134 Monachil,Sierra Nevada,2.5,-2.9,0.4,16.3,10.15,24.2
2020-03-03,18134 Monachil,Sierra Nevada,4.6,-6.8,-0.8,0.0,0.0,21.0
2020-03-04,18134 Monachil,Sierra Nevada,12.1,-0.3,7.1,0.0,0.0,15.5
2020-03-05,18134 Monachil,Sierra Nevada,11.0,-2.2,5.6,0.2,0.0,16.8
2020-03-06,18134 Monachil,Sierra Nevada,2.2,-4.7,-1.9,0.0,0.0,14.3
2020-03-07,18134 Monachil,Sierra Nevada,5.1,-4.8,-0.4,0.0,0.0,11.3
2020-03-08,18134 Monachil,Sierra Nevada,8.8,-2.3,4.5,0.1,0.07,10.2
2020-03-09,18134 Monachil,Sierra Nevada,9.6,-0.6,4.1,0.1,0.07,12.1
2020-03-10,18134 Monachil,Sierra Nevada,13.1,0.9,7.3,0.0,0.0,13.6
2020-03-11,18134 Monachil,Sierra Nevada,14.6,8.3,11.2,0.0,0.0,7.4
2020-03-12,18134 Monachil,Sierra Nevada,12.5,5.5,9.6,2.0,0.0,6.4
2020-03-13,18134 Monachil,Sierra Nevada,10.0,3.2,7.2,1.8,0.21,6.6
2020-03-14,18134 Monachil,Sierra Nevada,9.6,2.7,6.1,0.2,0.0,7.5
2020-03-15,18134 Monachil,Sierra Nevada,6.5,1.6,3.4,12.7,6.93,5.8
2020-03-16,18134 Monachil,Sierra Nevada,1.7,-5.5,-1.1,1.7,1.12,16.1
2020-03-17,18134 Monachil,Sierra Nevada,2.7,-6.9,-2.0,3.1,2.1,12.8
2020-03-18,18134 Monachil,Sierra Nevada,6.9,-0.7,2.9,0.2,0.0,14.3
2020-03-19,18134 Monachil,Sierra Nevada,7.5,1.0,3.9,4.8,0.56,9.2
2020-03-20,18134 Monachil,Sierra Nevada,4.9,0.6,3.3,9.0,5.74,7.3
2020-03-21,18134 Monachil,Sierra Nevada,0.3,-3.0,-1.2,20.5,14.35,11.4
2020-03-22,18134 Monachil,Sierra Nevada,-1.3,-5.2,-3.4,7.3,5.11,5.4
2020-03-23,18134 Monachil,Sierra Nevada,-0.5,-6.5,-3.4,7.5,5.25,6.5
2020-03-24,18134 Monachil,Sierra Nevada,0.9,-3.0,-0.8,3.1,2.17,6.2
2020-03-25,18134 Monachil,Sierra Nevada,-0.1,-3.0,-1.1,6.4,4.41,8.7
2020-03-26,18134 Monachil,Sierra Nevada,0.8,-3.1,-0.8,3.2,2.17,11.3
2020-03-27,18134 Monachil,Sierra Nevada,0.9,-2.9,-1.0,0.0,0.0,9.3
2020-03-28,18134 Monachil,Sierra Nevada,1.5,-4.4,-1.8,0.3,0.14,9.9
2020-03-29,18134 Monachil,Sierra Nevada,3.6,-4.5,-0.5,0.0,0.0,8.0
2020-03-30,18134 Monachil,Sierra Nevada,2.9,-4.0,-0.5,2.1,1.54,8.2
2020-03-31,18134 Monachil,Sierra Nevada,0.5,-1.7,-0.6,26.3,18.2,8.9
2020-04-01,18134 Monachil,Sierra Nevada,0.5,-3.5,-1.5,0.5,0.35,9.0
2020-04-02,18134 Monachil,Sierra Nevada,-1.8,-6.1,-3.8,12.8,8.89,10.3
2020-04-03,18134 Monachil,Sierra Nevada,2.3,-4.1,-1.1,0.1,0.07,10.6
2020-04-04,18134 Monachil,Sierra Nevada,3.9,-2.4,0.7,2.1,1.47,6.6
2020-04-05,18134 Monachil,Sierra Nevada,5.1,1.4,3.8,0.0,0.0,8.6
2020-04-06,18134 Monachil,Sierra Nevada,6.1,1.2,4.0,0.6,0.0,6.0
2020-04-07,18134 Monachil,Sierra Nevada,7.4,2.6,4.8,1.0,0.0,5.4
2020-04-08,18134 Monachil,Sierra Nevada,8.9,3.1,5.4,0.0,0.0,7.9
2020-04-09,18134 Monachil,Sierra Nevada,7.1,4.2,5.4,24.3,1.89,3.6
2020-04-10,18134 Monachil,Sierra Nevada,5.3,2.9,4.0,8.4,0.84,8.8
2020-04-11,18134 Monachil,Sierra Nevada,7.7,0.8,4.4,4.4,0.14,6.2
2020-04-12,18134 Monachil,Sierra Nevada,9.1,3.2,5.8,7.6,0.42,7.0
2020-04-13,18134 Monachil,Sierra Nevada,6.5,-0.3,3.9,7.9,1.12,8.8
2020-04-14,18134 Monachil,Sierra Nevada,6.0,-2.5,2.0,4.1,2.59,10.7
2020-04-15,18134 Monachil,Sierra Nevada,5.3,-0.7,2.8,4.6,1.82,13.7
2020-04-16,18134 Monachil,Sierra Nevada,9.5,-0.9,5.0,0.0,0.0,14.1
2020-04-17,18134 Monachil,Sierra Nevada,9.5,4.2,6.5,11.4,0.56,14.5
2020-04-18,18134 Monachil,Sierra Nevada,9.5,3.5,6.6,7.1,0.0,9.7
2020-04-19,18134 Monachil,Sierra Nevada,5.8,1.6,3.8,8.0,0.91,11.5
2020-04-20,18134 Monachil,Sierra Nevada,5.4,-0.4,2.2,0.2,0.14,11.0
2020-04-21,18134 Monachil,Sierra Nevada,1.6,-3.2,-0.6,9.6,6.65,15.0
2020-04-22,18134 Monachil,Sierra Nevada,7.3,-0.5,3.2,1.7,0.14,16.5
2020-04-23,18134 Monachil,Sierra Nevada,8.1,1.3,5.0,2.7,0.0,6.2
2020-04-24,18134 Monachil,Sierra Nevada,9.5,5.4,7.3,1.5,0.0,7.9
2020-04-25,18134 Monachil,Sierra Nevada,5.9,3.0,4.4,11.4,1.33,10.9
2020-04-26,18134 Monachil,Sierra Nevada,7.6,2.7,4.8,6.9,0.28,8.5
2020-04-27,18134 Monachil,Sierra Nevada,5.6,0.2,3.0,2.7,1.19,15.9
2020-04-28,18134 Monachil,Sierra Nevada,5.8,-0.3,3.0,1.8,0.77,13.0
2020-04-29,18134 Monachil,Sierra Nevada,9.0,-1.2,3.7,0.0,0.0,11.2
2020-04-30,18134 Monachil,Sierra Nevada,11.3,3.1,6.8,0.0,0.0,12.8
2020-05-01,18134 Monachil,Sierra Nevada,13.1,6.0,9.6,0.0,0.0,9.2
2020-05-02,18134 Monachil,Sierra Nevada,15.8,8.5,12.2,0.0,0.0,7.4
2020-05-03,18134 Monachil,Sierra Nevada,18.6,9.6,14.0,0.0,0.0,9.5
2020-05-04,18134 Monachil,Sierra Nevada,18.3,10.6,15.2,0.6,0.0,15.3
2020-05-05,18134 Monachil,Sierra Nevada,16.2,8.7,12.7,1.9,0.0,15.5
2020-05-06,18134 Monachil,Sierra Nevada,18.0,7.9,13.1,0.0,0.0,15.6
2020-05-07,18134 Monachil,Sierra Nevada,16.9,10.6,13.6,0.1,0.0,9.7
2020-05-08,18134 Monachil,Sierra Nevada,15.0,8.3,12.5,5.4,0.0,11.9
2020-05-09,18134 Monachil,Sierra Nevada,11.5,3.6,8.5,0.3,0.0,13.0
2020-05-10,18134 Monachil,Sierra Nevada,4.3,-0.1,2.2,5.4,2.59,15.6
2020-05-11,18134 Monachil,Sierra Nevada,9.0,0.7,4.7,0.0,0.0,16.6
2020-05-12,18134 Monachil,Sierra Nevada,4.7,-2.0,1.5,21.2,14.7,10.7
2020-05-13,18134 Monachil,Sierra Nevada,4.9,-1.3,2.0,0.3,0.14,9.3
2020-05-14,18134 Monachil,Sierra Nevada,1.8,-1.8,0.3,8.1,5.46,15.3
2020-05-15,18134 Monachil,Sierra Nevada,3.3,-2.3,0.5,14.1,9.24,6.1
2020-05-16,18134 Monachil,Sierra Nevada,3.6,-0.1,1.9,17.4,9.73,7.1
2020-05-17,18134 Monachil,Sierra Nevada,4.5,1.3,3.0,14.6,5.39,6.5
2020-05-18,18134 Monachil,Sierra Nevada,8.3,1.1,4.9,0.0,0.0,10.4
2020-05-19,18134 Monachil,Sierra Nevada,13.7,3.3,8.6,0.0,0.0,10.3
2020-05-20,18134 Monachil,Sierra Nevada,15.0,5.5,10.2,1.0,0.0,12.2
2020-05-21,18134 Monachil,Sierra Nevada,15.2,5.6,10.9,0.1,0.0,8.0
2020-05-22,18134 Monachil,Sierra Nevada,16.7,8.4,12.4,0.0,0.0,5.2
2020-05-23,18134 Monachil,Sierra Nevada,17.5,9.2,13.3,0.1,0.0,9.2
2020-05-24,18134 Monachil,Sierra Nevada,17.2,10.2,13.6,0.2,0.0,8.4
2020-05-25,18134 Monachil,Sierra Nevada,17.0,11.5,14.5,0.1,0.0,9.3
2020-05-26,18134 Monachil,Sierra Nevada,15.6,10.6,13.8,4.4,0.0,5.4
2020-05-27,18134 Monachil,Sierra Nevada,14.8,8.6,12.0,2.1,0.0,12.1
2020-05-28,18134 Monachil,Sierra Nevada,15.0,9.1,12.2,4.2,0.0,10.8
2020-05-29,18134 Monachil,Sierra Nevada,15.3,10.0,12.8,2.2,0.0,10.8
2020-05-30,18134 Monachil,Sierra Nevada,15.2,10.3,12.7,0.0,0.0,8.8
2020-05-31,18134 Monachil,Sierra Nevada,13.9,8.1,11.3,8.3,0.0,7.6
2020-06-01,18134 Monachil,Sierra Nevada,16.1,7.3,11.9,0.0,0.0,7.9
2020-06-02,18134 Monachil,Sierra Nevada,16.7,9.1,12.6,0.8,0.0,13.0
2020-06-03,18134 Monachil,Sierra Nevada,14.7,6.5,10.6,0.0,0.0,13.2
2020-06-04,18134 Monachil,Sierra Nevada,9.1,5.6,7.4,7.1,0.0,17.9
2020-06-05,18134 Monachil,Sierra Nevada,14.4,5.4,9.7,0.8,0.0,10.4
2020-06-06,18134 Monachil,Sierra Nevada,14.8,6.7,11.1,0.0,0.0,13.9
2020-06-07,18134 Monachil,Sierra Nevada,9.2,4.3,6.7,4.4,0.0,13.7
2020-06-08,18134 Monachil,Sierra Nevada,9.9,3.7,6.7,0.0,0.0,12.1
2020-06-09,18134 Monachil,Sierra Nevada,11.3,3.3,7.1,0.4,0.0,14.8
2020-06-10,18134 Monachil,Sierra Nevada,12.9,3.1,8.3,0.5,0.0,13.5
2020-06-11,18134 Monachil,Sierra Nevada,13.0,3.7,8.6,0.0,0.0,15.5
2020-06-12,18134 Monachil,Sierra Nevada,7.3,3.1,5.0,3.4,0.0,15.5
2020-06-13,18134 Monachil,Sierra Nevada,12.2,0.5,6.6,0.0,0.0,11.2
2020-06-14,18134 Monachil,Sierra Nevada,13.6,4.4,8.8,0.0,0.0,11.3
2020-06-15,18134 Monachil,Sierra Nevada,15.8,5.7,11.2,0.0,0.0,12.1
2020-06-16,18134 Monachil,Sierra Nevada,13.9,7.4,10.9,0.2,0.0,14.3
2020-06-17,18134 Monachil,Sierra Nevada,13.6,6.0,9.8,0.0,0.0,12.1
2020-06-18,18134 Monachil,Sierra Nevada,15.1,4.5,10.4,0.4,0.0,8.9
2020-06-19,18134 Monachil,Sierra Nevada,15.5,7.3,11.2,1.0,0.0,10.7
2020-06-20,18134 Monachil,Sierra Nevada,17.7,6.2,12.5,0.1,0.0,9.9
2020-06-21,18134 Monachil,Sierra Nevada,18.8,10.8,14.8,0.7,0.0,8.0
2020-06-22,18134 Monachil,Sierra Nevada,20.3,10.7,15.9,0.8,0.0,6.9
2020-06-23,18134 Monachil,Sierra Nevada,21.2,14.2,17.5,4.3,0.0,7.6
2020-06-24,18134 Monachil,Sierra Nevada,20.4,11.4,16.9,2.3,0.0,10.5
2020-06-25,18134 Monachil,Sierra Nevada,20.8,11.5,16.8,0.0,0.0,9.7
2020-06-26,18134 Monachil,Sierra Nevada,18.5,9.9,14.6,0.0,0.0,11.9
2020-06-27,18134 Monachil,Sierra Nevada,19.2,8.9,14.3,0.0,0.0,9.1
2020-06-28,18134 Monachil,Sierra Nevada,20.8,9.7,16.0,0.3,0.0,8.9
2020-06-29,18134 Monachil,Sierra Nevada,22.4,14.1,18.7,0.5,0.0,10.3
2020-06-30,18134 Monachil,Sierra Nevada,23.7,14.0,19.9,0.5,0.0,13.4
2020-07-01,18134 Monachil,Sierra Nevada,22.3,12.2,17.9,0.0,0.0,14.4
2020-07-02,18134 Monachil,Sierra Nevada,22.0,12.9,17.4,0.0,0.0,17.1
2020-07-03,18134 Monachil,Sierra Nevada,19.9,11.7,15.8,0.0,0.0,12.6
2020-07-04,18134 Monachil,Sierra Nevada,21.0,11.7,16.6,0.0,0.0,8.7
2020-07-05,18134 Monachil,Sierra Nevada,21.2,14.8,17.9,0.6,0.0,8.9
2020-07-06,18134 Monachil,Sierra Nevada,22.5,14.1,18.4,1.4,0.0,11.8
2020-07-07,18134 Monachil,Sierra Nevada,23.6,14.6,19.6,2.2,0.0,16.3
2020-07-08,18134 Monachil,Sierra Nevada,22.9,13.9,19.4,2.2,0.0,16.2
2020-07-09,18134 Monachil,Sierra Nevada,19.6,10.2,15.2,0.8,0.0,11.2
2020-07-10,18134 Monachil,Sierra Nevada,19.9,8.9,15.0,0.0,0.0,8.2
2020-07-11,18134 Monachil,Sierra Nevada,22.8,13.7,18.3,0.1,0.0,9.0
2020-07-12,18134 Monachil,Sierra Nevada,22.1,14.2,17.8,0.9,0.0,15.3
2020-07-13,18134 Monachil,Sierra Nevada,20.0,13.9,16.8,2.6,0.0,12.3
2020-07-14,18134 Monachil,Sierra Nevada,17.1,12.2,14.6,1.7,0.0,9.0
2020-07-15,18134 Monachil,Sierra Nevada,18.7,11.5,15.2,1.1,0.0,8.0
2020-07-16,18134 Monachil,Sierra Nevada,22.0,14.5,18.2,0.0,0.0,8.9
2020-07-17,18134 Monachil,Sierra Nevada,21.9,15.1,18.5,0.4,0.0,10.8
2020-07-18,18134 Monachil,Sierra Nevada,22.3,16.0,19.2,0.7,0.0,13.8
2020-07-19,18134 Monachil,Sierra Nevada,19.8,13.2,17.1,3.7,0.0,7.2
2020-07-20,18134 Monachil,Sierra Nevada,20.9,12.8,16.9,1.6,0.0,5.4
2020-07-21,18134 Monachil,Sierra Nevada,22.2,13.7,17.7,4.4,0.0,13.9
2020-07-22,18134 Monachil,Sierra Nevada,21.0,12.7,17.0,0.0,0.0,16.7
2020-07-23,18134 Monachil,Sierra Nevada,21.9,10.1,16.4,0.0,0.0,12.5
2020-07-24,18134 Monachil,Sierra Nevada,21.0,12.9,17.1,1.9,0.0,9.9
2020-07-25,18134 Monachil,Sierra Nevada,22.2,12.2,17.9,1.5,0.0,8.2
2020-07-26,18134 Monachil,Sierra Nevada,25.1,14.8,20.1,0.4,0.0,6.8
2020-07-27,18134 Monachil,Sierra Nevada,25.6,15.7,20.8,0.4,0.0,10.1
2020-07-28,18134 Monachil,Sierra Nevada,24.6,13.6,20.1,0.0,0.0,13.7
2020-07-29,18134 Monachil,Sierra Nevada,24.4,14.2,19.8,0.4,0.0,12.5
2020-07-30,18134 Monachil,Sierra Nevada,24.2,14.2,19.7,0.4,0.0,12.8
2020-07-31,18134 Monachil,Sierra Nevada,24.4,16.1,20.5,1.1,0.0,15.5
2020-08-01,18134 Monachil,Sierra Nevada,23.7,15.7,20.3,0.9,0.0,13.7
2020-08-02,18134 Monachil,Sierra Nevada,24.1,16.3,20.5,0.0,0.0,15.2
2020-08-03,18134 Monachil,Sierra Nevada,21.5,13.2,17.4,0.0,0.0,12.5
2020-08-04,18134 Monachil,Sierra Nevada,19.4,12.2,15.9,0.0,0.0,9.5
2020-08-05,18134 Monachil,Sierra Nevada,21.4,13.0,17.1,0.0,0.0,6.0
2020-08-06,18134 Monachil,Sierra Nevada,24.3,14.7,19.6,0.8,0.0,6.4
2020-08-07,18134 Monachil,Sierra Nevada,24.7,16.7,21.0,2.1,0.0,6.9
2020-08-08,18134 Monachil,Sierra Nevada,23.7,16.2,20.2,2.2,0.0,6.1
2020-08-09,18134 Monachil,Sierra Nevada,23.5,13.0,19.1,0.7,0.0,8.8
2020-08-10,18134 Monachil,Sierra Nevada,21.9,14.6,18.4,2.8,0.0,12.2
2020-08-11,18134 Monachil,Sierra Nevada,20.3,11.9,15.6,3.6,0.0,19.7
2020-08-12,18134 Monachil,Sierra Nevada,18.2,10.5,14.1,0.0,0.0,14.6
2020-08-13,18134 Monachil,Sierra Nevada,20.9,8.7,15.1,0.0,0.0,12.2
2020-08-14,18134 Monachil,Sierra Nevada,21.3,10.2,15.9,0.0,0.0,14.0
2020-08-15,18134 Monachil,Sierra Nevada,20.0,9.7,14.8,0.0,0.0,12.0
2020-08-16,18134 Monachil,Sierra Nevada,20.0,11.0,15.1,0.0,0.0,10.4
2020-08-17,18134 Monachil,Sierra Nevada,21.0,8.5,14.5,0.0,0.0,9.4
2020-08-18,18134 Monachil,Sierra Nevada,22.3,10.2,16.4,0.0,0.0,8.7
2020-08-19,18134 Monachil,Sierra Nevada,24.0,11.5,18.2,1.1,0.0,8.2
2020-08-20,18134 Monachil,Sierra Nevada,25.4,14.8,20.5,0.4,0.0,15.3
2020-08-21,18134 Monachil,Sierra Nevada,25.3,14.3,20.1,0.0,0.0,15.4
2020-08-22,18134 Monachil,Sierra Nevada,24.7,15.6,20.6,0.0,0.0,15.6
2020-08-23,18134 Monachil,Sierra Nevada,23.8,15.8,19.4,0.0,0.0,13.0
2020-08-24,18134 Monachil,Sierra Nevada,22.4,15.4,18.5,0.2,0.0,7.2
2020-08-25,18134 Monachil,Sierra Nevada,24.6,15.2,19.8,0.0,0.0,9.0
2020-08-26,18134 Monachil,Sierra Nevada,24.2,14.4,19.1,0.0,0.0,12.0
2020-08-27,18134 Monachil,Sierra Nevada,24.5,15.6,19.5,0.0,0.0,15.2
2020-08-28,18134 Monachil,Sierra Nevada,21.4,12.5,16.2,0.0,0.0,15.3
2020-08-29,18134 Monachil,Sierra Nevada,16.8,8.6,13.1,0.0,0.0,14.3
2020-08-30,18134 Monachil,Sierra Nevada,15.3,4.3,9.7,0.0,0.0,13.2
2020-08-31,18134 Monachil,Sierra Nevada,18.4,7.0,12.2,0.0,0.0,9.7
2020-09-01,18134 Monachil,Sierra Nevada,15.6,9.6,12.3,0.2,0.0,9.0
2020-09-02,18134 Monachil,Sierra Nevada,15.5,6.2,11.3,0.1,0.0,12.4
2020-09-03,18134 Monachil,Sierra Nevada,18.6,9.5,13.5,0.0,0.0,9.5
2020-09-04,18134 Monachil,Sierra Nevada,20.5,12.8,16.3,0.0,0.0,7.9
2020-09-05,18134 Monachil,Sierra Nevada,20.9,12.9,16.5,0.0,0.0,10.6
2020-09-06,18134 Monachil,Sierra Nevada,20.3,13.5,16.5,0.0,0.0,13.0
2020-09-07,18134 Monachil,Sierra Nevada,20.0,12.0,15.6,0.0,0.0,16.1
2020-09-08,18134 Monachil,Sierra Nevada,15.5,9.9,12.0,2.9,0.0,12.7
2020-09-09,18134 Monachil,Sierra Nevada,15.4,7.9,11.8,0.3,0.0,11.7
2020-09-10,18134 Monachil,Sierra Nevada,18.1,8.5,12.9,0.0,0.0,12.1
2020-09-11,18134 Monachil,Sierra Nevada,18.3,9.3,13.7,0.0,0.0,7.4
2020-09-12,18134 Monachil,Sierra Nevada,20.1,10.0,14.8,0.0,0.0,7.9
2020-09-13,18134 Monachil,Sierra Nevada,20.8,14.5,17.1,0.6,0.0,7.4
2020-09-14,18134 Monachil,Sierra Nevada,19.7,11.8,16.1,2.7,0.0,10.0
2020-09-15,18134 Monachil,Sierra Nevada,18.0,9.7,13.7,4.6,0.0,9.5
2020-09-16,18134 Monachil,Sierra Nevada,17.8,8.5,13.6,0.0,0.0,7.6
2020-09-17,18134 Monachil,Sierra Nevada,15.7,9.5,11.9,8.0,0.0,19.3
2020-09-18,18134 Monachil,Sierra Nevada,11.4,7.1,9.3,56.0,0.0,22.6
2020-09-19,18134 Monachil,Sierra Nevada,14.0,4.1,9.1,0.0,0.0,16.1
2020-09-20,18134 Monachil,Sierra Nevada,14.8,7.6,10.9,0.0,0.0,10.4
2020-09-21,18134 Monachil,Sierra Nevada,15.1,7.5,11.1,0.8,0.0,10.2
2020-09-22,18134 Monachil,Sierra Nevada,15.3,7.3,10.9,0.0,0.0,12.9
2020-09-23,18134 Monachil,Sierra Nevada,14.7,7.4,10.3,5.0,0.0,18.0
2020-09-24,18134 Monachil,Sierra Nevada,14.8,8.3,11.5,4.9,0.0,16.4
2020-09-25,18134 Monachil,Sierra Nevada,13.4,8.3,11.1,0.0,0.0,19.0
2020-09-26,18134 Monachil,Sierra Nevada,12.9,4.8,9.2,0.0,0.0,11.7
2020-09-27,18134 Monachil,Sierra Nevada,12.9,5.0,8.7,0.0,0.0,11.9
2020-09-28,18134 Monachil,Sierra Nevada,15.5,4.5,10.0,0.0,0.0,6.6
2020-09-29,18134 Monachil,Sierra Nevada,18.3,10.1,14.5,0.0,0.0,8.0
2020-09-30,18134 Monachil,Sierra Nevada,17.9,11.3,14.2,0.1,0.0,11.6
2020-10-01,18134 Monachil,Sierra Nevada,15.4,7.6,11.9,0.0,0.0,9.5
2020-10-02,18134 Monachil,Sierra Nevada,9.3,0.3,6.5,26.8,0.35,26.5
2020-10-03,18134 Monachil,Sierra Nevada,7.7,-3.2,2.0,0.0,0.0,16.0
2020-10-04,18134 Monachil,Sierra Nevada,12.9,3.8,7.8,0.0,0.0,13.1
2020-10-05,18134 Monachil,Sierra Nevada,12.4,5.2,8.8,0.0,0.0,9.0
2020-10-06,18134 Monachil,Sierra Nevada,14.9,7.6,11.0,0.0,0.0,8.1
2020-10-07,18134 Monachil,Sierra Nevada,16.5,8.3,12.3,0.0,0.0,6.2
2020-10-08,18134 Monachil,Sierra Nevada,15.4,9.4,12.0,0.0,0.0,6.9
2020-10-09,18134 Monachil,Sierra Nevada,15.5,7.7,11.4,0.0,0.0,5.6
2020-10-10,18134 Monachil,Sierra Nevada,15.6,6.7,11.1,0.4,0.0,8.0
2020-10-11,18134 Monachil,Sierra Nevada,13.2,5.1,9.9,0.0,0.0,17.7
2020-10-12,18134 Monachil,Sierra Nevada,12.5,5.0,8.2,0.0,0.0,9.6
2020-10-13,18134 Monachil,Sierra Nevada,13.0,6.5,9.7,0.0,0.0,9.4
2020-10-14,18134 Monachil,Sierra Nevada,10.7,1.7,5.8,0.0,0.0,11.9
2020-10-15,18134 Monachil,Sierra Nevada,8.4,-0.4,3.0,0.0,0.0,10.6
2020-10-16,18134 Monachil,Sierra Nevada,8.0,-3.1,2.3,0.0,0.0,10.8
2020-10-17,18134 Monachil,Sierra Nevada,10.5,1.6,5.4,0.0,0.0,7.2
2020-10-18,18134 Monachil,Sierra Nevada,12.6,3.4,7.7,0.0,0.0,6.5
2020-10-19,18134 Monachil,Sierra Nevada,14.6,6.9,10.6,0.0,0.0,11.1
2020-10-20,18134 Monachil,Sierra Nevada,13.7,7.5,10.9,0.0,0.0,19.7
2020-10-21,18134 Monachil,Sierra Nevada,9.1,3.9,7.1,17.2,0.0,20.6
2020-10-22,18134 Monachil,Sierra Nevada,6.3,3.1,5.1,14.9,0.0,13.6
2020-10-23,18134 Monachil,Sierra Nevada,6.2,0.3,3.0,0.0,0.0,11.6
2020-10-24,18134 Monachil,Sierra Nevada,8.9,0.3,4.3,0.0,0.0,7.3
2020-10-25,18134 Monachil,Sierra Nevada,10.9,2.7,7.3,0.0,0.0,12.6
2020-10-26,18134 Monachil,Sierra Nevada,5.3,-3.2,1.3,5.5,0.07,22.1
2020-10-27,18134 Monachil,Sierra Nevada,10.1,-1.8,5.1,0.0,0.0,8.5
2020-10-28,18134 Monachil,Sierra Nevada,12.2,6.0,9.6,0.0,0.0,7.4
2020-10-29,18134 Monachil,Sierra Nevada,11.7,3.6,7.7,0.0,0.0,5.4
2020-10-30,18134 Monachil,Sierra Nevada,13.8,5.7,9.6,0.0,0.0,7.1
2020-10-31,18134 Monachil,Sierra Nevada,13.1,5.6,9.0,0.6,0.0,5.3
2020-11-01,18134 Monachil,Sierra Nevada,12.8,4.5,8.7,0.0,0.0,6.6
2020-11-02,18134 Monachil,Sierra Nevada,12.4,3.5,7.6,0.0,0.0,8.3
2020-11-03,18134 Monachil,Sierra Nevada,10.5,4.2,6.7,3.2,0.14,5.4
2020-11-04,18134 Monachil,Sierra Nevada,6.5,2.7,4.3,0.2,0.0,9.9
2020-11-05,18134 Monachil,Sierra Nevada,6.8,1.4,3.3,19.6,6.02,18.8
2020-11-06,18134 Monachil,Sierra Nevada,10.8,1.6,6.1,2.9,0.0,16.6
2020-11-07,18134 Monachil,Sierra Nevada,5.1,1.4,3.2,26.6,4.76,17.3
2020-11-08,18134 Monachil,Sierra Nevada,8.7,2.1,4.6,0.0,0.0,10.9
2020-11-09,18134 Monachil,Sierra Nevada,7.6,0.6,3.4,0.8,0.0,13.2
2020-11-10,18134 Monachil,Sierra Nevada,6.7,1.1,3.5,0.0,0.0,6.9
2020-11-11,18134 Monachil,Sierra Nevada,8.8,-1.1,3.9,0.0,0.0,6.8
2020-11-12,18134 Monachil,Sierra Nevada,9.2,2.3,5.7,0.0,0.0,5.8
2020-11-13,18134 Monachil,Sierra Nevada,10.1,3.9,7.4,0.6,0.0,13.0
2020-11-14,18134 Monachil,Sierra Nevada,7.7,4.0,5.4,10.8,2.24,8.8
2020-11-15,18134 Monachil,Sierra Nevada,9.3,3.6,6.0,1.8,0.0,12.1
2020-11-16,18134 Monachil,Sierra Nevada,11.0,3.6,7.2,0.0,0.0,13.9
2020-11-17,18134 Monachil,Sierra Nevada,12.1,5.2,8.3,0.0,0.0,11.7
2020-11-18,18134 Monachil,Sierra Nevada,12.2,3.5,7.3,0.0,0.0,15.0
2020-11-19,18134 Monachil,Sierra Nevada,11.3,2.6,6.3,0.0,0.0,14.8
2020-11-20,18134 Monachil,Sierra Nevada,12.5,4.3,8.4,0.0,0.0,12.0
2020-11-21,18134 Monachil,Sierra Nevada,8.3,1.8,5.5,0.0,0.0,10.9
2020-11-22,18134 Monachil,Sierra Nevada,9.4,3.4,6.8,0.0,0.0,9.1
2020-11-23,18134 Monachil,Sierra Nevada,10.1,5.9,7.4,0.0,0.0,6.2
2020-11-24,18134 Monachil,Sierra Nevada,9.2,-0.2,6.4,0.0,0.0,12.0
2020-11-25,18134 Monachil,Sierra Nevada,5.0,-1.9,1.3,0.0,0.0,12.8
2020-11-26,18134 Monachil,Sierra Nevada,1.1,-1.7,-0.0,22.0,15.47,16.5
2020-11-27,18134 Monachil,Sierra Nevada,-1.0,-4.2,-2.1,18.0,12.53,11.1
2020-11-28,18134 Monachil,Sierra Nevada,-0.9,-4.3,-2.6,0.0,0.0,5.5
2020-11-29,18134 Monachil,Sierra Nevada,1.7,-1.8,0.0,5.8,4.06,3.9
2020-11-30,18134 Monachil,Sierra Nevada,4.1,0.1,2.2,0.0,0.0,5.0
2020-12-01,18134 Monachil,Sierra Nevada,2.6,-0.8,0.7,0.0,0.0,4.0
2020-12-02,18134 Monachil,Sierra Nevada,2.5,-2.3,1.1,0.0,0.0,5.6
2020-12-03,18134 Monachil,Sierra Nevada,0.3,-2.4,-1.2,0.0,0.0,6.4
2020-12-04,18134 Monachil,Sierra Nevada,-2.3,-8.1,-4.6,18.4,12.88,18.7
2020-12-05,18134 Monachil,Sierra Nevada,-8.4,-11.8,-10.0,0.8,0.56,8.5
2020-12-06,18134 Monachil,Sierra Nevada,-5.7,-12.2,-8.7,0.0,0.0,9.6
2020-12-07,18134 Monachil,Sierra Nevada,-0.6,-5.9,-2.6,7.1,4.55,15.3
2020-12-08,18134 Monachil,Sierra Nevada,-1.3,-5.4,-2.7,21.3,14.7,17.5
2020-12-09,18134 Monachil,Sierra Nevada,-1.5,-8.3,-5.5,0.0,0.07,11.5
2020-12-10,18134 Monachil,Sierra Nevada,2.9,-3.0,0.1,15.1,3.78,18.1
2020-12-11,18134 Monachil,Sierra Nevada,4.9,3.0,4.0,22.7,0.0,19.9
2020-12-12,18134 Monachil,Sierra Nevada,5.2,-0.6,2.4,3.4,0.0,20.1
2020-12-13,18134 Monachil,Sierra Nevada,11.0,4.8,8.3,0.0,0.0,3.6
2020-12-14,18134 Monachil,Sierra Nevada,7.3,0.6,5.0,0.2,0.0,5.8
2020-12-15,18134 Monachil,Sierra Nevada,3.5,-0.1,1.5,0.8,0.0,8.2
2020-12-16,18134 Monachil,Sierra Nevada,4.5,-2.2,1.7,0.0,0.0,6.8
2020-12-17,18134 Monachil,Sierra Nevada,2.4,-2.1,-0.2,0.9,0.56,4.3
2020-12-18,18134 Monachil,Sierra Nevada,2.8,-3.1,-0.4,0.0,0.0,2.7
2020-12-19,18134 Monachil,Sierra Nevada,2.3,-2.5,-0.2,2.6,1.82,6.0
2020-12-20,18134 Monachil,Sierra Nevada,3.4,-0.8,1.0,1.5,0.98,6.0
2020-12-21,18134 Monachil,Sierra Nevada,6.1,1.0,3.6,0.0,0.0,8.6
2020-12-22,18134 Monachil,Sierra Nevada,8.4,3.9,5.7,0.0,0.0,4.7
2020-12-23,18134 Monachil,Sierra Nevada,7.0,3.5,5.3,0.0,0.0,8.7
2020-12-24,18134 Monachil,Sierra Nevada,5.5,-1.1,2.3,0.0,0.0,13.2
2020-12-25,18134 Monachil,Sierra Nevada,3.2,-2.1,0.9,0.0,0.0,5.0
2020-12-26,18134 Monachil,Sierra Nevada,2.6,-2.5,-0.2,0.0,0.0,8.4
2020-12-27,18134 Monachil,Sierra Nevada,5.8,-4.0,2.3,0.0,0.0,17.0
2020-12-28,18134 Monachil,Sierra Nevada,-1.2,-7.6,-3.8,6.1,4.27,26.7
2020-12-29,18134 Monachil,Sierra Nevada,-5.0,-9.7,-6.5,1.5,1.05,15.0
2020-12-30,18134 Monachil,Sierra Nevada,-1.4,-9.5,-5.3,0.0,0.0,14.6
2020-12-31,18134 Monachil,Sierra Nevada,-0.3,-6.9,-3.0,0.0,0.0,10.4
2021-01-01,18134 Monachil,Sierra Nevada,-4.5,-9.9,-7.7,4.5,3.15,19.5
2021-01-02,18134 Monachil,Sierra Nevada,-7.9,-13.4,-10.3,0.0,0.0,9.2
2021-01-03,18134 Monachil,Sierra Nevada,-6.3,-12.7,-9.5,0.0,0.0,5.8
2021-01-04,18134 Monachil,Sierra Nevada,-5.4,-10.5,-8.3,0.0,0.0,4.7
2021-01-05,18134 Monachil,Sierra Nevada,-4.7,-9.9,-7.4,0.2,0.14,5.2
2021-01-06,18134 Monachil,Sierra Nevada,-3.1,-8.9,-5.9,3.4,2.38,5.9
2021-01-07,18134 Monachil,Sierra Nevada,1.7,-2.5,0.2,25.0,17.15,10.9
2021-01-08,18134 Monachil,Sierra Nevada,2.1,0.3,1.1,45.2,30.1,10.5
2021-01-09,18134 Monachil,Sierra Nevada,0.8,-8.0,-4.4,10.1,6.93,11.7
2021-01-10,18134 Monachil,Sierra Nevada,-6.4,-10.0,-8.1,5.6,3.92,6.1
2021-01-11,18134 Monachil,Sierra Nevada,-5.4,-9.2,-6.8,0.6,0.42,3.8
2021-01-12,18134 Monachil,Sierra Nevada,-0.8,-9.3,-4.7,0.0,0.0,4.3
2021-01-13,18134 Monachil,Sierra Nevada,2.8,-0.6,1.1,0.0,0.0,4.2
2021-01-14,18134 Monachil,Sierra Nevada,4.2,0.6,2.6,0.0,0.0,4.3
2021-01-15,18134 Monachil,Sierra Nevada,3.9,0.3,2.4,0.0,0.0,4.9
2021-01-16,18134 Monachil,Sierra Nevada,5.8,-0.1,3.1,0.0,0.0,8.2
2021-01-17,18134 Monachil,Sierra Nevada,6.4,-0.1,4.1,0.0,0.0,5.8
2021-01-18,18134 Monachil,Sierra Nevada,3.6,-1.4,1.2,0.0,0.0,5.6
2021-01-19,18134 Monachil,Sierra Nevada,2.1,-1.9,-0.1,0.0,0.0,4.9
2021-01-20,18134 Monachil,Sierra Nevada,1.3,-6.4,-1.4,13.0,8.82,13.8
2021-01-21,18134 Monachil,Sierra Nevada,0.0,-3.6,-1.9,0.4,0.21,12.6
2021-01-22,18134 Monachil,Sierra Nevada,2.1,-4.4,-1.2,10.2,4.41,17.1
2021-01-23,18134 Monachil,Sierra Nevada,0.3,-5.5,-2.4,2.5,1.61,15.9
2021-01-24,18134 Monachil,Sierra Nevada,2.3,0.3,1.2,10.3,5.25,16.7
2021-01-25,18134 Monachil,Sierra Nevada,2.3,-1.0,1.0,8.7,2.31,15.6
2021-01-26,18134 Monachil,Sierra Nevada,4.7,1.4,2.6,4.2,0.0,12.5
2021-01-27,18134 Monachil,Sierra Nevada,7.7,3.2,4.8,0.0,0.0,5.7
2021-01-28,18134 Monachil,Sierra Nevada,9.8,4.7,8.2,0.0,0.0,5.6
2021-01-29,18134 Monachil,Sierra Nevada,9.1,4.6,7.9,0.0,0.0,6.5
2021-01-30,18134 Monachil,Sierra Nevada,9.6,-2.7,2.5,0.0,0.0,16.8
2021-01-31,18134 Monachil,Sierra Nevada,2.4,-2.9,-0.1,2.3,0.84,17.5
2021-02-01,18134 Monachil,Sierra Nevada,5.9,-1.9,2.1,0.9,0.0,15.0
2021-02-02,18134 Monachil,Sierra Nevada,10.7,6.8,9.0,0.0,0.0,9.4
2021-02-03,18134 Monachil,Sierra Nevada,10.4,4.6,7.8,0.0,0.0,10.1
2021-02-04,18134 Monachil,Sierra Nevada,6.5,1.6,4.1,2.4,1.4,10.7
2021-02-05,18134 Monachil,Sierra Nevada,5.4,-1.1,1.6,5.0,3.5,11.6
2021-02-06,18134 Monachil,Sierra Nevada,-0.7,-4.2,-2.2,2.1,1.47,10.7
2021-02-07,18134 Monachil,Sierra Nevada,-1.8,-5.0,-3.2,0.1,0.07,7.9
2021-02-08,18134 Monachil,Sierra Nevada,-0.8,-3.9,-2.4,9.7,6.65,14.3
2021-02-09,18134 Monachil,Sierra Nevada,0.9,-3.7,-1.2,10.3,6.58,19.4
2021-02-10,18134 Monachil,Sierra Nevada,2.7,-0.8,0.9,28.0,9.8,17.4
2021-02-11,18134 Monachil,Sierra Nevada,7.2,1.6,3.9,2.0,0.0,6.5
2021-02-12,18134 Monachil,Sierra Nevada,5.6,-0.2,2.7,0.0,0.0,9.9
2021-02-13,18134 Monachil,Sierra Nevada,7.2,1.1,4.7,0.0,0.0,9.4
2021-02-14,18134 Monachil,Sierra Nevada,6.2,1.7,4.0,0.0,0.0,7.6
2021-02-15,18134 Monachil,Sierra Nevada,9.3,5.9,7.8,0.0,0.0,3.3
2021-02-16,18134 Monachil,Sierra Nevada,10.5,3.4,8.0,0.0,0.0,6.6
2021-02-17,18134 Monachil,Sierra Nevada,8.3,0.9,4.7,0.0,0.0,5.2
2021-02-18,18134 Monachil,Sierra Nevada,5.8,-1.1,2.2,0.0,0.0,6.4
2021-02-19,18134 Monachil,Sierra Nevada,5.8,-1.1,2.0,0.0,0.0,6.9
2021-02-20,18134 Monachil,Sierra Nevada,6.7,0.1,3.7,0.0,0.0,10.0
2021-02-21,18134 Monachil,Sierra Nevada,3.1,-3.5,0.4,9.2,6.37,8.3
2021-02-22,18134 Monachil,Sierra Nevada,-3.8,-8.3,-5.5,2.4,1.68,8.7
2021-02-23,18134 Monachil,Sierra Nevada,1.3,-11.1,-4.5,0.0,0.0,6.5
2021-02-24,18134 Monachil,Sierra Nevada,3.1,-3.9,-0.7,0.0,0.0,9.7
2021-02-25,18134 Monachil,Sierra Nevada,3.7,-2.3,0.7,0.0,0.0,8.7
2021-02-26,18134 Monachil,Sierra Nevada,4.2,-0.4,1.7,0.0,0.0,8.9
2021-02-27,18134 Monachil,Sierra Nevada,3.9,-0.5,2.1,0.0,0.0,7.1
2021-02-28,18134 Monachil,Sierra Nevada,2.0,-2.5,-0.4,9.7,6.79,8.2
2021-03-01,18134 Monachil,Sierra Nevada,2.6,-2.0,0.3,16.0,11.2,8.9
2021-03-02,18134 Monachil,Sierra Nevada,2.4,-2.0,0.1,11.6,8.12,6.6
2021-03-03,18134 Monachil,Sierra Nevada,3.2,-2.0,0.5,2.1,1.47,8.5
2021-03-04,18134 Monachil,Sierra Nevada,2.9,-1.7,1.2,0.0,0.0,6.3
2021-03-05,18134 Monachil,Sierra Nevada,1.6,-2.5,-0.4,0.9,0.63,5.8
2021-03-06,18134 Monachil,Sierra Nevada,3.2,-0.9,0.5,7.2,5.04,5.4
2021-03-07,18134 Monachil,Sierra Nevada,1.4,-2.1,-0.2,13.7,9.52,4.2
2021-03-08,18134 Monachil,Sierra Nevada,-0.1,-4.1,-2.1,2.0,1.4,7.9
2021-03-09,18134 Monachil,Sierra Nevada,-1.0,-6.5,-3.6,2.4,1.75,5.9
2021-03-10,18134 Monachil,Sierra Nevada,1.5,-6.8,-2.7,0.0,0.0,8.2
2021-03-11,18134 Monachil,Sierra Nevada,5.7,-3.0,2.6,0.0,0.0,5.1
2021-03-12,18134 Monachil,Sierra Nevada,7.2,0.7,5.1,0.0,0.0,6.8
2021-03-13,18134 Monachil,Sierra Nevada,4.7,-0.6,1.5,0.0,0.0,7.7
2021-03-14,18134 Monachil,Sierra Nevada,6.1,-2.7,1.6,0.0,0.0,6.6
2021-03-15,18134 Monachil,Sierra Nevada,6.3,-1.5,2.3,0.0,0.0,7.6
2021-03-16,18134 Monachil,Sierra Nevada,6.0,-0.7,2.6,0.0,0.0,5.9
2021-03-17,18134 Monachil,Sierra Nevada,5.3,0.7,2.9,0.0,0.0,5.4
2021-03-18,18134 Monachil,Sierra Nevada,3.0,-3.6,-0.2,1.9,1.33,9.6
2021-03-19,18134 Monachil,Sierra Nevada,-0.1,-6.0,-3.3,0.8,0.56,9.6
2021-03-20,18134 Monachil,Sierra Nevada,-4.4,-7.3,-5.7,3.5,2.38,8.4
2021-03-21,18134 Monachil,Sierra Nevada,-0.5,-8.1,-4.8,0.0,0.0,9.8
2021-03-22,18134 Monachil,Sierra Nevada,3.0,-4.5,-1.2,0.0,0.0,6.7
2021-03-23,18134 Monachil,Sierra Nevada,5.4,-2.5,1.2,0.0,0.0,7.1
2021-03-24,18134 Monachil,Sierra Nevada,6.5,-2.7,1.7,0.0,0.0,9.7
2021-03-25,18134 Monachil,Sierra Nevada,6.9,-0.8,2.7,0.0,0.0,7.7
2021-03-26,18134 Monachil,Sierra Nevada,6.6,-0.6,2.8,0.0,0.0,7.4
2021-03-27,18134 Monachil,Sierra Nevada,6.6,-0.6,3.6,0.3,0.0,7.4
2021-03-28,18134 Monachil,Sierra Nevada,8.0,0.1,5.5,0.0,0.0,12.4
2021-03-29,18134 Monachil,Sierra Nevada,7.9,-1.6,3.4,3.1,0.91,12.9
2021-03-30,18134 Monachil,Sierra Nevada,8.4,0.9,4.8,1.0,0.14,19.4
2021-03-31,18134 Monachil,Sierra Nevada,11.3,4.7,8.3,0.2,0.0,10.7
2021-04-01,18134 Monachil,Sierra Nevada,12.9,3.7,8.0,0.9,0.0,16.3
2021-04-02,18134 Monachil,Sierra Nevada,7.3,0.1,3.8,0.0,0.0,8.7
2021-04-03,18134 Monachil,Sierra Nevada,5.1,-2.8,1.5,1.2,0.77,9.8
2021-04-04,18134 Monachil,Sierra Nevada,5.2,-2.2,1.9,1.6,1.12,10.2
2021-04-05,18134 Monachil,Sierra Nevada,6.6,0.2,3.4,2.1,0.35,11.1
2021-04-06,18134 Monachil,Sierra Nevada,10.0,-0.8,4.4,0.0,0.0,10.6
2021-04-07,18134 Monachil,Sierra Nevada,9.5,-0.1,5.0,1.0,0.0,8.9
2021-04-08,18134 Monachil,Sierra Nevada,8.8,2.9,5.7,5.3,0.0,7.4
2021-04-09,18134 Monachil,Sierra Nevada,8.3,2.6,5.7,6.9,0.42,10.4
2021-04-10,18134 Monachil,Sierra Nevada,7.1,0.8,4.6,2.7,0.21,10.5
2021-04-11,18134 Monachil,Sierra Nevada,6.6,-2.4,2.2,0.0,0.0,13.1
2021-04-12,18134 Monachil,Sierra Nevada,8.3,-1.0,3.8,0.0,0.0,7.2
2021-04-13,18134 Monachil,Sierra Nevada,10.0,3.1,6.7,7.6,0.0,6.4
2021-04-14,18134 Monachil,Sierra Nevada,7.4,3.7,5.6,15.2,1.89,9.6
2021-04-15,18134 Monachil,Sierra Nevada,4.4,1.6,3.0,15.3,6.23,5.3
2021-04-16,18134 Monachil,Sierra Nevada,4.0,-0.1,1.7,1.4,0.84,14.2
2021-04-17,18134 Monachil,Sierra Nevada,4.8,-2.4,0.4,0.2,0.14,15.9
2021-04-18,18134 Monachil,Sierra Nevada,6.9,-5.8,0.9,0.0,0.0,10.8
2021-04-19,18134 Monachil,Sierra Nevada,6.3,-0.1,2.6,2.0,1.4,10.4
2021-04-20,18134 Monachil,Sierra Nevada,8.4,-0.8,3.4,0.0,0.0,12.7
2021-04-21,18134 Monachil,Sierra Nevada,6.6,0.2,3.4,0.9,0.28,14.5
2021-04-22,18134 Monachil,Sierra Nevada,5.9,-0.1,2.8,2.8,0.42,12.1
2021-04-23,18134 Monachil,Sierra Nevada,9.5,-0.9,4.9,0.0,0.0,6.3
2021-04-24,18134 Monachil,Sierra Nevada,11.0,4.5,7.9,4.4,0.0,11.8
2021-04-25,18134 Monachil,Sierra Nevada,9.6,4.1,6.8,11.3,2.24,9.8
2021-04-26,18134 Monachil,Sierra Nevada,6.1,0.2,3.8,7.1,2.31,11.2
2021-04-27,18134 Monachil,Sierra Nevada,5.9,-0.7,2.6,7.9,1.33,11.8
2021-04-28,18134 Monachil,Sierra Nevada,7.1,0.8,3.7,0.2,0.0,11.4
2021-04-29,18134 Monachil,Sierra Nevada,7.2,-0.8,2.8,0.0,0.0,8.9
2021-04-30,18134 Monachil,Sierra Nevada,4.8,-1.0,1.7,1.4,0.98,9.9
2021-05-01,18134 Monachil,Sierra Nevada,5.7,-2.1,1.0,0.0,0.0,9.0
2021-05-02,18134 Monachil,Sierra Nevada,8.8,-3.6,2.7,0.0,0.0,8.2
2021-05-03,18134 Monachil,Sierra Nevada,6.6,1.4,4.1,7.4,0.42,6.8
2021-05-04,18134 Monachil,Sierra Nevada,9.7,1.5,5.5,8.5,0.0,7.2
2021-05-05,18134 Monachil,Sierra Nevada,9.7,1.9,6.5,3.7,0.0,8.9
2021-05-06,18134 Monachil,Sierra Nevada,12.3,3.7,7.9,0.0,0.0,12.8
2021-05-07,18134 Monachil,Sierra Nevada,13.4,2.7,8.2,0.0,0.0,5.8
2021-05-08,18134 Monachil,Sierra Nevada,14.9,5.0,10.3,0.0,0.0,11.9
2021-05-09,18134 Monachil,Sierra Nevada,9.0,4.2,7.1,13.3,0.49,20.1
2021-05-10,18134 Monachil,Sierra Nevada,4.6,-0.7,2.3,1.6,1.12,16.6
2021-05-11,18134 Monachil,Sierra Nevada,9.1,-3.2,3.0,0.0,0.0,16.5
2021-05-12,18134 Monachil,Sierra Nevada,10.9,3.5,7.4,0.0,0.0,12.6
2021-05-13,18134 Monachil,Sierra Nevada,11.1,4.0,7.8,0.0,0.0,11.4
2021-05-14,18134 Monachil,Sierra Nevada,13.8,3.7,9.0,0.0,0.0,9.2
2021-05-15,18134 Monachil,Sierra Nevada,16.7,7.6,12.3,0.0,0.0,8.0
2021-05-16,18134 Monachil,Sierra Nevada,17.4,9.9,13.8,0.0,0.0,11.7
2021-05-17,18134 Monachil,Sierra Nevada,16.8,8.7,14.0,0.0,0.0,11.9
2021-05-18,18134 Monachil,Sierra Nevada,16.3,7.7,12.1,0.0,0.0,11.4
2021-05-19,18134 Monachil,Sierra Nevada,16.9,5.9,11.8,0.0,0.0,12.4
2021-05-20,18134 Monachil,Sierra Nevada,17.2,10.5,13.9,0.0,0.0,8.7
2021-05-21,18134 Monachil,Sierra Nevada,17.8,6.9,13.5,0.0,0.0,11.0
2021-05-22,18134 Monachil,Sierra Nevada,16.8,7.9,12.3,4.2,0.0,14.0
2021-05-23,18134 Monachil,Sierra Nevada,8.7,-0.8,4.7,36.2,10.43,12.9
2021-05-24,18134 Monachil,Sierra Nevada,9.0,-4.0,3.6,0.0,0.0,14.2
2021-05-25,18134 Monachil,Sierra Nevada,14.4,3.2,8.9,0.0,0.0,8.9
2021-05-26,18134 Monachil,Sierra Nevada,14.8,8.4,11.8,1.2,0.0,8.4
2021-05-27,18134 Monachil,Sierra Nevada,11.5,6.2,9.1,21.4,0.42,8.6
2021-05-28,18134 Monachil,Sierra Nevada,13.0,5.1,9.0,4.3,0.0,8.6
2021-05-29,18134 Monachil,Sierra Nevada,16.7,7.1,13.1,0.4,0.0,9.2
2021-05-30,18134 Monachil,Sierra Nevada,17.6,11.6,14.5,0.4,0.0,14.3
2021-05-31,18134 Monachil,Sierra Nevada,13.2,8.9,11.7,3.5,0.0,12.8
2021-06-01,18134 Monachil,Sierra Nevada,12.9,6.3,10.6,1.7,0.0,14.3
2021-06-02,18134 Monachil,Sierra Nevada,15.8,4.8,10.9,2.3,0.0,11.6
2021-06-03,18134 Monachil,Sierra Nevada,15.6,7.5,12.7,2.7,0.0,12.0
2021-06-04,18134 Monachil,Sierra Nevada,14.7,6.9,10.2,3.3,0.0,11.5
2021-06-05,18134 Monachil,Sierra Nevada,12.0,5.3,8.7,11.3,0.0,12.1
2021-06-06,18134 Monachil,Sierra Nevada,15.2,4.7,10.7,0.0,0.0,10.5
2021-06-07,18134 Monachil,Sierra Nevada,17.2,7.3,12.5,0.4,0.0,10.1
2021-06-08,18134 Monachil,Sierra Nevada,17.4,9.6,13.7,0.2,0.0,8.7
2021-06-09,18134 Monachil,Sierra Nevada,17.6,11.0,14.4,2.0,0.0,5.5
2021-06-10,18134 Monachil,Sierra Nevada,18.3,11.0,14.7,3.0,0.0,6.6
2021-06-11,18134 Monachil,Sierra Nevada,18.1,11.5,14.7,0.0,0.0,10.0
2021-06-12,18134 Monachil,Sierra Nevada,16.7,8.2,13.1,5.2,0.0,11.5
2021-06-13,18134 Monachil,Sierra Nevada,16.7,8.0,12.7,0.9,0.0,11.7
2021-06-14,18134 Monachil,Sierra Nevada,18.2,8.3,13.7,4.7,0.0,9.8
2021-06-15,18134 Monachil,Sierra Nevada,19.3,9.4,15.0,0.5,0.0,7.2
2021-06-16,18134 Monachil,Sierra Nevada,15.2,10.4,12.6,21.2,0.0,12.0
2021-06-17,18134 Monachil,Sierra Nevada,12.2,6.1,9.2,10.4,0.0,12.3
2021-06-18,18134 Monachil,Sierra Nevada,12.8,5.8,9.2,0.7,0.0,10.9
2021-06-19,18134 Monachil,Sierra Nevada,13.8,4.9,8.5,11.9,1.61,13.3
2021-06-20,18134 Monachil,Sierra Nevada,13.9,5.3,9.7,0.0,0.0,12.1
2021-06-21,18134 Monachil,Sierra Nevada,14.6,6.2,10.3,0.0,0.0,12.2
2021-06-22,18134 Monachil,Sierra Nevada,13.4,3.9,9.2,0.1,0.0,11.0
2021-06-23,18134 Monachil,Sierra Nevada,15.3,4.7,10.0,0.0,0.0,8.6
2021-06-24,18134 Monachil,Sierra Nevada,17.9,6.3,13.0,0.1,0.0,8.7
2021-06-25,18134 Monachil,Sierra Nevada,19.8,13.0,15.9,0.0,0.0,8.1
2021-06-26,18134 Monachil,Sierra Nevada,18.9,11.7,15.6,0.1,0.0,9.4
2021-06-27,18134 Monachil,Sierra Nevada,18.4,10.7,14.2,0.0,0.0,13.2
2021-06-28,18134 Monachil,Sierra Nevada,18.2,10.2,14.2,0.0,0.0,11.2
2021-06-29,18134 Monachil,Sierra Nevada,18.8,8.4,14.0,0.0,0.0,9.7
2021-06-30,18134 Monachil,Sierra Nevada,20.3,10.7,15.7,0.1,0.0,5.5
2021-07-01,18134 Monachil,Sierra Nevada,22.2,13.2,17.9,0.0,0.0,12.6
2021-07-02,18134 Monachil,Sierra Nevada,22.8,12.9,18.1,0.0,0.0,9.7
2021-07-03,18134 Monachil,Sierra Nevada,22.5,11.7,18.0,0.0,0.0,13.7
2021-07-04,18134 Monachil,Sierra Nevada,23.0,15.5,19.5,0.0,0.0,12.4
2021-07-05,18134 Monachil,Sierra Nevada,24.4,14.4,19.7,0.0,0.0,13.9
2021-07-06,18134 Monachil,Sierra Nevada,20.9,12.5,17.2,0.0,0.0,13.6
2021-07-07,18134 Monachil,Sierra Nevada,18.2,11.1,14.9,0.0,0.0,12.8
2021-07-08,18134 Monachil,Sierra Nevada,20.4,7.1,14.2,0.0,0.0,9.8
2021-07-09,18134 Monachil,Sierra Nevada,24.2,15.0,19.9,0.0,0.0,9.1
2021-07-10,18134 Monachil,Sierra Nevada,26.8,21.8,24.5,0.0,0.0,18.6
2021-07-11,18134 Monachil,Sierra Nevada,25.7,16.2,22.3,0.0,0.0,16.7
2021-07-12,18134 Monachil,Sierra Nevada,21.1,12.9,17.8,0.2,0.0,20.5
2021-07-13,18134 Monachil,Sierra Nevada,19.0,8.0,13.9,0.0,0.0,15.0
2021-07-14,18134 Monachil,Sierra Nevada,19.2,8.8,14.0,0.0,0.0,10.3
2021-07-15,18134 Monachil,Sierra Nevada,20.8,11.7,16.2,0.0,0.0,8.2
2021-07-16,18134 Monachil,Sierra Nevada,24.2,15.3,19.2,0.0,0.0,10.6
2021-07-17,18134 Monachil,Sierra Nevada,25.3,16.6,21.3,0.0,0.0,11.7
2021-07-18,18134 Monachil,Sierra Nevada,22.1,13.4,17.3,0.0,0.0,14.5
2021-07-19,18134 Monachil,Sierra Nevada,22.2,13.6,18.0,0.1,0.0,12.5
2021-07-20,18134 Monachil,Sierra Nevada,21.0,12.7,17.0,0.0,0.0,9.4
2021-07-21,18134 Monachil,Sierra Nevada,22.9,11.9,17.5,0.0,0.0,8.4
2021-07-22,18134 Monachil,Sierra Nevada,25.7,12.9,20.0,0.0,0.0,11.9
2021-07-23,18134 Monachil,Sierra Nevada,25.5,18.8,22.3,2.0,0.0,17.1
2021-07-24,18134 Monachil,Sierra Nevada,24.8,15.0,20.1,1.0,0.0,19.5
2021-07-25,18134 Monachil,Sierra Nevada,20.9,12.8,17.6,0.0,0.0,15.3
2021-07-26,18134 Monachil,Sierra Nevada,17.2,9.3,13.4,2.9,0.0,12.5
2021-07-27,18134 Monachil,Sierra Nevada,21.3,11.2,16.0,0.0,0.0,6.7
2021-07-28,18134 Monachil,Sierra Nevada,23.8,13.6,18.6,0.0,0.0,6.7
2021-07-29,18134 Monachil,Sierra Nevada,24.8,14.6,20.7,0.0,0.0,20.9
2021-07-30,18134 Monachil,Sierra Nevada,23.6,14.8,19.6,0.6,0.0,21.9
2021-07-31,18134 Monachil,Sierra Nevada,17.6,10.0,13.9,0.0,0.0,18.0
2021-08-01,18134 Monachil,Sierra Nevada,18.2,7.6,13.1,0.4,0.0,10.5
2021-08-02,18134 Monachil,Sierra Nevada,16.7,7.7,12.4,0.0,0.0,10.7
2021-08-03,18134 Monachil,Sierra Nevada,19.5,8.0,14.1,0.0,0.0,11.2
2021-08-04,18134 Monachil,Sierra Nevada,21.0,10.8,15.6,0.0,0.0,11.6
2021-08-05,18134 Monachil,Sierra Nevada,23.8,11.1,17.4,0.0,0.0,11.2
2021-08-06,18134 Monachil,Sierra Nevada,23.8,14.1,18.6,0.0,0.0,11.5
2021-08-07,18134 Monachil,Sierra Nevada,21.5,14.5,17.7,0.0,0.0,12.0
2021-08-08,18134 Monachil,Sierra Nevada,22.5,12.8,17.7,0.0,0.0,10.5
2021-08-09,18134 Monachil,Sierra Nevada,24.9,13.5,19.8,0.1,0.0,9.2
2021-08-10,18134 Monachil,Sierra Nevada,25.6,16.9,21.8,0.6,0.0,16.9
2021-08-11,18134 Monachil,Sierra Nevada,25.8,19.2,21.6,0.5,0.0,15.6
2021-08-12,18134 Monachil,Sierra Nevada,25.1,15.2,21.4,1.0,0.0,9.4
2021-08-13,18134 Monachil,Sierra Nevada,26.2,17.8,22.5,0.0,0.0,9.1
2021-08-14,18134 Monachil,Sierra Nevada,26.2,17.7,22.5,0.1,0.0,7.2
2021-08-15,18134 Monachil,Sierra Nevada,25.5,18.4,22.0,0.2,0.0,8.7
2021-08-16,18134 Monachil,Sierra Nevada,24.9,17.0,21.4,0.0,0.0,15.5
2021-08-17,18134 Monachil,Sierra Nevada,22.9,16.2,19.8,0.0,0.0,11.0
2021-08-18,18134 Monachil,Sierra Nevada,20.9,13.9,16.9,0.0,0.0,10.3
2021-08-19,18134 Monachil,Sierra Nevada,20.3,11.2,16.1,1.0,0.0,11.0
2021-08-20,18134 Monachil,Sierra Nevada,22.4,12.7,17.5,0.0,0.0,9.9
2021-08-21,18134 Monachil,Sierra Nevada,22.3,13.0,18.3,0.9,0.0,10.2
2021-08-22,18134 Monachil,Sierra Nevada,21.4,14.8,18.4,0.9,0.0,16.1
2021-08-23,18134 Monachil,Sierra Nevada,23.7,15.1,19.4,2.2,0.0,13.8
2021-08-24,18134 Monachil,Sierra Nevada,21.6,13.4,16.8,8.4,0.0,16.3
2021-08-25,18134 Monachil,Sierra Nevada,18.0,11.1,14.4,6.3,0.0,8.3
2021-08-26,18134 Monachil,Sierra Nevada,20.2,9.9,15.0,0.1,0.0,8.1
2021-08-27,18134 Monachil,Sierra Nevada,21.5,11.1,17.0,0.1,0.0,17.3
2021-08-28,18134 Monachil,Sierra Nevada,20.5,11.8,15.9,0.0,0.0,12.3
2021-08-29,18134 Monachil,Sierra Nevada,19.0,9.9,14.3,0.0,0.0,10.8
2021-08-30,18134 Monachil,Sierra Nevada,19.9,9.6,14.6,0.0,0.0,11.4
2021-08-31,18134 Monachil,Sierra Nevada,19.5,11.5,15.0,2.5,0.0,12.6
2021-09-01,18134 Monachil,Sierra Nevada,18.0,10.0,13.6,0.5,0.0,10.7
2021-09-02,18134 Monachil,Sierra Nevada,17.7,7.4,12.3,0.0,0.0,10.9
2021-09-03,18134 Monachil,Sierra Nevada,18.8,7.4,13.1,0.0,0.0,9.3
2021-09-04,18134 Monachil,Sierra Nevada,20.2,9.6,14.9,0.0,0.0,8.0
2021-09-05,18134 Monachil,Sierra Nevada,21.2,12.7,16.9,1.3,0.0,7.8
2021-09-06,18134 Monachil,Sierra Nevada,21.4,13.4,18.1,1.7,0.0,12.6
2021-09-07,18134 Monachil,Sierra Nevada,22.8,12.9,17.8,3.2,0.0,18.8
2021-09-08,18134 Monachil,Sierra Nevada,20.4,10.4,15.9,0.0,0.0,17.4
2021-09-09,18134 Monachil,Sierra Nevada,17.0,8.6,12.0,0.0,0.0,12.2
2021-09-10,18134 Monachil,Sierra Nevada,17.8,6.7,12.1,0.0,0.0,14.8
2021-09-11,18134 Monachil,Sierra Nevada,18.7,7.6,12.8,0.1,0.0,9.7
2021-09-12,18134 Monachil,Sierra Nevada,19.7,10.7,15.3,4.7,0.0,13.3
2021-09-13,18134 Monachil,Sierra Nevada,15.8,9.8,12.4,15.2,0.0,20.4
2021-09-14,18134 Monachil,Sierra Nevada,14.6,9.6,11.4,12.2,0.0,20.6
2021-09-15,18134 Monachil,Sierra Nevada,14.4,4.9,9.4,0.3,0.0,9.7
2021-09-16,18134 Monachil,Sierra Nevada,14.8,5.3,9.6,0.8,0.0,8.2
2021-09-17,18134 Monachil,Sierra Nevada,14.7,6.5,10.4,0.1,0.0,8.9
2021-09-18,18134 Monachil,Sierra Nevada,16.3,6.7,10.9,0.0,0.0,9.5
2021-09-19,18134 Monachil,Sierra Nevada,16.8,7.5,11.8,1.1,0.0,7.6
2021-09-20,18134 Monachil,Sierra Nevada,15.7,8.3,11.8,0.0,0.0,11.1
2021-09-21,18134 Monachil,Sierra Nevada,11.9,6.5,9.1,5.6,0.0,8.4
2021-09-22,18134 Monachil,Sierra Nevada,11.2,5.8,8.5,2.7,0.0,7.6
2021-09-23,18134 Monachil,Sierra Nevada,15.1,6.0,10.1,0.8,0.0,11.9
2021-09-24,18134 Monachil,Sierra Nevada,16.7,7.3,11.5,10.6,0.0,13.2
2021-09-25,18134 Monachil,Sierra Nevada,15.0,7.8,11.4,6.3,0.0,17.3
2021-09-26,18134 Monachil,Sierra Nevada,17.8,7.3,12.4,0.0,0.0,12.2
2021-09-27,18134 Monachil,Sierra Nevada,18.1,7.6,13.3,0.0,0.0,6.5
2021-09-28,18134 Monachil,Sierra Nevada,17.0,8.4,12.4,0.0,0.0,11.4
2021-09-29,18134 Monachil,Sierra Nevada,17.4,6.2,11.7,0.0,0.0,8.6
2021-09-30,18134 Monachil,Sierra Nevada,17.1,9.1,12.5,0.0,0.0,8.3
2021-10-01,18134 Monachil,Sierra Nevada,16.5,8.2,12.1,0.0,0.0,10.8
2021-10-02,18134 Monachil,Sierra Nevada,16.1,7.5,11.3,0.0,0.0,8.7
2021-10-03,18134 Monachil,Sierra Nevada,14.9,4.5,10.0,6.1,0.07,14.6
2021-10-04,18134 Monachil,Sierra Nevada,11.6,0.9,7.3,0.5,0.0,14.5
2021-10-05,18134 Monachil,Sierra Nevada,15.0,8.2,11.1,0.0,0.0,9.7
2021-10-06,18134 Monachil,Sierra Nevada,16.0,7.4,11.1,0.0,0.0,9.6
2021-10-07,18134 Monachil,Sierra Nevada,16.0,7.4,11.4,0.0,0.0,11.0
2021-10-08,18134 Monachil,Sierra Nevada,16.0,7.3,11.1,0.0,0.0,12.2
2021-10-09,18134 Monachil,Sierra Nevada,14.3,7.6,10.7,0.0,0.0,11.5
2021-10-10,18134 Monachil,Sierra Nevada,13.6,7.2,9.8,0.0,0.0,8.4
2021-10-11,18134 Monachil,Sierra Nevada,15.3,8.7,11.6,0.0,0.0,7.0
2021-10-12,18134 Monachil,Sierra Nevada,14.8,9.7,12.6,4.4,0.0,11.3
2021-10-13,18134 Monachil,Sierra Nevada,14.5,8.5,11.1,0.0,0.0,12.1
2021-10-14,18134 Monachil,Sierra Nevada,14.1,6.8,10.0,0.0,0.0,9.1
2021-10-15,18134 Monachil,Sierra Nevada,13.4,6.9,9.6,0.0,0.0,11.3
2021-10-16,18134 Monachil,Sierra Nevada,14.1,6.0,9.6,5.0,0.84,11.1
2021-10-17,18134 Monachil,Sierra Nevada,13.5,6.6,9.5,10.2,0.7,14.0
2021-10-18,18134 Monachil,Sierra Nevada,14.3,7.5,10.5,0.2,0.0,12.3
2021-10-19,18134 Monachil,Sierra Nevada,14.4,7.2,10.9,0.0,0.0,8.7
2021-10-20,18134 Monachil,Sierra Nevada,15.2,8.0,11.0,0.0,0.0,8.0
2021-10-21,18134 Monachil,Sierra Nevada,13.7,6.8,10.2,0.0,0.0,9.6
2021-10-22,18134 Monachil,Sierra Nevada,10.9,4.3,7.0,2.0,0.0,9.4
2021-10-23,18134 Monachil,Sierra Nevada,8.0,2.2,4.7,2.6,0.14,8.6
2021-10-24,18134 Monachil,Sierra Nevada,10.5,2.8,6.0,0.0,0.0,9.4
2021-10-25,18134 Monachil,Sierra Nevada,11.3,4.2,7.1,0.0,0.0,7.8
2021-10-26,18134 Monachil,Sierra Nevada,9.4,4.2,6.6,0.0,0.0,8.3
2021-10-27,18134 Monachil,Sierra Nevada,8.8,2.2,5.3,0.6,0.0,9.7
2021-10-28,18134 Monachil,Sierra Nevada,10.0,2.8,5.9,0.0,0.0,7.4
2021-10-29,18134 Monachil,Sierra Nevada,10.1,1.9,6.4,0.0,0.0,14.3
2021-10-30,18134 Monachil,Sierra Nevada,9.4,6.0,7.9,6.5,0.0,24.5
2021-10-31,18134 Monachil,Sierra Nevada,9.4,7.8,8.3,21.3,0.0,19.1
2021-11-01,18134 Monachil,Sierra Nevada,8.2,7.0,7.5,24.2,0.0,20.8
2021-11-02,18134 Monachil,Sierra Nevada,7.5,2.8,5.4,2.5,0.0,17.3
2021-11-03,18134 Monachil,Sierra Nevada,3.4,-4.0,-0.2,1.4,0.35,20.0
2021-11-04,18134 Monachil,Sierra Nevada,0.7,-5.6,-2.9,0.2,0.14,11.0
2021-11-05,18134 Monachil,Sierra Nevada,0.6,-5.0,-3.0,0.0,0.0,10.7
2021-11-06,18134 Monachil,Sierra Nevada,2.4,-5.3,-2.4,0.2,0.14,10.6
2021-11-07,18134 Monachil,Sierra Nevada,4.3,-4.8,-0.2,0.0,0.0,9.7
2021-11-08,18134 Monachil,Sierra Nevada,7.5,-0.6,3.5,0.0,0.0,9.2
2021-11-09,18134 Monachil,Sierra Nevada,6.9,-0.8,2.8,0.0,0.0,9.8
2021-11-10,18134 Monachil,Sierra Nevada,5.3,-1.8,1.1,0.2,0.07,8.8
2021-11-11,18134 Monachil,Sierra Nevada,5.9,-0.4,2.3,0.0,0.0,8.5
2021-11-12,18134 Monachil,Sierra Nevada,5.2,0.2,2.7,0.2,0.14,8.4
2021-11-13,18134 Monachil,Sierra Nevada,5.2,-1.0,2.1,1.9,1.12,10.1
2021-11-14,18134 Monachil,Sierra Nevada,6.9,0.2,3.1,0.0,0.0,10.5
2021-11-15,18134 Monachil,Sierra Nevada,5.0,-2.6,2.1,0.0,0.0,9.7
2021-11-16,18134 Monachil,Sierra Nevada,4.8,-1.2,1.5,0.0,0.0,6.8
2021-11-17,18134 Monachil,Sierra Nevada,4.2,-2.1,1.0,0.0,0.0,8.5
2021-11-18,18134 Monachil,Sierra Nevada,4.6,-2.6,0.6,0.3,0.21,12.0
2021-11-19,18134 Monachil,Sierra Nevada,4.2,0.0,1.5,0.4,0.28,19.6
2021-11-20,18134 Monachil,Sierra Nevada,2.2,-0.6,1.2,16.5,10.99,15.2
2021-11-21,18134 Monachil,Sierra Nevada,2.2,-2.1,0.2,0.4,0.28,7.2
2021-11-22,18134 Monachil,Sierra Nevada,0.8,-2.8,-1.4,2.5,1.75,10.8
2021-11-23,18134 Monachil,Sierra Nevada,-1.3,-10.0,-5.0,0.9,0.63,15.9
2021-11-24,18134 Monachil,Sierra Nevada,-3.2,-9.2,-5.9,0.8,0.56,13.0
2021-11-25,18134 Monachil,Sierra Nevada,-0.7,-5.8,-3.6,3.4,2.38,15.1
2021-11-26,18134 Monachil,Sierra Nevada,-2.0,-8.2,-4.4,2.9,2.03,10.7
2021-11-27,18134 Monachil,Sierra Nevada,-3.3,-7.6,-5.2,2.3,1.54,19.2
2021-11-28,18134 Monachil,Sierra Nevada,-5.9,-12.8,-9.4,0.0,0.0,14.4
2021-11-29,18134 Monachil,Sierra Nevada,1.7,-10.4,-1.7,0.3,0.21,19.1
2021-11-30,18134 Monachil,Sierra Nevada,3.1,-0.9,0.7,0.0,0.0,8.4
2021-12-01,18134 Monachil,Sierra Nevada,3.4,-4.8,-0.3,0.0,0.0,12.6
2021-12-02,18134 Monachil,Sierra Nevada,-1.6,-7.6,-4.5,11.0,7.63,18.2
2021-12-03,18134 Monachil,Sierra Nevada,2.0,-8.7,-2.9,0.0,0.0,15.5
2021-12-04,18134 Monachil,Sierra Nevada,5.0,-4.2,1.9,0.0,0.0,14.3
2021-12-05,18134 Monachil,Sierra Nevada,1.3,-7.3,-2.0,0.0,0.0,19.4
2021-12-06,18134 Monachil,Sierra Nevada,5.8,-3.7,0.6,0.0,0.0,13.8
2021-12-07,18134 Monachil,Sierra Nevada,6.2,-0.8,4.2,0.0,0.0,11.9
2021-12-08,18134 Monachil,Sierra Nevada,0.9,-4.9,-2.2,5.1,3.22,23.1
2021-12-09,18134 Monachil,Sierra Nevada,2.1,-6.3,-1.7,0.1,0.07,19.2
2021-12-10,18134 Monachil,Sierra Nevada,5.8,-0.4,2.6,0.0,0.0,14.7
2021-12-11,18134 Monachil,Sierra Nevada,8.6,0.4,4.0,0.0,0.0,17.3
2021-12-12,18134 Monachil,Sierra Nevada,5.7,2.5,4.3,0.0,0.0,10.6
2021-12-13,18134 Monachil,Sierra Nevada,7.6,0.8,4.1,0.0,0.0,10.2
2021-12-14,18134 Monachil,Sierra Nevada,6.2,1.3,4.1,0.0,0.0,12.7
2021-12-15,18134 Monachil,Sierra Nevada,5.8,2.2,3.9,0.0,0.0,12.5
2021-12-16,18134 Monachil,Sierra Nevada,4.2,-5.3,1.1,0.0,0.0,15.9
2021-12-17,18134 Monachil,Sierra Nevada,4.1,-4.9,0.3,0.8,0.63,16.0
2021-12-18,18134 Monachil,Sierra Nevada,1.0,-1.7,-0.2,0.0,0.0,9.5
2021-12-19,18134 Monachil,Sierra Nevada,4.7,-2.3,1.0,0.0,0.0,10.7
2021-12-20,18134 Monachil,Sierra Nevada,5.4,-1.2,2.2,2.0,0.28,16.6
2021-12-21,18134 Monachil,Sierra Nevada,6.1,0.5,2.8,2.2,0.14,11.8
2021-12-22,18134 Monachil,Sierra Nevada,3.7,-1.0,1.6,4.0,2.03,10.5
2021-12-23,18134 Monachil,Sierra Nevada,4.0,-1.2,1.6,4.8,0.42,7.1
2021-12-24,18134 Monachil,Sierra Nevada,2.6,-3.4,1.2,14.1,7.35,12.1
2021-12-25,18134 Monachil,Sierra Nevada,2.4,-4.4,-0.2,18.3,10.22,15.8
2021-12-26,18134 Monachil,Sierra Nevada,3.6,0.7,2.1,1.0,0.0,12.4
2021-12-27,18134 Monachil,Sierra Nevada,4.3,0.4,2.8,2.4,0.0,13.8
2021-12-28,18134 Monachil,Sierra Nevada,11.5,3.7,6.7,0.0,0.0,11.2
2021-12-29,18134 Monachil,Sierra Nevada,14.1,9.4,12.3,0.0,0.0,9.1
2021-12-30,18134 Monachil,Sierra Nevada,11.0,7.7,8.8,0.0,0.0,9.5
2021-12-31,18134 Monachil,Sierra Nevada,11.6,5.8,8.3,0.0,0.0,5.5
2022-01-01,18134 Monachil,Sierra Nevada,13.6,7.3,10.0,0.0,0.0,7.2
2022-01-02,18134 Monachil,Sierra Nevada,12.6,7.6,9.6,0.0,0.0,5.4
2022-01-03,18134 Monachil,Sierra Nevada,11.4,6.7,8.6,0.0,0.0,4.7
2022-01-04,18134 Monachil,Sierra Nevada,8.2,-2.2,5.1,2.7,1.82,25.2
2022-01-05,18134 Monachil,Sierra Nevada,-0.0,-8.2,-4.1,0.4,0.28,23.7
2022-01-06,18134 Monachil,Sierra Nevada,-0.5,-6.3,-2.9,9.4,6.58,14.8
2022-01-07,18134 Monachil,Sierra Nevada,1.3,-6.9,-0.9,0.0,0.0,13.4
2022-01-08,18134 Monachil,Sierra Nevada,5.0,-1.4,1.5,0.0,0.0,12.1
2022-01-09,18134 Monachil,Sierra Nevada,4.8,-4.8,1.5,0.0,0.0,18.3
2022-01-10,18134 Monachil,Sierra Nevada,5.8,0.2,3.8,0.0,0.0,14.9
2022-01-11,18134 Monachil,Sierra Nevada,4.2,-1.5,2.4,0.0,0.0,9.4
2022-01-12,18134 Monachil,Sierra Nevada,0.9,-2.7,-1.1,0.1,0.07,8.9
2022-01-13,18134 Monachil,Sierra Nevada,-0.7,-6.5,-3.1,0.0,0.0,9.8
2022-01-14,18134 Monachil,Sierra Nevada,-0.9,-5.1,-3.2,0.0,0.0,10.5
2022-01-15,18134 Monachil,Sierra Nevada,0.7,-6.0,-2.8,0.0,0.0,8.0
2022-01-16,18134 Monachil,Sierra Nevada,2.9,-2.2,-0.0,0.0,0.0,8.1
2022-01-17,18134 Monachil,Sierra Nevada,5.6,0.8,2.9,0.0,0.0,7.9
2022-01-18,18134 Monachil,Sierra Nevada,10.3,3.7,5.6,0.0,0.0,6.0
2022-01-19,18134 Monachil,Sierra Nevada,8.8,0.8,5.2,0.0,0.0,7.2
2022-01-20,18134 Monachil,Sierra Nevada,5.4,-4.0,1.6,0.0,0.0,9.1
2022-01-21,18134 Monachil,Sierra Nevada,1.3,-4.7,-2.3,0.0,0.0,8.6
2022-01-22,18134 Monachil,Sierra Nevada,3.4,-3.0,0.3,0.0,0.0,6.6
2022-01-23,18134 Monachil,Sierra Nevada,5.9,-0.8,2.4,0.7,0.49,9.4
2022-01-24,18134 Monachil,Sierra Nevada,4.0,-2.7,0.3,2.1,1.47,8.0
2022-01-25,18134 Monachil,Sierra Nevada,1.4,-3.5,-1.2,0.0,0.0,7.6
2022-01-26,18134 Monachil,Sierra Nevada,-0.3,-2.4,-1.4,12.2,8.54,14.1
2022-01-27,18134 Monachil,Sierra Nevada,-1.3,-6.0,-2.4,4.3,3.08,13.0
2022-01-28,18134 Monachil,Sierra Nevada,0.7,-2.0,-1.0,0.2,0.14,10.6
2022-01-29,18134 Monachil,Sierra Nevada,2.0,-1.6,0.2,0.0,0.0,10.1
2022-01-30,18134 Monachil,Sierra Nevada,4.5,0.2,1.7,0.0,0.0,10.9
2022-01-31,18134 Monachil,Sierra Nevada,3.4,-4.6,0.7,0.0,0.0,13.7
2022-02-01,18134 Monachil,Sierra Nevada,6.0,1.7,3.8,0.0,0.0,12.1
2022-02-02,18134 Monachil,Sierra Nevada,11.6,6.3,8.4,0.0,0.0,10.9
2022-02-03,18134 Monachil,Sierra Nevada,9.6,4.9,7.0,0.0,0.0,8.2
2022-02-04,18134 Monachil,Sierra Nevada,9.2,1.5,6.9,0.7,0.14,9.4
2022-02-05,18134 Monachil,Sierra Nevada,4.1,0.2,1.7,2.3,1.12,10.2
2022-02-06,18134 Monachil,Sierra Nevada,2.7,-1.9,0.1,4.7,3.29,9.1
2022-02-07,18134 Monachil,Sierra Nevada,5.5,-1.4,1.4,0.0,0.0,8.7
2022-02-08,18134 Monachil,Sierra Nevada,6.8,2.4,4.0,0.0,0.0,6.5
2022-02-09,18134 Monachil,Sierra Nevada,6.8,0.0,3.9,0.0,0.0,9.4
2022-02-10,18134 Monachil,Sierra Nevada,6.4,-0.4,3.3,0.0,0.0,10.1
2022-02-11,18134 Monachil,Sierra Nevada,5.1,-1.1,1.8,0.1,0.07,13.0
2022-02-12,18134 Monachil,Sierra Nevada,3.6,-1.7,0.6,4.2,3.01,9.3
2022-02-13,18134 Monachil,Sierra Nevada,3.5,-3.1,0.1,1.6,1.12,11.9
2022-02-14,18134 Monachil,Sierra Nevada,1.6,-5.3,-2.0,0.1,0.07,13.7
2022-02-15,18134 Monachil,Sierra Nevada,4.1,-5.0,-0.7,0.0,0.0,11.4
2022-02-16,18134 Monachil,Sierra Nevada,6.9,-0.2,3.6,0.0,0.0,9.6
2022-02-17,18134 Monachil,Sierra Nevada,12.8,3.0,9.0,0.0,0.0,10.2
2022-02-18,18134 Monachil,Sierra Nevada,10.1,1.9,7.3,0.0,0.0,8.0
2022-02-19,18134 Monachil,Sierra Nevada,5.8,0.3,2.6,2.0,1.4,8.8
2022-02-20,18134 Monachil,Sierra Nevada,4.8,-0.7,1.5,0.5,0.35,10.4
2022-02-21,18134 Monachil,Sierra Nevada,7.7,0.7,3.6,0.0,0.0,9.0
2022-02-22,18134 Monachil,Sierra Nevada,10.8,3.3,6.5,0.0,0.0,8.3
2022-02-23,18134 Monachil,Sierra Nevada,10.4,3.0,7.5,0.0,0.0,8.4
2022-02-24,18134 Monachil,Sierra Nevada,9.6,2.2,6.1,9.3,2.94,15.0
2022-02-25,18134 Monachil,Sierra Nevada,4.8,0.6,2.7,5.9,2.8,9.8
2022-02-26,18134 Monachil,Sierra Nevada,6.2,0.2,3.0,2.5,0.56,13.2
2022-02-27,18134 Monachil,Sierra Nevada,3.4,0.3,1.8,5.0,2.24,8.8
2022-02-28,18134 Monachil,Sierra Nevada,3.2,-3.4,0.1,0.0,0.0,13.3
2022-03-01,18134 Monachil,Sierra Nevada,6.9,-2.2,2.4,0.0,0.0,12.1
2022-03-02,18134 Monachil,Sierra Nevada,7.1,0.5,3.5,0.0,0.0,10.5
2022-03-03,18134 Monachil,Sierra Nevada,5.1,-3.0,2.0,9.7,6.51,14.8
2022-03-04,18134 Monachil,Sierra Nevada,-1.9,-5.9,-3.7,14.1,9.87,18.5
2022-03-05,18134 Monachil,Sierra Nevada,-1.8,-6.7,-3.9,6.9,4.83,7.7
2022-03-06,18134 Monachil,Sierra Nevada,-2.6,-5.0,-3.8,5.9,4.13,5.9
2022-03-07,18134 Monachil,Sierra Nevada,-1.9,-6.5,-4.0,0.2,0.14,8.5
2022-03-08,18134 Monachil,Sierra Nevada,-1.7,-6.6,-4.0,0.0,0.0,10.0
2022-03-09,18134 Monachil,Sierra Nevada,2.6,-4.6,-1.2,0.0,0.0,8.7
2022-03-10,18134 Monachil,Sierra Nevada,2.7,-2.8,-0.3,0.0,0.0,6.0
2022-03-11,18134 Monachil,Sierra Nevada,2.1,-1.9,0.3,15.7,10.64,15.3
2022-03-12,18134 Monachil,Sierra Nevada,1.9,-5.2,-1.3,2.1,1.4,8.8
2022-03-13,18134 Monachil,Sierra Nevada,3.1,-1.1,0.5,7.8,5.32,10.8
2022-03-14,18134 Monachil,Sierra Nevada,3.5,-1.2,0.9,32.9,22.96,13.6
2022-03-15,18134 Monachil,Sierra Nevada,3.6,0.5,1.9,25.6,17.57,17.6
2022-03-16,18134 Monachil,Sierra Nevada,0.6,-1.8,-0.4,28.3,19.67,11.6
2022-03-17,18134 Monachil,Sierra Nevada,0.1,-1.9,-0.9,13.6,9.52,12.2
2022-03-18,18134 Monachil,Sierra Nevada,1.4,-3.0,-1.0,1.1,0.77,7.7
2022-03-19,18134 Monachil,Sierra Nevada,1.2,-3.6,-0.9,0.8,0.56,4.9
2022-03-20,18134 Monachil,Sierra Nevada,2.3,-2.7,-0.1,0.0,0.0,8.0
2022-03-21,18134 Monachil,Sierra Nevada,1.6,-2.5,-0.3,7.5,5.25,7.8
2022-03-22,18134 Monachil,Sierra Nevada,2.7,-3.5,-0.4,2.3,1.61,5.5
2022-03-23,18134 Monachil,Sierra Nevada,2.1,-0.9,0.4,11.9,8.4,8.4
2022-03-24,18134 Monachil,Sierra Nevada,1.4,-0.4,0.6,18.0,12.67,14.8
2022-03-25,18134 Monachil,Sierra Nevada,0.3,-2.2,-1.0,17.9,12.53,19.7
2022-03-26,18134 Monachil,Sierra Nevada,0.6,-3.5,-1.3,3.9,2.73,5.8
2022-03-27,18134 Monachil,Sierra Nevada,5.1,-2.1,1.5,0.0,0.0,5.7
2022-03-28,18134 Monachil,Sierra Nevada,8.2,4.1,5.9,0.8,0.49,6.5
2022-03-29,18134 Monachil,Sierra Nevada,6.9,0.1,3.2,23.1,14.84,6.0
2022-03-30,18134 Monachil,Sierra Nevada,0.5,-2.1,-0.6,8.2,5.81,16.1
2022-03-31,18134 Monachil,Sierra Nevada,-1.9,-3.4,-2.7,10.3,7.21,16.9
2022-04-01,18134 Monachil,Sierra Nevada,-1.2,-5.7,-3.0,4.2,2.94,13.7
2022-04-02,18134 Monachil,Sierra Nevada,0.0,-6.8,-3.4,0.0,0.0,7.7
2022-04-03,18134 Monachil,Sierra Nevada,0.1,-4.6,-2.6,3.5,2.45,8.0
2022-04-04,18134 Monachil,Sierra Nevada,-1.1,-5.5,-2.6,4.6,3.22,8.2
2022-04-05,18134 Monachil,Sierra Nevada,0.0,-4.1,-1.3,26.8,18.83,8.9
2022-04-06,18134 Monachil,Sierra Nevada,-1.3,-4.1,-2.6,0.5,0.35,7.8
2022-04-07,18134 Monachil,Sierra Nevada,3.9,-3.1,0.7,0.0,0.0,6.1
2022-04-08,18134 Monachil,Sierra Nevada,6.3,0.6,3.7,0.0,0.0,7.0
2022-04-09,18134 Monachil,Sierra Nevada,7.0,2.7,4.7,0.0,0.0,7.7
2022-04-10,18134 Monachil,Sierra Nevada,7.9,2.2,5.7,0.0,0.0,8.9
2022-04-11,18134 Monachil,Sierra Nevada,9.9,1.4,6.5,8.5,5.18,12.2
2022-04-12,18134 Monachil,Sierra Nevada,3.3,-2.2,0.7,9.4,6.58,11.1
2022-04-13,18134 Monachil,Sierra Nevada,1.6,-3.7,-0.7,1.9,1.33,13.1
2022-04-14,18134 Monachil,Sierra Nevada,5.0,-1.6,1.6,0.2,0.14,13.1
2022-04-15,18134 Monachil,Sierra Nevada,7.0,-1.3,2.7,0.0,0.0,10.1
2022-04-16,18134 Monachil,Sierra Nevada,8.3,3.4,5.8,0.0,0.0,10.5
2022-04-17,18134 Monachil,Sierra Nevada,9.3,5.5,7.2,0.0,0.0,8.8
2022-04-18,18134 Monachil,Sierra Nevada,8.6,4.0,6.7,0.0,0.0,8.9
2022-04-19,18134 Monachil,Sierra Nevada,7.3,-2.6,4.0,0.6,0.0,10.3
2022-04-20,18134 Monachil,Sierra Nevada,-1.1,-6.6,-4.1,14.5,10.15,19.9
2022-04-21,18134 Monachil,Sierra Nevada,0.8,-6.1,-2.3,0.2,0.14,18.4
2022-04-22,18134 Monachil,Sierra Nevada,0.3,-2.8,-0.7,14.4,9.45,21.2
2022-04-23,18134 Monachil,Sierra Nevada,-0.4,-5.8,-3.3,28.8,19.81,18.4
2022-04-24,18134 Monachil,Sierra Nevada,4.7,-3.2,1.4,0.1,0.07,9.3
2022-04-25,18134 Monachil,Sierra Nevada,7.3,-0.4,3.3,0.1,0.0,4.7
2022-04-26,18134 Monachil,Sierra Nevada,5.9,1.1,4.3,4.8,2.24,6.6
2022-04-27,18134 Monachil,Sierra Nevada,3.0,-0.3,1.9,7.1,3.78,8.6
2022-04-28,18134 Monachil,Sierra Nevada,2.7,-3.3,0.1,3.6,2.52,7.0
2022-04-29,18134 Monachil,Sierra Nevada,6.1,-1.8,2.0,0.1,0.0,9.8
2022-04-30,18134 Monachil,Sierra Nevada,7.3,1.6,4.1,0.0,0.0,10.2
2022-05-01,18134 Monachil,Sierra Nevada,7.8,4.7,5.9,0.8,0.0,7.4
2022-05-02,18134 Monachil,Sierra Nevada,6.3,-0.7,3.8,0.3,0.07,13.2
2022-05-03,18134 Monachil,Sierra Nevada,2.8,-0.6,1.0,11.0,7.28,6.8
2022-05-04,18134 Monachil,Sierra Nevada,1.7,-0.7,0.5,26.4,18.48,7.7
2022-05-05,18134 Monachil,Sierra Nevada,5.6,-2.2,2.0,0.1,0.07,13.7
2022-05-06,18134 Monachil,Sierra Nevada,7.4,2.9,5.0,0.0,0.0,11.8
2022-05-07,18134 Monachil,Sierra Nevada,8.9,2.5,5.4,0.0,0.0,12.9
2022-05-08,18134 Monachil,Sierra Nevada,12.1,4.6,7.9,0.4,0.0,14.0
2022-05-09,18134 Monachil,Sierra Nevada,11.8,5.5,9.3,3.6,0.0,14.1
2022-05-10,18134 Monachil,Sierra Nevada,13.4,4.9,9.3,0.0,0.0,12.2
2022-05-11,18134 Monachil,Sierra Nevada,14.1,5.5,10.8,0.0,0.0,9.2
2022-05-12,18134 Monachil,Sierra Nevada,15.0,8.5,11.7,0.5,0.0,7.9
2022-05-13,18134 Monachil,Sierra Nevada,12.8,8.6,10.9,6.0,0.0,8.8
2022-05-14,18134 Monachil,Sierra Nevada,15.0,8.5,11.7,1.8,0.0,13.8
2022-05-15,18134 Monachil,Sierra Nevada,14.5,6.7,11.3,3.5,0.0,19.4
2022-05-16,18134 Monachil,Sierra Nevada,15.9,5.3,11.5,0.0,0.0,10.5
2022-05-17,18134 Monachil,Sierra Nevada,18.1,9.7,14.2,0.0,0.0,9.7
2022-05-18,18134 Monachil,Sierra Nevada,18.6,10.7,15.1,0.5,0.0,9.3
2022-05-19,18134 Monachil,Sierra Nevada,19.2,11.1,16.2,0.5,0.0,14.8
2022-05-20,18134 Monachil,Sierra Nevada,20.2,11.1,16.1,0.1,0.0,14.6
2022-05-21,18134 Monachil,Sierra Nevada,19.8,11.0,15.2,0.0,0.0,21.4
2022-05-22,18134 Monachil,Sierra Nevada,17.9,10.0,14.1,2.8,0.0,14.7
2022-05-23,18134 Monachil,Sierra Nevada,16.1,8.6,12.0,0.0,0.0,11.5
2022-05-24,18134 Monachil,Sierra Nevada,13.7,5.8,10.3,0.0,0.0,14.1
2022-05-25,18134 Monachil,Sierra Nevada,11.1,2.4,6.6,0.0,0.0,13.1
2022-05-26,18134 Monachil,Sierra Nevada,14.5,3.7,8.8,0.0,0.0,13.0
2022-05-27,18134 Monachil,Sierra Nevada,16.4,6.6,11.7,0.0,0.0,10.5
2022-05-28,18134 Monachil,Sierra Nevada,16.7,9.0,13.1,1.9,0.0,17.7
2022-05-29,18134 Monachil,Sierra Nevada,15.0,6.3,10.9,2.5,0.0,19.4
2022-05-30,18134 Monachil,Sierra Nevada,15.3,4.8,10.7,0.0,0.0,14.3
2022-05-31,18134 Monachil,Sierra Nevada,17.8,7.8,13.4,0.0,0.0,13.5
2022-06-01,18134 Monachil,Sierra Nevada,16.7,7.5,12.3,1.1,0.0,14.0
2022-06-02,18134 Monachil,Sierra Nevada,15.7,6.7,11.4,0.3,0.0,12.9
2022-06-03,18134 Monachil,Sierra Nevada,16.0,5.3,11.1,0.2,0.0,13.6
2022-06-04,18134 Monachil,Sierra Nevada,16.1,5.9,11.1,0.0,0.0,13.0
2022-06-05,18134 Monachil,Sierra Nevada,18.2,7.0,13.5,0.0,0.0,11.7
2022-06-06,18134 Monachil,Sierra Nevada,20.1,11.9,15.6,0.0,0.0,10.0
2022-06-07,18134 Monachil,Sierra Nevada,20.5,12.4,16.2,0.0,0.0,11.4
2022-06-08,18134 Monachil,Sierra Nevada,19.4,12.2,15.4,0.0,0.0,13.1
2022-06-09,18134 Monachil,Sierra Nevada,21.1,10.1,15.7,0.0,0.0,13.8
2022-06-10,18134 Monachil,Sierra Nevada,21.0,12.5,16.7,0.9,0.0,9.1
2022-06-11,18134 Monachil,Sierra Nevada,22.8,14.5,18.7,0.0,0.0,7.9
2022-06-12,18134 Monachil,Sierra Nevada,23.9,17.1,20.5,0.4,0.0,5.7
2022-06-13,18134 Monachil,Sierra Nevada,23.8,15.1,19.8,0.0,0.0,10.2
2022-06-14,18134 Monachil,Sierra Nevada,23.0,16.0,19.9,4.7,0.0,8.8
2022-06-15,18134 Monachil,Sierra Nevada,20.4,12.2,17.3,0.0,0.0,15.0
2022-06-16,18134 Monachil,Sierra Nevada,21.4,13.8,17.9,1.3,0.0,14.8
2022-06-17,18134 Monachil,Sierra Nevada,22.3,13.9,18.1,3.2,0.0,9.8
2022-06-18,18134 Monachil,Sierra Nevada,22.6,14.9,19.2,1.0,0.0,14.2
2022-06-19,18134 Monachil,Sierra Nevada,20.3,11.9,16.6,0.0,0.0,22.4
2022-06-20,18134 Monachil,Sierra Nevada,20.0,11.0,15.6,0.3,0.0,20.2
2022-06-21,18134 Monachil,Sierra Nevada,15.4,10.2,13.1,6.2,0.0,18.1
2022-06-22,18134 Monachil,Sierra Nevada,16.0,6.8,11.1,0.0,0.0,14.4
2022-06-23,18134 Monachil,Sierra Nevada,14.5,4.5,10.2,0.0,0.0,17.7
2022-06-24,18134 Monachil,Sierra Nevada,16.0,5.6,11.3,0.0,0.0,9.1
2022-06-25,18134 Monachil,Sierra Nevada,18.4,7.4,12.7,0.0,0.0,9.9
2022-06-26,18134 Monachil,Sierra Nevada,19.0,8.6,13.5,0.0,0.0,11.8
2022-06-27,18134 Monachil,Sierra Nevada,17.0,7.6,12.4,0.0,0.0,11.2
2022-06-28,18134 Monachil,Sierra Nevada,19.4,7.7,13.7,0.0,0.0,8.0
2022-06-29,18134 Monachil,Sierra Nevada,19.9,10.6,15.3,0.1,0.0,10.2
2022-06-30,18134 Monachil,Sierra Nevada,20.5,10.0,15.3,0.7,0.0,12.7
2022-07-01,18134 Monachil,Sierra Nevada,22.3,10.8,16.8,0.0,0.0,10.4
2022-07-02,18134 Monachil,Sierra Nevada,24.2,13.7,20.1,0.1,0.0,16.5
2022-07-03,18134 Monachil,Sierra Nevada,22.2,14.0,18.8,1.6,0.0,15.8
2022-07-04,18134 Monachil,Sierra Nevada,22.0,12.4,17.6,4.9,0.0,20.4
2022-07-05,18134 Monachil,Sierra Nevada,22.6,14.5,18.1,3.4,0.0,21.9
2022-07-06,18134 Monachil,Sierra Nevada,21.2,12.1,17.0,2.2,0.0,15.0
2022-07-07,18134 Monachil,Sierra Nevada,21.7,11.5,17.0,0.0,0.0,13.8
2022-07-08,18134 Monachil,Sierra Nevada,22.1,12.3,17.1,0.0,0.0,11.2
2022-07-09,18134 Monachil,Sierra Nevada,22.6,13.5,17.8,0.0,0.0,10.8
2022-07-10,18134 Monachil,Sierra Nevada,22.4,13.9,18.0,0.0,0.0,8.7
2022-07-11,18134 Monachil,Sierra Nevada,21.4,14.5,18.0,0.5,0.0,9.6
2022-07-12,18134 Monachil,Sierra Nevada,23.8,12.5,18.6,0.0,0.0,11.7
2022-07-13,18134 Monachil,Sierra Nevada,24.9,17.9,21.1,0.0,0.0,10.5
2022-07-14,18134 Monachil,Sierra Nevada,24.5,16.1,20.3,0.1,0.0,8.0
2022-07-15,18134 Monachil,Sierra Nevada,24.9,15.9,20.7,0.0,0.0,10.6
2022-07-16,18134 Monachil,Sierra Nevada,24.6,15.6,20.4,0.0,0.0,8.8
2022-07-17,18134 Monachil,Sierra Nevada,24.3,16.5,20.2,0.0,0.0,12.1
2022-07-18,18134 Monachil,Sierra Nevada,25.2,17.8,21.2,1.6,0.0,10.4
2022-07-19,18134 Monachil,Sierra Nevada,23.9,14.0,20.2,0.5,0.0,14.9
2022-07-20,18134 Monachil,Sierra Nevada,23.8,12.7,18.8,0.0,0.0,10.0
2022-07-21,18134 Monachil,Sierra Nevada,24.3,17.4,20.3,0.1,0.0,7.0
2022-07-22,18134 Monachil,Sierra Nevada,24.8,16.4,20.3,0.4,0.0,12.5
2022-07-23,18134 Monachil,Sierra Nevada,24.1,17.1,20.7,1.5,0.0,12.1
2022-07-24,18134 Monachil,Sierra Nevada,26.1,17.2,21.2,0.0,0.0,11.7
2022-07-25,18134 Monachil,Sierra Nevada,24.6,14.4,20.1,1.7,0.0,15.3
2022-07-26,18134 Monachil,Sierra Nevada,23.5,15.9,19.3,0.0,0.0,14.9
2022-07-27,18134 Monachil,Sierra Nevada,21.9,14.0,18.1,1.1,0.0,10.1
2022-07-28,18134 Monachil,Sierra Nevada,22.8,13.9,18.5,0.0,0.0,10.6
2022-07-29,18134 Monachil,Sierra Nevada,25.3,14.6,20.2,1.1,0.0,11.6
2022-07-30,18134 Monachil,Sierra Nevada,24.4,16.6,20.5,2.7,0.0,19.5
2022-07-31,18134 Monachil,Sierra Nevada,24.9,15.6,20.2,0.1,0.0,18.8
2022-08-01,18134 Monachil,Sierra Nevada,24.2,16.9,20.5,1.1,0.0,10.2
2022-08-02,18134 Monachil,Sierra Nevada,23.2,16.1,19.5,2.0,0.0,8.4
2022-08-03,18134 Monachil,Sierra Nevada,23.2,15.1,19.8,0.8,0.0,9.2
2022-08-04,18134 Monachil,Sierra Nevada,22.6,13.3,18.3,0.0,0.0,13.0
2022-08-05,18134 Monachil,Sierra Nevada,23.4,13.5,19.0,0.0,0.0,8.9
2022-08-06,18134 Monachil,Sierra Nevada,23.0,14.1,18.9,0.1,0.0,9.2
2022-08-07,18134 Monachil,Sierra Nevada,22.4,14.3,18.5,0.0,0.0,10.7
2022-08-08,18134 Monachil,Sierra Nevada,22.5,13.4,18.2,0.0,0.0,12.0
2022-08-09,18134 Monachil,Sierra Nevada,22.7,13.6,17.4,14.9,0.0,10.5
2022-08-10,18134 Monachil,Sierra Nevada,23.3,13.7,18.4,0.8,0.0,16.1
2022-08-11,18134 Monachil,Sierra Nevada,24.1,13.8,19.5,0.6,0.0,11.2
2022-08-12,18134 Monachil,Sierra Nevada,24.1,15.1,20.3,2.4,0.0,15.0
2022-08-13,18134 Monachil,Sierra Nevada,24.5,14.1,19.5,9.1,0.0,16.2
2022-08-14,18134 Monachil,Sierra Nevada,22.3,12.1,17.4,9.6,0.0,20.5
2022-08-15,18134 Monachil,Sierra Nevada,20.6,10.5,15.5,0.0,0.0,14.0
2022-08-16,18134 Monachil,Sierra Nevada,20.1,9.3,14.8,0.0,0.0,12.7
2022-08-17,18134 Monachil,Sierra Nevada,17.3,7.8,12.7,0.1,0.0,13.3
2022-08-18,18134 Monachil,Sierra Nevada,19.3,8.5,13.5,0.0,0.0,13.8
2022-08-19,18134 Monachil,Sierra Nevada,21.8,12.1,16.5,0.0,0.0,8.3
2022-08-20,18134 Monachil,Sierra Nevada,22.8,14.9,18.5,0.0,0.0,9.2
2022-08-21,18134 Monachil,Sierra Nevada,23.6,15.7,19.1,0.0,0.0,13.5
2022-08-22,18134 Monachil,Sierra Nevada,23.5,15.2,19.1,0.0,0.0,11.1
2022-08-23,18134 Monachil,Sierra Nevada,23.3,15.8,19.1,0.0,0.0,6.5
2022-08-24,18134 Monachil,Sierra Nevada,23.2,14.0,18.8,6.0,0.0,12.7
2022-08-25,18134 Monachil,Sierra Nevada,21.3,12.8,16.8,0.1,0.0,12.5
2022-08-26,18134 Monachil,Sierra Nevada,20.5,13.0,16.2,1.3,0.0,7.3
2022-08-27,18134 Monachil,Sierra Nevada,20.4,10.1,15.3,8.0,0.0,7.3
2022-08-28,18134 Monachil,Sierra Nevada,22.1,11.0,16.8,3.2,0.0,13.2
2022-08-29,18134 Monachil,Sierra Nevada,20.5,12.8,17.1,11.1,0.0,15.3
2022-08-30,18134 Monachil,Sierra Nevada,21.4,13.2,16.8,13.4,0.0,12.8
2022-08-31,18134 Monachil,Sierra Nevada,18.1,12.2,14.8,11.6,0.0,16.2
2022-09-01,18134 Monachil,Sierra Nevada,20.2,11.0,14.7,7.0,0.0,13.3
2022-09-02,18134 Monachil,Sierra Nevada,18.3,10.6,14.2,3.3,0.0,17.3
2022-09-03,18134 Monachil,Sierra Nevada,16.9,10.9,13.6,11.8,0.0,18.5
2022-09-04,18134 Monachil,Sierra Nevada,19.0,9.1,14.6,0.4,0.0,12.1
2022-09-05,18134 Monachil,Sierra Nevada,19.8,9.4,14.5,0.0,0.0,12.4
2022-09-06,18134 Monachil,Sierra Nevada,20.3,10.7,15.4,0.0,0.0,12.0
2022-09-07,18134 Monachil,Sierra Nevada,19.8,10.4,15.2,0.0,0.0,12.0
2022-09-08,18134 Monachil,Sierra Nevada,20.0,12.9,15.9,0.0,0.0,10.7
2022-09-09,18134 Monachil,Sierra Nevada,21.1,13.4,16.6,0.0,0.0,10.6
2022-09-10,18134 Monachil,Sierra Nevada,21.8,13.6,17.4,0.0,0.0,10.2
2022-09-11,18134 Monachil,Sierra Nevada,21.8,14.3,18.2,2.4,0.0,10.7
2022-09-12,18134 Monachil,Sierra Nevada,20.8,12.5,16.8,8.7,0.0,22.3
2022-09-13,18134 Monachil,Sierra Nevada,14.9,10.9,12.5,15.2,0.0,20.0
2022-09-14,18134 Monachil,Sierra Nevada,15.4,8.1,11.8,0.0,0.0,12.8
2022-09-15,18134 Monachil,Sierra Nevada,14.1,6.8,10.3,2.6,0.0,7.7
2022-09-16,18134 Monachil,Sierra Nevada,14.7,6.9,10.6,1.9,0.0,7.9
2022-09-17,18134 Monachil,Sierra Nevada,17.2,8.2,12.4,0.0,0.0,6.8
2022-09-18,18134 Monachil,Sierra Nevada,18.7,12.0,14.9,0.7,0.0,7.8
2022-09-19,18134 Monachil,Sierra Nevada,16.2,10.7,13.7,4.6,0.0,10.5
2022-09-20,18134 Monachil,Sierra Nevada,16.3,11.0,13.4,2.7,0.0,8.1
2022-09-21,18134 Monachil,Sierra Nevada,14.2,9.5,11.6,1.9,0.0,10.0
2022-09-22,18134 Monachil,Sierra Nevada,13.0,7.6,10.1,7.7,0.0,9.9
2022-09-23,18134 Monachil,Sierra Nevada,13.4,7.9,10.6,4.6,0.0,6.6
2022-09-24,18134 Monachil,Sierra Nevada,14.8,8.6,11.0,0.2,0.0,14.5
2022-09-25,18134 Monachil,Sierra Nevada,13.2,6.5,9.8,0.0,0.0,10.8
2022-09-26,18134 Monachil,Sierra Nevada,11.3,2.8,7.0,0.0,0.0,11.6
2022-09-27,18134 Monachil,Sierra Nevada,11.3,3.6,6.8,0.0,0.0,12.1
2022-09-28,18134 Monachil,Sierra Nevada,13.2,5.2,8.8,0.0,0.0,11.6
2022-09-29,18134 Monachil,Sierra Nevada,10.8,4.2,7.4,5.7,0.0,17.6
2022-09-30,18134 Monachil,Sierra Nevada,9.3,1.3,4.5,2.7,0.0,14.4
2022-10-01,18134 Monachil,Sierra Nevada,13.1,2.0,7.5,0.0,0.0,8.5
2022-10-02,18134 Monachil,Sierra Nevada,17.3,8.0,13.0,0.0,0.0,12.8
2022-10-03,18134 Monachil,Sierra Nevada,15.4,8.6,12.2,3.4,0.0,12.3
2022-10-04,18134 Monachil,Sierra Nevada,14.7,8.3,11.2,2.4,0.0,11.6
2022-10-05,18134 Monachil,Sierra Nevada,14.3,8.8,11.2,6.5,0.0,15.1
2022-10-06,18134 Monachil,Sierra Nevada,11.5,6.1,8.4,4.4,0.0,9.6
2022-10-07,18134 Monachil,Sierra Nevada,12.9,7.4,9.4,1.0,0.0,8.5
2022-10-08,18134 Monachil,Sierra Nevada,13.4,7.9,10.2,1.7,0.0,7.9
2022-10-09,18134 Monachil,Sierra Nevada,13.1,7.8,10.0,6.2,0.0,11.0
2022-10-10,18134 Monachil,Sierra Nevada,10.3,5.6,7.9,2.9,0.0,8.5
2022-10-11,18134 Monachil,Sierra Nevada,10.2,5.2,7.3,1.8,0.0,6.2
2022-10-12,18134 Monachil,Sierra Nevada,10.5,3.7,7.1,2.5,0.0,9.5
2022-10-13,18134 Monachil,Sierra Nevada,12.6,4.5,8.5,0.1,0.0,9.4
2022-10-14,18134 Monachil,Sierra Nevada,14.6,6.7,10.2,0.0,0.0,7.7
2022-10-15,18134 Monachil,Sierra Nevada,14.7,7.7,11.2,1.8,0.0,19.4
2022-10-16,18134 Monachil,Sierra Nevada,15.5,7.7,11.7,0.3,0.0,16.7
2022-10-17,18134 Monachil,Sierra Nevada,14.8,7.5,10.6,10.0,0.0,20.2
2022-10-18,18134 Monachil,Sierra Nevada,16.6,8.8,12.3,7.8,0.0,18.1
2022-10-19,18134 Monachil,Sierra Nevada,16.0,8.0,11.8,12.8,0.0,18.8
2022-10-20,18134 Monachil,Sierra Nevada,12.7,6.9,9.7,9.4,0.0,20.1
2022-10-21,18134 Monachil,Sierra Nevada,13.3,7.6,10.1,0.6,0.0,19.4
2022-10-22,18134 Monachil,Sierra Nevada,14.1,8.3,11.1,0.0,0.0,21.6
2022-10-23,18134 Monachil,Sierra Nevada,12.9,6.6,9.9,0.0,0.0,18.1
2022-10-24,18134 Monachil,Sierra Nevada,14.5,7.4,10.5,0.0,0.0,17.0
2022-10-25,18134 Monachil,Sierra Nevada,15.6,7.0,10.8,0.0,0.0,16.3
2022-10-26,18134 Monachil,Sierra Nevada,15.2,10.4,12.2,0.4,0.0,13.0
2022-10-27,18134 Monachil,Sierra Nevada,16.4,7.8,12.6,0.0,0.0,8.7
2022-10-28,18134 Monachil,Sierra Nevada,16.4,11.4,13.3,0.0,0.0,6.8
2022-10-29,18134 Monachil,Sierra Nevada,16.0,10.1,12.7,0.0,0.0,10.4
2022-10-30,18134 Monachil,Sierra Nevada,13.6,7.1,10.8,0.6,0.0,20.0
2022-10-31,18134 Monachil,Sierra Nevada,13.9,6.0,9.0,1.4,0.0,19.9
2022-11-01,18134 Monachil,Sierra Nevada,12.6,5.1,8.6,0.4,0.0,15.6
2022-11-02,18134 Monachil,Sierra Nevada,12.0,4.8,8.0,0.0,0.0,11.8
2022-11-03,18134 Monachil,Sierra Nevada,12.1,3.4,7.0,0.2,0.07,13.8
2022-11-04,18134 Monachil,Sierra Nevada,10.8,4.8,7.6,0.0,0.0,10.8
2022-11-05,18134 Monachil,Sierra Nevada,13.4,4.8,9.2,0.0,0.0,10.8
2022-11-06,18134 Monachil,Sierra Nevada,14.1,6.9,11.1,0.0,0.0,8.0
2022-11-07,18134 Monachil,Sierra Nevada,12.2,5.1,8.9,0.0,0.0,12.2
2022-11-08,18134 Monachil,Sierra Nevada,11.1,4.0,7.1,0.0,0.0,17.4
2022-11-09,18134 Monachil,Sierra Nevada,9.5,2.0,5.7,1.6,0.0,13.4
2022-11-10,18134 Monachil,Sierra Nevada,7.4,2.3,4.4,0.0,0.0,7.3
2022-11-11,18134 Monachil,Sierra Nevada,6.8,-0.5,3.6,1.1,0.35,12.2
2022-11-12,18134 Monachil,Sierra Nevada,9.3,2.6,5.2,1.8,0.91,15.7
2022-11-13,18134 Monachil,Sierra Nevada,9.8,4.0,7.0,0.0,0.0,9.0
2022-11-14,18134 Monachil,Sierra Nevada,9.5,4.0,6.8,0.0,0.0,14.1
2022-11-15,18134 Monachil,Sierra Nevada,5.8,1.4,3.9,4.1,0.0,18.4
2022-11-16,18134 Monachil,Sierra Nevada,6.0,3.5,4.8,19.3,0.0,21.2
2022-11-17,18134 Monachil,Sierra Nevada,6.7,4.3,5.4,2.7,0.0,18.2
2022-11-18,18134 Monachil,Sierra Nevada,5.9,-3.3,1.9,15.6,3.36,22.3
2022-11-19,18134 Monachil,Sierra Nevada,-2.9,-5.6,-4.0,0.4,0.35,16.6
2022-11-20,18134 Monachil,Sierra Nevada,5.9,-3.9,1.1,0.0,0.0,12.8
2022-11-21,18134 Monachil,Sierra Nevada,6.5,1.7,4.2,10.8,0.0,26.3
2022-11-22,18134 Monachil,Sierra Nevada,3.9,-0.5,1.6,2.3,0.07,22.4
2022-11-23,18134 Monachil,Sierra Nevada,7.7,2.5,4.6,0.2,0.0,16.9
2022-11-24,18134 Monachil,Sierra Nevada,12.1,5.7,9.1,0.0,0.0,11.6
2022-11-25,18134 Monachil,Sierra Nevada,10.3,5.5,8.2,0.0,0.0,9.0
2022-11-26,18134 Monachil,Sierra Nevada,12.9,2.2,8.7,0.0,0.0,14.5
2022-11-27,18134 Monachil,Sierra Nevada,12.3,7.7,10.4,0.0,0.0,11.3
2022-11-28,18134 Monachil,Sierra Nevada,6.3,-2.1,2.3,0.0,0.0,16.0
2022-11-29,18134 Monachil,Sierra Nevada,6.3,-0.1,3.1,0.0,0.0,8.7
2022-11-30,18134 Monachil,Sierra Nevada,7.5,1.3,4.4,0.0,0.0,10.4
2022-12-01,18134 Monachil,Sierra Nevada,3.4,-1.5,1.2,0.2,0.14,9.1
2022-12-02,18134 Monachil,Sierra Nevada,0.7,-4.1,-2.0,4.1,2.87,6.2
2022-12-03,18134 Monachil,Sierra Nevada,1.2,-5.3,-2.3,0.2,0.14,10.5
2022-12-04,18134 Monachil,Sierra Nevada,2.9,-4.5,0.0,2.0,1.4,15.3
2022-12-05,18134 Monachil,Sierra Nevada,4.3,-1.4,1.6,9.3,6.51,14.4
2022-12-06,18134 Monachil,Sierra Nevada,2.2,-2.2,0.9,13.8,8.89,20.4
2022-12-07,18134 Monachil,Sierra Nevada,3.1,-2.1,0.8,0.1,0.0,10.3
2022-12-08,18134 Monachil,Sierra Nevada,2.6,-1.1,1.6,11.7,2.59,16.0
2022-12-09,18134 Monachil,Sierra Nevada,2.7,0.8,1.7,21.1,6.93,19.9
2022-12-10,18134 Monachil,Sierra Nevada,0.9,-3.2,-0.4,3.8,2.38,20.0
2022-12-11,18134 Monachil,Sierra Nevada,5.3,-2.9,2.9,35.1,0.07,22.1
2022-12-12,18134 Monachil,Sierra Nevada,5.4,-0.0,3.1,1.3,0.0,24.9
2022-12-13,18134 Monachil,Sierra Nevada,7.5,4.1,6.0,22.6,0.0,27.8
2022-12-14,18134 Monachil,Sierra Nevada,6.3,2.0,4.4,19.6,0.84,28.5
2022-12-15,18134 Monachil,Sierra Nevada,1.3,-3.8,-0.0,5.0,3.36,18.5
2022-12-16,18134 Monachil,Sierra Nevada,0.8,-4.4,-1.0,2.7,1.75,14.8
2022-12-17,18134 Monachil,Sierra Nevada,1.4,-4.2,-1.3,0.0,0.0,12.3
2022-12-18,18134 Monachil,Sierra Nevada,6.8,-4.3,2.8,0.0,0.0,5.9
2022-12-19,18134 Monachil,Sierra Nevada,10.2,4.7,7.1,0.0,0.0,7.7
2022-12-20,18134 Monachil,Sierra Nevada,7.2,0.5,5.0,0.3,0.0,11.6
2022-12-21,18134 Monachil,Sierra Nevada,7.3,0.6,3.9,1.9,0.0,12.6
2022-12-22,18134 Monachil,Sierra Nevada,9.1,2.0,5.4,0.0,0.0,11.1
2022-12-23,18134 Monachil,Sierra Nevada,11.3,6.9,8.3,0.0,0.0,7.2
2022-12-24,18134 Monachil,Sierra Nevada,9.4,2.4,6.6,0.0,0.0,11.0
2022-12-25,18134 Monachil,Sierra Nevada,7.8,3.1,5.4,0.0,0.0,11.4
2022-12-26,18134 Monachil,Sierra Nevada,7.8,1.1,4.3,0.0,0.0,6.8
2022-12-27,18134 Monachil,Sierra Nevada,8.2,1.3,4.5,0.0,0.0,6.4
2022-12-28,18134 Monachil,Sierra Nevada,7.4,0.2,3.3,0.0,0.0,7.4
2022-12-29,18134 Monachil,Sierra Nevada,3.7,-1.5,1.8,0.0,0.0,10.7
2022-12-30,18134 Monachil,Sierra Nevada,6.8,0.2,3.6,0.0,0.0,9.8
2022-12-31,18134 Monachil,Sierra Nevada,7.8,3.2,5.2,0.0,0.0,7.2
2023-01-01,18134 Monachil,Sierra Nevada,7.8,3.2,5.2,0.0,0.0,5.4
2023-01-02,18134 Monachil,Sierra Nevada,5.1,-0.5,3.0,4.8,2.8,9.6
2023-01-03,18134 Monachil,Sierra Nevada,5.1,-0.6,1.7,0.6,0.42,7.4
2023-01-04,18134 Monachil,Sierra Nevada,6.0,0.7,3.2,0.0,0.0,5.9
2023-01-05,18134 Monachil,Sierra Nevada,6.7,0.9,3.2,0.0,0.0,7.6
2023-01-06,18134 Monachil,Sierra Nevada,7.0,2.3,4.1,0.0,0.0,5.4
2023-01-07,18134 Monachil,Sierra Nevada,6.8,-1.8,3.5,0.0,0.0,11.6
2023-01-08,18134 Monachil,Sierra Nevada,3.4,-1.8,1.7,21.1,0.0,21.7
2023-01-09,18134 Monachil,Sierra Nevada,4.3,1.0,2.9,17.8,0.07,21.0
2023-01-10,18134 Monachil,Sierra Nevada,8.7,3.3,5.7,0.0,0.0,8.8
2023-01-11,18134 Monachil,Sierra Nevada,8.5,1.4,5.6,0.1,0.0,7.7
2023-01-12,18134 Monachil,Sierra Nevada,5.8,-0.1,2.5,0.2,0.14,7.2
2023-01-13,18134 Monachil,Sierra Nevada,8.7,3.2,5.4,0.0,0.0,6.0
2023-01-14,18134 Monachil,Sierra Nevada,8.2,3.4,5.5,0.0,0.0,6.3
2023-01-15,18134 Monachil,Sierra Nevada,7.3,-1.8,4.0,0.0,0.0,15.0
2023-01-16,18134 Monachil,Sierra Nevada,2.2,-2.6,-1.0,0.0,0.0,17.2
2023-01-17,18134 Monachil,Sierra Nevada,-0.9,-4.6,-2.1,13.1,8.89,28.0
2023-01-18,18134 Monachil,Sierra Nevada,-5.1,-9.6,-8.0,13.9,9.73,24.6
2023-01-19,18134 Monachil,Sierra Nevada,-4.3,-13.2,-8.2,0.4,0.28,20.1
2023-01-20,18134 Monachil,Sierra Nevada,0.6,-6.6,-1.7,2.4,1.68,18.8
2023-01-21,18134 Monachil,Sierra Nevada,0.3,-5.3,-2.1,0.1,0.07,10.1
2023-01-22,18134 Monachil,Sierra Nevada,-4.4,-11.9,-6.7,0.0,0.0,13.0
2023-01-23,18134 Monachil,Sierra Nevada,-5.8,-16.3,-10.0,0.0,0.0,18.4
2023-01-24,18134 Monachil,Sierra Nevada,-6.1,-10.9,-9.0,1.6,1.12,8.5
2023-01-25,18134 Monachil,Sierra Nevada,-4.7,-9.9,-7.9,0.0,0.0,9.4
2023-01-26,18134 Monachil,Sierra Nevada,-5.6,-9.6,-7.5,0.4,0.28,11.6
2023-01-27,18134 Monachil,Sierra Nevada,-4.3,-11.1,-7.6,0.0,0.0,11.2
2023-01-28,18134 Monachil,Sierra Nevada,-4.6,-11.4,-8.4,0.5,0.35,9.6
2023-01-29,18134 Monachil,Sierra Nevada,-4.1,-10.2,-7.3,0.0,0.0,9.4
2023-01-30,18134 Monachil,Sierra Nevada,-4.5,-10.0,-6.9,0.2,0.21,8.0
2023-01-31,18134 Monachil,Sierra Nevada,-0.1,-7.8,-3.7,0.0,0.0,5.9
2023-02-01,18134 Monachil,Sierra Nevada,0.2,-6.0,-3.1,0.0,0.0,10.6
2023-02-02,18134 Monachil,Sierra Nevada,0.6,-5.8,-2.6,0.0,0.0,13.9
2023-02-03,18134 Monachil,Sierra Nevada,1.7,-6.6,-0.9,0.0,0.0,14.0
2023-02-04,18134 Monachil,Sierra Nevada,5.4,-1.8,2.2,0.0,0.0,14.2
2023-02-05,18134 Monachil,Sierra Nevada,5.2,0.5,2.4,0.0,0.0,7.8
2023-02-06,18134 Monachil,Sierra Nevada,3.3,-4.2,0.4,0.0,0.0,10.9
2023-02-07,18134 Monachil,Sierra Nevada,-2.1,-5.1,-3.3,4.9,3.43,8.9
2023-02-08,18134 Monachil,Sierra Nevada,-1.3,-5.3,-3.1,1.2,0.77,10.4
2023-02-09,18134 Monachil,Sierra Nevada,-1.3,-5.5,-3.3,0.3,0.21,8.0
2023-02-10,18134 Monachil,Sierra Nevada,-0.4,-8.9,-4.5,0.0,0.0,15.9
2023-02-11,18134 Monachil,Sierra Nevada,-1.5,-8.4,-4.8,0.1,0.07,13.8
2023-02-12,18134 Monachil,Sierra Nevada,0.5,-3.1,-1.5,2.3,1.54,10.8
2023-02-13,18134 Monachil,Sierra Nevada,2.0,-3.4,-0.3,0.0,0.0,11.8
2023-02-14,18134 Monachil,Sierra Nevada,2.0,-4.7,-1.5,0.4,0.28,14.5
2023-02-15,18134 Monachil,Sierra Nevada,1.4,-1.5,-0.3,1.7,1.19,9.7
2023-02-16,18134 Monachil,Sierra Nevada,2.1,-1.7,-0.0,0.6,0.42,8.0
2023-02-17,18134 Monachil,Sierra Nevada,4.5,-2.7,1.3,2.8,1.82,16.2
2023-02-18,18134 Monachil,Sierra Nevada,4.1,-2.5,1.8,3.3,2.24,15.8
2023-02-19,18134 Monachil,Sierra Nevada,5.8,-4.5,1.5,1.5,1.05,15.5
2023-02-20,18134 Monachil,Sierra Nevada,7.8,-3.6,2.3,0.0,0.0,15.5
2023-02-21,18134 Monachil,Sierra Nevada,4.6,0.7,2.2,2.4,1.54,15.3
2023-02-22,18134 Monachil,Sierra Nevada,4.6,-1.0,1.4,0.0,0.0,9.8
2023-02-23,18134 Monachil,Sierra Nevada,3.9,-2.9,0.3,0.0,0.0,12.7
2023-02-24,18134 Monachil,Sierra Nevada,1.7,-6.5,-1.8,0.2,0.14,11.2
2023-02-25,18134 Monachil,Sierra Nevada,-5.1,-8.9,-6.9,2.9,2.03,13.7
2023-02-26,18134 Monachil,Sierra Nevada,-3.1,-8.7,-5.7,3.1,2.17,12.5
2023-02-27,18134 Monachil,Sierra Nevada,-2.7,-11.0,-5.7,0.0,0.0,12.4
2023-02-28,18134 Monachil,Sierra Nevada,-2.1,-16.4,-7.7,0.0,0.0,16.2
2023-03-01,18134 Monachil,Sierra Nevada,-3.0,-8.9,-6.5,0.0,0.0,8.8
2023-03-02,18134 Monachil,Sierra Nevada,-3.7,-10.2,-7.0,0.0,0.0,12.0
2023-03-03,18134 Monachil,Sierra Nevada,1.1,-5.9,-3.0,0.0,0.0,9.7
2023-03-04,18134 Monachil,Sierra Nevada,1.1,-5.6,-2.5,0.0,0.0,7.2
2023-03-05,18134 Monachil,Sierra Nevada,4.2,-2.6,0.2,3.0,2.1,16.6
2023-03-06,18134 Monachil,Sierra Nevada,2.2,-6.1,-1.1,14.1,9.24,16.6
2023-03-07,18134 Monachil,Sierra Nevada,3.2,-0.9,1.9,6.2,0.98,16.7
2023-03-08,18134 Monachil,Sierra Nevada,9.6,-0.2,3.9,0.0,0.0,13.8
2023-03-09,18134 Monachil,Sierra Nevada,6.1,0.8,3.2,3.0,0.0,19.8
2023-03-10,18134 Monachil,Sierra Nevada,10.8,-1.2,5.1,0.0,0.0,12.5
2023-03-11,18134 Monachil,Sierra Nevada,13.6,6.5,10.8,0.0,0.0,11.4
2023-03-12,18134 Monachil,Sierra Nevada,14.8,9.1,12.6,0.0,0.0,8.9
2023-03-13,18134 Monachil,Sierra Nevada,12.3,1.9,9.4,0.0,0.0,12.0
2023-03-14,18134 Monachil,Sierra Nevada,10.4,0.5,6.6,0.0,0.0,13.1
2023-03-15,18134 Monachil,Sierra Nevada,11.6,3.6,8.4,0.0,0.0,8.3
2023-03-16,18134 Monachil,Sierra Nevada,13.4,5.6,9.2,0.0,0.0,12.6
2023-03-17,18134 Monachil,Sierra Nevada,8.2,0.8,4.9,0.0,0.0,14.6
2023-03-18,18134 Monachil,Sierra Nevada,3.7,-1.2,1.1,5.0,3.5,12.0
2023-03-19,18134 Monachil,Sierra Nevada,4.5,-4.4,0.0,0.4,0.35,12.4
2023-03-20,18134 Monachil,Sierra Nevada,8.1,-3.1,2.1,0.0,0.0,11.0
2023-03-21,18134 Monachil,Sierra Nevada,9.0,1.7,4.8,0.0,0.0,10.4
2023-03-22,18134 Monachil,Sierra Nevada,10.5,1.3,5.6,0.0,0.0,7.5
2023-03-23,18134 Monachil,Sierra Nevada,11.2,2.9,6.5,0.0,0.0,8.9
2023-03-24,18134 Monachil,Sierra Nevada,11.9,4.1,8.5,0.0,0.0,9.7
2023-03-25,18134 Monachil,Sierra Nevada,13.1,6.2,9.7,0.0,0.0,10.1
2023-03-26,18134 Monachil,Sierra Nevada,11.8,4.0,8.7,0.0,0.0,12.3
2023-03-27,18134 Monachil,Sierra Nevada,11.2,4.7,8.4,0.0,0.0,14.0
2023-03-28,18134 Monachil,Sierra Nevada,11.8,4.3,8.3,0.0,0.0,7.7
2023-03-29,18134 Monachil,Sierra Nevada,14.3,6.7,10.2,0.2,0.0,6.6
2023-03-30,18134 Monachil,Sierra Nevada,12.8,4.5,9.3,0.0,0.0,10.6
2023-03-31,18134 Monachil,Sierra Nevada,11.6,5.1,8.8,0.0,0.0,14.3
2023-04-01,18134 Monachil,Sierra Nevada,10.0,2.4,5.6,0.0,0.0,16.5
2023-04-02,18134 Monachil,Sierra Nevada,9.2,-0.7,4.1,0.0,0.0,15.8
2023-04-03,18134 Monachil,Sierra Nevada,9.6,0.3,4.8,0.0,0.0,15.2
2023-04-04,18134 Monachil,Sierra Nevada,8.8,0.8,4.9,0.2,0.14,10.7
2023-04-05,18134 Monachil,Sierra Nevada,10.3,-1.5,5.3,0.0,0.0,10.5
2023-04-06,18134 Monachil,Sierra Nevada,10.3,4.3,7.2,0.0,0.0,10.6
2023-04-07,18134 Monachil,Sierra Nevada,10.7,2.8,6.8,0.0,0.0,8.3
2023-04-08,18134 Monachil,Sierra Nevada,12.3,4.3,7.7,0.0,0.0,11.7
2023-04-09,18134 Monachil,Sierra Nevada,12.6,5.9,8.8,1.3,0.07,12.8
2023-04-10,18134 Monachil,Sierra Nevada,13.7,5.9,9.3,0.0,0.0,13.9
2023-04-11,18134 Monachil,Sierra Nevada,14.6,7.2,10.2,0.0,0.0,14.0
2023-04-12,18134 Monachil,Sierra Nevada,11.8,3.7,8.9,0.0,0.0,13.8
2023-04-13,18134 Monachil,Sierra Nevada,9.2,1.6,5.0,0.0,0.0,13.7
2023-04-14,18134 Monachil,Sierra Nevada,9.8,1.6,6.5,0.0,0.0,13.4
2023-04-15,18134 Monachil,Sierra Nevada,13.2,2.8,7.7,0.0,0.0,14.9
2023-04-16,18134 Monachil,Sierra Nevada,13.8,2.6,8.3,0.0,0.0,14.6
2023-04-17,18134 Monachil,Sierra Nevada,13.1,5.4,8.8,0.0,0.0,10.5
2023-04-18,18134 Monachil,Sierra Nevada,12.6,5.0,8.7,0.7,0.0,10.1
2023-04-19,18134 Monachil,Sierra Nevada,11.8,5.9,9.0,2.9,0.0,9.0
2023-04-20,18134 Monachil,Sierra Nevada,10.8,5.1,7.7,4.7,1.05,13.1
2023-04-21,18134 Monachil,Sierra Nevada,11.5,3.3,7.7,0.0,0.0,14.1
2023-04-22,18134 Monachil,Sierra Nevada,10.2,1.8,5.7,1.7,0.0,13.2
2023-04-23,18134 Monachil,Sierra Nevada,12.4,1.4,7.2,2.0,0.0,11.8
2023-04-24,18134 Monachil,Sierra Nevada,14.2,3.9,9.1,2.1,0.0,12.5
2023-04-25,18134 Monachil,Sierra Nevada,16.3,7.7,11.5,0.0,0.0,13.7
2023-04-26,18134 Monachil,Sierra Nevada,18.1,9.5,13.3,0.0,0.0,11.8
2023-04-27,18134 Monachil,Sierra Nevada,18.1,12.0,15.2,2.4,0.0,13.4
2023-04-28,18134 Monachil,Sierra Nevada,19.0,9.3,15.1,11.3,0.0,17.0
2023-04-29,18134 Monachil,Sierra Nevada,14.4,6.9,10.6,13.3,0.0,20.7
2023-04-30,18134 Monachil,Sierra Nevada,12.9,5.8,9.5,0.7,0.0,9.5
2023-05-01,18134 Monachil,Sierra Nevada,14.7,4.8,9.8,1.9,0.0,12.5
2023-05-02,18134 Monachil,Sierra Nevada,15.7,7.9,11.5,0.0,0.0,6.8
2023-05-03,18134 Monachil,Sierra Nevada,16.8,9.7,12.8,3.6,0.0,11.7
2023-05-04,18134 Monachil,Sierra Nevada,14.7,6.4,11.0,0.0,0.0,10.6
2023-05-05,18134 Monachil,Sierra Nevada,16.9,4.6,10.9,0.7,0.0,10.7
2023-05-06,18134 Monachil,Sierra Nevada,13.8,7.2,10.4,1.1,0.0,12.3
2023-05-07,18134 Monachil,Sierra Nevada,13.1,5.3,9.1,3.7,0.07,14.6
2023-05-08,18134 Monachil,Sierra Nevada,16.4,6.8,11.6,0.0,0.0,14.3
2023-05-09,18134 Monachil,Sierra Nevada,17.6,9.5,13.3,0.0,0.0,15.3
2023-05-10,18134 Monachil,Sierra Nevada,15.7,6.7,11.4,0.0,0.0,17.6
2023-05-11,18134 Monachil,Sierra Nevada,14.2,7.0,10.7,7.1,0.0,16.3
2023-05-12,18134 Monachil,Sierra Nevada,12.4,5.3,8.7,0.0,0.0,22.1
2023-05-13,18134 Monachil,Sierra Nevada,6.5,1.5,3.8,8.2,5.53,16.8
2023-05-14,18134 Monachil,Sierra Nevada,7.4,0.4,3.6,2.3,1.47,17.8
2023-05-15,18134 Monachil,Sierra Nevada,10.5,1.0,5.3,0.0,0.0,17.1
2023-05-16,18134 Monachil,Sierra Nevada,12.1,3.1,7.5,0.0,0.0,12.4
2023-05-17,18134 Monachil,Sierra Nevada,7.6,3.0,5.7,6.6,3.36,15.2
2023-05-18,18134 Monachil,Sierra Nevada,3.9,0.6,2.3,12.5,8.19,5.6
2023-05-19,18134 Monachil,Sierra Nevada,6.3,-0.6,2.0,7.4,4.69,13.8
2023-05-20,18134 Monachil,Sierra Nevada,6.5,0.5,3.2,2.6,1.54,10.1
2023-05-21,18134 Monachil,Sierra Nevada,4.7,0.2,2.3,7.7,5.11,8.7
2023-05-22,18134 Monachil,Sierra Nevada,2.0,-0.6,0.6,37.0,25.9,7.8
2023-05-23,18134 Monachil,Sierra Nevada,3.3,0.1,2.0,13.8,8.82,5.2
2023-05-24,18134 Monachil,Sierra Nevada,5.9,-1.9,2.5,1.0,0.0,8.3
2023-05-25,18134 Monachil,Sierra Nevada,7.8,2.0,4.8,5.8,0.28,8.0
2023-05-26,18134 Monachil,Sierra Nevada,11.5,4.1,7.1,0.9,0.0,7.2
2023-05-27,18134 Monachil,Sierra Nevada,8.6,4.4,6.7,16.5,0.42,10.7
2023-05-28,18134 Monachil,Sierra Nevada,8.1,2.9,5.7,5.3,0.21,13.9
2023-05-29,18134 Monachil,Sierra Nevada,9.3,3.4,6.0,1.3,0.0,10.6
2023-05-30,18134 Monachil,Sierra Nevada,8.5,2.8,5.6,3.3,0.7,11.0
2023-05-31,18134 Monachil,Sierra Nevada,9.9,1.1,5.9,4.0,0.49,9.4
2023-06-01,18134 Monachil,Sierra Nevada,10.1,3.7,6.9,2.6,0.0,7.4
2023-06-02,18134 Monachil,Sierra Nevada,8.9,3.7,5.8,13.0,2.38,9.5
2023-06-03,18134 Monachil,Sierra Nevada,9.2,2.4,5.9,7.1,0.07,8.7
2023-06-04,18134 Monachil,Sierra Nevada,10.3,3.7,7.3,9.8,0.0,8.3
2023-06-05,18134 Monachil,Sierra Nevada,12.3,6.2,8.7,3.7,0.0,7.1
2023-06-06,18134 Monachil,Sierra Nevada,14.9,7.4,11.1,1.4,0.0,6.3
2023-06-07,18134 Monachil,Sierra Nevada,13.5,9.7,11.2,22.3,0.0,10.1
2023-06-08,18134 Monachil,Sierra Nevada,12.9,7.0,11.0,12.2,0.0,15.4
2023-06-09,18134 Monachil,Sierra Nevada,13.0,4.7,9.0,0.7,0.0,12.1
2023-06-10,18134 Monachil,Sierra Nevada,15.1,5.3,10.8,0.0,0.0,8.1
2023-06-11,18134 Monachil,Sierra Nevada,14.9,6.6,10.7,1.4,0.0,8.5
2023-06-12,18134 Monachil,Sierra Nevada,15.7,7.4,11.5,0.0,0.0,10.6
2023-06-13,18134 Monachil,Sierra Nevada,13.7,6.8,10.0,0.3,0.0,16.1
2023-06-14,18134 Monachil,Sierra Nevada,15.9,4.7,10.2,0.0,0.0,13.3
2023-06-15,18134 Monachil,Sierra Nevada,18.1,9.5,13.4,0.0,0.0,10.6
2023-06-16,18134 Monachil,Sierra Nevada,19.4,11.4,15.3,0.0,0.0,8.7
2023-06-17,18134 Monachil,Sierra Nevada,19.7,13.3,16.4,3.6,0.0,8.3
2023-06-18,18134 Monachil,Sierra Nevada,17.4,11.3,14.1,17.0,0.0,10.9
2023-06-19,18134 Monachil,Sierra Nevada,16.7,9.5,12.9,26.3,0.0,9.1
2023-06-20,18134 Monachil,Sierra Nevada,16.0,9.4,12.8,15.5,0.0,11.5
2023-06-21,18134 Monachil,Sierra Nevada,13.6,9.5,11.9,18.4,0.0,12.6
2023-06-22,18134 Monachil,Sierra Nevada,18.4,7.2,13.2,0.0,0.0,10.4
2023-06-23,18134 Monachil,Sierra Nevada,20.1,12.8,16.3,1.0,0.0,7.7
2023-06-24,18134 Monachil,Sierra Nevada,21.9,16.0,19.4,0.1,0.0,11.0
2023-06-25,18134 Monachil,Sierra Nevada,22.8,15.4,19.7,0.1,0.0,14.4
2023-06-26,18134 Monachil,Sierra Nevada,21.9,14.3,18.2,2.3,0.0,11.4
2023-06-27,18134 Monachil,Sierra Nevada,20.8,16.7,18.8,0.8,0.0,8.4
2023-06-28,18134 Monachil,Sierra Nevada,21.2,16.4,19.0,0.0,0.0,8.3
2023-06-29,18134 Monachil,Sierra Nevada,20.7,14.9,17.9,0.7,0.0,15.4
2023-06-30,18134 Monachil,Sierra Nevada,19.6,11.2,16.5,0.0,0.0,16.6
2023-07-01,18134 Monachil,Sierra Nevada,20.1,12.2,16.3,0.3,0.0,10.3
2023-07-02,18134 Monachil,Sierra Nevada,19.3,13.0,16.0,1.7,0.0,8.7
2023-07-03,18134 Monachil,Sierra Nevada,20.4,13.7,16.9,1.5,0.0,12.2
2023-07-04,18134 Monachil,Sierra Nevada,20.6,13.8,16.8,0.0,0.0,11.6
2023-07-05,18134 Monachil,Sierra Nevada,20.5,9.9,16.0,2.1,0.0,8.8
2023-07-06,18134 Monachil,Sierra Nevada,21.1,14.3,17.6,0.0,0.0,11.3
2023-07-07,18134 Monachil,Sierra Nevada,21.5,11.4,17.4,5.9,0.0,10.7
2023-07-08,18134 Monachil,Sierra Nevada,23.0,11.3,17.8,0.0,0.0,9.3
2023-07-09,18134 Monachil,Sierra Nevada,24.7,13.2,20.0,3.3,0.0,14.6
2023-07-10,18134 Monachil,Sierra Nevada,25.4,14.1,20.7,0.4,0.0,14.3
2023-07-11,18134 Monachil,Sierra Nevada,26.0,16.8,21.9,0.9,0.0,16.2
2023-07-12,18134 Monachil,Sierra Nevada,25.0,17.0,21.4,0.2,0.0,21.4
2023-07-13,18134 Monachil,Sierra Nevada,24.1,13.6,20.1,0.0,0.0,15.0
2023-07-14,18134 Monachil,Sierra Nevada,24.1,17.3,20.5,0.0,0.0,12.7
2023-07-15,18134 Monachil,Sierra Nevada,22.7,12.7,18.0,0.0,0.0,15.5
2023-07-16,18134 Monachil,Sierra Nevada,24.7,14.3,19.6,2.9,0.0,17.4
2023-07-17,18134 Monachil,Sierra Nevada,25.6,14.1,20.7,0.0,0.0,15.0
2023-07-18,18134 Monachil,Sierra Nevada,26.7,15.8,21.5,0.0,0.0,10.9
2023-07-19,18134 Monachil,Sierra Nevada,24.6,17.5,21.1,0.2,0.0,13.8
2023-07-20,18134 Monachil,Sierra Nevada,21.7,14.5,18.7,9.0,0.0,19.8
2023-07-21,18134 Monachil,Sierra Nevada,22.0,12.4,16.9,3.7,0.0,18.7
2023-07-22,18134 Monachil,Sierra Nevada,22.4,11.8,17.2,5.8,0.0,17.2
2023-07-23,18134 Monachil,Sierra Nevada,25.3,12.9,19.6,1.4,0.0,16.3
2023-07-24,18134 Monachil,Sierra Nevada,22.8,12.0,18.3,9.7,0.0,20.3
2023-07-25,18134 Monachil,Sierra Nevada,21.9,12.1,17.2,0.0,0.0,11.5
2023-07-26,18134 Monachil,Sierra Nevada,22.5,9.9,16.9,0.0,0.0,7.9
2023-07-27,18134 Monachil,Sierra Nevada,21.4,12.4,17.6,4.3,0.0,9.9
2023-07-28,18134 Monachil,Sierra Nevada,24.1,11.0,17.9,0.0,0.0,8.8
2023-07-29,18134 Monachil,Sierra Nevada,25.5,16.7,20.9,0.0,0.0,11.0
2023-07-30,18134 Monachil,Sierra Nevada,25.8,16.1,21.4,0.0,0.0,12.9
2023-07-31,18134 Monachil,Sierra Nevada,24.0,16.1,19.6,0.0,0.0,14.7
2023-08-01,18134 Monachil,Sierra Nevada,24.1,15.7,20.1,0.0,0.0,13.0
2023-08-02,18134 Monachil,Sierra Nevada,23.9,14.3,19.3,0.0,0.0,13.9
2023-08-03,18134 Monachil,Sierra Nevada,22.9,13.6,18.1,0.0,0.0,11.7
2023-08-04,18134 Monachil,Sierra Nevada,21.3,13.0,17.3,0.0,0.0,15.4
2023-08-05,18134 Monachil,Sierra Nevada,23.3,11.4,17.6,0.0,0.0,9.7
2023-08-06,18134 Monachil,Sierra Nevada,24.7,15.9,20.0,0.0,0.0,10.3
2023-08-07,18134 Monachil,Sierra Nevada,26.7,18.8,22.5,0.0,0.0,9.7
2023-08-08,18134 Monachil,Sierra Nevada,28.2,19.3,24.0,0.0,0.0,16.2
2023-08-09,18134 Monachil,Sierra Nevada,27.5,17.5,23.6,0.3,0.0,12.0
2023-08-10,18134 Monachil,Sierra Nevada,26.6,17.1,22.5,0.2,0.0,18.4
2023-08-11,18134 Monachil,Sierra Nevada,25.6,16.4,22.5,0.0,0.0,21.0
2023-08-12,18134 Monachil,Sierra Nevada,25.1,18.4,21.5,0.0,0.0,20.2
2023-08-13,18134 Monachil,Sierra Nevada,24.3,15.4,20.0,0.0,0.0,14.9
2023-08-14,18134 Monachil,Sierra Nevada,23.5,13.5,18.9,0.0,0.0,17.5
2023-08-15,18134 Monachil,Sierra Nevada,23.1,13.8,18.7,1.8,0.0,14.1
2023-08-16,18134 Monachil,Sierra Nevada,22.6,13.0,18.1,0.0,0.0,19.4
2023-08-17,18134 Monachil,Sierra Nevada,23.4,9.9,17.5,0.0,0.0,14.3
2023-08-18,18134 Monachil,Sierra Nevada,24.3,11.7,18.1,0.0,0.0,13.4
2023-08-19,18134 Monachil,Sierra Nevada,24.9,15.4,19.9,0.0,0.0,14.1
2023-08-20,18134 Monachil,Sierra Nevada,25.1,13.5,20.0,0.0,0.0,14.5
2023-08-21,18134 Monachil,Sierra Nevada,25.6,17.1,20.9,0.0,0.0,14.5
2023-08-22,18134 Monachil,Sierra Nevada,24.5,14.5,19.7,0.0,0.0,10.6
2023-08-23,18134 Monachil,Sierra Nevada,24.5,14.5,19.7,0.0,0.0,10.5
2023-08-24,18134 Monachil,Sierra Nevada,25.1,15.8,20.3,0.0,0.0,15.1
2023-08-25,18134 Monachil,Sierra Nevada,24.5,16.5,19.2,10.5,0.0,14.0
2023-08-26,18134 Monachil,Sierra Nevada,23.4,13.4,19.1,3.6,0.0,19.4
2023-08-27,18134 Monachil,Sierra Nevada,15.6,8.5,12.2,2.0,0.0,21.0
2023-08-28,18134 Monachil,Sierra Nevada,17.8,6.3,11.5,0.0,0.0,15.0
2023-08-29,18134 Monachil,Sierra Nevada,19.3,7.7,13.4,0.0,0.0,14.5
2023-08-30,18134 Monachil,Sierra Nevada,18.1,8.1,13.5,0.1,0.0,15.3
2023-08-31,18134 Monachil,Sierra Nevada,18.2,9.9,13.7,0.0,0.0,8.4
2023-09-01,18134 Monachil,Sierra Nevada,18.8,10.0,14.7,0.9,0.0,6.7
2023-09-02,18134 Monachil,Sierra Nevada,14.8,9.0,11.5,2.3,0.0,9.2
2023-09-03,18134 Monachil,Sierra Nevada,13.2,7.0,10.3,15.6,0.0,15.6
2023-09-04,18134 Monachil,Sierra Nevada,16.5,8.9,12.5,0.6,0.0,10.5
2023-09-05,18134 Monachil,Sierra Nevada,18.8,9.3,13.5,0.0,0.0,12.3
2023-09-06,18134 Monachil,Sierra Nevada,18.3,9.1,14.1,0.0,0.0,5.4
2023-09-07,18134 Monachil,Sierra Nevada,19.1,10.5,15.1,0.1,0.0,9.7
2023-09-08,18134 Monachil,Sierra Nevada,19.6,10.8,15.4,0.7,0.0,13.9
2023-09-09,18134 Monachil,Sierra Nevada,18.6,10.4,14.5,9.8,0.0,8.2
2023-09-10,18134 Monachil,Sierra Nevada,18.9,10.5,14.7,1.7,0.0,10.8
2023-09-11,18134 Monachil,Sierra Nevada,15.2,8.5,12.1,5.6,0.0,17.4
2023-09-12,18134 Monachil,Sierra Nevada,16.9,7.4,11.6,0.0,0.0,12.2
2023-09-13,18134 Monachil,Sierra Nevada,15.8,6.8,11.0,2.0,0.0,8.3
2023-09-14,18134 Monachil,Sierra Nevada,17.2,8.1,12.5,3.0,0.0,8.9
2023-09-15,18134 Monachil,Sierra Nevada,15.5,8.8,11.9,17.6,0.0,16.0
2023-09-16,18134 Monachil,Sierra Nevada,15.7,7.2,11.0,11.3,0.0,18.3
2023-09-17,18134 Monachil,Sierra Nevada,14.0,8.1,10.9,3.9,0.0,20.8
2023-09-18,18134 Monachil,Sierra Nevada,14.6,7.9,10.8,0.1,0.0,20.1
2023-09-19,18134 Monachil,Sierra Nevada,14.3,6.1,10.0,0.4,0.0,9.2
2023-09-20,18134 Monachil,Sierra Nevada,14.8,5.8,9.9,0.0,0.0,10.1
2023-09-21,18134 Monachil,Sierra Nevada,14.3,6.9,10.5,0.0,0.0,17.0
2023-09-22,18134 Monachil,Sierra Nevada,14.4,6.8,10.5,4.2,0.0,12.9
2023-09-23,18134 Monachil,Sierra Nevada,16.0,4.9,11.1,0.0,0.0,10.1
2023-09-24,18134 Monachil,Sierra Nevada,18.3,12.6,15.3,0.0,0.0,7.4
2023-09-25,18134 Monachil,Sierra Nevada,19.5,13.8,16.1,0.0,0.0,8.3
2023-09-26,18134 Monachil,Sierra Nevada,18.0,12.1,15.1,0.0,0.0,9.4
2023-09-27,18134 Monachil,Sierra Nevada,18.1,11.9,14.6,0.0,0.0,12.0
2023-09-28,18134 Monachil,Sierra Nevada,19.2,11.2,15.0,0.0,0.0,10.1
2023-09-29,18134 Monachil,Sierra Nevada,20.2,10.2,15.7,0.0,0.0,8.7
2023-09-30,18134 Monachil,Sierra Nevada,20.3,13.8,17.3,0.0,0.0,8.6
2023-10-01,18134 Monachil,Sierra Nevada,19.6,13.7,16.7,0.0,0.0,8.0
2023-10-02,18134 Monachil,Sierra Nevada,19.6,12.3,15.6,0.0,0.0,10.0
2023-10-03,18134 Monachil,Sierra Nevada,19.3,11.5,15.3,0.0,0.0,10.8
2023-10-04,18134 Monachil,Sierra Nevada,18.6,11.1,14.7,0.0,0.0,10.9
2023-10-05,18134 Monachil,Sierra Nevada,18.8,9.4,14.1,0.0,0.0,10.2
2023-10-06,18134 Monachil,Sierra Nevada,18.4,7.4,12.8,0.0,0.0,8.1
2023-10-07,18134 Monachil,Sierra Nevada,18.0,10.5,13.8,0.0,0.0,8.3
2023-10-08,18134 Monachil,Sierra Nevada,17.6,8.5,13.1,0.0,0.0,11.9
2023-10-09,18134 Monachil,Sierra Nevada,17.2,8.3,12.5,0.0,0.0,11.2
2023-10-10,18134 Monachil,Sierra Nevada,16.3,8.4,12.5,0.0,0.0,11.2
2023-10-11,18134 Monachil,Sierra Nevada,15.9,8.4,12.2,0.0,0.0,9.3
2023-10-12,18134 Monachil,Sierra Nevada,16.6,9.7,12.8,0.0,0.0,7.4
2023-10-13,18134 Monachil,Sierra Nevada,17.5,8.4,12.8,0.0,0.0,11.7
2023-10-14,18134 Monachil,Sierra Nevada,11.9,5.2,8.5,6.0,0.0,15.7
2023-10-15,18134 Monachil,Sierra Nevada,13.8,4.7,8.5,0.1,0.0,11.5
2023-10-16,18134 Monachil,Sierra Nevada,13.2,5.8,9.1,0.0,0.0,11.8
2023-10-17,18134 Monachil,Sierra Nevada,13.4,8.1,9.8,4.1,0.0,27.2
2023-10-18,18134 Monachil,Sierra Nevada,12.0,6.6,8.7,0.0,0.0,26.2
2023-10-19,18134 Monachil,Sierra Nevada,10.3,5.4,7.6,39.5,0.91,29.9
2023-10-20,18134 Monachil,Sierra Nevada,4.8,-0.6,1.4,13.2,3.36,27.4
2023-10-21,18134 Monachil,Sierra Nevada,6.6,-1.5,2.2,0.0,0.0,11.4
2023-10-22,18134 Monachil,Sierra Nevada,9.8,0.1,5.1,13.7,0.56,28.3
2023-10-23,18134 Monachil,Sierra Nevada,8.1,3.7,5.6,2.7,0.14,20.5
2023-10-24,18134 Monachil,Sierra Nevada,8.0,0.6,3.7,0.1,0.0,12.7
2023-10-25,18134 Monachil,Sierra Nevada,10.7,2.1,6.9,0.9,0.0,12.7
2023-10-26,18134 Monachil,Sierra Nevada,12.1,6.1,9.2,2.6,0.0,24.5
2023-10-27,18134 Monachil,Sierra Nevada,10.1,2.6,6.6,2.4,0.0,22.3
2023-10-28,18134 Monachil,Sierra Nevada,11.0,2.6,6.4,0.0,0.0,10.4
2023-10-29,18134 Monachil,Sierra Nevada,10.6,2.1,6.4,0.0,0.0,13.7
2023-10-30,18134 Monachil,Sierra Nevada,6.4,0.8,4.2,7.8,1.26,20.5
2023-10-31,18134 Monachil,Sierra Nevada,8.2,3.2,5.7,11.2,0.0,16.4
2023-11-01,18134 Monachil,Sierra Nevada,10.7,2.2,6.5,4.9,0.0,14.4
2023-11-02,18134 Monachil,Sierra Nevada,8.3,1.2,5.4,13.1,0.0,32.0
2023-11-03,18134 Monachil,Sierra Nevada,3.1,-1.9,0.6,1.3,0.21,26.8
2023-11-04,18134 Monachil,Sierra Nevada,7.4,1.8,4.7,1.2,0.0,25.2
2023-11-05,18134 Monachil,Sierra Nevada,8.7,-0.0,4.2,4.6,0.0,25.3
2023-11-06,18134 Monachil,Sierra Nevada,3.6,-3.1,0.2,0.0,0.0,8.6
2023-11-07,18134 Monachil,Sierra Nevada,3.5,-3.4,-0.1,0.0,0.0,8.6
2023-11-08,18134 Monachil,Sierra Nevada,6.6,-1.1,2.8,0.0,0.0,9.5
2023-11-09,18134 Monachil,Sierra Nevada,9.6,1.7,6.2,0.0,0.0,12.2
2023-11-10,18134 Monachil,Sierra Nevada,10.7,2.5,6.1,0.0,0.0,14.1
2023-11-11,18134 Monachil,Sierra Nevada,14.0,5.0,10.0,0.0,0.0,12.3
2023-11-12,18134 Monachil,Sierra Nevada,13.6,8.0,11.4,0.0,0.0,12.7
2023-11-13,18134 Monachil,Sierra Nevada,14.2,8.9,11.5,0.0,0.0,8.1
2023-11-14,18134 Monachil,Sierra Nevada,14.2,7.0,11.2,0.0,0.0,6.9
2023-11-15,18134 Monachil,Sierra Nevada,13.7,9.1,10.9,0.0,0.0,8.2
2023-11-16,18134 Monachil,Sierra Nevada,13.1,8.6,11.1,0.0,0.0,6.6
2023-11-17,18134 Monachil,Sierra Nevada,14.4,8.9,11.6,0.0,0.0,9.0
2023-11-18,18134 Monachil,Sierra Nevada,13.5,6.9,10.1,0.0,0.0,5.5
2023-11-19,18134 Monachil,Sierra Nevada,14.1,8.7,10.8,0.0,0.0,5.4
2023-11-20,18134 Monachil,Sierra Nevada,11.7,6.2,9.2,0.0,0.0,8.1
2023-11-21,18134 Monachil,Sierra Nevada,9.2,-2.0,5.9,0.0,0.0,12.2
2023-11-22,18134 Monachil,Sierra Nevada,4.8,-3.5,-0.6,0.0,0.0,9.9
2023-11-23,18134 Monachil,Sierra Nevada,3.8,-5.6,-1.6,0.0,0.0,10.0
2023-11-24,18134 Monachil,Sierra Nevada,11.4,-0.4,5.1,0.0,0.0,10.2
2023-11-25,18134 Monachil,Sierra Nevada,12.8,3.9,9.7,0.0,0.0,7.3
2023-11-26,18134 Monachil,Sierra Nevada,11.1,6.2,8.0,0.0,0.0,6.4
2023-11-27,18134 Monachil,Sierra Nevada,12.1,6.7,9.3,0.0,0.0,10.5
2023-11-28,18134 Monachil,Sierra Nevada,11.5,6.5,9.7,0.0,0.0,13.2
2023-11-29,18134 Monachil,Sierra Nevada,9.4,4.1,7.1,10.4,0.0,16.9
2023-11-30,18134 Monachil,Sierra Nevada,9.3,5.0,6.5,0.2,0.0,20.4
2023-12-01,18134 Monachil,Sierra Nevada,5.0,-3.9,1.2,11.2,5.88,24.8
2023-12-02,18134 Monachil,Sierra Nevada,1.0,-5.5,-2.6,0.0,0.0,10.6
2023-12-03,18134 Monachil,Sierra Nevada,5.6,-6.9,0.4,0.0,0.0,9.4
2023-12-04,18134 Monachil,Sierra Nevada,5.3,1.6,3.4,8.7,0.63,14.6
2023-12-05,18134 Monachil,Sierra Nevada,7.9,0.5,4.2,5.1,1.82,14.8
2023-12-06,18134 Monachil,Sierra Nevada,5.6,1.5,3.1,9.2,4.41,13.7
2023-12-07,18134 Monachil,Sierra Nevada,11.0,2.6,5.6,0.0,0.0,10.3
2023-12-08,18134 Monachil,Sierra Nevada,3.6,-0.2,2.2,7.1,1.75,24.8
2023-12-09,18134 Monachil,Sierra Nevada,11.6,1.6,7.3,0.0,0.0,13.9
2023-12-10,18134 Monachil,Sierra Nevada,16.7,12.7,15.1,0.0,0.0,10.2
2023-12-11,18134 Monachil,Sierra Nevada,15.1,8.8,13.2,0.0,0.0,13.6
2023-12-12,18134 Monachil,Sierra Nevada,12.6,4.7,8.9,0.0,0.0,15.1
2023-12-13,18134 Monachil,Sierra Nevada,5.2,-4.3,1.3,2.8,1.05,17.2
2023-12-14,18134 Monachil,Sierra Nevada,4.3,-4.6,-1.0,0.0,0.0,11.6
2023-12-15,18134 Monachil,Sierra Nevada,6.5,-2.1,1.9,0.0,0.0,13.2
2023-12-16,18134 Monachil,Sierra Nevada,8.3,-3.1,2.3,0.0,0.0,11.3
2023-12-17,18134 Monachil,Sierra Nevada,7.2,-0.7,1.9,0.0,0.0,11.9
2023-12-18,18134 Monachil,Sierra Nevada,4.3,-3.0,-0.2,0.0,0.0,10.7
2023-12-19,18134 Monachil,Sierra Nevada,6.7,-3.1,0.5,0.0,0.0,11.4
2023-12-20,18134 Monachil,Sierra Nevada,8.8,-2.1,4.7,1.4,0.84,9.9
2023-12-21,18134 Monachil,Sierra Nevada,7.9,-3.3,1.3,0.0,0.0,11.1
2023-12-22,18134 Monachil,Sierra Nevada,13.2,6.0,9.3,0.0,0.0,9.2
2023-12-23,18134 Monachil,Sierra Nevada,11.0,6.3,8.4,0.0,0.0,6.9
2023-12-24,18134 Monachil,Sierra Nevada,10.7,6.4,7.8,0.0,0.0,5.4
2023-12-25,18134 Monachil,Sierra Nevada,10.1,5.9,7.7,0.0,0.0,6.1
2023-12-26,18134 Monachil,Sierra Nevada,10.5,6.3,7.7,0.0,0.0,8.0
2023-12-27,18134 Monachil,Sierra Nevada,9.5,3.0,6.8,0.0,0.0,7.4
2023-12-28,18134 Monachil,Sierra Nevada,9.5,1.3,6.0,0.0,0.0,6.4
2023-12-29,18134 Monachil,Sierra Nevada,7.5,0.6,5.0,6.7,4.69,9.7
2023-12-30,18134 Monachil,Sierra Nevada,5.0,-0.1,2.1,4.1,2.87,9.5
2023-12-31,18134 Monachil,Sierra Nevada,6.2,0.3,3.6,0.0,0.0,11.0
2024-01-01,18134 Monachil,Sierra Nevada,3.7,-1.5,2.3,0.0,0.0,12.5
2024-01-02,18134 Monachil,Sierra Nevada,10.8,1.9,6.2,0.0,0.0,14.5
2024-01-03,18134 Monachil,Sierra Nevada,10.4,1.8,6.2,0.0,0.0,14.3
2024-01-04,18134 Monachil,Sierra Nevada,5.5,0.3,3.1,6.4,1.33,13.2
2024-01-05,18134 Monachil,Sierra Nevada,1.8,-7.0,-3.6,10.2,6.23,20.5
2024-01-06,18134 Monachil,Sierra Nevada,0.4,-8.5,-4.1,0.3,0.21,16.8
2024-01-07,18134 Monachil,Sierra Nevada,2.7,-4.1,0.9,0.0,0.0,10.3
2024-01-08,18134 Monachil,Sierra Nevada,4.0,-4.4,0.9,0.2,0.14,14.3
2024-01-09,18134 Monachil,Sierra Nevada,3.5,-0.6,1.9,10.5,5.25,14.1
2024-01-10,18134 Monachil,Sierra Nevada,2.5,-2.9,0.1,1.4,0.84,14.0
2024-01-11,18134 Monachil,Sierra Nevada,1.8,-4.9,-1.4,0.0,0.0,14.2
2024-01-12,18134 Monachil,Sierra Nevada,5.8,-3.9,0.9,0.0,0.0,10.8
2024-01-13,18134 Monachil,Sierra Nevada,8.4,1.1,5.1,0.0,0.0,15.0
2024-01-14,18134 Monachil,Sierra Nevada,5.9,-2.0,3.2,0.0,0.0,14.9
2024-01-15,18134 Monachil,Sierra Nevada,4.2,1.6,2.9,0.8,0.0,20.9
2024-01-16,18134 Monachil,Sierra Nevada,9.1,1.6,4.3,8.2,4.9,20.6
2024-01-17,18134 Monachil,Sierra Nevada,4.5,0.1,1.7,7.9,3.43,27.7
2024-01-18,18134 Monachil,Sierra Nevada,3.9,-0.3,1.4,0.0,0.0,18.8
2024-01-19,18134 Monachil,Sierra Nevada,3.4,-1.2,1.0,21.7,13.09,28.3
2024-01-20,18134 Monachil,Sierra Nevada,2.3,-2.9,0.1,3.5,1.75,18.0
2024-01-21,18134 Monachil,Sierra Nevada,2.8,-2.9,-0.2,0.0,0.0,10.0
2024-01-22,18134 Monachil,Sierra Nevada,12.5,3.8,8.5,0.0,0.0,10.6
2024-01-23,18134 Monachil,Sierra Nevada,11.6,5.9,9.3,0.0,0.0,10.5
2024-01-24,18134 Monachil,Sierra Nevada,13.1,3.3,10.1,0.0,0.0,9.8
2024-01-25,18134 Monachil,Sierra Nevada,14.4,1.6,9.4,0.0,0.0,9.7
2024-01-26,18134 Monachil,Sierra Nevada,14.0,7.5,10.8,0.0,0.0,5.4
2024-01-27,18134 Monachil,Sierra Nevada,12.7,3.6,8.7,0.0,0.0,8.2
2024-01-28,18134 Monachil,Sierra Nevada,11.7,3.1,8.1,0.0,0.0,9.0
2024-01-29,18134 Monachil,Sierra Nevada,10.7,1.5,6.1,0.0,0.0,9.7
2024-01-30,18134 Monachil,Sierra Nevada,9.5,5.5,7.0,0.0,0.0,4.2
2024-01-31,18134 Monachil,Sierra Nevada,9.6,5.2,7.2,0.0,0.0,5.7
2024-02-01,18134 Monachil,Sierra Nevada,9.2,4.4,6.4,0.0,0.0,6.1
2024-02-02,18134 Monachil,Sierra Nevada,8.3,2.7,5.6,0.0,0.0,7.1
2024-02-03,18134 Monachil,Sierra Nevada,8.1,3.7,5.9,0.0,0.0,7.8
2024-02-04,18134 Monachil,Sierra Nevada,9.7,4.6,6.6,0.0,0.0,4.1
2024-02-05,18134 Monachil,Sierra Nevada,8.8,3.0,5.6,0.0,0.0,5.8
2024-02-06,18134 Monachil,Sierra Nevada,4.9,-1.2,2.4,0.3,0.21,12.4
2024-02-07,18134 Monachil,Sierra Nevada,5.3,-0.1,2.5,0.0,0.0,11.2
2024-02-08,18134 Monachil,Sierra Nevada,6.5,-1.1,2.7,2.9,2.03,30.2
2024-02-09,18134 Monachil,Sierra Nevada,2.0,-1.7,0.0,39.9,19.46,34.2
2024-02-10,18134 Monachil,Sierra Nevada,-1.8,-4.7,-3.5,14.8,7.77,23.3
2024-02-11,18134 Monachil,Sierra Nevada,3.1,-7.5,-2.0,8.9,0.91,23.8
2024-02-12,18134 Monachil,Sierra Nevada,5.0,0.7,3.2,16.0,0.0,22.3
2024-02-13,18134 Monachil,Sierra Nevada,8.9,2.4,6.7,0.0,0.0,15.3
2024-02-14,18134 Monachil,Sierra Nevada,14.0,8.3,10.4,0.0,0.0,8.9
2024-02-15,18134 Monachil,Sierra Nevada,11.7,0.3,7.5,5.9,2.94,18.2
2024-02-16,18134 Monachil,Sierra Nevada,3.5,-4.3,-0.3,0.4,0.21,12.7
2024-02-17,18134 Monachil,Sierra Nevada,3.8,-5.8,-0.9,0.0,0.0,12.5
2024-02-18,18134 Monachil,Sierra Nevada,8.9,-1.6,3.2,0.0,0.0,9.7
2024-02-19,18134 Monachil,Sierra Nevada,9.2,1.5,5.6,0.0,0.0,9.4
2024-02-20,18134 Monachil,Sierra Nevada,9.9,1.0,4.9,0.0,0.0,12.8
2024-02-21,18134 Monachil,Sierra Nevada,10.5,2.7,7.3,0.0,0.0,8.7
2024-02-22,18134 Monachil,Sierra Nevada,11.2,1.8,7.2,0.0,0.0,12.3
2024-02-23,18134 Monachil,Sierra Nevada,2.3,-5.2,-2.0,5.9,1.68,27.3
2024-02-24,18134 Monachil,Sierra Nevada,-4.3,-6.6,-5.6,6.7,4.55,18.6
2024-02-25,18134 Monachil,Sierra Nevada,1.9,-6.3,-1.5,1.2,0.0,22.0
2024-02-26,18134 Monachil,Sierra Nevada,0.5,-7.1,-2.5,22.3,11.76,25.3
2024-02-27,18134 Monachil,Sierra Nevada,-5.4,-7.6,-6.2,4.3,3.01,19.3
2024-02-28,18134 Monachil,Sierra Nevada,-2.3,-14.9,-6.5,0.0,0.0,15.6
2024-02-29,18134 Monachil,Sierra Nevada,3.7,-7.7,-1.2,0.0,0.0,12.7
2024-03-01,18134 Monachil,Sierra Nevada,2.4,-8.6,-0.7,0.0,0.0,12.4
2024-03-02,18134 Monachil,Sierra Nevada,0.4,-7.8,-2.7,3.9,2.1,26.7
2024-03-03,18134 Monachil,Sierra Nevada,-1.6,-9.0,-5.2,15.9,10.64,28.2
2024-03-04,18134 Monachil,Sierra Nevada,2.0,-5.4,-0.8,0.2,0.07,11.2
2024-03-05,18134 Monachil,Sierra Nevada,2.6,-2.3,0.1,0.0,0.0,7.1
2024-03-06,18134 Monachil,Sierra Nevada,4.3,-2.5,0.6,0.0,0.0,5.3
2024-03-07,18134 Monachil,Sierra Nevada,2.3,-5.5,-1.2,6.8,4.62,22.2
2024-03-08,18134 Monachil,Sierra Nevada,-1.8,-7.7,-4.9,1.6,1.12,22.0
2024-03-09,18134 Monachil,Sierra Nevada,-0.4,-6.9,-2.7,58.9,40.53,25.9
2024-03-10,18134 Monachil,Sierra Nevada,-2.7,-6.2,-4.5,12.1,7.98,20.6
2024-03-11,18134 Monachil,Sierra Nevada,1.6,-5.8,-1.7,1.8,0.98,19.8
2024-03-12,18134 Monachil,Sierra Nevada,5.0,-1.9,1.7,0.0,0.0,7.8
2024-03-13,18134 Monachil,Sierra Nevada,7.4,2.2,5.1,0.0,0.0,8.9
2024-03-14,18134 Monachil,Sierra Nevada,5.0,-2.0,3.1,0.1,0.0,7.1
2024-03-15,18134 Monachil,Sierra Nevada,5.6,-1.7,2.9,0.0,0.0,6.5
2024-03-16,18134 Monachil,Sierra Nevada,8.4,0.3,4.6,0.0,0.0,7.2
2024-03-17,18134 Monachil,Sierra Nevada,14.1,8.6,10.9,0.0,0.0,10.0
2024-03-18,18134 Monachil,Sierra Nevada,12.4,6.8,9.7,0.0,0.0,11.0
2024-03-19,18134 Monachil,Sierra Nevada,8.8,3.2,7.1,4.8,0.84,9.7
2024-03-20,18134 Monachil,Sierra Nevada,8.3,-0.3,5.7,4.2,1.33,10.2
2024-03-21,18134 Monachil,Sierra Nevada,10.4,2.7,6.5,3.4,1.19,16.9
2024-03-22,18134 Monachil,Sierra Nevada,12.7,2.7,8.1,0.2,0.0,15.8
2024-03-23,18134 Monachil,Sierra Nevada,13.7,5.2,9.4,0.3,0.0,14.3
2024-03-24,18134 Monachil,Sierra Nevada,9.0,3.7,7.4,11.6,2.73,14.9
2024-03-25,18134 Monachil,Sierra Nevada,4.5,-1.3,1.3,12.4,6.09,16.9
2024-03-26,18134 Monachil,Sierra Nevada,1.7,-7.3,-4.6,13.9,8.75,20.2
2024-03-27,18134 Monachil,Sierra Nevada,0.7,-5.2,-2.5,14.6,7.28,26.0
2024-03-28,18134 Monachil,Sierra Nevada,2.0,0.9,1.4,14.9,1.33,28.3
2024-03-29,18134 Monachil,Sierra Nevada,1.4,-8.6,-1.0,10.6,6.93,26.1
2024-03-30,18134 Monachil,Sierra Nevada,-1.5,-5.7,-3.2,37.6,26.32,27.4
2024-03-31,18134 Monachil,Sierra Nevada,1.1,-6.8,-2.2,50.7,33.6,30.6
2024-04-01,18134 Monachil,Sierra Nevada,-1.5,-7.0,-4.3,0.2,0.14,17.3
2024-04-02,18134 Monachil,Sierra Nevada,5.0,-1.0,2.3,0.0,0.0,10.5
2024-04-03,18134 Monachil,Sierra Nevada,5.7,2.0,4.6,0.0,0.0,10.3
2024-04-04,18134 Monachil,Sierra Nevada,11.0,3.3,7.0,0.0,0.0,7.2
2024-04-05,18134 Monachil,Sierra Nevada,10.8,2.8,7.0,0.0,0.0,17.7
2024-04-06,18134 Monachil,Sierra Nevada,13.0,0.7,6.7,0.0,0.0,15.5
2024-04-07,18134 Monachil,Sierra Nevada,13.4,4.3,8.6,1.0,0.0,11.8
2024-04-08,18134 Monachil,Sierra Nevada,8.4,1.3,5.2,2.4,0.0,13.1
2024-04-09,18134 Monachil,Sierra Nevada,7.2,-0.6,3.7,0.0,0.0,10.2
2024-04-10,18134 Monachil,Sierra Nevada,10.5,-0.8,5.3,0.0,0.0,14.3
2024-04-11,18134 Monachil,Sierra Nevada,12.3,3.0,7.7,0.0,0.0,14.7
2024-04-12,18134 Monachil,Sierra Nevada,10.7,1.3,5.8,0.0,0.0,15.7
2024-04-13,18134 Monachil,Sierra Nevada,12.9,3.3,7.9,0.0,0.0,13.0
2024-04-14,18134 Monachil,Sierra Nevada,12.3,2.1,7.1,0.0,0.0,12.3
2024-04-15,18134 Monachil,Sierra Nevada,13.0,1.9,7.5,1.6,0.0,14.1
2024-04-16,18134 Monachil,Sierra Nevada,14.1,6.0,9.9,0.1,0.0,10.2
2024-04-17,18134 Monachil,Sierra Nevada,14.1,7.6,11.2,0.0,0.0,14.8
2024-04-18,18134 Monachil,Sierra Nevada,12.1,5.7,9.4,0.2,0.0,11.5
2024-04-19,18134 Monachil,Sierra Nevada,9.4,4.7,7.1,2.0,0.0,8.0
2024-04-20,18134 Monachil,Sierra Nevada,8.1,3.1,6.0,19.7,5.6,5.2
2024-04-21,18134 Monachil,Sierra Nevada,8.1,0.4,4.2,0.0,0.0,13.3
2024-04-22,18134 Monachil,Sierra Nevada,7.5,0.5,4.2,5.3,3.15,12.7
2024-04-23,18134 Monachil,Sierra Nevada,7.4,-1.0,3.4,0.0,0.0,14.3
2024-04-24,18134 Monachil,Sierra Nevada,9.0,-2.9,3.0,0.0,0.0,11.1
2024-04-25,18134 Monachil,Sierra Nevada,7.6,0.7,4.8,0.0,0.0,14.0
2024-04-26,18134 Monachil,Sierra Nevada,8.4,0.8,4.1,0.0,0.0,13.8
2024-04-27,18134 Monachil,Sierra Nevada,2.3,-2.0,0.8,11.5,7.42,21.8
2024-04-28,18134 Monachil,Sierra Nevada,2.3,-3.6,-0.7,2.2,1.54,8.3
2024-04-29,18134 Monachil,Sierra Nevada,1.4,-2.5,-1.2,11.4,7.98,8.2
2024-04-30,18134 Monachil,Sierra Nevada,1.0,-3.5,-0.9,1.3,0.84,11.2
2024-05-01,18134 Monachil,Sierra Nevada,0.6,-3.8,-1.0,16.5,9.87,19.8
2024-05-02,18134 Monachil,Sierra Nevada,3.2,-6.6,-1.0,0.1,0.07,12.6
2024-05-03,18134 Monachil,Sierra Nevada,9.5,-2.0,4.0,0.0,0.0,9.0
2024-05-04,18134 Monachil,Sierra Nevada,12.2,5.3,9.1,0.0,0.0,10.0
2024-05-05,18134 Monachil,Sierra Nevada,12.2,4.2,9.0,0.0,0.0,14.3
2024-05-06,18134 Monachil,Sierra Nevada,9.1,3.3,6.5,0.7,0.0,16.9
2024-05-07,18134 Monachil,Sierra Nevada,11.8,1.9,7.1,0.0,0.0,13.2
2024-05-08,18134 Monachil,Sierra Nevada,14.2,3.1,10.0,0.0,0.0,10.7
2024-05-09,18134 Monachil,Sierra Nevada,14.4,9.3,11.7,0.0,0.0,11.2
2024-05-10,18134 Monachil,Sierra Nevada,16.3,10.8,13.4,3.4,0.0,8.8
2024-05-11,18134 Monachil,Sierra Nevada,16.0,9.0,12.5,4.2,0.0,9.4
2024-05-12,18134 Monachil,Sierra Nevada,14.6,5.3,10.5,0.6,0.0,9.2
2024-05-13,18134 Monachil,Sierra Nevada,14.5,6.1,10.9,0.6,0.0,14.5
2024-05-14,18134 Monachil,Sierra Nevada,11.1,2.4,6.9,0.0,0.0,14.6
2024-05-15,18134 Monachil,Sierra Nevada,9.7,1.5,5.6,0.0,0.0,10.1
2024-05-16,18134 Monachil,Sierra Nevada,10.5,-0.3,5.1,0.0,0.0,10.5
2024-05-17,18134 Monachil,Sierra Nevada,11.8,3.1,7.5,0.0,0.0,9.7
2024-05-18,18134 Monachil,Sierra Nevada,11.1,0.9,6.4,1.4,0.0,9.5
2024-05-19,18134 Monachil,Sierra Nevada,9.4,1.8,5.4,2.2,0.42,13.4
2024-05-20,18134 Monachil,Sierra Nevada,7.5,1.3,4.2,0.8,0.35,13.7
2024-05-21,18134 Monachil,Sierra Nevada,9.2,1.2,5.0,0.0,0.0,11.2
2024-05-22,18134 Monachil,Sierra Nevada,12.5,1.5,7.4,0.0,0.0,8.0
2024-05-23,18134 Monachil,Sierra Nevada,13.6,4.9,9.9,1.1,0.0,7.9
2024-05-24,18134 Monachil,Sierra Nevada,15.1,7.0,11.7,0.4,0.0,10.6
2024-05-25,18134 Monachil,Sierra Nevada,17.0,9.5,13.7,0.3,0.0,10.1
2024-05-26,18134 Monachil,Sierra Nevada,17.2,8.4,13.8,1.0,0.0,13.2
2024-05-27,18134 Monachil,Sierra Nevada,18.0,8.1,13.9,0.5,0.0,14.7
2024-05-28,18134 Monachil,Sierra Nevada,18.3,10.9,14.6,0.0,0.0,10.5
2024-05-29,18134 Monachil,Sierra Nevada,18.5,10.7,15.2,0.1,0.0,8.9
2024-05-30,18134 Monachil,Sierra Nevada,19.7,12.0,15.8,0.0,0.0,12.3
2024-05-31,18134 Monachil,Sierra Nevada,19.0,12.6,16.6,0.5,0.0,14.1
2024-06-01,18134 Monachil,Sierra Nevada,18.2,11.3,15.3,0.5,0.0,10.0
2024-06-02,18134 Monachil,Sierra Nevada,15.3,9.4,12.8,4.8,0.0,11.0
2024-06-03,18134 Monachil,Sierra Nevada,15.0,9.6,12.4,3.9,0.0,9.1
2024-06-04,18134 Monachil,Sierra Nevada,15.7,8.8,12.2,1.7,0.0,8.2
2024-06-05,18134 Monachil,Sierra Nevada,18.2,9.9,14.2,1.6,0.0,5.4
2024-06-06,18134 Monachil,Sierra Nevada,19.8,10.8,15.9,1.1,0.0,11.9
2024-06-07,18134 Monachil,Sierra Nevada,19.6,12.0,15.9,0.0,0.0,16.2
2024-06-08,18134 Monachil,Sierra Nevada,14.2,4.8,10.2,2.0,0.0,15.2
2024-06-09,18134 Monachil,Sierra Nevada,13.9,4.2,9.2,1.3,0.0,8.0
2024-06-10,18134 Monachil,Sierra Nevada,13.9,5.3,9.4,2.2,0.0,11.2
2024-06-11,18134 Monachil,Sierra Nevada,11.4,5.3,8.6,5.0,0.0,11.4
2024-06-12,18134 Monachil,Sierra Nevada,11.9,5.6,8.9,2.4,0.0,13.5
2024-06-13,18134 Monachil,Sierra Nevada,16.4,6.7,11.8,0.2,0.0,7.0
2024-06-14,18134 Monachil,Sierra Nevada,19.6,9.0,14.8,1.2,0.0,12.3
2024-06-15,18134 Monachil,Sierra Nevada,16.3,9.2,12.8,1.3,0.0,17.8
2024-06-16,18134 Monachil,Sierra Nevada,17.2,7.1,12.9,0.3,0.0,10.3
2024-06-17,18134 Monachil,Sierra Nevada,19.6,9.2,14.5,0.0,0.0,11.2
2024-06-18,18134 Monachil,Sierra Nevada,17.1,7.0,12.6,0.0,0.0,16.3
2024-06-19,18134 Monachil,Sierra Nevada,13.6,5.5,9.4,0.0,0.0,14.1
2024-06-20,18134 Monachil,Sierra Nevada,11.3,2.8,6.9,0.0,0.0,11.2
2024-06-21,18134 Monachil,Sierra Nevada,17.4,4.0,11.0,0.0,0.0,13.6
2024-06-22,18134 Monachil,Sierra Nevada,19.4,10.5,14.8,0.0,0.0,13.3
2024-06-23,18134 Monachil,Sierra Nevada,20.4,12.4,16.4,0.0,0.0,13.8
2024-06-24,18134 Monachil,Sierra Nevada,19.4,12.9,16.3,0.4,0.0,11.8
2024-06-25,18134 Monachil,Sierra Nevada,20.7,13.8,17.8,0.0,0.0,9.4
2024-06-26,18134 Monachil,Sierra Nevada,20.4,11.4,16.3,2.5,0.0,9.9
2024-06-27,18134 Monachil,Sierra Nevada,17.9,10.2,13.8,5.1,0.0,8.3
2024-06-28,18134 Monachil,Sierra Nevada,13.6,5.3,10.2,4.1,0.0,13.0
2024-06-29,18134 Monachil,Sierra Nevada,16.9,4.5,11.2,0.0,0.0,10.5
2024-06-30,18134 Monachil,Sierra Nevada,19.4,8.7,14.1,0.0,0.0,11.7
2024-07-01,18134 Monachil,Sierra Nevada,18.4,8.8,13.2,0.0,0.0,12.0
2024-07-02,18134 Monachil,Sierra Nevada,20.2,9.9,15.1,0.0,0.0,12.9
2024-07-03,18134 Monachil,Sierra Nevada,22.2,13.2,17.5,0.0,0.0,10.5
2024-07-04,18134 Monachil,Sierra Nevada,24.1,15.7,20.0,0.0,0.0,7.2
2024-07-05,18134 Monachil,Sierra Nevada,24.1,17.6,21.0,1.1,0.0,6.8
2024-07-06,18134 Monachil,Sierra Nevada,18.7,12.1,15.4,0.0,0.0,11.7
2024-07-07,18134 Monachil,Sierra Nevada,18.4,10.5,14.6,0.0,0.0,10.2
2024-07-08,18134 Monachil,Sierra Nevada,21.0,10.7,16.0,0.0,0.0,10.2
2024-07-09,18134 Monachil,Sierra Nevada,23.2,11.2,17.9,0.0,0.0,10.0
2024-07-10,18134 Monachil,Sierra Nevada,26.1,13.0,19.9,0.0,0.0,15.1
2024-07-11,18134 Monachil,Sierra Nevada,26.7,15.8,21.3,0.1,0.0,17.4
2024-07-12,18134 Monachil,Sierra Nevada,24.0,14.5,19.9,0.0,0.0,15.3
2024-07-13,18134 Monachil,Sierra Nevada,23.0,11.8,18.3,0.0,0.0,15.8
2024-07-14,18134 Monachil,Sierra Nevada,23.1,11.9,17.8,0.0,0.0,14.8
2024-07-15,18134 Monachil,Sierra Nevada,22.8,11.2,17.4,0.0,0.0,14.8
2024-07-16,18134 Monachil,Sierra Nevada,24.8,14.6,20.1,0.0,0.0,12.9
2024-07-17,18134 Monachil,Sierra Nevada,26.3,12.7,21.4,0.0,0.0,8.8
2024-07-18,18134 Monachil,Sierra Nevada,25.2,15.8,20.4,6.8,0.0,11.8
2024-07-19,18134 Monachil,Sierra Nevada,24.8,14.7,20.7,0.0,0.0,18.1
2024-07-20,18134 Monachil,Sierra Nevada,24.0,13.8,19.0,0.2,0.0,19.7
2024-07-21,18134 Monachil,Sierra Nevada,23.1,12.9,18.0,0.0,0.0,9.7
2024-07-22,18134 Monachil,Sierra Nevada,24.2,14.1,19.0,0.0,0.0,9.4
2024-07-23,18134 Monachil,Sierra Nevada,25.9,17.5,21.6,0.0,0.0,10.1
2024-07-24,18134 Monachil,Sierra Nevada,27.0,17.6,22.1,0.0,0.0,13.9
2024-07-25,18134 Monachil,Sierra Nevada,24.8,16.5,21.9,0.1,0.0,18.0
2024-07-26,18134 Monachil,Sierra Nevada,22.3,14.1,18.3,0.0,0.0,12.3
2024-07-27,18134 Monachil,Sierra Nevada,24.0,13.4,19.6,0.0,0.0,12.6
2024-07-28,18134 Monachil,Sierra Nevada,23.2,13.8,18.4,7.8,0.0,9.8
2024-07-29,18134 Monachil,Sierra Nevada,23.5,12.9,18.8,7.4,0.0,17.0
2024-07-30,18134 Monachil,Sierra Nevada,26.2,17.1,21.8,1.2,0.0,15.5
2024-07-31,18134 Monachil,Sierra Nevada,26.9,16.0,22.0,0.0,0.0,20.8
2024-08-01,18134 Monachil,Sierra Nevada,26.9,17.3,22.4,0.0,0.0,18.1
2024-08-02,18134 Monachil,Sierra Nevada,22.9,15.0,18.8,0.0,0.0,14.8
2024-08-03,18134 Monachil,Sierra Nevada,23.1,11.9,18.0,0.0,0.0,8.9
2024-08-04,18134 Monachil,Sierra Nevada,23.4,12.2,18.8,0.3,0.0,7.3
2024-08-05,18134 Monachil,Sierra Nevada,24.2,14.4,19.7,0.1,0.0,8.9
2024-08-06,18134 Monachil,Sierra Nevada,24.7,13.8,20.1,0.0,0.0,13.8
2024-08-07,18134 Monachil,Sierra Nevada,26.0,13.7,20.3,0.0,0.0,12.8
2024-08-08,18134 Monachil,Sierra Nevada,25.4,14.6,21.0,0.0,0.0,14.6
2024-08-09,18134 Monachil,Sierra Nevada,25.3,13.4,20.2,0.2,0.0,7.1
2024-08-10,18134 Monachil,Sierra Nevada,25.4,17.6,21.6,0.4,0.0,8.5
2024-08-11,18134 Monachil,Sierra Nevada,25.7,15.1,20.6,0.7,0.0,20.4
2024-08-12,18134 Monachil,Sierra Nevada,25.2,12.1,19.4,0.0,0.0,15.5
2024-08-13,18134 Monachil,Sierra Nevada,21.8,13.2,17.2,0.4,0.0,14.3
2024-08-14,18134 Monachil,Sierra Nevada,20.0,12.2,15.4,7.9,0.0,15.0
2024-08-15,18134 Monachil,Sierra Nevada,20.6,10.1,15.6,0.0,0.0,16.7
2024-08-16,18134 Monachil,Sierra Nevada,21.6,12.0,16.8,0.0,0.0,13.9
2024-08-17,18134 Monachil,Sierra Nevada,23.3,13.8,18.3,0.0,0.0,12.8
2024-08-18,18134 Monachil,Sierra Nevada,24.7,17.4,20.3,0.0,0.0,12.9
2024-08-19,18134 Monachil,Sierra Nevada,24.2,15.8,19.8,0.0,0.0,15.6
2024-08-20,18134 Monachil,Sierra Nevada,21.4,14.6,18.2,2.2,0.0,9.7
2024-08-21,18134 Monachil,Sierra Nevada,21.1,14.8,17.7,3.8,0.0,6.5
2024-08-22,18134 Monachil,Sierra Nevada,21.0,11.4,16.2,0.1,0.0,9.6
2024-08-23,18134 Monachil,Sierra Nevada,21.1,12.2,16.3,0.9,0.0,6.6
2024-08-24,18134 Monachil,Sierra Nevada,21.2,11.1,16.4,6.2,0.0,10.9
2024-08-25,18134 Monachil,Sierra Nevada,22.5,13.2,17.8,1.7,0.0,15.2
2024-08-26,18134 Monachil,Sierra Nevada,21.5,13.8,17.5,1.1,0.0,11.9
2024-08-27,18134 Monachil,Sierra Nevada,20.3,14.3,16.8,3.2,0.0,7.6
2024-08-28,18134 Monachil,Sierra Nevada,22.3,11.7,16.9,1.0,0.0,7.9
2024-08-29,18134 Monachil,Sierra Nevada,19.3,12.4,15.3,25.5,0.0,13.4
2024-08-30,18134 Monachil,Sierra Nevada,18.6,11.5,14.9,13.7,0.0,10.8
2024-08-31,18134 Monachil,Sierra Nevada,20.2,11.0,15.6,1.9,0.0,7.9
2024-09-01,18134 Monachil,Sierra Nevada,20.6,10.9,15.9,0.0,0.0,11.9
2024-09-02,18134 Monachil,Sierra Nevada,19.0,10.1,15.1,0.1,0.0,12.1
2024-09-03,18134 Monachil,Sierra Nevada,19.4,10.5,14.7,0.0,0.0,14.2
2024-09-04,18134 Monachil,Sierra Nevada,18.6,7.7,13.2,0.0,0.0,10.8
2024-09-05,18134 Monachil,Sierra Nevada,18.5,9.3,13.5,0.0,0.0,7.8
2024-09-06,18134 Monachil,Sierra Nevada,19.1,6.9,13.7,0.0,0.0,20.3
2024-09-07,18134 Monachil,Sierra Nevada,20.0,12.5,15.5,9.9,0.0,24.8
2024-09-08,18134 Monachil,Sierra Nevada,15.4,9.5,12.6,11.9,0.0,19.9
2024-09-09,18134 Monachil,Sierra Nevada,17.5,8.9,13.0,0.0,0.0,8.4
2024-09-10,18134 Monachil,Sierra Nevada,17.2,7.7,12.1,0.0,0.0,8.4
2024-09-11,18134 Monachil,Sierra Nevada,16.7,7.3,12.0,0.1,0.0,14.8
2024-09-12,18134 Monachil,Sierra Nevada,17.5,7.7,12.9,0.0,0.0,12.5
2024-09-13,18134 Monachil,Sierra Nevada,18.1,7.7,13.2,0.5,0.0,11.5
2024-09-14,18134 Monachil,Sierra Nevada,16.5,10.0,12.9,4.6,0.0,11.3
2024-09-15,18134 Monachil,Sierra Nevada,18.1,11.4,14.4,0.1,0.0,8.7
2024-09-16,18134 Monachil,Sierra Nevada,18.8,11.7,14.8,1.4,0.0,13.2
2024-09-17,18134 Monachil,Sierra Nevada,15.3,8.5,12.1,3.1,0.0,11.4
2024-09-18,18134 Monachil,Sierra Nevada,13.6,8.1,10.8,4.9,0.0,8.0
2024-09-19,18134 Monachil,Sierra Nevada,12.4,8.2,10.1,2.9,0.0,9.0
2024-09-20,18134 Monachil,Sierra Nevada,13.3,5.1,9.4,8.5,0.0,17.0
2024-09-21,18134 Monachil,Sierra Nevada,12.4,6.7,9.6,9.0,0.0,16.4
2024-09-22,18134 Monachil,Sierra Nevada,13.5,4.4,8.7,0.1,0.0,11.7
2024-09-23,18134 Monachil,Sierra Nevada,13.8,4.6,8.9,0.0,0.0,9.8
2024-09-24,18134 Monachil,Sierra Nevada,13.4,4.4,8.9,2.3,0.14,9.8
2024-09-25,18134 Monachil,Sierra Nevada,16.4,7.0,11.3,0.0,0.0,9.2
2024-09-26,18134 Monachil,Sierra Nevada,16.5,9.1,13.0,0.0,0.0,16.4
2024-09-27,18134 Monachil,Sierra Nevada,15.1,6.0,10.8,0.0,0.0,11.5
2024-09-28,18134 Monachil,Sierra Nevada,13.9,3.5,9.1,0.0,0.0,8.1
2024-09-29,18134 Monachil,Sierra Nevada,17.2,10.4,13.8,0.0,0.0,6.1
2024-09-30,18134 Monachil,Sierra Nevada,20.0,11.7,15.9,0.0,0.0,11.9
2024-10-01,18134 Monachil,Sierra Nevada,18.3,10.6,14.2,0.0,0.0,17.9
2024-10-02,18134 Monachil,Sierra Nevada,17.1,10.1,13.6,0.0,0.0,13.4
2024-10-03,18134 Monachil,Sierra Nevada,15.3,8.6,11.2,1.1,0.0,12.2
2024-10-04,18134 Monachil,Sierra Nevada,14.7,7.2,10.3,0.0,0.0,10.2
2024-10-05,18134 Monachil,Sierra Nevada,16.0,8.9,11.3,0.1,0.0,10.5
2024-10-06,18134 Monachil,Sierra Nevada,17.3,10.9,13.6,0.0,0.0,12.6
2024-10-07,18134 Monachil,Sierra Nevada,14.9,7.2,11.8,1.8,0.0,18.9
2024-10-08,18134 Monachil,Sierra Nevada,12.5,3.5,7.9,0.8,0.0,14.5
2024-10-09,18134 Monachil,Sierra Nevada,15.7,8.1,11.4,3.5,0.0,24.6
2024-10-10,18134 Monachil,Sierra Nevada,13.1,4.4,8.0,0.2,0.0,22.8
2024-10-11,18134 Monachil,Sierra Nevada,12.7,5.6,9.2,1.7,0.0,18.0
2024-10-12,18134 Monachil,Sierra Nevada,14.2,7.6,10.2,2.6,0.0,19.5
2024-10-13,18134 Monachil,Sierra Nevada,13.7,6.8,10.3,7.5,0.0,13.1
2024-10-14,18134 Monachil,Sierra Nevada,13.8,8.1,10.1,11.9,0.0,15.5
2024-10-15,18134 Monachil,Sierra Nevada,9.2,5.9,7.2,3.9,0.0,16.7
2024-10-16,18134 Monachil,Sierra Nevada,11.9,6.6,8.7,6.1,0.0,21.4
2024-10-17,18134 Monachil,Sierra Nevada,6.1,0.7,3.4,3.2,0.0,23.0
2024-10-18,18134 Monachil,Sierra Nevada,9.6,-0.4,4.2,0.0,0.0,12.1
2024-10-19,18134 Monachil,Sierra Nevada,12.0,5.5,8.0,0.0,0.0,10.6
2024-10-20,18134 Monachil,Sierra Nevada,14.4,6.1,10.3,0.0,0.0,11.9
2024-10-21,18134 Monachil,Sierra Nevada,14.3,7.3,10.5,0.0,0.0,12.8
2024-10-22,18134 Monachil,Sierra Nevada,11.6,5.9,8.4,0.4,0.0,12.1
2024-10-23,18134 Monachil,Sierra Nevada,10.7,4.6,7.9,1.1,0.0,7.8
2024-10-24,18134 Monachil,Sierra Nevada,11.2,4.7,8.2,0.7,0.0,7.4
2024-10-25,18134 Monachil,Sierra Nevada,8.8,3.9,6.5,6.1,0.14,18.0
2024-10-26,18134 Monachil,Sierra Nevada,4.2,-1.8,1.7,4.3,2.73,13.4
2024-10-27,18134 Monachil,Sierra Nevada,-0.1,-3.2,-1.3,10.0,6.72,10.3
2024-10-28,18134 Monachil,Sierra Nevada,3.5,-5.7,-0.4,2.3,1.19,15.3
2024-10-29,18134 Monachil,Sierra Nevada,5.8,-0.1,3.2,22.8,8.33,17.2
2024-10-30,18134 Monachil,Sierra Nevada,3.3,-2.1,1.3,7.6,4.55,13.8
2024-10-31,18134 Monachil,Sierra Nevada,7.6,1.3,4.0,2.8,0.0,8.6
2024-11-01,18134 Monachil,Sierra Nevada,8.0,1.5,4.5,0.2,0.0,7.5
2024-11-02,18134 Monachil,Sierra Nevada,7.7,3.1,5.2,0.3,0.0,6.1
2024-11-03,18134 Monachil,Sierra Nevada,8.8,1.6,5.3,1.1,0.0,8.0
2024-11-04,18134 Monachil,Sierra Nevada,11.8,2.0,6.9,0.0,0.0,11.7
2024-11-05,18134 Monachil,Sierra Nevada,11.2,2.5,6.2,0.0,0.0,11.8
2024-11-06,18134 Monachil,Sierra Nevada,10.9,4.9,7.2,0.0,0.0,5.8
2024-11-07,18134 Monachil,Sierra Nevada,11.2,6.0,8.0,0.0,0.0,8.8
2024-11-08,18134 Monachil,Sierra Nevada,13.9,4.1,8.5,1.4,0.0,20.1
2024-11-09,18134 Monachil,Sierra Nevada,11.1,2.4,6.8,0.0,0.0,15.3
2024-11-10,18134 Monachil,Sierra Nevada,8.6,1.2,4.6,0.0,0.0,13.4
2024-11-11,18134 Monachil,Sierra Nevada,6.9,1.6,3.9,1.4,0.21,10.4
2024-11-12,18134 Monachil,Sierra Nevada,6.5,0.7,3.0,0.8,0.0,10.1
2024-11-13,18134 Monachil,Sierra Nevada,1.2,-0.6,0.7,22.3,15.61,14.5
2024-11-14,18134 Monachil,Sierra Nevada,4.5,0.8,2.3,1.7,1.05,9.1
2024-11-15,18134 Monachil,Sierra Nevada,5.9,1.3,3.4,0.0,0.0,7.4
2024-11-16,18134 Monachil,Sierra Nevada,6.1,2.1,3.7,6.3,2.87,8.5
2024-11-17,18134 Monachil,Sierra Nevada,7.8,2.4,4.7,6.2,0.7,2.9
2024-11-18,18134 Monachil,Sierra Nevada,5.9,0.9,3.3,0.0,0.0,9.6
2024-11-19,18134 Monachil,Sierra Nevada,5.5,0.5,2.8,2.0,0.07,11.0
2024-11-20,18134 Monachil,Sierra Nevada,8.3,-0.4,3.2,0.0,0.0,8.8
2024-11-21,18134 Monachil,Sierra Nevada,9.6,3.3,6.0,0.0,0.0,10.5
2024-11-22,18134 Monachil,Sierra Nevada,8.6,1.2,4.0,0.0,0.0,7.3
2024-11-23,18134 Monachil,Sierra Nevada,9.1,1.1,4.5,0.0,0.0,6.2
2024-11-24,18134 Monachil,Sierra Nevada,12.6,3.5,7.8,5.7,0.63,13.8
2024-11-25,18134 Monachil,Sierra Nevada,7.9,3.1,5.0,18.7,8.75,19.9
2024-11-26,18134 Monachil,Sierra Nevada,8.0,1.4,4.4,0.0,0.0,16.4
2024-11-27,18134 Monachil,Sierra Nevada,8.6,1.9,4.4,0.0,0.0,9.3
2024-11-28,18134 Monachil,Sierra Nevada,11.2,3.4,6.5,0.0,0.0,13.0
2024-11-29,18134 Monachil,Sierra Nevada,10.5,5.1,7.0,2.0,0.0,14.2
2024-11-30,18134 Monachil,Sierra Nevada,10.9,4.7,7.1,0.2,0.0,10.5
2024-12-01,18134 Monachil,Sierra Nevada,9.6,-0.1,4.7,12.6,7.21,6.0
2024-12-02,18134 Monachil,Sierra Nevada,4.8,-1.1,1.7,13.5,9.03,5.9
2024-12-03,18134 Monachil,Sierra Nevada,4.8,-0.3,1.7,0.9,0.63,10.5
2024-12-04,18134 Monachil,Sierra Nevada,3.5,-0.9,0.7,0.0,0.0,13.7
2024-12-05,18134 Monachil,Sierra Nevada,9.3,0.2,4.8,0.0,0.0,10.0
2024-12-06,18134 Monachil,Sierra Nevada,13.6,4.6,8.2,0.0,0.0,10.8
2024-12-07,18134 Monachil,Sierra Nevada,11.7,5.7,8.5,0.0,0.0,11.3
2024-12-08,18134 Monachil,Sierra Nevada,8.4,-1.8,3.8,0.0,0.0,10.3
2024-12-09,18134 Monachil,Sierra Nevada,-1.1,-6.5,-3.5,0.0,0.0,10.7
2024-12-10,18134 Monachil,Sierra Nevada,0.0,-5.2,-3.5,0.0,0.0,6.7
2024-12-11,18134 Monachil,Sierra Nevada,-1.9,-4.7,-3.8,0.9,0.63,6.1
2024-12-12,18134 Monachil,Sierra Nevada,-0.4,-5.6,-3.6,2.2,1.54,7.7
2024-12-13,18134 Monachil,Sierra Nevada,0.0,-5.7,-3.3,0.2,0.14,10.1
2024-12-14,18134 Monachil,Sierra Nevada,2.1,-5.7,-3.0,0.0,0.0,6.8
2024-12-15,18134 Monachil,Sierra Nevada,3.0,-3.9,-1.1,0.0,0.0,5.8
2024-12-16,18134 Monachil,Sierra Nevada,7.0,-0.1,2.7,0.0,0.0,4.0
2024-12-17,18134 Monachil,Sierra Nevada,13.9,4.7,7.9,0.0,0.0,6.8
2024-12-18,18134 Monachil,Sierra Nevada,10.9,4.0,7.3,4.4,0.49,10.4
2024-12-19,18134 Monachil,Sierra Nevada,5.8,-0.4,3.9,1.2,0.0,21.1
2024-12-20,18134 Monachil,Sierra Nevada,2.7,-2.6,-0.2,0.0,0.0,7.1
2024-12-21,18134 Monachil,Sierra Nevada,4.9,-1.7,0.9,0.0,0.0,8.6
2024-12-22,18134 Monachil,Sierra Nevada,9.4,1.8,4.8,0.0,0.0,7.3
2024-12-23,18134 Monachil,Sierra Nevada,8.5,1.0,5.1,0.0,0.0,8.0
2024-12-24,18134 Monachil,Sierra Nevada,10.4,1.6,5.5,0.0,0.0,4.6
2024-12-25,18134 Monachil,Sierra Nevada,8.4,2.3,4.4,0.0,0.0,2.4
2024-12-26,18134 Monachil,Sierra Nevada,8.2,2.6,4.6,0.0,0.0,6.9
2024-12-27,18134 Monachil,Sierra Nevada,4.9,-1.2,2.3,0.0,0.0,7.1
2024-12-28,18134 Monachil,Sierra Nevada,3.9,-2.3,0.4,0.0,0.0,5.6
2024-12-29,18134 Monachil,Sierra Nevada,1.9,-2.9,-1.1,0.0,0.0,5.2
2024-12-30,18134 Monachil,Sierra Nevada,1.0,-3.3,-1.8,0.0,0.0,5.2
2024-12-31,18134 Monachil,Sierra Nevada,0.1,-4.3,-3.0,1.3,0.84,7.7
2025-01-01,18134 Monachil,Sierra Nevada,0.8,-5.9,-3.4,0.0,0.0,7.2
2025-01-02,18134 Monachil,Sierra Nevada,2.5,-4.5,-1.8,0.0,0.0,5.8
2025-01-03,18134 Monachil,Sierra Nevada,7.1,-1.1,2.2,0.0,0.0,6.3
2025-01-04,18134 Monachil,Sierra Nevada,8.5,2.1,4.2,0.0,0.0,9.1
2025-01-05,18134 Monachil,Sierra Nevada,4.4,-1.3,1.6,0.4,0.28,19.5
2025-01-06,18134 Monachil,Sierra Nevada,0.4,-4.5,-1.4,18.0,11.83,20.7
2025-01-07,18134 Monachil,Sierra Nevada,3.8,-7.3,-1.5,0.0,0.0,12.1
2025-01-08,18134 Monachil,Sierra Nevada,6.3,-0.8,2.4,0.0,0.0,12.0
2025-01-09,18134 Monachil,Sierra Nevada,5.1,0.9,2.8,6.8,0.0,15.7
2025-01-10,18134 Monachil,Sierra Nevada,11.3,2.5,5.2,0.0,0.0,6.7
2025-01-11,18134 Monachil,Sierra Nevada,9.2,2.5,5.5,0.0,0.0,9.8
2025-01-12,18134 Monachil,Sierra Nevada,6.0,-4.8,1.8,0.0,0.0,15.6
2025-01-13,18134 Monachil,Sierra Nevada,1.7,-6.1,-3.3,0.0,0.0,9.6
2025-01-14,18134 Monachil,Sierra Nevada,-1.2,-6.8,-4.5,0.0,0.0,10.8
2025-01-15,18134 Monachil,Sierra Nevada,2.7,-6.1,-2.1,0.0,0.0,12.4
2025-01-16,18134 Monachil,Sierra Nevada,4.1,-4.2,0.0,0.0,0.0,9.0
2025-01-17,18134 Monachil,Sierra Nevada,-0.5,-6.0,-3.9,0.0,0.0,10.5
2025-01-18,18134 Monachil,Sierra Nevada,1.6,-3.7,-1.8,0.4,0.28,8.7
2025-01-19,18134 Monachil,Sierra Nevada,2.0,-3.7,-1.6,0.0,0.0,10.2
2025-01-20,18134 Monachil,Sierra Nevada,5.1,-2.9,0.7,9.8,5.25,12.5
2025-01-21,18134 Monachil,Sierra Nevada,3.6,0.6,2.2,2.3,0.35,17.8
2025-01-22,18134 Monachil,Sierra Nevada,2.4,-0.8,1.0,0.0,0.0,20.3
2025-01-23,18134 Monachil,Sierra Nevada,3.2,-2.1,0.8,0.1,0.07,20.9
2025-01-24,18134 Monachil,Sierra Nevada,5.8,-1.9,0.9,0.0,0.0,8.7
2025-01-25,18134 Monachil,Sierra Nevada,5.1,-1.1,1.6,0.9,0.56,14.6
2025-01-26,18134 Monachil,Sierra Nevada,5.6,-1.3,2.1,0.6,0.0,22.8
2025-01-27,18134 Monachil,Sierra Nevada,5.0,-0.7,3.5,9.1,0.84,30.6
2025-01-28,18134 Monachil,Sierra Nevada,-1.2,-7.7,-4.4,13.1,8.26,25.0
2025-01-29,18134 Monachil,Sierra Nevada,1.3,-6.5,-2.3,3.3,2.1,22.3
2025-01-30,18134 Monachil,Sierra Nevada,-3.0,-6.0,-5.1,2.2,1.33,18.8
2025-01-31,18134 Monachil,Sierra Nevada,-1.7,-9.6,-5.8,0.0,0.0,9.6
2025-02-01,18134 Monachil,Sierra Nevada,1.8,-7.6,-4.4,0.0,0.0,10.1
2025-02-02,18134 Monachil,Sierra Nevada,-0.9,-8.7,-5.5,0.0,0.0,8.3
2025-02-03,18134 Monachil,Sierra Nevada,-2.2,-6.7,-4.0,11.8,8.19,10.3
2025-02-04,18134 Monachil,Sierra Nevada,-1.1,-9.9,-5.2,0.6,0.42,9.4
2025-02-05,18134 Monachil,Sierra Nevada,1.2,-8.3,-4.7,0.0,0.0,7.8
2025-02-06,18134 Monachil,Sierra Nevada,1.0,-8.4,-4.4,0.0,0.0,9.4
2025-02-07,18134 Monachil,Sierra Nevada,2.2,-7.7,-3.5,0.0,0.0,6.8
2025-02-08,18134 Monachil,Sierra Nevada,3.4,-2.1,0.4,2.2,0.42,14.6
2025-02-09,18134 Monachil,Sierra Nevada,4.7,-3.5,-0.1,0.0,0.0,3.9
2025-02-10,18134 Monachil,Sierra Nevada,3.4,-5.7,-1.6,0.0,0.0,4.8
2025-02-11,18134 Monachil,Sierra Nevada,2.8,-4.1,-1.1,0.0,0.0,14.6
2025-02-12,18134 Monachil,Sierra Nevada,1.4,-4.7,-1.1,0.2,0.14,17.3
2025-02-13,18134 Monachil,Sierra Nevada,4.8,-4.8,0.3,0.0,0.0,8.5
2025-02-14,18134 Monachil,Sierra Nevada,5.7,-0.6,2.0,0.0,0.0,5.1
2025-02-15,18134 Monachil,Sierra Nevada,6.1,-0.0,2.6,0.0,0.0,6.9
2025-02-16,18134 Monachil,Sierra Nevada,6.7,-0.5,3.0,0.0,0.0,8.9
2025-02-17,18134 Monachil,Sierra Nevada,7.6,0.9,3.4,0.0,0.0,4.9
2025-02-18,18134 Monachil,Sierra Nevada,6.9,-0.5,2.5,0.0,0.0,11.0
2025-02-19,18134 Monachil,Sierra Nevada,4.4,-0.8,1.5,6.3,3.99,5.9
2025-02-20,18134 Monachil,Sierra Nevada,6.8,-1.6,1.7,0.0,0.0,10.5
2025-02-21,18134 Monachil,Sierra Nevada,6.3,-0.3,2.6,0.0,0.0,9.2
2025-02-22,18134 Monachil,Sierra Nevada,1.9,-3.5,0.1,11.9,8.05,10.8
2025-02-23,18134 Monachil,Sierra Nevada,2.4,-6.8,-2.0,0.0,0.0,7.9
2025-02-24,18134 Monachil,Sierra Nevada,4.1,-4.3,-0.4,0.0,0.0,5.2
2025-02-25,18134 Monachil,Sierra Nevada,6.1,-1.0,2.3,0.3,0.0,11.7
2025-02-26,18134 Monachil,Sierra Nevada,5.3,-2.9,1.3,0.0,0.0,8.1
2025-02-27,18134 Monachil,Sierra Nevada,5.0,-1.3,1.4,0.0,0.0,10.9
2025-02-28,18134 Monachil,Sierra Nevada,3.1,-1.4,0.5,7.7,5.39,8.0
2025-03-01,18134 Monachil,Sierra Nevada,-0.2,-1.5,-0.8,16.9,11.13,7.9
2025-03-02,18134 Monachil,Sierra Nevada,1.1,-2.0,-0.7,1.9,0.77,12.0
2025-03-03,18134 Monachil,Sierra Nevada,2.7,-2.5,0.2,8.5,5.95,9.4
2025-03-04,18134 Monachil,Sierra Nevada,2.7,-3.0,-0.2,2.9,2.03,9.3
2025-03-05,18134 Monachil,Sierra Nevada,2.7,-1.1,0.8,4.8,2.73,12.5
2025-03-06,18134 Monachil,Sierra Nevada,2.6,-1.9,0.7,13.2,9.17,7.7
2025-03-07,18134 Monachil,Sierra Nevada,2.6,-3.6,0.0,0.7,0.35,9.7
2025-03-08,18134 Monachil,Sierra Nevada,0.2,-5.0,-1.3,30.0,19.32,19.3
2025-03-09,18134 Monachil,Sierra Nevada,-2.3,-6.5,-4.5,9.0,6.3,18.0
2025-03-10,18134 Monachil,Sierra Nevada,-0.9,-4.4,-2.2,19.5,13.44,21.1
2025-03-11,18134 Monachil,Sierra Nevada,-0.1,-2.2,-1.3,7.7,4.62,21.4
2025-03-12,18134 Monachil,Sierra Nevada,0.4,-2.3,-0.9,6.1,2.59,17.1
2025-03-13,18134 Monachil,Sierra Nevada,0.3,-2.6,-1.3,21.9,14.07,23.9
2025-03-14,18134 Monachil,Sierra Nevada,-1.3,-4.5,-2.7,24.6,17.01,19.5
2025-03-15,18134 Monachil,Sierra Nevada,-2.8,-11.1,-6.7,0.1,0.0,7.6
2025-03-16,18134 Monachil,Sierra Nevada,-1.0,-10.9,-5.1,1.6,1.05,18.4
2025-03-17,18134 Monachil,Sierra Nevada,1.1,-0.5,0.0,15.5,10.08,17.8
2025-03-18,18134 Monachil,Sierra Nevada,0.9,-2.2,0.0,23.7,16.45,17.8
2025-03-19,18134 Monachil,Sierra Nevada,3.2,-6.6,-1.0,0.0,0.0,10.2
2025-03-20,18134 Monachil,Sierra Nevada,5.2,-0.1,3.1,0.0,0.0,13.9
2025-03-21,18134 Monachil,Sierra Nevada,2.0,-3.4,-0.6,21.3,13.51,23.6
2025-03-22,18134 Monachil,Sierra Nevada,0.4,-6.2,-3.2,10.5,6.02,22.5
2025-03-23,18134 Monachil,Sierra Nevada,-1.9,-7.7,-4.8,13.5,9.24,16.6
2025-03-24,18134 Monachil,Sierra Nevada,-0.8,-9.2,-4.2,0.6,0.35,9.5
2025-03-25,18134 Monachil,Sierra Nevada,-0.1,-7.0,-3.3,1.2,0.91,7.7
2025-03-26,18134 Monachil,Sierra Nevada,2.4,-7.6,-2.3,0.2,0.14,11.2
2025-03-27,18134 Monachil,Sierra Nevada,2.8,-6.6,-1.8,0.0,0.0,9.4
2025-03-28,18134 Monachil,Sierra Nevada,3.8,-6.1,-1.2,0.0,0.0,10.4
2025-03-29,18134 Monachil,Sierra Nevada,7.0,-1.5,2.2,0.0,0.0,7.0
2025-03-30,18134 Monachil,Sierra Nevada,6.8,-2.1,2.2,0.0,0.0,5.4
2025-03-31,18134 Monachil,Sierra Nevada,10.7,1.9,6.2,0.0,0.0,3.1
2025-04-01,18134 Monachil,Sierra Nevada,7.6,0.9,4.6,2.0,1.19,4.2
2025-04-02,18134 Monachil,Sierra Nevada,5.0,-0.8,1.7,0.0,0.0,5.7
2025-04-03,18134 Monachil,Sierra Nevada,5.4,-1.1,2.6,16.8,10.5,11.4
2025-04-04,18134 Monachil,Sierra Nevada,3.6,-0.1,1.8,8.8,4.2,20.9
2025-04-05,18134 Monachil,Sierra Nevada,4.4,-4.8,0.2,0.0,0.0,8.8
2025-04-06,18134 Monachil,Sierra Nevada,4.8,-4.4,0.3,0.1,0.0,8.4
2025-04-07,18134 Monachil,Sierra Nevada,6.5,-3.3,1.6,0.1,0.0,5.7
2025-04-08,18134 Monachil,Sierra Nevada,9.1,-1.3,4.3,0.0,0.0,3.2
2025-04-09,18134 Monachil,Sierra Nevada,10.0,3.8,7.1,0.4,0.0,6.6
2025-04-10,18134 Monachil,Sierra Nevada,9.0,4.2,7.1,0.8,0.0,6.5
2025-04-11,18134 Monachil,Sierra Nevada,8.1,4.9,6.4,10.8,0.0,11.1
2025-04-12,18134 Monachil,Sierra Nevada,5.9,1.8,3.6,41.0,17.99,13.2
2025-04-13,18134 Monachil,Sierra Nevada,4.7,0.0,2.4,0.9,0.0,6.1
2025-04-14,18134 Monachil,Sierra Nevada,4.5,-0.5,2.0,3.1,0.77,14.1
2025-04-15,18134 Monachil,Sierra Nevada,0.5,-4.7,-2.1,5.9,3.29,19.8
2025-04-16,18134 Monachil,Sierra Nevada,-1.8,-7.3,-4.7,0.8,0.56,15.3
2025-04-17,18134 Monachil,Sierra Nevada,8.7,-3.2,2.7,1.2,0.0,13.4
2025-04-18,18134 Monachil,Sierra Nevada,10.5,2.1,5.8,0.0,0.0,12.0
2025-04-19,18134 Monachil,Sierra Nevada,2.9,-3.9,0.2,0.6,0.14,22.9
2025-04-20,18134 Monachil,Sierra Nevada,-0.8,-4.5,-3.0,3.7,2.24,16.5
2025-04-21,18134 Monachil,Sierra Nevada,8.1,-3.7,1.8,2.1,0.42,10.9
2025-04-22,18134 Monachil,Sierra Nevada,7.5,-1.2,2.6,5.7,3.78,9.5
2025-04-23,18134 Monachil,Sierra Nevada,12.0,-0.2,6.1,0.0,0.0,9.2
2025-04-24,18134 Monachil,Sierra Nevada,14.2,4.8,9.8,0.9,0.0,6.9
2025-04-25,18134 Monachil,Sierra Nevada,12.7,5.4,9.7,0.4,0.0,10.0
2025-04-26,18134 Monachil,Sierra Nevada,12.5,4.9,8.3,0.6,0.0,10.9
2025-04-27,18134 Monachil,Sierra Nevada,12.2,2.8,7.5,0.3,0.0,12.0
2025-04-28,18134 Monachil,Sierra Nevada,12.3,5.0,8.3,0.1,0.0,6.7
2025-04-29,18134 Monachil,Sierra Nevada,14.9,6.9,10.8,0.3,0.0,11.2
2025-04-30,18134 Monachil,Sierra Nevada,13.1,6.7,9.9,1.6,0.0,14.4
2025-05-01,18134 Monachil,Sierra Nevada,14.2,5.6,9.7,0.0,0.0,12.4
2025-05-02,18134 Monachil,Sierra Nevada,10.1,4.9,7.4,2.6,0.0,19.5
2025-05-03,18134 Monachil,Sierra Nevada,9.0,1.7,4.9,7.9,4.76,15.2
2025-05-04,18134 Monachil,Sierra Nevada,6.1,1.0,3.5,0.0,0.0,16.1
2025-05-05,18134 Monachil,Sierra Nevada,6.8,1.5,3.4,0.8,0.0,11.8
2025-05-06,18134 Monachil,Sierra Nevada,9.1,0.6,4.8,0.6,0.0,11.6
2025-05-07,18134 Monachil,Sierra Nevada,9.0,1.9,5.3,0.2,0.07,10.4
2025-05-08,18134 Monachil,Sierra Nevada,6.6,-0.1,3.8,7.8,4.41,12.2
2025-05-09,18134 Monachil,Sierra Nevada,8.6,-0.7,4.5,0.9,0.0,10.4
2025-05-10,18134 Monachil,Sierra Nevada,7.8,2.5,5.1,0.4,0.0,15.2
2025-05-11,18134 Monachil,Sierra Nevada,8.4,1.4,4.4,0.0,0.0,14.6
2025-05-12,18134 Monachil,Sierra Nevada,9.4,1.0,4.8,0.3,0.0,11.9
2025-05-13,18134 Monachil,Sierra Nevada,7.4,0.8,3.8,6.2,0.63,10.0
2025-05-14,18134 Monachil,Sierra Nevada,6.5,1.1,2.4,12.3,6.86,11.7
2025-05-15,18134 Monachil,Sierra Nevada,6.5,0.7,3.2,0.3,0.07,11.9
2025-05-16,18134 Monachil,Sierra Nevada,10.1,0.5,5.3,1.3,0.0,11.1
2025-05-17,18134 Monachil,Sierra Nevada,13.2,3.2,8.6,1.2,0.0,5.8
2025-05-18,18134 Monachil,Sierra Nevada,16.2,8.4,12.0,4.7,0.0,18.3
2025-05-19,18134 Monachil,Sierra Nevada,13.0,6.5,10.1,5.0,0.63,17.0
2025-05-20,18134 Monachil,Sierra Nevada,14.3,5.0,9.8,0.0,0.0,11.6
2025-05-21,18134 Monachil,Sierra Nevada,14.2,4.2,9.7,0.0,0.0,11.2
2025-05-22,18134 Monachil,Sierra Nevada,14.8,7.3,10.6,6.0,0.0,14.1
2025-05-23,18134 Monachil,Sierra Nevada,8.5,4.5,6.5,14.8,0.7,11.0
2025-05-24,18134 Monachil,Sierra Nevada,12.0,3.4,7.6,0.0,0.0,12.8
2025-05-25,18134 Monachil,Sierra Nevada,14.6,5.1,10.2,0.0,0.0,9.4
2025-05-26,18134 Monachil,Sierra Nevada,15.2,6.8,11.7,2.8,0.0,11.2
2025-05-27,18134 Monachil,Sierra Nevada,15.6,8.5,12.7,0.4,0.0,7.3
2025-05-28,18134 Monachil,Sierra Nevada,17.4,9.3,13.7,0.3,0.0,7.3
2025-05-29,18134 Monachil,Sierra Nevada,18.6,10.0,14.5,0.2,0.0,5.9
2025-05-30,18134 Monachil,Sierra Nevada,19.3,12.6,15.3,2.5,0.0,9.5
2025-05-31,18134 Monachil,Sierra Nevada,19.9,11.7,15.6,2.2,0.0,13.5
2025-06-01,18134 Monachil,Sierra Nevada,18.8,11.5,15.0,2.2,0.0,6.0
2025-06-02,18134 Monachil,Sierra Nevada,18.3,10.5,14.3,9.5,0.0,15.3
2025-06-03,18134 Monachil,Sierra Nevada,13.9,6.7,9.9,0.1,0.0,16.3
2025-06-04,18134 Monachil,Sierra Nevada,15.5,6.1,10.6,0.7,0.0,10.3
2025-06-05,18134 Monachil,Sierra Nevada,17.7,6.8,12.6,0.0,0.0,8.4
2025-06-06,18134 Monachil,Sierra Nevada,19.9,9.4,14.8,0.0,0.0,12.4
2025-06-07,18134 Monachil,Sierra Nevada,21.7,12.3,17.2,2.1,0.0,21.2
2025-06-08,18134 Monachil,Sierra Nevada,22.1,14.5,18.1,0.7,0.0,13.3
2025-06-09,18134 Monachil,Sierra Nevada,23.2,13.8,19.0,0.2,0.0,10.0
2025-06-10,18134 Monachil,Sierra Nevada,20.9,14.3,17.6,13.0,0.0,13.0
2025-06-11,18134 Monachil,Sierra Nevada,18.6,10.9,15.7,7.3,0.0,16.1
2025-06-12,18134 Monachil,Sierra Nevada,20.4,11.6,16.0,0.9,0.0,10.7
2025-06-13,18134 Monachil,Sierra Nevada,21.2,11.3,16.6,1.1,0.0,12.0
2025-06-14,18134 Monachil,Sierra Nevada,21.6,12.3,17.0,0.4,0.0,16.8
2025-06-15,18134 Monachil,Sierra Nevada,21.6,12.5,17.2,2.9,0.0,9.9
2025-06-16,18134 Monachil,Sierra Nevada,19.5,13.3,16.1,9.2,0.0,4.6
2025-06-17,18134 Monachil,Sierra Nevada,20.8,12.8,16.8,2.7,0.0,16.1
2025-06-18,18134 Monachil,Sierra Nevada,21.1,13.0,16.8,8.2,0.0,14.2
2025-06-19,18134 Monachil,Sierra Nevada,20.9,13.5,16.5,7.7,0.0,7.7
2025-06-20,18134 Monachil,Sierra Nevada,20.2,13.3,16.4,2.9,0.0,13.5
2025-06-21,18134 Monachil,Sierra Nevada,20.1,12.9,17.1,0.5,0.0,8.5
2025-06-22,18134 Monachil,Sierra Nevada,20.8,12.7,17.1,0.3,0.0,4.8
2025-06-23,18134 Monachil,Sierra Nevada,21.6,14.1,17.9,3.0,0.0,11.1
2025-06-24,18134 Monachil,Sierra Nevada,21.2,13.5,18.0,0.8,0.0,13.1
2025-06-25,18134 Monachil,Sierra Nevada,20.5,13.0,16.7,3.0,0.0,18.8
2025-06-26,18134 Monachil,Sierra Nevada,22.0,12.0,17.0,0.0,0.0,8.8
2025-06-27,18134 Monachil,Sierra Nevada,23.2,13.9,18.7,0.0,0.0,13.5
2025-06-28,18134 Monachil,Sierra Nevada,23.0,14.5,18.9,0.0,0.0,9.6
2025-06-29,18134 Monachil,Sierra Nevada,22.8,15.2,18.8,0.1,0.0,11.1
2025-06-30,18134 Monachil,Sierra Nevada,21.7,14.3,17.5,3.6,0.0,11.8
2025-07-01,18134 Monachil,Sierra Nevada,21.0,14.4,17.3,0.4,0.0,10.8
2025-07-02,18134 Monachil,Sierra Nevada,21.7,13.9,17.6,1.4,0.0,9.6
2025-07-03,18134 Monachil,Sierra Nevada,22.1,15.0,18.5,1.8,0.0,7.8
2025-07-04,18134 Monachil,Sierra Nevada,22.5,15.3,19.0,0.4,0.0,9.7
2025-07-05,18134 Monachil,Sierra Nevada,22.0,13.6,18.1,1.4,0.0,7.8
2025-07-06,18134 Monachil,Sierra Nevada,20.3,12.2,16.9,1.6,0.0,10.6
2025-07-07,18134 Monachil,Sierra Nevada,22.7,12.8,18.0,0.0,0.0,10.4
2025-07-08,18134 Monachil,Sierra Nevada,23.1,13.9,18.8,0.0,0.0,6.2
2025-07-09,18134 Monachil,Sierra Nevada,25.3,15.1,20.3,1.1,0.0,17.1
2025-07-10,18134 Monachil,Sierra Nevada,23.7,15.9,20.1,0.0,0.0,20.1
2025-07-11,18134 Monachil,Sierra Nevada,21.6,13.1,17.3,0.0,0.0,17.1
2025-07-12,18134 Monachil,Sierra Nevada,18.2,11.5,14.4,0.0,0.0,10.5
2025-07-13,18134 Monachil,Sierra Nevada,23.2,10.9,17.1,0.0,0.0,9.4
2025-07-14,18134 Monachil,Sierra Nevada,23.8,15.2,19.5,0.8,0.0,12.9
2025-07-15,18134 Monachil,Sierra Nevada,25.1,15.4,20.8,0.0,0.0,11.8
2025-07-16,18134 Monachil,Sierra Nevada,25.9,16.1,21.1,0.0,0.0,12.7
2025-07-17,18134 Monachil,Sierra Nevada,25.7,16.7,21.1,0.0,0.0,11.0
2025-07-18,18134 Monachil,Sierra Nevada,25.2,15.6,19.8,0.0,0.0,14.2
2025-07-19,18134 Monachil,Sierra Nevada,22.8,12.4,17.6,0.0,0.0,10.2
2025-07-20,18134 Monachil,Sierra Nevada,23.6,14.3,18.6,0.2,0.0,14.7
2025-07-21,18134 Monachil,Sierra Nevada,24.7,13.6,19.3,0.0,0.0,15.3
2025-07-22,18134 Monachil,Sierra Nevada,24.6,15.3,19.7,0.0,0.0,11.4
2025-07-23,18134 Monachil,Sierra Nevada,23.7,15.4,19.1,1.8,0.0,16.3
2025-07-24,18134 Monachil,Sierra Nevada,22.9,14.5,18.4,0.9,0.0,12.9
2025-07-25,18134 Monachil,Sierra Nevada,19.2,12.2,15.7,3.4,0.0,11.4
2025-07-26,18134 Monachil,Sierra Nevada,21.5,11.9,16.8,0.0,0.0,14.0
2025-07-27,18134 Monachil,Sierra Nevada,22.8,13.4,18.1,0.0,0.0,14.8
2025-07-28,18134 Monachil,Sierra Nevada,24.4,13.7,19.1,0.0,0.0,14.3
2025-07-29,18134 Monachil,Sierra Nevada,21.8,14.0,18.5,0.3,0.0,12.5
2025-07-30,18134 Monachil,Sierra Nevada,22.0,14.2,18.0,0.4,0.0,9.8
2025-07-31,18134 Monachil,Sierra Nevada,22.4,14.7,18.6,0.9,0.0,8.3
2025-08-01,18134 Monachil,Sierra Nevada,22.0,14.8,18.1,0.0,0.0,12.1
2025-08-02,18134 Monachil,Sierra Nevada,23.6,13.3,18.6,0.2,0.0,12.8
2025-08-03,18134 Monachil,Sierra Nevada,24.4,15.3,19.8,3.3,0.0,12.0
2025-08-04,18134 Monachil,Sierra Nevada,24.7,15.8,20.0,0.5,0.0,9.4
2025-08-05,18134 Monachil,Sierra Nevada,25.3,15.9,20.9,0.0,0.0,13.6
2025-08-06,18134 Monachil,Sierra Nevada,24.2,17.1,20.4,1.0,0.0,13.4
2025-08-07,18134 Monachil,Sierra Nevada,24.1,15.7,20.2,0.1,0.0,8.7
2025-08-08,18134 Monachil,Sierra Nevada,23.1,15.5,19.4,0.3,0.0,8.5
2025-08-09,18134 Monachil,Sierra Nevada,23.0,13.9,18.7,0.2,0.0,7.7
2025-08-10,18134 Monachil,Sierra Nevada,24.4,15.3,19.8,0.0,0.0,12.8
2025-08-11,18134 Monachil,Sierra Nevada,24.7,15.4,19.9,0.1,0.0,8.2
2025-08-12,18134 Monachil,Sierra Nevada,23.1,15.1,18.8,3.2,0.0,6.9
2025-08-13,18134 Monachil,Sierra Nevada,21.9,14.8,18.3,3.7,0.0,12.1
2025-08-14,18134 Monachil,Sierra Nevada,22.2,15.5,19.0,0.9,0.0,5.1
2025-08-15,18134 Monachil,Sierra Nevada,24.6,15.1,20.2,0.0,0.0,12.4
2025-08-16,18134 Monachil,Sierra Nevada,25.0,16.7,20.7,2.5,0.0,14.6
2025-08-17,18134 Monachil,Sierra Nevada,24.3,14.8,19.9,4.7,0.0,13.8
2025-08-18,18134 Monachil,Sierra Nevada,24.2,16.0,19.7,0.9,0.0,15.0
2025-08-19,18134 Monachil,Sierra Nevada,20.8,12.8,16.9,6.4,0.0,17.6
2025-08-20,18134 Monachil,Sierra Nevada,19.5,11.2,14.8,0.0,0.0,12.5
2025-08-21,18134 Monachil,Sierra Nevada,19.3,10.3,14.3,0.0,0.0,12.8
2025-08-22,18134 Monachil,Sierra Nevada,19.9,9.9,14.9,0.2,0.0,13.7
2025-08-23,18134 Monachil,Sierra Nevada,20.9,11.9,16.3,0.0,0.0,13.3
2025-08-24,18134 Monachil,Sierra Nevada,20.5,11.6,15.6,19.3,0.0,9.8
2025-08-25,18134 Monachil,Sierra Nevada,20.6,13.5,16.2,5.0,0.0,11.4
2025-08-26,18134 Monachil,Sierra Nevada,20.9,13.2,17.0,2.2,0.0,15.3
2025-08-27,18134 Monachil,Sierra Nevada,19.8,11.7,15.6,1.1,0.0,15.5
2025-08-28,18134 Monachil,Sierra Nevada,17.0,9.2,13.1,0.0,0.0,12.4
2025-08-29,18134 Monachil,Sierra Nevada,19.7,8.9,13.9,0.0,0.0,11.7
2025-08-30,18134 Monachil,Sierra Nevada,20.8,11.3,15.8,0.0,0.0,12.5
2025-08-31,18134 Monachil,Sierra Nevada,21.0,11.6,15.6,0.0,0.0,15.0
2025-09-01,18134 Monachil,Sierra Nevada,17.0,8.7,12.1,0.0,0.0,11.1
2025-09-02,18134 Monachil,Sierra Nevada,19.0,7.3,12.9,0.0,0.0,10.1
2025-09-03,18134 Monachil,Sierra Nevada,20.7,9.9,15.1,0.0,0.0,9.0
2025-09-04,18134 Monachil,Sierra Nevada,21.5,11.5,16.3,0.0,0.0,10.5
2025-09-05,18134 Monachil,Sierra Nevada,22.6,12.6,17.2,0.9,0.0,10.1
2025-09-06,18134 Monachil,Sierra Nevada,21.4,14.6,17.4,6.1,0.0,15.2
2025-09-07,18134 Monachil,Sierra Nevada,19.0,12.5,14.8,11.7,0.0,19.0
2025-09-08,18134 Monachil,Sierra Nevada,15.8,11.0,13.4,6.2,0.0,17.3
2025-09-09,18134 Monachil,Sierra Nevada,15.0,7.2,11.5,13.0,0.0,12.4
2025-09-10,18134 Monachil,Sierra Nevada,14.9,6.7,10.4,0.0,0.0,13.1
2025-09-11,18134 Monachil,Sierra Nevada,18.5,8.9,13.6,0.0,0.0,12.9
2025-09-12,18134 Monachil,Sierra Nevada,19.7,10.1,14.8,0.0,0.0,8.7
2025-09-13,18134 Monachil,Sierra Nevada,20.2,11.3,15.3,0.0,0.0,11.2
2025-09-14,18134 Monachil,Sierra Nevada,19.8,10.7,15.0,0.0,0.0,7.9
2025-09-15,18134 Monachil,Sierra Nevada,19.8,11.4,15.7,0.6,0.0,7.8
2025-09-16,18134 Monachil,Sierra Nevada,21.4,11.9,16.8,0.0,0.0,10.4
2025-09-17,18134 Monachil,Sierra Nevada,21.7,13.0,17.4,2.3,0.0,8.0
2025-09-18,18134 Monachil,Sierra Nevada,20.6,12.8,16.8,5.4,0.0,5.5
2025-09-19,18134 Monachil,Sierra Nevada,19.8,9.2,14.8,13.4,0.0,6.5
2025-09-20,18134 Monachil,Sierra Nevada,18.8,13.0,15.6,1.8,0.0,9.5
2025-09-21,18134 Monachil,Sierra Nevada,14.2,8.1,11.5,11.2,0.0,18.0
2025-09-22,18134 Monachil,Sierra Nevada,14.8,7.3,10.7,0.0,0.0,12.1
2025-09-23,18134 Monachil,Sierra Nevada,13.0,4.9,8.8,0.0,0.0,11.4
2025-09-24,18134 Monachil,Sierra Nevada,13.3,4.0,8.7,0.0,0.0,9.3
2025-09-25,18134 Monachil,Sierra Nevada,12.1,6.5,8.9,2.2,0.0,10.2
2025-09-26,18134 Monachil,Sierra Nevada,12.0,5.4,8.8,1.4,0.0,11.6
2025-09-27,18134 Monachil,Sierra Nevada,15.4,5.2,9.8,0.0,0.0,6.0
2025-09-28,18134 Monachil,Sierra Nevada,13.2,6.6,9.6,0.2,0.0,14.0
2025-09-29,18134 Monachil,Sierra Nevada,9.0,6.5,7.5,13.6,0.0,8.1
2025-09-30,18134 Monachil,Sierra Nevada,11.4,5.4,8.1,9.8,0.0,8.5
2025-10-01,18134 Monachil,Sierra Nevada,12.0,6.7,9.3,3.7,0.0,10.8
2025-10-02,18134 Monachil,Sierra Nevada,13.6,6.0,9.9,0.6,0.0,11.1
2025-10-03,18134 Monachil,Sierra Nevada,16.0,7.0,11.0,0.0,0.0,10.9
2025-10-04,18134 Monachil,Sierra Nevada,16.7,7.9,11.8,0.0,0.0,10.1
2025-10-05,18134 Monachil,Sierra Nevada,16.9,8.2,12.2,0.0,0.0,9.5
2025-10-06,18134 Monachil,Sierra Nevada,16.1,9.5,12.3,0.0,0.0,9.5
2025-10-07,18134 Monachil,Sierra Nevada,17.4,9.1,13.0,0.0,0.0,12.9
2025-10-08,18134 Monachil,Sierra Nevada,15.3,7.6,11.8,1.2,0.0,18.2
2025-10-09,18134 Monachil,Sierra Nevada,11.4,5.1,8.1,1.7,0.0,10.6
2025-10-10,18134 Monachil,Sierra Nevada,9.2,5.2,6.9,2.4,0.0,7.2
2025-10-11,18134 Monachil,Sierra Nevada,10.5,4.1,7.1,1.5,0.0,5.8
2025-10-12,18134 Monachil,Sierra Nevada,13.1,5.8,9.2,3.9,0.0,9.3
2025-10-13,18134 Monachil,Sierra Nevada,12.9,6.6,9.4,0.8,0.0,10.3
2025-10-14,18134 Monachil,Sierra Nevada,13.2,4.5,8.7,0.0,0.0,10.1
2025-10-15,18134 Monachil,Sierra Nevada,13.3,5.6,9.1,0.0,0.0,10.4
2025-10-16,18134 Monachil,Sierra Nevada,11.3,6.9,8.6,0.3,0.0,8.1
2025-10-17,18134 Monachil,Sierra Nevada,10.6,5.0,7.3,1.3,0.0,9.4
2025-10-18,18134 Monachil,Sierra Nevada,10.9,4.9,7.4,1.0,0.0,10.2
2025-10-19,18134 Monachil,Sierra Nevada,12.3,3.7,7.9,0.9,0.21,8.4
2025-10-20,18134 Monachil,Sierra Nevada,13.0,6.0,9.1,0.0,0.0,15.3
2025-10-21,18134 Monachil,Sierra Nevada,13.2,7.7,10.3,0.0,0.0,12.7
2025-10-22,18134 Monachil,Sierra Nevada,14.3,6.5,10.0,0.1,0.0,11.6
2025-10-23,18134 Monachil,Sierra Nevada,15.0,8.2,11.3,0.0,0.0,17.3
2025-10-24,18134 Monachil,Sierra Nevada,14.9,8.1,11.1,0.0,0.0,19.6
2025-10-25,18134 Monachil,Sierra Nevada,16.2,8.8,11.8,0.0,0.0,18.5
2025-10-26,18134 Monachil,Sierra Nevada,9.9,6.4,8.7,1.9,0.0,13.1
2025-10-27,18134 Monachil,Sierra Nevada,11.0,4.5,7.5,0.7,0.0,12.5
2025-10-28,18134 Monachil,Sierra Nevada,12.3,4.9,8.2,5.4,0.0,17.9
2025-10-29,18134 Monachil,Sierra Nevada,8.6,5.9,7.1,14.6,0.07,26.3
2025-10-30,18134 Monachil,Sierra Nevada,10.6,4.3,6.9,1.8,0.0,14.5
2025-10-31,18134 Monachil,Sierra Nevada,13.7,4.5,8.6,0.0,0.0,11.2
2025-11-01,18134 Monachil,Sierra Nevada,11.6,5.5,8.0,0.0,0.0,15.0
2025-11-02,18134 Monachil,Sierra Nevada,11.2,5.6,7.4,0.0,0.0,8.7
2025-11-03,18134 Monachil,Sierra Nevada,11.2,3.5,6.8,0.0,0.0,8.8
2025-11-04,18134 Monachil,Sierra Nevada,13.1,4.9,8.5,0.0,0.0,6.0
2025-11-05,18134 Monachil,Sierra Nevada,14.3,5.3,10.0,12.2,1.75,21.4
2025-11-06,18134 Monachil,Sierra Nevada,4.9,-1.6,1.0,1.4,0.0,21.5
2025-11-07,18134 Monachil,Sierra Nevada,9.4,-0.6,4.3,0.9,0.0,8.4
2025-11-08,18134 Monachil,Sierra Nevada,7.9,1.4,4.4,0.6,0.0,15.8
2025-11-09,18134 Monachil,Sierra Nevada,9.8,1.2,4.9,0.0,0.0,6.2
2025-11-10,18134 Monachil,Sierra Nevada,10.4,3.7,6.2,0.0,0.0,8.2
2025-11-11,18134 Monachil,Sierra Nevada,12.1,3.5,7.3,0.0,0.0,15.2
2025-11-12,18134 Monachil,Sierra Nevada,12.1,3.2,7.9,0.0,0.0,19.9
2025-11-13,18134 Monachil,Sierra Nevada,10.6,3.2,6.5,12.0,4.48,15.7
2025-11-14,18134 Monachil,Sierra Nevada,3.9,0.7,2.2,26.3,8.54,22.1
2025-11-15,18134 Monachil,Sierra Nevada,5.4,2.1,3.6,11.4,0.35,29.4
2025-11-16,18134 Monachil,Sierra Nevada,5.3,0.3,2.7,15.3,0.77,24.8
2025-11-17,18134 Monachil,Sierra Nevada,3.2,-2.1,0.5,24.6,17.08,14.7
2025-11-18,18134 Monachil,Sierra Nevada,2.2,-2.8,-0.3,3.5,2.45,14.3
2025-11-19,18134 Monachil,Sierra Nevada,2.7,-3.7,-1.2,0.0,0.0,5.7
2025-11-20,18134 Monachil,Sierra Nevada,2.8,-4.6,-1.8,0.0,0.0,8.7
2025-11-21,18134 Monachil,Sierra Nevada,1.4,-6.8,-3.0,0.0,0.0,8.5
2025-11-22,18134 Monachil,Sierra Nevada,2.3,-5.4,-1.8,0.0,0.0,8.1
2025-11-23,18134 Monachil,Sierra Nevada,7.2,1.2,3.3,0.0,0.0,11.2
2025-11-24,18134 Monachil,Sierra Nevada,4.1,-0.5,1.6,0.0,0.0,14.9
2025-11-25,18134 Monachil,Sierra Nevada,5.1,-2.4,1.8,8.4,0.0,19.1
2025-11-26,18134 Monachil,Sierra Nevada,1.0,-3.9,-1.7,0.0,0.0,11.0
2025-11-27,18134 Monachil,Sierra Nevada,6.6,-2.8,1.5,0.0,0.0,12.1
2025-11-28,18134 Monachil,Sierra Nevada,7.4,0.6,3.4,0.0,0.0,6.6
2025-11-29,18134 Monachil,Sierra Nevada,6.6,-0.3,2.9,0.0,0.0,7.3
2025-11-30,18134 Monachil,Sierra Nevada,2.3,-2.4,0.0,5.7,3.99,7.8
2025-12-01,18134 Monachil,Sierra Nevada,2.5,-3.5,-1.0,0.0,0.0,8.2
2025-12-02,18134 Monachil,Sierra Nevada,2.1,-4.9,-1.5,2.0,0.07,16.1
2025-12-03,18134 Monachil,Sierra Nevada,-4.4,-7.7,-5.9,4.7,3.22,16.3
2025-12-04,18134 Monachil,Sierra Nevada,0.1,-7.1,-3.2,3.5,0.21,20.9
2025-12-05,18134 Monachil,Sierra Nevada,2.4,-5.6,-0.5,2.2,0.0,16.1
2025-12-06,18134 Monachil,Sierra Nevada,7.4,-0.9,2.3,0.0,0.0,6.5
2025-12-07,18134 Monachil,Sierra Nevada,8.6,1.2,3.6,0.0,0.0,5.8
2025-12-08,18134 Monachil,Sierra Nevada,9.8,1.0,4.9,0.0,0.0,8.2
2025-12-09,18134 Monachil,Sierra Nevada,8.4,1.3,4.3,0.0,0.0,9.6
2025-12-10,18134 Monachil,Sierra Nevada,3.4,-1.1,1.3,0.7,0.49,8.2
2025-12-11,18134 Monachil,Sierra Nevada,3.8,-2.1,0.6,0.0,0.0,7.7
2025-12-12,18134 Monachil,Sierra Nevada,3.6,-1.2,0.7,0.0,0.0,9.0
2025-12-13,18134 Monachil,Sierra Nevada,2.7,-1.4,-0.0,0.0,0.0,16.1
2025-12-14,18134 Monachil,Sierra Nevada,2.4,-2.4,-0.2,4.7,3.29,13.0
2025-12-15,18134 Monachil,Sierra Nevada,0.4,-2.7,-1.3,0.7,0.42,6.5
2025-12-16,18134 Monachil,Sierra Nevada,-0.9,-7.2,-3.0,17.2,12.04,13.1
2025-12-17,18134 Monachil,Sierra Nevada,-0.6,-7.9,-4.4,0.1,0.14,9.3
2025-12-18,18134 Monachil,Sierra Nevada,2.0,-7.2,-2.7,0.0,0.0,4.4
2025-12-19,18134 Monachil,Sierra Nevada,1.6,-3.8,-1.4,1.2,0.84,4.2
2025-12-20,18134 Monachil,Sierra Nevada,0.1,-4.5,-2.0,1.4,0.98,7.4
2025-12-21,18134 Monachil,Sierra Nevada,-0.9,-7.3,-3.3,28.0,18.34,22.1
2025-12-22,18134 Monachil,Sierra Nevada,-6.5,-12.9,-9.7,0.1,0.07,5.8
2025-12-23,18134 Monachil,Sierra Nevada,-2.1,-11.3,-5.7,2.1,1.26,13.3
2025-12-24,18134 Monachil,Sierra Nevada,-1.8,-9.3,-5.2,1.4,0.98,5.9
2025-12-25,18134 Monachil,Sierra Nevada,-3.6,-10.3,-7.4,0.1,0.07,5.2
2025-12-26,18134 Monachil,Sierra Nevada,-2.5,-11.7,-7.8,0.0,0.0,8.0
2025-12-27,18134 Monachil,Sierra Nevada,-1.4,-11.0,-6.0,4.0,2.8,12.7
2025-12-28,18134 Monachil,Sierra Nevada,-1.7,-6.0,-3.3,4.9,3.36,9.5
2025-12-29,18134 Monachil,Sierra Nevada,-0.8,-8.6,-5.6,0.0,0.0,5.5
2025-12-30,18134 Monachil,Sierra Nevada,-1.2,-11.4,-7.1,0.0,0.0,5.8
2025-12-31,18134 Monachil,Sierra Nevada,-0.2,-11.5,-6.8,0.0,0.0,4.1
2018-01-01,22054 Benasque,Cerler,-5.6,-10.8,-7.8,7.5,5.25,12.5
2018-01-02,22054 Benasque,Cerler,0.1,-9.1,-3.9,5.5,3.01,13.7
2018-01-03,22054 Benasque,Cerler,2.1,-3.7,-0.2,0.7,0.35,10.3
2018-01-04,22054 Benasque,Cerler,2.3,-2.2,0.4,0.0,0.0,12.7
2018-01-05,22054 Benasque,Cerler,2.0,-3.7,-1.2,1.2,0.91,11.0
2018-01-06,22054 Benasque,Cerler,-1.9,-3.5,-2.8,18.9,13.16,11.6
2018-01-07,22054 Benasque,Cerler,-2.2,-5.1,-3.7,18.3,12.81,15.3
2018-01-08,22054 Benasque,Cerler,-2.2,-6.6,-5.0,0.0,0.0,8.0
2018-01-09,22054 Benasque,Cerler,-4.8,-9.9,-7.0,0.2,0.14,11.5
2018-01-10,22054 Benasque,Cerler,-3.8,-8.2,-6.4,1.0,0.7,8.6
2018-01-11,22054 Benasque,Cerler,-6.6,-10.2,-8.4,2.9,2.03,9.4
2018-01-12,22054 Benasque,Cerler,-7.8,-14.0,-10.4,0.0,0.0,13.0
2018-01-13,22054 Benasque,Cerler,-3.5,-8.8,-6.3,2.1,1.47,10.8
2018-01-14,22054 Benasque,Cerler,-5.2,-8.1,-6.9,5.9,4.2,7.8
2018-01-15,22054 Benasque,Cerler,-4.0,-13.9,-8.1,0.0,0.0,9.4
2018-01-16,22054 Benasque,Cerler,2.2,-5.7,-2.1,0.5,0.35,11.0
2018-01-17,22054 Benasque,Cerler,-1.6,-9.8,-5.5,3.5,2.45,19.2
2018-01-18,22054 Benasque,Cerler,3.8,-6.4,0.1,0.0,0.0,8.7
2018-01-19,22054 Benasque,Cerler,-1.7,-6.8,-4.4,0.3,0.28,11.6
2018-01-20,22054 Benasque,Cerler,-0.6,-9.8,-4.3,7.1,4.97,15.6
2018-01-21,22054 Benasque,Cerler,1.5,-1.3,-0.2,19.2,12.95,16.2
2018-01-22,22054 Benasque,Cerler,5.3,-3.6,-0.3,0.7,0.42,14.1
2018-01-23,22054 Benasque,Cerler,3.5,-3.6,-0.4,0.7,0.49,15.5
2018-01-24,22054 Benasque,Cerler,3.7,0.2,1.7,0.0,0.0,9.3
2018-01-25,22054 Benasque,Cerler,-0.1,-6.1,-3.4,2.6,1.82,15.0
2018-01-26,22054 Benasque,Cerler,-5.1,-7.8,-6.8,15.3,10.64,22.0
2018-01-27,22054 Benasque,Cerler,-7.2,-9.7,-8.1,2.8,1.96,22.9
2018-01-28,22054 Benasque,Cerler,0.9,-6.1,-2.0,0.0,0.0,6.6
2018-01-29,22054 Benasque,Cerler,2.3,-2.3,0.1,0.0,0.0,7.6
2018-01-30,22054 Benasque,Cerler,1.9,-2.4,-0.2,0.0,0.0,4.3
2018-01-31,22054 Benasque,Cerler,-0.6,-5.9,-2.3,0.0,0.0,5.4
2018-02-01,22054 Benasque,Cerler,-3.2,-11.4,-6.7,1.9,1.33,8.7
2018-02-02,22054 Benasque,Cerler,-9.3,-12.9,-11.3,2.7,1.89,17.0
2018-02-03,22054 Benasque,Cerler,-7.3,-16.5,-10.5,5.2,3.57,16.3
2018-02-04,22054 Benasque,Cerler,-7.0,-11.4,-8.2,12.3,8.61,6.7
2018-02-05,22054 Benasque,Cerler,-4.7,-8.3,-7.0,20.9,14.7,5.8
2018-02-06,22054 Benasque,Cerler,-6.6,-13.4,-10.1,4.1,2.87,10.8
2018-02-07,22054 Benasque,Cerler,-12.1,-15.1,-13.6,0.3,0.21,14.1
2018-02-08,22054 Benasque,Cerler,-12.4,-16.1,-13.7,2.5,1.75,11.5
2018-02-09,22054 Benasque,Cerler,-5.5,-13.9,-9.5,2.8,1.96,14.1
2018-02-10,22054 Benasque,Cerler,-11.3,-15.5,-12.9,4.2,2.94,18.5
2018-02-11,22054 Benasque,Cerler,0.7,-10.9,-4.5,7.6,5.11,11.5
2018-02-12,22054 Benasque,Cerler,-5.9,-13.1,-9.5,3.8,2.66,14.5
2018-02-13,22054 Benasque,Cerler,-8.6,-16.1,-11.6,2.1,1.47,10.2
2018-02-14,22054 Benasque,Cerler,-2.0,-13.3,-6.9,12.0,8.47,10.6
2018-02-15,22054 Benasque,Cerler,5.0,-4.0,0.6,1.4,0.77,11.3
2018-02-16,22054 Benasque,Cerler,1.9,-0.2,1.1,0.5,0.0,7.3
2018-02-17,22054 Benasque,Cerler,0.1,-7.2,-2.3,3.1,2.03,10.1
2018-02-18,22054 Benasque,Cerler,-1.8,-10.0,-6.0,3.1,2.17,9.6
2018-02-19,22054 Benasque,Cerler,-1.2,-4.9,-3.6,7.6,5.32,9.4
2018-02-20,22054 Benasque,Cerler,-2.5,-4.6,-3.4,32.7,23.03,23.1
2018-02-21,22054 Benasque,Cerler,-4.3,-11.1,-8.2,14.6,10.22,22.7
2018-02-22,22054 Benasque,Cerler,-10.8,-13.6,-12.1,1.3,0.91,17.6
2018-02-23,22054 Benasque,Cerler,-6.2,-13.7,-10.6,0.0,0.0,9.1
2018-02-24,22054 Benasque,Cerler,-4.2,-12.6,-8.2,0.0,0.0,7.3
2018-02-25,22054 Benasque,Cerler,0.4,-10.1,-5.2,0.0,0.0,11.5
2018-02-26,22054 Benasque,Cerler,-6.1,-16.5,-9.8,0.5,0.35,10.5
2018-02-27,22054 Benasque,Cerler,-11.1,-18.0,-14.9,0.7,0.56,7.6
2018-02-28,22054 Benasque,Cerler,-4.3,-15.9,-9.3,42.2,29.47,16.3
2018-03-01,22054 Benasque,Cerler,-1.8,-5.1,-3.1,42.7,29.89,19.1
2018-03-02,22054 Benasque,Cerler,-2.3,-10.4,-6.0,15.2,10.57,12.2
2018-03-03,22054 Benasque,Cerler,-2.8,-7.5,-5.1,14.3,10.01,9.5
2018-03-04,22054 Benasque,Cerler,0.3,-5.3,-2.7,12.9,9.03,16.9
2018-03-05,22054 Benasque,Cerler,-2.0,-6.6,-4.6,7.3,5.11,14.2
2018-03-06,22054 Benasque,Cerler,-4.0,-11.1,-6.7,1.3,0.91,8.9
2018-03-07,22054 Benasque,Cerler,-4.2,-10.6,-7.6,0.4,0.28,7.4
2018-03-08,22054 Benasque,Cerler,-0.8,-10.9,-5.2,0.2,0.14,13.0
2018-03-09,22054 Benasque,Cerler,2.6,-2.3,-0.2,5.2,3.29,17.4
2018-03-10,22054 Benasque,Cerler,2.0,-0.9,0.6,28.5,15.89,18.3
2018-03-11,22054 Benasque,Cerler,-1.5,-4.2,-2.5,9.5,6.72,15.9
2018-03-12,22054 Benasque,Cerler,-1.5,-5.8,-3.9,0.9,0.63,7.9
2018-03-13,22054 Benasque,Cerler,-1.7,-6.6,-4.2,1.7,1.19,4.9
2018-03-14,22054 Benasque,Cerler,0.0,-6.6,-3.0,17.9,12.39,22.6
2018-03-15,22054 Benasque,Cerler,-0.9,-6.1,-3.6,22.6,15.75,16.6
2018-03-16,22054 Benasque,Cerler,-2.8,-7.4,-5.2,3.1,2.17,9.4
2018-03-17,22054 Benasque,Cerler,-4.7,-11.2,-8.1,3.5,2.45,9.0
2018-03-18,22054 Benasque,Cerler,-5.2,-11.6,-8.9,0.3,0.21,9.1
2018-03-19,22054 Benasque,Cerler,-4.8,-11.1,-8.3,9.3,6.51,12.6
2018-03-20,22054 Benasque,Cerler,-7.8,-12.9,-11.0,4.7,3.29,24.6
2018-03-21,22054 Benasque,Cerler,-11.3,-13.6,-12.1,9.8,6.86,24.5
2018-03-22,22054 Benasque,Cerler,-6.5,-12.8,-10.4,2.3,1.61,17.7
2018-03-23,22054 Benasque,Cerler,2.0,-10.0,-3.5,0.1,0.07,12.8
2018-03-24,22054 Benasque,Cerler,-3.3,-7.4,-6.0,18.7,13.16,14.2
2018-03-25,22054 Benasque,Cerler,-2.8,-7.6,-5.7,2.4,1.68,5.5
2018-03-26,22054 Benasque,Cerler,-3.8,-8.6,-5.8,5.9,4.13,12.3
2018-03-27,22054 Benasque,Cerler,2.0,-9.9,-3.2,2.0,1.4,11.3
2018-03-28,22054 Benasque,Cerler,5.1,-0.6,1.3,0.5,0.28,8.2
2018-03-29,22054 Benasque,Cerler,-0.8,-5.1,-2.5,5.9,4.13,13.5
2018-03-30,22054 Benasque,Cerler,-2.7,-8.8,-4.9,14.5,10.22,14.8
2018-03-31,22054 Benasque,Cerler,-5.2,-9.9,-7.4,3.6,2.52,12.7
2018-04-01,22054 Benasque,Cerler,1.4,-12.9,-4.5,0.0,0.0,8.7
2018-04-02,22054 Benasque,Cerler,1.7,-5.6,-2.2,0.0,0.0,17.3
2018-04-03,22054 Benasque,Cerler,1.9,-5.2,-1.6,6.1,3.92,17.2
2018-04-04,22054 Benasque,Cerler,-0.1,-4.6,-2.3,21.0,14.7,11.2
2018-04-05,22054 Benasque,Cerler,3.3,-6.1,-1.6,0.0,0.0,9.8
2018-04-06,22054 Benasque,Cerler,5.2,-3.2,0.8,0.1,0.07,14.3
2018-04-07,22054 Benasque,Cerler,3.6,-1.4,1.1,14.4,3.01,17.0
2018-04-08,22054 Benasque,Cerler,1.0,-4.1,-0.7,22.4,15.19,10.1
2018-04-09,22054 Benasque,Cerler,-0.5,-5.6,-3.2,11.9,8.33,12.2
2018-04-10,22054 Benasque,Cerler,-3.6,-5.2,-4.4,23.1,16.1,19.1
2018-04-11,22054 Benasque,Cerler,-3.0,-5.1,-3.8,30.6,21.42,11.0
2018-04-12,22054 Benasque,Cerler,0.2,-7.3,-4.0,0.6,0.42,8.3
2018-04-13,22054 Benasque,Cerler,-0.6,-3.8,-2.6,17.4,12.18,8.3
2018-04-14,22054 Benasque,Cerler,0.9,-7.5,-1.9,0.6,0.42,5.8
2018-04-15,22054 Benasque,Cerler,4.0,-6.1,-0.2,0.0,0.0,5.9
2018-04-16,22054 Benasque,Cerler,0.5,-1.3,-0.4,17.5,11.9,9.1
2018-04-17,22054 Benasque,Cerler,8.4,0.3,4.1,0.0,0.0,5.6
2018-04-18,22054 Benasque,Cerler,7.2,3.0,4.6,0.0,0.0,9.4
2018-04-19,22054 Benasque,Cerler,7.4,-1.1,3.2,0.0,0.0,7.0
2018-04-20,22054 Benasque,Cerler,6.6,-1.8,2.8,0.0,0.0,6.9
2018-04-21,22054 Benasque,Cerler,6.8,-2.6,2.8,0.0,0.0,8.8
2018-04-22,22054 Benasque,Cerler,9.1,1.5,4.9,0.0,0.0,7.6
2018-04-23,22054 Benasque,Cerler,7.3,3.0,5.1,2.5,0.0,7.6
2018-04-24,22054 Benasque,Cerler,9.1,3.2,5.8,0.0,0.0,6.3
2018-04-25,22054 Benasque,Cerler,10.0,1.8,6.8,0.1,0.0,5.7
2018-04-26,22054 Benasque,Cerler,7.1,-0.6,3.6,0.0,0.0,8.0
2018-04-27,22054 Benasque,Cerler,7.7,-1.5,3.7,2.5,0.0,9.9
2018-04-28,22054 Benasque,Cerler,2.7,0.9,1.7,8.5,1.47,15.5
2018-04-29,22054 Benasque,Cerler,1.5,-4.2,-1.4,42.8,25.9,10.4
2018-04-30,22054 Benasque,Cerler,-1.7,-4.9,-3.6,2.0,1.4,10.2
2018-05-01,22054 Benasque,Cerler,-2.1,-6.3,-4.7,0.0,0.0,11.2
2018-05-02,22054 Benasque,Cerler,0.9,-7.5,-3.3,0.4,0.28,10.2
2018-05-03,22054 Benasque,Cerler,-0.9,-3.5,-2.0,11.5,8.05,18.4
2018-05-04,22054 Benasque,Cerler,0.6,-2.7,-1.2,3.8,2.52,17.0
2018-05-05,22054 Benasque,Cerler,4.7,-0.3,1.8,0.7,0.42,9.4
2018-05-06,22054 Benasque,Cerler,7.1,-1.8,3.5,0.0,0.0,6.8
2018-05-07,22054 Benasque,Cerler,7.4,-0.4,4.4,0.1,0.0,10.1
2018-05-08,22054 Benasque,Cerler,6.3,2.0,3.8,0.1,0.0,10.9
2018-05-09,22054 Benasque,Cerler,4.8,-2.2,1.5,0.1,0.0,8.6
2018-05-10,22054 Benasque,Cerler,2.5,-1.5,0.3,0.6,0.28,8.5
2018-05-11,22054 Benasque,Cerler,8.9,-2.8,3.5,0.0,0.0,10.2
2018-05-12,22054 Benasque,Cerler,4.7,-3.2,1.8,19.2,9.24,10.1
2018-05-13,22054 Benasque,Cerler,-1.9,-7.3,-4.8,6.7,4.69,15.1
2018-05-14,22054 Benasque,Cerler,-1.9,-8.1,-5.0,4.4,2.87,16.2
2018-05-15,22054 Benasque,Cerler,2.0,-3.3,-0.8,6.1,4.06,13.8
2018-05-16,22054 Benasque,Cerler,5.6,-3.2,1.6,0.0,0.0,7.6
2018-05-17,22054 Benasque,Cerler,5.7,-0.8,2.4,0.0,0.0,6.1
2018-05-18,22054 Benasque,Cerler,6.2,-0.3,2.7,0.3,0.0,6.6
2018-05-19,22054 Benasque,Cerler,6.4,-2.2,2.6,0.0,0.0,7.3
2018-05-20,22054 Benasque,Cerler,5.1,0.8,3.1,4.1,0.35,6.1
2018-05-21,22054 Benasque,Cerler,6.8,-2.4,3.1,2.7,0.0,5.6
2018-05-22,22054 Benasque,Cerler,6.2,-0.3,3.2,2.0,0.0,5.5
2018-05-23,22054 Benasque,Cerler,8.9,0.3,4.1,0.1,0.0,8.3
2018-05-24,22054 Benasque,Cerler,10.6,1.4,5.7,6.3,0.0,12.2
2018-05-25,22054 Benasque,Cerler,11.1,2.3,7.1,0.9,0.0,15.0
2018-05-26,22054 Benasque,Cerler,7.7,2.3,5.6,7.3,0.0,16.4
2018-05-27,22054 Benasque,Cerler,9.6,3.8,6.5,8.3,0.0,8.2
2018-05-28,22054 Benasque,Cerler,7.3,2.2,5.0,9.3,0.0,6.5
2018-05-29,22054 Benasque,Cerler,9.1,3.0,5.6,8.5,0.14,11.7
2018-05-30,22054 Benasque,Cerler,8.3,1.5,4.9,4.9,0.7,8.2
2018-05-31,22054 Benasque,Cerler,8.7,2.3,5.8,9.9,0.0,6.5
2018-06-01,22054 Benasque,Cerler,10.6,3.0,6.7,3.5,0.0,8.4
2018-06-02,22054 Benasque,Cerler,11.0,2.8,7.2,1.1,0.0,7.3
2018-06-03,22054 Benasque,Cerler,9.6,2.8,6.4,3.9,0.14,6.9
2018-06-04,22054 Benasque,Cerler,10.8,3.0,6.7,7.8,0.0,8.7
2018-06-05,22054 Benasque,Cerler,8.4,3.8,5.8,10.9,0.0,7.5
2018-06-06,22054 Benasque,Cerler,6.1,-0.7,3.5,8.7,0.0,6.7
2018-06-07,22054 Benasque,Cerler,8.5,0.8,5.1,3.7,0.14,4.9
2018-06-08,22054 Benasque,Cerler,10.6,3.5,7.0,3.0,0.0,11.3
2018-06-09,22054 Benasque,Cerler,10.7,4.0,7.7,6.2,0.0,15.5
2018-06-10,22054 Benasque,Cerler,7.8,6.1,6.8,21.5,0.0,13.0
2018-06-11,22054 Benasque,Cerler,9.6,1.1,6.0,5.6,0.0,7.6
2018-06-12,22054 Benasque,Cerler,7.1,1.9,4.4,11.4,0.21,14.2
2018-06-13,22054 Benasque,Cerler,7.4,2.8,4.7,4.2,0.0,21.3
2018-06-14,22054 Benasque,Cerler,9.1,2.7,5.3,0.9,0.0,16.2
2018-06-15,22054 Benasque,Cerler,13.9,2.3,7.3,6.5,0.0,8.1
2018-06-16,22054 Benasque,Cerler,13.7,3.6,8.8,3.7,0.0,7.3
2018-06-17,22054 Benasque,Cerler,14.0,5.1,8.5,0.0,0.0,10.2
2018-06-18,22054 Benasque,Cerler,13.6,3.0,7.8,0.0,0.0,13.4
2018-06-19,22054 Benasque,Cerler,17.2,5.2,11.5,0.0,0.0,6.0
2018-06-20,22054 Benasque,Cerler,16.1,7.2,11.8,4.3,0.0,6.4
2018-06-21,22054 Benasque,Cerler,15.5,10.5,12.7,2.2,0.0,8.5
2018-06-22,22054 Benasque,Cerler,15.1,8.4,11.4,2.3,0.0,9.2
2018-06-23,22054 Benasque,Cerler,14.6,8.4,11.3,1.6,0.0,6.8
2018-06-24,22054 Benasque,Cerler,15.6,8.6,11.9,0.9,0.0,8.0
2018-06-25,22054 Benasque,Cerler,16.9,7.9,12.4,0.4,0.0,6.9
2018-06-26,22054 Benasque,Cerler,17.4,9.2,13.3,1.7,0.0,7.4
2018-06-27,22054 Benasque,Cerler,17.5,9.1,13.3,1.1,0.0,7.3
2018-06-28,22054 Benasque,Cerler,14.8,8.9,11.5,10.1,0.0,5.1
2018-06-29,22054 Benasque,Cerler,14.7,8.2,11.0,10.1,0.0,8.6
2018-06-30,22054 Benasque,Cerler,17.1,7.6,12.3,0.0,0.0,13.2
2018-07-01,22054 Benasque,Cerler,18.1,10.8,14.0,0.5,0.0,13.0
2018-07-02,22054 Benasque,Cerler,15.6,9.1,12.3,2.3,0.0,12.3
2018-07-03,22054 Benasque,Cerler,14.4,8.8,11.8,3.4,0.0,12.2
2018-07-04,22054 Benasque,Cerler,15.6,9.5,12.4,4.2,0.0,16.9
2018-07-05,22054 Benasque,Cerler,11.1,5.3,8.2,3.7,0.0,8.8
2018-07-06,22054 Benasque,Cerler,14.2,4.6,9.5,0.8,0.0,4.7
2018-07-07,22054 Benasque,Cerler,15.6,5.6,10.8,6.6,0.0,7.4
2018-07-08,22054 Benasque,Cerler,15.2,8.5,12.2,2.4,0.0,7.3
2018-07-09,22054 Benasque,Cerler,14.2,7.5,10.7,10.3,0.0,9.1
2018-07-10,22054 Benasque,Cerler,14.7,6.6,10.3,4.7,0.0,7.8
2018-07-11,22054 Benasque,Cerler,15.3,7.4,10.6,2.0,0.0,6.5
2018-07-12,22054 Benasque,Cerler,13.9,6.6,10.8,9.3,0.0,7.8
2018-07-13,22054 Benasque,Cerler,15.9,7.6,11.6,13.6,0.0,8.8
2018-07-14,22054 Benasque,Cerler,16.5,10.1,13.1,4.5,0.0,8.6
2018-07-15,22054 Benasque,Cerler,16.9,8.6,13.3,0.9,0.0,13.4
2018-07-16,22054 Benasque,Cerler,11.5,6.8,9.1,9.8,0.0,13.9
2018-07-17,22054 Benasque,Cerler,15.8,4.0,10.3,0.2,0.0,12.4
2018-07-18,22054 Benasque,Cerler,15.6,8.0,11.4,5.6,0.0,12.8
2018-07-19,22054 Benasque,Cerler,17.0,7.8,12.9,0.5,0.0,11.5
2018-07-20,22054 Benasque,Cerler,15.9,7.8,12.0,5.0,0.0,11.9
2018-07-21,22054 Benasque,Cerler,12.4,4.1,8.2,2.9,0.0,9.3
2018-07-22,22054 Benasque,Cerler,11.4,5.7,8.2,3.8,0.0,7.2
2018-07-23,22054 Benasque,Cerler,18.2,3.5,11.5,0.0,0.0,7.1
2018-07-24,22054 Benasque,Cerler,16.0,10.4,13.1,3.4,0.0,6.1
2018-07-25,22054 Benasque,Cerler,17.0,8.2,12.7,2.7,0.0,4.0
2018-07-26,22054 Benasque,Cerler,17.9,11.1,14.3,0.1,0.0,5.9
2018-07-27,22054 Benasque,Cerler,19.4,12.1,15.1,0.8,0.0,12.2
2018-07-28,22054 Benasque,Cerler,17.8,11.4,14.5,0.1,0.0,10.9
2018-07-29,22054 Benasque,Cerler,17.6,9.9,13.6,1.4,0.0,10.0
2018-07-30,22054 Benasque,Cerler,18.4,9.9,14.3,1.7,0.0,8.9
2018-07-31,22054 Benasque,Cerler,18.5,11.1,15.3,0.2,0.0,9.7
2018-08-01,22054 Benasque,Cerler,19.0,11.4,15.0,3.3,0.0,7.9
2018-08-02,22054 Benasque,Cerler,20.0,12.2,15.8,2.6,0.0,8.2
2018-08-03,22054 Benasque,Cerler,19.4,11.6,15.5,0.0,0.0,10.2
2018-08-04,22054 Benasque,Cerler,18.6,9.4,14.3,0.0,0.0,10.1
2018-08-05,22054 Benasque,Cerler,19.6,11.1,15.3,0.5,0.0,6.6
2018-08-06,22054 Benasque,Cerler,20.0,11.8,15.7,0.2,0.0,9.0
2018-08-07,22054 Benasque,Cerler,19.6,10.9,14.6,3.8,0.0,10.1
2018-08-08,22054 Benasque,Cerler,14.8,10.2,11.9,15.0,0.0,12.7
2018-08-09,22054 Benasque,Cerler,12.6,6.2,9.8,33.3,0.0,12.6
2018-08-10,22054 Benasque,Cerler,14.1,5.8,10.0,6.7,0.0,13.2
2018-08-11,22054 Benasque,Cerler,15.9,6.1,11.8,3.1,0.0,7.9
2018-08-12,22054 Benasque,Cerler,17.0,8.9,12.4,2.9,0.0,10.0
2018-08-13,22054 Benasque,Cerler,15.6,7.9,11.3,6.7,0.0,12.7
2018-08-14,22054 Benasque,Cerler,13.8,6.4,9.0,0.0,0.0,9.6
2018-08-15,22054 Benasque,Cerler,16.9,3.8,10.8,0.0,0.0,7.9
2018-08-16,22054 Benasque,Cerler,16.4,7.6,11.7,1.4,0.0,7.8
2018-08-17,22054 Benasque,Cerler,11.6,5.8,9.0,12.2,0.0,10.4
2018-08-18,22054 Benasque,Cerler,12.8,3.4,7.5,0.0,0.0,9.3
2018-08-19,22054 Benasque,Cerler,14.1,4.2,9.1,0.0,0.0,8.8
2018-08-20,22054 Benasque,Cerler,14.4,5.9,9.9,0.0,0.0,9.3
2018-08-21,22054 Benasque,Cerler,15.6,7.2,11.4,1.0,0.0,7.6
2018-08-22,22054 Benasque,Cerler,16.3,7.0,11.9,0.4,0.0,6.5
2018-08-23,22054 Benasque,Cerler,15.6,8.8,11.8,0.6,0.0,6.4
2018-08-24,22054 Benasque,Cerler,13.4,6.9,9.6,1.3,0.0,9.5
2018-08-25,22054 Benasque,Cerler,12.8,4.1,7.4,1.4,0.0,7.3
2018-08-26,22054 Benasque,Cerler,16.0,3.2,9.6,0.0,0.0,6.8
2018-08-27,22054 Benasque,Cerler,18.4,8.9,13.8,0.0,0.0,8.8
2018-08-28,22054 Benasque,Cerler,18.5,11.1,14.1,0.7,0.0,10.8
2018-08-29,22054 Benasque,Cerler,15.1,8.0,11.4,2.9,0.0,8.6
2018-08-30,22054 Benasque,Cerler,15.1,7.3,10.9,0.9,0.0,5.7
2018-08-31,22054 Benasque,Cerler,14.4,6.1,9.4,0.8,0.0,8.1
2018-09-01,22054 Benasque,Cerler,15.1,5.8,9.7,0.5,0.0,7.6
2018-09-02,22054 Benasque,Cerler,17.0,1.7,11.1,0.0,0.0,7.7
2018-09-03,22054 Benasque,Cerler,17.0,7.5,11.7,2.6,0.0,9.3
2018-09-04,22054 Benasque,Cerler,15.1,8.4,11.0,3.1,0.0,6.2
2018-09-05,22054 Benasque,Cerler,12.8,7.4,9.7,10.6,0.0,11.7
2018-09-06,22054 Benasque,Cerler,12.0,3.5,7.8,8.6,0.0,6.6
2018-09-07,22054 Benasque,Cerler,11.8,3.5,7.5,3.6,0.0,5.4
2018-09-08,22054 Benasque,Cerler,14.0,2.7,8.8,4.2,0.0,7.6
2018-09-09,22054 Benasque,Cerler,13.0,6.3,8.9,3.9,0.0,7.9
2018-09-10,22054 Benasque,Cerler,12.6,5.8,8.9,1.1,0.0,8.4
2018-09-11,22054 Benasque,Cerler,14.3,6.6,10.2,1.1,0.0,7.7
2018-09-12,22054 Benasque,Cerler,12.9,7.3,9.4,11.2,0.0,7.2
2018-09-13,22054 Benasque,Cerler,15.6,6.0,10.4,0.5,0.0,7.6
2018-09-14,22054 Benasque,Cerler,16.0,5.4,11.0,0.3,0.0,5.4
2018-09-15,22054 Benasque,Cerler,15.1,5.4,10.4,0.4,0.0,7.1
2018-09-16,22054 Benasque,Cerler,15.6,8.7,11.5,0.5,0.0,6.5
2018-09-17,22054 Benasque,Cerler,15.1,8.6,11.0,1.5,0.0,7.9
2018-09-18,22054 Benasque,Cerler,14.1,6.7,9.9,6.0,0.0,8.2
2018-09-19,22054 Benasque,Cerler,15.4,6.2,10.7,0.2,0.0,9.7
2018-09-20,22054 Benasque,Cerler,16.5,6.4,11.8,0.0,0.0,5.9
2018-09-21,22054 Benasque,Cerler,15.8,8.4,11.8,0.6,0.0,7.6
2018-09-22,22054 Benasque,Cerler,17.0,7.4,11.7,0.8,0.0,7.0
2018-09-23,22054 Benasque,Cerler,18.0,7.8,12.6,1.2,0.0,8.3
2018-09-24,22054 Benasque,Cerler,13.1,4.4,8.2,0.2,0.0,9.4
2018-09-25,22054 Benasque,Cerler,13.6,3.5,8.1,0.0,0.0,8.3
2018-09-26,22054 Benasque,Cerler,12.6,2.3,7.3,0.2,0.0,10.0
2018-09-27,22054 Benasque,Cerler,16.6,5.3,11.6,0.0,0.0,8.4
2018-09-28,22054 Benasque,Cerler,13.7,3.8,8.3,0.0,0.0,10.9
2018-09-29,22054 Benasque,Cerler,12.8,6.0,8.3,2.1,0.0,7.6
2018-09-30,22054 Benasque,Cerler,11.7,3.4,7.0,0.6,0.0,9.0
2018-10-01,22054 Benasque,Cerler,4.3,-2.8,1.3,0.1,0.0,19.8
2018-10-02,22054 Benasque,Cerler,7.8,-3.5,1.7,0.0,0.0,18.0
2018-10-03,22054 Benasque,Cerler,11.1,2.2,5.6,0.0,0.0,15.1
2018-10-04,22054 Benasque,Cerler,13.1,4.4,8.8,0.0,0.0,9.4
2018-10-05,22054 Benasque,Cerler,11.9,4.6,7.6,0.8,0.0,7.9
2018-10-06,22054 Benasque,Cerler,12.1,1.5,7.2,4.5,0.0,10.7
2018-10-07,22054 Benasque,Cerler,5.3,-1.5,1.3,10.8,3.22,13.4
2018-10-08,22054 Benasque,Cerler,3.8,-1.5,0.6,4.3,2.8,7.7
2018-10-09,22054 Benasque,Cerler,5.6,-1.4,2.2,3.1,0.0,14.3
2018-10-10,22054 Benasque,Cerler,7.2,2.8,4.2,15.2,0.63,13.7
2018-10-11,22054 Benasque,Cerler,8.4,1.5,5.2,0.7,0.0,18.2
2018-10-12,22054 Benasque,Cerler,11.8,5.8,8.1,0.4,0.0,15.4
2018-10-13,22054 Benasque,Cerler,11.9,2.2,7.7,0.6,0.0,11.5
2018-10-14,22054 Benasque,Cerler,8.9,3.9,6.6,44.8,0.0,17.9
2018-10-15,22054 Benasque,Cerler,3.8,-0.6,1.7,46.7,25.9,9.2
2018-10-16,22054 Benasque,Cerler,5.4,-1.5,2.2,0.0,0.0,7.0
2018-10-17,22054 Benasque,Cerler,7.1,1.1,3.9,0.9,0.0,7.8
2018-10-18,22054 Benasque,Cerler,4.7,1.0,2.9,2.2,0.0,9.0
2018-10-19,22054 Benasque,Cerler,8.4,1.4,4.6,1.3,0.0,8.1
2018-10-20,22054 Benasque,Cerler,8.5,3.1,5.4,1.0,0.0,7.7
2018-10-21,22054 Benasque,Cerler,10.6,0.7,5.4,0.0,0.0,10.7
2018-10-22,22054 Benasque,Cerler,10.1,1.0,5.3,0.0,0.0,11.3
2018-10-23,22054 Benasque,Cerler,10.7,0.1,4.1,0.0,0.0,12.4
2018-10-24,22054 Benasque,Cerler,10.4,0.6,5.3,0.0,0.0,16.2
2018-10-25,22054 Benasque,Cerler,15.4,6.3,11.0,0.0,0.0,10.8
2018-10-26,22054 Benasque,Cerler,10.8,4.2,8.8,0.4,0.0,10.2
2018-10-27,22054 Benasque,Cerler,3.9,-6.0,-1.7,9.8,5.81,10.5
2018-10-28,22054 Benasque,Cerler,-6.0,-13.0,-8.3,15.5,10.85,11.6
2018-10-29,22054 Benasque,Cerler,-6.7,-18.8,-9.7,0.6,0.42,17.3
2018-10-30,22054 Benasque,Cerler,-3.9,-11.4,-6.9,2.3,1.61,13.0
2018-10-31,22054 Benasque,Cerler,-0.6,-5.0,-2.3,31.4,21.98,13.0
2018-11-01,22054 Benasque,Cerler,0.3,-5.3,-3.2,0.0,0.0,5.6
2018-11-02,22054 Benasque,Cerler,-1.6,-3.7,-2.6,0.8,0.63,14.9
2018-11-03,22054 Benasque,Cerler,2.9,-6.7,-1.5,0.3,0.21,14.5
2018-11-04,22054 Benasque,Cerler,2.3,-2.0,0.6,0.0,0.0,11.2
2018-11-05,22054 Benasque,Cerler,0.5,-2.1,-0.6,30.5,21.14,21.3
2018-11-06,22054 Benasque,Cerler,-1.0,-4.2,-2.9,3.3,2.24,8.4
2018-11-07,22054 Benasque,Cerler,0.4,-5.2,-1.8,1.1,0.77,9.7
2018-11-08,22054 Benasque,Cerler,-0.5,-6.6,-3.1,1.3,0.84,18.8
2018-11-09,22054 Benasque,Cerler,0.6,-3.7,-1.6,18.6,12.95,13.0
2018-11-10,22054 Benasque,Cerler,2.8,-1.1,0.9,3.9,0.28,9.7
2018-11-11,22054 Benasque,Cerler,2.6,-5.2,0.2,0.4,0.0,14.2
2018-11-12,22054 Benasque,Cerler,2.4,-1.4,1.7,4.1,0.0,15.1
2018-11-13,22054 Benasque,Cerler,6.0,-1.6,2.7,0.0,0.0,11.4
2018-11-14,22054 Benasque,Cerler,4.2,-1.2,2.3,0.0,0.0,8.3
2018-11-15,22054 Benasque,Cerler,3.5,-1.6,0.9,0.0,0.0,8.2
2018-11-16,22054 Benasque,Cerler,3.4,0.1,1.6,0.0,0.0,5.1
2018-11-17,22054 Benasque,Cerler,3.7,-1.5,0.8,0.4,0.14,4.3
2018-11-18,22054 Benasque,Cerler,-0.8,-2.8,-1.9,9.2,6.37,9.7
2018-11-19,22054 Benasque,Cerler,-0.6,-7.0,-2.6,0.3,0.21,7.7
2018-11-20,22054 Benasque,Cerler,-3.3,-9.2,-5.4,5.1,3.57,8.4
2018-11-21,22054 Benasque,Cerler,-1.5,-6.2,-3.8,1.8,1.26,8.9
2018-11-22,22054 Benasque,Cerler,-1.9,-8.9,-5.5,0.0,0.0,9.7
2018-11-23,22054 Benasque,Cerler,-2.6,-8.1,-4.7,5.3,3.78,10.1
2018-11-24,22054 Benasque,Cerler,-2.2,-7.6,-4.8,0.0,0.0,10.3
2018-11-25,22054 Benasque,Cerler,-3.1,-10.5,-6.2,1.7,1.19,12.1
2018-11-26,22054 Benasque,Cerler,-3.9,-7.9,-5.3,6.9,4.83,19.2
2018-11-27,22054 Benasque,Cerler,-1.2,-8.5,-5.1,0.0,0.0,16.4
2018-11-28,22054 Benasque,Cerler,4.9,-1.2,2.2,0.0,0.0,8.8
2018-11-29,22054 Benasque,Cerler,3.7,-0.9,1.4,0.0,0.0,12.4
2018-11-30,22054 Benasque,Cerler,0.2,-5.4,-3.6,4.0,2.8,10.8
2018-12-01,22054 Benasque,Cerler,1.7,-8.4,-2.5,0.5,0.35,9.1
2018-12-02,22054 Benasque,Cerler,5.2,1.2,3.0,0.5,0.0,7.9
2018-12-03,22054 Benasque,Cerler,5.3,-0.2,3.2,0.3,0.0,7.6
2018-12-04,22054 Benasque,Cerler,5.8,1.2,3.1,0.0,0.0,9.3
2018-12-05,22054 Benasque,Cerler,7.0,2.5,5.7,0.0,0.0,10.1
2018-12-06,22054 Benasque,Cerler,1.9,-4.8,-0.9,0.0,0.0,11.4
2018-12-07,22054 Benasque,Cerler,6.3,-1.8,2.9,0.4,0.21,9.2
2018-12-08,22054 Benasque,Cerler,2.0,-7.6,-2.1,0.4,0.28,12.6
2018-12-09,22054 Benasque,Cerler,1.9,-5.0,-1.6,0.0,0.0,16.2
2018-12-10,22054 Benasque,Cerler,0.2,-5.9,-2.8,0.0,0.0,15.5
2018-12-11,22054 Benasque,Cerler,3.7,-0.6,1.5,0.0,0.0,7.1
2018-12-12,22054 Benasque,Cerler,1.8,-3.8,-1.2,0.0,0.0,8.8
2018-12-13,22054 Benasque,Cerler,-1.3,-5.4,-3.1,9.1,6.37,15.3
2018-12-14,22054 Benasque,Cerler,-3.2,-4.8,-3.9,8.7,6.09,15.5
2018-12-15,22054 Benasque,Cerler,4.8,-5.7,-0.1,0.1,0.0,12.8
2018-12-16,22054 Benasque,Cerler,2.5,-5.3,-1.2,11.1,7.14,11.0
2018-12-17,22054 Benasque,Cerler,-2.8,-7.4,-5.2,0.1,0.07,13.0
2018-12-18,22054 Benasque,Cerler,0.4,-4.8,-2.9,0.1,0.07,13.8
2018-12-19,22054 Benasque,Cerler,-2.4,-10.0,-4.7,0.9,0.63,11.6
2018-12-20,22054 Benasque,Cerler,-1.8,-9.9,-5.1,0.0,0.0,7.2
2018-12-21,22054 Benasque,Cerler,1.9,-5.9,-2.0,0.0,0.0,10.4
2018-12-22,22054 Benasque,Cerler,4.2,-3.0,1.7,0.0,0.0,8.3
2018-12-23,22054 Benasque,Cerler,6.6,-2.5,2.8,0.0,0.0,4.7
2018-12-24,22054 Benasque,Cerler,7.6,1.1,4.6,0.0,0.0,10.2
2018-12-25,22054 Benasque,Cerler,7.3,2.2,4.8,0.0,0.0,7.8
2018-12-26,22054 Benasque,Cerler,8.9,4.0,6.7,0.0,0.0,6.2
2018-12-27,22054 Benasque,Cerler,6.7,0.3,4.3,0.0,0.0,5.3
2018-12-28,22054 Benasque,Cerler,2.8,-5.8,-1.0,0.0,0.0,11.5
2018-12-29,22054 Benasque,Cerler,-0.2,-8.1,-3.5,0.0,0.0,14.1
2018-12-30,22054 Benasque,Cerler,4.9,-1.2,2.8,0.0,0.0,12.7
2018-12-31,22054 Benasque,Cerler,5.0,-4.4,-0.5,0.0,0.0,14.8
2019-01-01,22054 Benasque,Cerler,4.7,-2.5,2.9,0.0,0.0,13.3
2019-01-02,22054 Benasque,Cerler,3.8,-5.8,-1.1,0.0,0.0,16.9
2019-01-03,22054 Benasque,Cerler,-0.2,-10.4,-4.5,0.0,0.0,15.5
2019-01-04,22054 Benasque,Cerler,-1.2,-7.8,-3.6,0.0,0.0,14.8
2019-01-05,22054 Benasque,Cerler,0.6,-10.2,-4.0,0.0,0.0,17.7
2019-01-06,22054 Benasque,Cerler,-0.1,-8.8,-5.0,0.0,0.0,17.7
2019-01-07,22054 Benasque,Cerler,0.3,-8.7,-4.3,0.0,0.0,15.8
2019-01-08,22054 Benasque,Cerler,-0.4,-6.9,-3.5,0.5,0.35,17.3
2019-01-09,22054 Benasque,Cerler,-4.6,-11.0,-6.8,1.4,0.98,21.2
2019-01-10,22054 Benasque,Cerler,-10.8,-14.1,-12.3,3.5,2.45,18.0
2019-01-11,22054 Benasque,Cerler,-8.7,-15.9,-12.7,0.1,0.07,16.6
2019-01-12,22054 Benasque,Cerler,-3.5,-9.6,-7.3,0.3,0.21,14.8
2019-01-13,22054 Benasque,Cerler,-0.8,-9.1,-5.3,0.0,0.0,13.9
2019-01-14,22054 Benasque,Cerler,-0.7,-6.7,-4.4,0.0,0.0,13.4
2019-01-15,22054 Benasque,Cerler,5.2,-6.9,1.5,0.0,0.0,12.1
2019-01-16,22054 Benasque,Cerler,2.6,-3.4,0.7,0.0,0.0,7.2
2019-01-17,22054 Benasque,Cerler,-4.2,-10.1,-6.6,1.4,0.98,10.2
2019-01-18,22054 Benasque,Cerler,-5.0,-13.6,-9.1,0.0,0.0,8.2
2019-01-19,22054 Benasque,Cerler,-4.7,-11.5,-8.3,0.0,0.0,9.0
2019-01-20,22054 Benasque,Cerler,-5.2,-8.1,-7.1,3.3,2.31,12.3
2019-01-21,22054 Benasque,Cerler,-7.0,-10.9,-8.4,1.4,1.05,13.0
2019-01-22,22054 Benasque,Cerler,-5.6,-14.9,-10.2,5.3,3.71,13.2
2019-01-23,22054 Benasque,Cerler,-7.3,-12.2,-9.8,53.1,37.17,17.7
2019-01-24,22054 Benasque,Cerler,-11.6,-14.4,-12.9,8.9,6.23,20.2
2019-01-25,22054 Benasque,Cerler,-4.1,-13.3,-6.9,13.3,9.31,18.0
2019-01-26,22054 Benasque,Cerler,5.2,-7.1,-1.0,0.1,0.07,21.4
2019-01-27,22054 Benasque,Cerler,2.0,-9.2,-4.7,5.6,3.92,21.0
2019-01-28,22054 Benasque,Cerler,-6.8,-10.2,-8.6,51.5,36.19,17.0
2019-01-29,22054 Benasque,Cerler,-5.4,-8.9,-7.2,8.2,5.67,16.9
2019-01-30,22054 Benasque,Cerler,-7.2,-10.8,-9.2,5.1,3.57,11.5
2019-01-31,22054 Benasque,Cerler,-1.1,-8.8,-5.2,10.9,7.56,9.2
2019-02-01,22054 Benasque,Cerler,-2.8,-7.1,-4.4,23.0,16.1,12.1
2019-02-02,22054 Benasque,Cerler,-7.1,-11.8,-9.0,18.2,12.74,25.9
2019-02-03,22054 Benasque,Cerler,-11.9,-14.4,-13.0,2.5,1.75,26.6
2019-02-04,22054 Benasque,Cerler,1.5,-15.6,-7.5,0.9,0.63,16.2
2019-02-05,22054 Benasque,Cerler,0.2,-5.3,-2.9,2.4,1.68,11.7
2019-02-06,22054 Benasque,Cerler,4.2,-4.8,-0.6,0.0,0.0,9.1
2019-02-07,22054 Benasque,Cerler,0.4,-5.6,-2.1,0.2,0.14,8.0
2019-02-08,22054 Benasque,Cerler,1.3,-7.3,-2.3,0.0,0.0,8.7
2019-02-09,22054 Benasque,Cerler,-0.4,-7.4,-3.1,0.0,0.0,11.8
2019-02-10,22054 Benasque,Cerler,-0.6,-7.8,-4.5,0.7,0.49,12.2
2019-02-11,22054 Benasque,Cerler,-5.2,-10.1,-7.2,0.6,0.42,16.3
2019-02-12,22054 Benasque,Cerler,2.3,-10.2,-3.0,0.0,0.0,10.5
2019-02-13,22054 Benasque,Cerler,2.9,-2.3,0.3,0.0,0.0,6.8
2019-02-14,22054 Benasque,Cerler,2.1,-2.2,0.2,0.0,0.0,10.2
2019-02-15,22054 Benasque,Cerler,4.6,0.3,2.8,0.0,0.0,6.1
2019-02-16,22054 Benasque,Cerler,3.8,-4.4,0.5,0.0,0.0,13.8
2019-02-17,22054 Benasque,Cerler,0.3,-3.0,-1.4,0.0,0.0,13.4
2019-02-18,22054 Benasque,Cerler,-0.2,-4.0,-3.0,0.0,0.0,10.7
2019-02-19,22054 Benasque,Cerler,0.5,-5.0,-2.4,0.0,0.0,5.6
2019-02-20,22054 Benasque,Cerler,1.9,-4.1,-1.2,0.0,0.0,6.5
2019-02-21,22054 Benasque,Cerler,3.5,-2.2,-0.2,0.0,0.0,5.9
2019-02-22,22054 Benasque,Cerler,5.7,-0.4,2.3,0.0,0.0,11.2
2019-02-23,22054 Benasque,Cerler,6.2,-3.2,3.7,0.0,0.0,14.1
2019-02-24,22054 Benasque,Cerler,4.8,-0.9,1.9,0.0,0.0,7.3
2019-02-25,22054 Benasque,Cerler,6.7,0.8,3.9,0.0,0.0,7.9
2019-02-26,22054 Benasque,Cerler,7.1,0.8,4.0,0.0,0.0,5.9
2019-02-27,22054 Benasque,Cerler,9.6,4.4,6.7,0.0,0.0,9.7
2019-02-28,22054 Benasque,Cerler,4.8,-5.3,0.6,0.0,0.0,10.6
2019-03-01,22054 Benasque,Cerler,6.2,-1.2,2.0,0.0,0.0,10.0
2019-03-02,22054 Benasque,Cerler,2.5,-6.9,-1.6,0.0,0.0,13.4
2019-03-03,22054 Benasque,Cerler,5.2,-2.7,1.4,0.0,0.0,15.2
2019-03-04,22054 Benasque,Cerler,1.5,-4.8,-1.7,0.1,0.07,13.9
2019-03-05,22054 Benasque,Cerler,-0.4,-5.5,-3.2,0.2,0.14,13.6
2019-03-06,22054 Benasque,Cerler,0.3,-4.3,-1.6,31.4,21.63,24.2
2019-03-07,22054 Benasque,Cerler,-1.8,-6.2,-4.4,0.1,0.07,12.7
2019-03-08,22054 Benasque,Cerler,-1.1,-6.2,-4.1,0.3,0.21,7.4
2019-03-09,22054 Benasque,Cerler,4.8,-5.3,-0.6,0.0,0.0,10.8
2019-03-10,22054 Benasque,Cerler,5.8,-1.3,1.9,0.0,0.0,8.0
2019-03-11,22054 Benasque,Cerler,-0.6,-6.2,-3.7,0.1,0.07,11.9
2019-03-12,22054 Benasque,Cerler,4.0,-3.1,0.2,0.0,0.0,6.7
2019-03-13,22054 Benasque,Cerler,-0.3,-7.1,-5.1,5.1,3.43,19.1
2019-03-14,22054 Benasque,Cerler,-1.1,-6.9,-4.9,0.6,0.42,20.2
2019-03-15,22054 Benasque,Cerler,9.4,-5.7,1.6,0.0,0.0,12.2
2019-03-16,22054 Benasque,Cerler,9.6,3.6,6.5,0.0,0.0,7.7
2019-03-17,22054 Benasque,Cerler,4.2,-7.7,0.5,0.3,0.21,14.4
2019-03-18,22054 Benasque,Cerler,-4.7,-9.5,-7.1,0.0,0.0,15.5
2019-03-19,22054 Benasque,Cerler,-4.9,-8.0,-6.7,6.3,4.41,11.6
2019-03-20,22054 Benasque,Cerler,-4.1,-9.4,-6.9,0.5,0.35,13.4
2019-03-21,22054 Benasque,Cerler,0.7,-10.9,-4.5,0.0,0.0,6.8
2019-03-22,22054 Benasque,Cerler,3.3,-3.9,-0.7,0.0,0.0,5.8
2019-03-23,22054 Benasque,Cerler,4.1,-1.4,0.7,0.0,0.0,8.3
2019-03-24,22054 Benasque,Cerler,3.2,-1.2,0.4,0.0,0.0,9.7
2019-03-25,22054 Benasque,Cerler,1.1,-5.0,-2.3,0.0,0.0,14.1
2019-03-26,22054 Benasque,Cerler,-0.8,-9.3,-5.4,0.0,0.0,14.8
2019-03-27,22054 Benasque,Cerler,0.1,-9.9,-4.8,0.0,0.0,13.4
2019-03-28,22054 Benasque,Cerler,1.6,-5.1,-2.4,0.0,0.0,8.0
2019-03-29,22054 Benasque,Cerler,0.7,-4.8,-2.0,0.0,0.0,11.5
2019-03-30,22054 Benasque,Cerler,2.2,-7.9,-2.4,0.0,0.0,6.5
2019-03-31,22054 Benasque,Cerler,1.9,-3.7,-0.7,0.3,0.21,7.0
2019-04-01,22054 Benasque,Cerler,2.2,-4.4,-0.5,2.2,1.4,7.8
2019-04-02,22054 Benasque,Cerler,1.5,-3.8,-1.4,2.1,1.47,8.1
2019-04-03,22054 Benasque,Cerler,-2.3,-7.2,-3.7,7.3,5.11,9.2
2019-04-04,22054 Benasque,Cerler,-3.2,-9.8,-6.9,0.0,0.0,11.0
2019-04-05,22054 Benasque,Cerler,-2.3,-8.8,-5.4,12.6,8.82,15.8
2019-04-06,22054 Benasque,Cerler,-4.0,-6.1,-4.8,21.6,15.12,9.4
2019-04-07,22054 Benasque,Cerler,-2.8,-9.0,-5.4,0.1,0.07,9.0
2019-04-08,22054 Benasque,Cerler,0.5,-7.1,-3.0,1.0,0.7,10.0
2019-04-09,22054 Benasque,Cerler,-0.6,-5.2,-3.0,5.2,3.64,6.6
2019-04-10,22054 Benasque,Cerler,-2.6,-6.6,-4.1,0.7,0.56,13.0
2019-04-11,22054 Benasque,Cerler,-3.1,-6.9,-4.4,4.8,3.36,16.6
2019-04-12,22054 Benasque,Cerler,-1.6,-8.9,-4.2,2.1,1.54,17.8
2019-04-13,22054 Benasque,Cerler,1.8,-8.6,-3.1,0.0,0.0,13.7
2019-04-14,22054 Benasque,Cerler,3.3,-3.6,0.1,0.3,0.14,10.6
2019-04-15,22054 Benasque,Cerler,5.9,-2.2,2.8,1.5,0.0,8.9
2019-04-16,22054 Benasque,Cerler,2.7,-1.3,0.4,0.8,0.21,8.1
2019-04-17,22054 Benasque,Cerler,6.2,-2.5,1.9,0.0,0.0,12.4
2019-04-18,22054 Benasque,Cerler,7.4,1.7,5.0,0.5,0.14,9.9
2019-04-19,22054 Benasque,Cerler,8.8,2.5,5.5,0.6,0.35,11.1
2019-04-20,22054 Benasque,Cerler,6.4,-0.2,3.5,5.5,2.1,8.3
2019-04-21,22054 Benasque,Cerler,1.0,-1.7,-0.4,5.5,3.85,7.4
2019-04-22,22054 Benasque,Cerler,3.4,-2.5,0.6,2.5,1.47,9.0
2019-04-23,22054 Benasque,Cerler,2.0,-1.6,0.2,11.8,7.07,15.3
2019-04-24,22054 Benasque,Cerler,-1.7,-4.9,-3.3,21.8,15.12,21.6
2019-04-25,22054 Benasque,Cerler,-0.7,-4.8,-2.1,52.5,36.26,17.3
2019-04-26,22054 Benasque,Cerler,0.4,-6.6,-2.8,0.5,0.28,8.2
2019-04-27,22054 Benasque,Cerler,3.8,-4.8,-0.9,0.0,0.0,8.3
2019-04-28,22054 Benasque,Cerler,4.4,-4.4,-0.2,0.0,0.0,10.8
2019-04-29,22054 Benasque,Cerler,3.7,-4.1,-0.0,0.0,0.0,8.4
2019-04-30,22054 Benasque,Cerler,4.2,-4.2,0.2,0.0,0.0,9.4
2019-05-01,22054 Benasque,Cerler,7.4,-4.7,2.4,0.8,0.14,5.2
2019-05-02,22054 Benasque,Cerler,3.0,-1.5,0.4,2.9,0.56,6.5
2019-05-03,22054 Benasque,Cerler,-0.6,-3.5,-2.1,9.1,6.3,15.9
2019-05-04,22054 Benasque,Cerler,0.3,-4.3,-2.5,2.3,1.61,17.3
2019-05-05,22054 Benasque,Cerler,-3.8,-9.9,-6.9,4.3,3.01,20.1
2019-05-06,22054 Benasque,Cerler,5.4,-8.9,-1.3,0.0,0.0,10.0
2019-05-07,22054 Benasque,Cerler,6.5,0.8,3.1,1.4,0.0,10.1
2019-05-08,22054 Benasque,Cerler,4.1,-0.9,2.2,12.2,0.0,11.5
2019-05-09,22054 Benasque,Cerler,4.3,-4.7,0.7,1.1,0.0,10.0
2019-05-10,22054 Benasque,Cerler,6.9,1.7,4.1,2.5,0.0,7.9
2019-05-11,22054 Benasque,Cerler,4.0,-3.7,1.1,0.0,0.0,15.8
2019-05-12,22054 Benasque,Cerler,1.9,-5.9,-2.3,0.0,0.0,22.3
2019-05-13,22054 Benasque,Cerler,3.4,-3.9,0.1,0.0,0.0,22.0
2019-05-14,22054 Benasque,Cerler,9.9,2.0,5.4,0.0,0.0,9.8
2019-05-15,22054 Benasque,Cerler,7.4,0.3,4.8,0.0,0.0,13.0
2019-05-16,22054 Benasque,Cerler,8.1,1.7,5.3,0.2,0.0,8.8
2019-05-17,22054 Benasque,Cerler,2.2,-2.8,-0.3,26.4,17.36,9.8
2019-05-18,22054 Benasque,Cerler,-0.2,-5.2,-2.5,1.5,1.05,7.7
2019-05-19,22054 Benasque,Cerler,0.2,-4.6,-2.3,2.4,1.75,11.2
2019-05-20,22054 Benasque,Cerler,2.7,-5.1,-1.2,0.0,0.07,11.6
2019-05-21,22054 Benasque,Cerler,3.8,-3.5,0.5,0.0,0.0,7.2
2019-05-22,22054 Benasque,Cerler,7.3,-2.0,2.3,0.0,0.0,5.2
2019-05-23,22054 Benasque,Cerler,9.8,1.3,4.8,0.7,0.0,7.5
2019-05-24,22054 Benasque,Cerler,3.0,0.4,1.5,21.1,6.02,12.0
2019-05-25,22054 Benasque,Cerler,3.0,0.5,1.5,8.9,3.08,16.6
2019-05-26,22054 Benasque,Cerler,3.2,-1.6,0.9,0.5,0.0,13.1
2019-05-27,22054 Benasque,Cerler,5.8,-0.7,2.1,0.4,0.0,8.1
2019-05-28,22054 Benasque,Cerler,2.0,-2.0,0.0,0.7,0.42,14.8
2019-05-29,22054 Benasque,Cerler,1.8,-3.0,-1.0,0.7,0.49,16.7
2019-05-30,22054 Benasque,Cerler,7.7,-1.6,3.2,0.0,0.0,12.4
2019-05-31,22054 Benasque,Cerler,11.3,1.8,7.5,0.0,0.0,7.6
2019-06-01,22054 Benasque,Cerler,13.6,6.2,9.9,0.0,0.0,4.8
2019-06-02,22054 Benasque,Cerler,15.0,7.2,10.5,0.0,0.0,4.1
2019-06-03,22054 Benasque,Cerler,10.9,6.8,9.2,0.0,0.0,11.5
2019-06-04,22054 Benasque,Cerler,12.4,3.6,7.6,0.3,0.0,14.0
2019-06-05,22054 Benasque,Cerler,4.5,-1.2,1.8,18.0,8.96,13.7
2019-06-06,22054 Benasque,Cerler,4.8,-4.8,1.1,0.3,0.0,21.0
2019-06-07,22054 Benasque,Cerler,4.8,-0.3,2.2,9.0,0.21,23.0
2019-06-08,22054 Benasque,Cerler,10.3,-3.5,3.6,0.0,0.0,17.3
2019-06-09,22054 Benasque,Cerler,11.4,1.3,6.4,1.8,0.0,12.8
2019-06-10,22054 Benasque,Cerler,7.4,0.2,3.9,11.8,0.91,6.7
2019-06-11,22054 Benasque,Cerler,0.7,-3.8,-0.4,10.4,7.21,7.6
2019-06-12,22054 Benasque,Cerler,4.0,-7.7,-1.2,0.0,0.0,11.5
2019-06-13,22054 Benasque,Cerler,9.2,-4.1,3.6,0.0,0.0,17.7
2019-06-14,22054 Benasque,Cerler,10.2,1.8,7.5,18.1,0.0,13.0
2019-06-15,22054 Benasque,Cerler,9.9,2.5,6.2,10.9,0.0,10.5
2019-06-16,22054 Benasque,Cerler,13.1,1.5,8.0,0.5,0.0,7.9
2019-06-17,22054 Benasque,Cerler,14.5,5.7,10.6,0.6,0.0,8.6
2019-06-18,22054 Benasque,Cerler,15.2,6.8,11.2,0.4,0.0,16.6
2019-06-19,22054 Benasque,Cerler,14.2,5.7,10.9,0.1,0.0,12.4
2019-06-20,22054 Benasque,Cerler,11.4,6.2,8.8,21.1,0.0,8.7
2019-06-21,22054 Benasque,Cerler,10.4,4.9,7.6,22.6,0.0,8.4
2019-06-22,22054 Benasque,Cerler,14.7,2.5,9.2,0.0,0.0,9.3
2019-06-23,22054 Benasque,Cerler,17.2,7.5,12.8,0.0,0.0,11.1
2019-06-24,22054 Benasque,Cerler,17.5,8.2,13.7,0.0,0.0,13.9
2019-06-25,22054 Benasque,Cerler,19.5,11.7,16.0,0.0,0.0,13.0
2019-06-26,22054 Benasque,Cerler,20.9,8.9,15.9,0.0,0.0,18.1
2019-06-27,22054 Benasque,Cerler,22.9,17.2,20.4,0.0,0.0,9.8
2019-06-28,22054 Benasque,Cerler,23.5,17.9,20.5,0.0,0.0,7.9
2019-06-29,22054 Benasque,Cerler,23.1,17.2,19.8,0.0,0.0,7.4
2019-06-30,22054 Benasque,Cerler,22.1,16.3,19.4,0.0,0.0,9.8
2019-07-01,22054 Benasque,Cerler,20.4,12.0,16.7,1.2,0.0,11.9
2019-07-02,22054 Benasque,Cerler,16.9,11.2,14.0,0.4,0.0,10.1
2019-07-03,22054 Benasque,Cerler,16.9,10.6,13.2,7.5,0.0,5.8
2019-07-04,22054 Benasque,Cerler,18.3,10.1,14.2,2.6,0.0,10.1
2019-07-05,22054 Benasque,Cerler,19.5,9.6,15.0,0.1,0.0,12.2
2019-07-06,22054 Benasque,Cerler,20.0,12.6,16.2,0.2,0.0,13.6
2019-07-07,22054 Benasque,Cerler,19.1,12.0,15.4,1.2,0.0,12.3
2019-07-08,22054 Benasque,Cerler,15.4,8.9,11.7,8.9,0.0,12.3
2019-07-09,22054 Benasque,Cerler,11.6,7.4,9.6,4.7,0.0,13.3
2019-07-10,22054 Benasque,Cerler,16.4,6.6,11.3,0.5,0.0,8.7
2019-07-11,22054 Benasque,Cerler,18.3,9.4,14.0,0.9,0.0,7.1
2019-07-12,22054 Benasque,Cerler,20.5,10.4,15.8,0.2,0.0,6.9
2019-07-13,22054 Benasque,Cerler,21.1,11.3,17.0,1.9,0.0,8.4
2019-07-14,22054 Benasque,Cerler,15.5,6.9,11.3,12.1,0.0,12.2
2019-07-15,22054 Benasque,Cerler,13.2,4.8,8.5,0.0,0.0,12.4
2019-07-16,22054 Benasque,Cerler,16.8,6.3,11.8,0.0,0.0,6.8
2019-07-17,22054 Benasque,Cerler,14.5,7.9,11.0,6.7,0.0,7.7
2019-07-18,22054 Benasque,Cerler,16.2,8.0,11.8,1.5,0.0,6.6
2019-07-19,22054 Benasque,Cerler,17.5,9.1,13.4,0.1,0.0,9.8
2019-07-20,22054 Benasque,Cerler,18.2,10.4,14.2,5.7,0.0,12.4
2019-07-21,22054 Benasque,Cerler,19.0,10.6,15.4,0.7,0.0,11.0
2019-07-22,22054 Benasque,Cerler,21.4,13.4,17.2,0.8,0.0,11.3
2019-07-23,22054 Benasque,Cerler,20.9,12.7,17.5,2.1,0.0,9.5
2019-07-24,22054 Benasque,Cerler,21.0,15.4,18.1,1.4,0.0,9.1
2019-07-25,22054 Benasque,Cerler,20.8,13.1,17.0,0.5,0.0,10.6
2019-07-26,22054 Benasque,Cerler,15.8,9.2,13.1,9.8,0.0,11.9
2019-07-27,22054 Benasque,Cerler,11.1,4.2,8.4,24.6,0.0,13.3
2019-07-28,22054 Benasque,Cerler,12.7,2.5,6.9,0.1,0.0,16.7
2019-07-29,22054 Benasque,Cerler,17.1,6.4,11.7,0.0,0.0,9.5
2019-07-30,22054 Benasque,Cerler,12.6,5.2,9.4,16.3,0.0,9.7
2019-07-31,22054 Benasque,Cerler,16.5,4.4,10.9,0.0,0.0,11.6
2019-08-01,22054 Benasque,Cerler,15.8,8.7,12.7,5.1,0.0,12.4
2019-08-02,22054 Benasque,Cerler,17.0,9.2,12.8,1.0,0.0,8.2
2019-08-03,22054 Benasque,Cerler,19.1,9.9,14.4,0.0,0.0,10.5
2019-08-04,22054 Benasque,Cerler,19.1,12.2,15.5,1.2,0.0,11.8
2019-08-05,22054 Benasque,Cerler,19.6,11.8,15.6,0.0,0.0,12.6
2019-08-06,22054 Benasque,Cerler,19.3,11.8,15.7,0.5,0.0,13.0
2019-08-07,22054 Benasque,Cerler,17.2,9.6,13.4,16.2,0.0,11.0
2019-08-08,22054 Benasque,Cerler,19.2,9.2,13.7,0.6,0.0,12.3
2019-08-09,22054 Benasque,Cerler,20.0,10.3,15.4,0.0,0.0,15.6
2019-08-10,22054 Benasque,Cerler,17.8,9.8,14.5,0.0,0.0,14.5
2019-08-11,22054 Benasque,Cerler,14.4,9.1,12.0,40.2,0.0,17.2
2019-08-12,22054 Benasque,Cerler,9.5,4.3,7.2,8.3,0.0,10.3
2019-08-13,22054 Benasque,Cerler,11.6,2.7,6.6,4.4,0.0,8.0
2019-08-14,22054 Benasque,Cerler,15.9,4.6,10.4,0.8,0.0,5.9
2019-08-15,22054 Benasque,Cerler,16.3,8.2,11.5,1.3,0.0,6.4
2019-08-16,22054 Benasque,Cerler,17.4,8.5,13.1,0.0,0.0,9.3
2019-08-17,22054 Benasque,Cerler,19.3,10.4,15.0,0.0,0.0,11.7
2019-08-18,22054 Benasque,Cerler,19.4,8.8,14.6,1.0,0.0,13.9
2019-08-19,22054 Benasque,Cerler,14.5,8.8,11.6,16.5,0.0,12.8
2019-08-20,22054 Benasque,Cerler,12.3,5.0,8.6,71.6,0.07,10.6
2019-08-21,22054 Benasque,Cerler,14.8,4.4,9.5,0.6,0.0,6.1
2019-08-22,22054 Benasque,Cerler,15.3,6.3,10.7,0.0,0.0,7.7
2019-08-23,22054 Benasque,Cerler,16.9,6.0,12.0,0.3,0.0,4.7
2019-08-24,22054 Benasque,Cerler,17.5,9.6,13.2,0.0,0.0,7.4
2019-08-25,22054 Benasque,Cerler,17.1,10.5,13.8,0.1,0.0,7.9
2019-08-26,22054 Benasque,Cerler,14.8,8.7,11.6,0.1,0.0,13.3
2019-08-27,22054 Benasque,Cerler,12.7,7.2,10.4,4.6,0.0,9.9
2019-08-28,22054 Benasque,Cerler,14.8,7.1,11.0,0.3,0.0,4.6
2019-08-29,22054 Benasque,Cerler,16.4,9.6,12.7,1.0,0.0,6.1
2019-08-30,22054 Benasque,Cerler,17.2,11.8,14.2,0.1,0.0,5.2
2019-08-31,22054 Benasque,Cerler,16.4,10.1,13.2,0.4,0.0,5.4
2019-09-01,22054 Benasque,Cerler,14.3,7.8,11.7,9.4,0.0,10.0
2019-09-02,22054 Benasque,Cerler,10.2,3.7,6.9,0.7,0.0,8.6
2019-09-03,22054 Benasque,Cerler,17.0,2.8,10.6,0.0,0.0,7.3
2019-09-04,22054 Benasque,Cerler,16.9,7.4,11.6,0.3,0.0,7.7
2019-09-05,22054 Benasque,Cerler,7.3,0.7,5.2,0.6,0.0,14.6
2019-09-06,22054 Benasque,Cerler,8.7,0.1,3.5,0.0,0.0,12.0
2019-09-07,22054 Benasque,Cerler,10.8,-0.6,4.5,0.0,0.0,8.8
2019-09-08,22054 Benasque,Cerler,10.9,2.5,6.0,0.0,0.0,6.8
2019-09-09,22054 Benasque,Cerler,12.1,3.5,7.9,0.0,0.0,11.8
2019-09-10,22054 Benasque,Cerler,6.4,0.2,2.5,8.6,3.08,18.8
2019-09-11,22054 Benasque,Cerler,8.2,0.6,4.2,2.5,0.56,19.9
2019-09-12,22054 Benasque,Cerler,15.8,1.6,9.2,0.0,0.0,7.6
2019-09-13,22054 Benasque,Cerler,16.6,8.7,11.8,0.0,0.0,12.8
2019-09-14,22054 Benasque,Cerler,14.9,8.5,11.2,3.7,0.0,10.5
2019-09-15,22054 Benasque,Cerler,15.7,7.8,11.2,4.8,0.0,10.2
2019-09-16,22054 Benasque,Cerler,15.1,9.8,12.1,1.8,0.0,9.8
2019-09-17,22054 Benasque,Cerler,15.2,9.5,11.9,0.7,0.0,5.1
2019-09-18,22054 Benasque,Cerler,14.2,8.4,10.6,6.9,0.0,10.2
2019-09-19,22054 Benasque,Cerler,12.4,7.3,9.5,3.9,0.0,6.3
2019-09-20,22054 Benasque,Cerler,11.6,6.7,8.7,7.4,0.0,10.4
2019-09-21,22054 Benasque,Cerler,10.4,6.7,8.0,7.0,0.0,13.7
2019-09-22,22054 Benasque,Cerler,10.7,4.4,8.0,12.1,0.0,11.8
2019-09-23,22054 Benasque,Cerler,11.1,1.8,6.1,0.0,0.0,7.8
2019-09-24,22054 Benasque,Cerler,14.9,4.3,9.5,0.4,0.0,10.6
2019-09-25,22054 Benasque,Cerler,11.5,4.3,7.1,0.9,0.0,7.4
2019-09-26,22054 Benasque,Cerler,14.5,4.8,9.2,0.0,0.0,9.2
2019-09-27,22054 Benasque,Cerler,13.9,6.6,10.0,0.0,0.0,11.1
2019-09-28,22054 Benasque,Cerler,12.1,3.3,8.2,0.0,0.0,12.4
2019-09-29,22054 Benasque,Cerler,15.5,7.2,10.8,0.0,0.0,8.2
2019-09-30,22054 Benasque,Cerler,15.3,7.3,10.5,0.0,0.0,10.5
2019-10-01,22054 Benasque,Cerler,13.2,5.6,9.3,3.6,0.0,10.1
2019-10-02,22054 Benasque,Cerler,5.8,1.9,3.6,1.8,0.0,16.3
2019-10-03,22054 Benasque,Cerler,13.6,-0.3,6.3,0.0,0.0,9.8
2019-10-04,22054 Benasque,Cerler,13.6,5.6,9.2,0.0,0.0,9.4
2019-10-05,22054 Benasque,Cerler,14.1,2.0,7.9,0.0,0.0,8.0
2019-10-06,22054 Benasque,Cerler,12.4,2.2,7.6,0.0,0.0,12.8
2019-10-07,22054 Benasque,Cerler,8.5,-1.4,3.6,0.0,0.0,18.0
2019-10-08,22054 Benasque,Cerler,16.0,5.3,10.9,0.2,0.0,9.3
2019-10-09,22054 Benasque,Cerler,11.2,3.9,7.4,0.1,0.0,11.0
2019-10-10,22054 Benasque,Cerler,11.4,2.8,6.5,0.0,0.0,8.2
2019-10-11,22054 Benasque,Cerler,14.4,5.2,9.3,0.0,0.0,9.4
2019-10-12,22054 Benasque,Cerler,11.1,5.7,8.1,4.7,0.0,13.0
2019-10-13,22054 Benasque,Cerler,9.9,5.1,7.3,5.5,0.0,17.5
2019-10-14,22054 Benasque,Cerler,8.3,4.2,6.0,20.9,0.0,19.8
2019-10-15,22054 Benasque,Cerler,5.2,-2.5,1.7,1.8,0.21,12.9
2019-10-16,22054 Benasque,Cerler,8.4,-2.5,2.9,0.1,0.0,8.9
2019-10-17,22054 Benasque,Cerler,8.5,2.5,5.0,0.0,0.0,11.2
2019-10-18,22054 Benasque,Cerler,9.4,0.0,4.6,2.2,0.0,12.8
2019-10-19,22054 Benasque,Cerler,6.1,3.2,4.4,6.3,0.0,18.4
2019-10-20,22054 Benasque,Cerler,4.8,-0.6,2.5,25.9,0.63,18.7
2019-10-21,22054 Benasque,Cerler,2.1,-2.5,-0.4,0.3,0.21,9.6
2019-10-22,22054 Benasque,Cerler,5.2,-3.7,0.4,19.7,4.34,10.7
2019-10-23,22054 Benasque,Cerler,6.2,-0.2,1.8,34.9,10.71,15.2
2019-10-24,22054 Benasque,Cerler,5.8,-3.3,0.7,0.2,0.07,9.1
2019-10-25,22054 Benasque,Cerler,11.4,-1.9,5.2,0.0,0.0,11.2
2019-10-26,22054 Benasque,Cerler,11.2,4.2,8.4,0.0,0.0,5.9
2019-10-27,22054 Benasque,Cerler,12.2,3.5,8.3,0.0,0.0,6.2
2019-10-28,22054 Benasque,Cerler,11.1,6.6,8.2,1.0,0.0,5.9
2019-10-29,22054 Benasque,Cerler,10.4,4.7,7.5,0.2,0.0,6.8
2019-10-30,22054 Benasque,Cerler,9.4,2.5,5.5,0.0,0.0,7.6
2019-10-31,22054 Benasque,Cerler,6.4,0.1,3.8,3.7,0.0,9.5
2019-11-01,22054 Benasque,Cerler,9.2,-1.2,5.5,4.3,0.49,8.5
2019-11-02,22054 Benasque,Cerler,5.8,2.0,4.1,4.7,0.0,12.5
2019-11-03,22054 Benasque,Cerler,2.5,-5.1,-0.3,14.4,6.86,15.8
2019-11-04,22054 Benasque,Cerler,2.5,-2.5,0.3,8.2,2.17,9.0
2019-11-05,22054 Benasque,Cerler,-0.2,-5.9,-3.1,1.4,0.91,8.8
2019-11-06,22054 Benasque,Cerler,-0.8,-4.5,-2.9,2.3,1.61,11.6
2019-11-07,22054 Benasque,Cerler,-1.3,-8.6,-3.7,6.5,4.62,10.4
2019-11-08,22054 Benasque,Cerler,-3.2,-11.9,-7.1,11.1,7.77,9.3
2019-11-09,22054 Benasque,Cerler,-2.2,-6.8,-4.5,6.4,4.55,13.7
2019-11-10,22054 Benasque,Cerler,-3.4,-7.2,-6.2,2.6,1.82,17.3
2019-11-11,22054 Benasque,Cerler,-2.2,-12.3,-6.6,2.9,1.96,19.9
2019-11-12,22054 Benasque,Cerler,-3.8,-6.2,-4.8,2.7,1.89,22.5
2019-11-13,22054 Benasque,Cerler,-2.5,-8.1,-4.9,0.1,0.07,10.1
2019-11-14,22054 Benasque,Cerler,-4.3,-11.4,-6.7,17.1,11.97,9.9
2019-11-15,22054 Benasque,Cerler,-7.7,-12.5,-9.4,1.4,0.98,10.6
2019-11-16,22054 Benasque,Cerler,-6.6,-11.4,-8.6,1.3,0.91,10.3
2019-11-17,22054 Benasque,Cerler,-3.5,-8.1,-5.7,2.7,1.89,6.9
2019-11-18,22054 Benasque,Cerler,-5.6,-10.6,-7.3,1.4,0.98,10.5
2019-11-19,22054 Benasque,Cerler,-3.2,-11.7,-6.9,0.0,0.0,11.0
2019-11-20,22054 Benasque,Cerler,-3.7,-9.2,-6.6,0.0,0.0,10.0
2019-11-21,22054 Benasque,Cerler,-4.2,-10.2,-7.4,0.3,0.21,8.0
2019-11-22,22054 Benasque,Cerler,-1.8,-9.1,-4.9,26.2,18.27,24.6
2019-11-23,22054 Benasque,Cerler,-1.7,-5.6,-3.1,20.9,14.56,16.6
2019-11-24,22054 Benasque,Cerler,-3.1,-7.8,-4.5,1.1,0.77,14.8
2019-11-25,22054 Benasque,Cerler,2.3,-5.9,-0.2,0.6,0.42,8.4
2019-11-26,22054 Benasque,Cerler,4.6,-4.7,0.4,1.7,0.0,13.7
2019-11-27,22054 Benasque,Cerler,1.4,-3.5,-1.0,5.1,0.63,11.0
2019-11-28,22054 Benasque,Cerler,0.3,-2.4,-1.3,5.4,3.71,7.1
2019-11-29,22054 Benasque,Cerler,0.4,-3.8,-1.1,0.3,0.14,6.2
2019-11-30,22054 Benasque,Cerler,0.3,-2.0,-0.4,9.6,6.02,9.7
2019-12-01,22054 Benasque,Cerler,-0.4,-4.3,-3.0,4.1,2.87,6.5
2019-12-02,22054 Benasque,Cerler,-3.8,-5.6,-4.7,0.0,0.0,9.9
2019-12-03,22054 Benasque,Cerler,-1.5,-8.1,-4.7,0.0,0.0,8.4
2019-12-04,22054 Benasque,Cerler,1.0,-4.8,-1.8,2.2,1.54,9.5
2019-12-05,22054 Benasque,Cerler,-0.9,-7.8,-3.9,1.2,0.77,10.9
2019-12-06,22054 Benasque,Cerler,0.3,-6.6,-3.7,0.0,0.0,5.1
2019-12-07,22054 Benasque,Cerler,2.3,-2.0,0.2,0.0,0.0,7.6
2019-12-08,22054 Benasque,Cerler,2.6,-1.9,0.8,2.3,0.42,9.8
2019-12-09,22054 Benasque,Cerler,-1.6,-8.9,-4.9,11.8,8.12,13.8
2019-12-10,22054 Benasque,Cerler,3.4,-8.9,-3.4,0.1,0.07,13.7
2019-12-11,22054 Benasque,Cerler,3.1,-8.4,-1.6,4.3,3.01,9.9
2019-12-12,22054 Benasque,Cerler,-3.8,-6.9,-5.9,18.8,13.16,6.6
2019-12-13,22054 Benasque,Cerler,0.3,-5.0,-1.4,64.2,44.73,14.8
2019-12-14,22054 Benasque,Cerler,2.7,-3.9,-1.3,0.3,0.21,9.9
2019-12-15,22054 Benasque,Cerler,1.8,-4.0,-0.9,0.0,0.0,12.3
2019-12-16,22054 Benasque,Cerler,-1.0,-6.3,-3.4,0.9,0.63,15.3
2019-12-17,22054 Benasque,Cerler,-0.8,-3.8,-1.5,5.9,3.92,16.9
2019-12-18,22054 Benasque,Cerler,0.1,-4.5,-1.5,2.5,1.68,14.6
2019-12-19,22054 Benasque,Cerler,0.2,-4.9,-2.0,12.1,8.19,25.6
2019-12-20,22054 Benasque,Cerler,0.4,-3.6,-1.5,49.9,33.04,23.8
2019-12-21,22054 Benasque,Cerler,0.2,-5.3,-2.0,19.2,12.67,13.9
2019-12-22,22054 Benasque,Cerler,-1.8,-4.7,-3.2,17.2,11.97,11.0
2019-12-23,22054 Benasque,Cerler,1.0,-6.8,-4.2,1.0,0.7,12.7
2019-12-24,22054 Benasque,Cerler,5.2,-0.2,1.9,0.0,0.0,10.1
2019-12-25,22054 Benasque,Cerler,5.5,3.0,4.5,0.0,0.0,6.3
2019-12-26,22054 Benasque,Cerler,4.8,-3.0,1.0,0.1,0.0,13.0
2019-12-27,22054 Benasque,Cerler,4.4,-1.9,1.8,0.0,0.0,12.6
2019-12-28,22054 Benasque,Cerler,6.3,-3.7,1.8,0.0,0.0,13.3
2019-12-29,22054 Benasque,Cerler,7.4,4.6,6.2,0.0,0.0,10.5
2019-12-30,22054 Benasque,Cerler,7.4,3.5,5.9,0.0,0.0,9.1
2019-12-31,22054 Benasque,Cerler,6.5,3.3,5.4,0.0,0.0,9.1
2020-01-01,22054 Benasque,Cerler,5.6,3.2,4.6,0.0,0.0,6.0
2020-01-02,22054 Benasque,Cerler,5.6,3.0,4.4,0.0,0.0,4.2
2020-01-03,22054 Benasque,Cerler,4.9,-4.5,1.2,0.0,0.0,10.5
2020-01-04,22054 Benasque,Cerler,0.3,-9.9,-4.6,0.0,0.0,11.7
2020-01-05,22054 Benasque,Cerler,4.7,-4.7,0.5,0.0,0.0,13.7
2020-01-06,22054 Benasque,Cerler,6.8,2.4,4.9,0.0,0.0,9.2
2020-01-07,22054 Benasque,Cerler,5.2,0.8,2.8,0.0,0.0,10.1
2020-01-08,22054 Benasque,Cerler,3.8,-0.5,1.8,0.0,0.0,10.1
2020-01-09,22054 Benasque,Cerler,1.7,-3.5,-0.1,0.4,0.28,11.0
2020-01-10,22054 Benasque,Cerler,-1.5,-7.1,-4.9,2.7,1.82,15.5
2020-01-11,22054 Benasque,Cerler,0.8,-10.0,-4.6,0.0,0.0,13.8
2020-01-12,22054 Benasque,Cerler,3.2,-0.1,1.7,0.0,0.0,9.1
2020-01-13,22054 Benasque,Cerler,2.2,-0.6,1.4,0.0,0.0,8.2
2020-01-14,22054 Benasque,Cerler,2.5,-2.1,0.4,0.0,0.0,11.6
2020-01-15,22054 Benasque,Cerler,1.6,-6.5,-2.3,0.0,0.0,15.6
2020-01-16,22054 Benasque,Cerler,-0.4,-5.8,-2.8,0.0,0.0,13.2
2020-01-17,22054 Benasque,Cerler,-2.0,-10.6,-5.0,3.1,2.17,10.2
2020-01-18,22054 Benasque,Cerler,-2.7,-11.4,-5.7,0.9,0.63,9.4
2020-01-19,22054 Benasque,Cerler,-3.5,-10.8,-7.5,7.1,4.97,19.7
2020-01-20,22054 Benasque,Cerler,-7.2,-14.6,-10.6,0.2,0.14,14.8
2020-01-21,22054 Benasque,Cerler,-1.2,-9.1,-5.1,0.9,0.7,8.7
2020-01-22,22054 Benasque,Cerler,-2.3,-5.5,-3.9,27.4,19.18,11.2
2020-01-23,22054 Benasque,Cerler,-1.5,-7.2,-3.4,27.0,18.9,10.2
2020-01-24,22054 Benasque,Cerler,-2.4,-8.1,-5.7,0.0,0.0,11.6
2020-01-25,22054 Benasque,Cerler,-4.0,-7.1,-5.5,0.4,0.28,8.4
2020-01-26,22054 Benasque,Cerler,-2.3,-9.4,-5.1,2.4,1.68,5.0
2020-01-27,22054 Benasque,Cerler,-2.2,-12.2,-6.0,0.2,0.14,8.9
2020-01-28,22054 Benasque,Cerler,-0.9,-6.5,-4.0,0.6,0.42,7.9
2020-01-29,22054 Benasque,Cerler,1.8,-4.2,-1.4,0.0,0.0,7.8
2020-01-30,22054 Benasque,Cerler,2.3,-2.3,-0.5,3.0,0.63,7.3
2020-01-31,22054 Benasque,Cerler,2.2,-3.3,0.2,0.0,0.0,6.5
2020-02-01,22054 Benasque,Cerler,3.0,-4.4,0.4,1.0,0.07,9.1
2020-02-02,22054 Benasque,Cerler,7.2,1.2,4.1,0.0,0.0,11.2
2020-02-03,22054 Benasque,Cerler,7.6,2.3,4.9,0.0,0.0,11.5
2020-02-04,22054 Benasque,Cerler,4.1,-7.2,-2.0,0.2,0.14,25.1
2020-02-05,22054 Benasque,Cerler,0.8,-8.7,-3.9,0.0,0.0,13.7
2020-02-06,22054 Benasque,Cerler,1.0,-3.8,-1.2,0.0,0.0,10.6
2020-02-07,22054 Benasque,Cerler,4.0,-2.7,1.3,0.0,0.0,4.6
2020-02-08,22054 Benasque,Cerler,1.9,-2.6,-0.8,0.0,0.0,6.8
2020-02-09,22054 Benasque,Cerler,0.9,-7.9,-2.9,0.0,0.0,8.9
2020-02-10,22054 Benasque,Cerler,8.1,0.3,4.4,0.0,0.0,6.8
2020-02-11,22054 Benasque,Cerler,5.0,-1.8,1.5,0.3,0.21,7.9
2020-02-12,22054 Benasque,Cerler,1.5,-5.3,-1.7,0.0,0.0,7.8
2020-02-13,22054 Benasque,Cerler,2.7,-2.3,-0.3,0.0,0.0,7.6
2020-02-14,22054 Benasque,Cerler,4.1,-3.2,0.5,0.1,0.0,8.8
2020-02-15,22054 Benasque,Cerler,5.3,1.1,2.7,0.0,0.0,8.2
2020-02-16,22054 Benasque,Cerler,6.9,1.0,4.1,0.0,0.0,11.9
2020-02-17,22054 Benasque,Cerler,5.6,-3.5,1.9,0.2,0.14,10.8
2020-02-18,22054 Benasque,Cerler,0.5,-7.6,-3.7,0.0,0.0,9.7
2020-02-19,22054 Benasque,Cerler,3.6,-8.8,-2.7,0.0,0.0,11.5
2020-02-20,22054 Benasque,Cerler,6.4,-0.8,2.2,0.0,0.0,6.9
2020-02-21,22054 Benasque,Cerler,5.8,-3.4,1.0,0.0,0.0,7.6
2020-02-22,22054 Benasque,Cerler,7.1,2.8,5.0,0.0,0.0,8.6
2020-02-23,22054 Benasque,Cerler,9.8,3.5,6.0,0.0,0.0,6.6
2020-02-24,22054 Benasque,Cerler,10.3,3.2,6.4,0.0,0.0,6.5
2020-02-25,22054 Benasque,Cerler,4.1,-2.2,1.0,0.4,0.28,6.4
2020-02-26,22054 Benasque,Cerler,-2.5,-6.8,-5.1,1.6,1.12,13.2
2020-02-27,22054 Benasque,Cerler,0.2,-8.1,-3.5,3.3,2.31,9.7
2020-02-28,22054 Benasque,Cerler,3.8,-1.5,0.4,2.6,1.82,12.6
2020-02-29,22054 Benasque,Cerler,0.9,-2.5,-0.8,2.5,1.68,17.0
2020-03-01,22054 Benasque,Cerler,-0.6,-4.4,-2.5,2.0,1.33,12.1
2020-03-02,22054 Benasque,Cerler,-1.0,-8.4,-4.3,47.1,32.9,16.6
2020-03-03,22054 Benasque,Cerler,-1.8,-9.9,-6.6,11.1,7.77,20.7
2020-03-04,22054 Benasque,Cerler,1.7,-7.7,-2.2,3.1,1.61,15.7
2020-03-05,22054 Benasque,Cerler,1.0,-6.1,-1.3,10.2,6.93,11.6
2020-03-06,22054 Benasque,Cerler,-5.1,-10.1,-7.4,8.7,6.09,17.1
2020-03-07,22054 Benasque,Cerler,-4.2,-8.9,-6.4,13.1,9.17,22.1
2020-03-08,22054 Benasque,Cerler,4.7,-4.8,0.4,0.0,0.0,10.2
2020-03-09,22054 Benasque,Cerler,-1.8,-6.9,-5.0,5.3,3.71,18.8
2020-03-10,22054 Benasque,Cerler,5.1,-5.4,0.8,1.4,0.91,17.6
2020-03-11,22054 Benasque,Cerler,11.7,-0.2,6.9,0.0,0.0,12.2
2020-03-12,22054 Benasque,Cerler,8.9,4.8,6.2,2.4,0.0,10.8
2020-03-13,22054 Benasque,Cerler,4.9,-1.0,2.7,14.4,1.4,7.5
2020-03-14,22054 Benasque,Cerler,7.2,-4.0,2.2,0.0,0.0,7.9
2020-03-15,22054 Benasque,Cerler,4.6,-3.0,0.7,7.2,4.34,13.5
2020-03-16,22054 Benasque,Cerler,0.4,-1.8,-0.9,56.2,39.27,15.8
2020-03-17,22054 Benasque,Cerler,3.2,0.2,1.6,2.5,0.14,6.9
2020-03-18,22054 Benasque,Cerler,4.9,-1.0,1.9,0.0,0.0,6.5
2020-03-19,22054 Benasque,Cerler,3.7,-2.0,1.6,0.0,0.0,7.7
2020-03-20,22054 Benasque,Cerler,2.8,-5.8,-1.3,0.0,0.0,6.9
2020-03-21,22054 Benasque,Cerler,4.4,-4.4,0.5,0.0,0.0,6.2
2020-03-22,22054 Benasque,Cerler,2.0,-3.0,-0.8,3.2,2.1,6.3
2020-03-23,22054 Benasque,Cerler,2.6,-6.1,-1.3,2.0,1.4,8.8
2020-03-24,22054 Benasque,Cerler,2.5,-4.9,-1.4,0.0,0.0,10.9
2020-03-25,22054 Benasque,Cerler,-1.0,-5.4,-3.4,4.0,2.8,7.1
2020-03-26,22054 Benasque,Cerler,-4.4,-8.9,-6.9,2.0,1.4,12.7
2020-03-27,22054 Benasque,Cerler,-1.0,-9.7,-5.7,0.2,0.14,8.9
2020-03-28,22054 Benasque,Cerler,2.5,-5.9,-2.2,0.0,0.0,8.8
2020-03-29,22054 Benasque,Cerler,0.8,-7.3,-2.8,0.0,0.0,10.5
2020-03-30,22054 Benasque,Cerler,-3.2,-9.6,-6.4,17.8,12.46,9.0
2020-03-31,22054 Benasque,Cerler,-0.1,-6.9,-2.5,8.4,5.81,7.2
2020-04-01,22054 Benasque,Cerler,1.6,-2.8,-0.9,2.2,1.54,6.6
2020-04-02,22054 Benasque,Cerler,-0.3,-3.3,-1.9,0.7,0.49,12.1
2020-04-03,22054 Benasque,Cerler,0.9,-5.8,-2.8,0.0,0.0,10.3
2020-04-04,22054 Benasque,Cerler,5.0,-4.4,0.1,0.0,0.0,9.7
2020-04-05,22054 Benasque,Cerler,3.8,-3.7,-0.2,0.0,0.0,12.0
2020-04-06,22054 Benasque,Cerler,4.3,-1.7,1.4,0.5,0.0,10.7
2020-04-07,22054 Benasque,Cerler,3.3,0.5,1.6,4.4,1.12,7.6
2020-04-08,22054 Benasque,Cerler,4.8,-2.3,1.6,1.5,0.21,4.7
2020-04-09,22054 Benasque,Cerler,5.8,-2.6,1.4,0.7,0.0,9.0
2020-04-10,22054 Benasque,Cerler,6.4,-1.9,2.2,0.3,0.0,10.5
2020-04-11,22054 Benasque,Cerler,6.0,-2.5,2.3,2.2,0.0,8.8
2020-04-12,22054 Benasque,Cerler,4.0,-1.8,1.5,0.2,0.0,12.4
2020-04-13,22054 Benasque,Cerler,4.7,-2.8,1.4,2.6,0.28,9.8
2020-04-14,22054 Benasque,Cerler,7.2,-0.9,2.7,0.4,0.0,9.7
2020-04-15,22054 Benasque,Cerler,5.6,-1.0,2.3,5.3,1.19,20.9
2020-04-16,22054 Benasque,Cerler,6.9,1.2,3.3,3.2,0.0,15.6
2020-04-17,22054 Benasque,Cerler,7.0,1.5,3.7,3.9,0.21,17.6
2020-04-18,22054 Benasque,Cerler,8.4,1.3,4.8,5.4,0.0,12.7
2020-04-19,22054 Benasque,Cerler,6.8,2.8,4.5,6.0,0.07,7.4
2020-04-20,22054 Benasque,Cerler,4.7,1.2,2.4,5.8,0.42,8.7
2020-04-21,22054 Benasque,Cerler,3.5,0.1,1.5,23.1,11.62,11.7
2020-04-22,22054 Benasque,Cerler,5.2,-0.2,1.9,1.3,0.91,12.3
2020-04-23,22054 Benasque,Cerler,7.2,2.0,4.4,7.1,0.0,7.2
2020-04-24,22054 Benasque,Cerler,7.2,0.8,4.2,6.6,0.07,7.6
2020-04-25,22054 Benasque,Cerler,7.3,-0.8,3.5,4.2,0.0,5.1
2020-04-26,22054 Benasque,Cerler,6.5,2.2,4.0,4.5,0.14,6.5
2020-04-27,22054 Benasque,Cerler,4.3,1.1,2.9,6.6,1.33,10.4
2020-04-28,22054 Benasque,Cerler,4.7,-1.1,1.6,1.5,0.63,12.7
2020-04-29,22054 Benasque,Cerler,6.3,-3.8,1.6,0.5,0.14,12.2
2020-04-30,22054 Benasque,Cerler,4.8,-0.2,1.7,0.9,0.07,11.8
2020-05-01,22054 Benasque,Cerler,8.6,-1.3,3.6,3.5,0.0,9.7
2020-05-02,22054 Benasque,Cerler,12.1,1.9,6.3,0.6,0.0,12.1
2020-05-03,22054 Benasque,Cerler,14.4,-0.1,7.6,0.0,0.0,9.1
2020-05-04,22054 Benasque,Cerler,15.8,5.7,10.5,0.1,0.0,12.7
2020-05-05,22054 Benasque,Cerler,12.1,4.8,8.5,0.0,0.0,11.7
2020-05-06,22054 Benasque,Cerler,12.0,2.2,7.1,1.6,0.0,6.2
2020-05-07,22054 Benasque,Cerler,13.7,2.8,8.3,0.0,0.0,11.6
2020-05-08,22054 Benasque,Cerler,11.9,3.7,7.8,0.6,0.0,14.9
2020-05-09,22054 Benasque,Cerler,11.9,3.7,7.0,6.7,0.0,13.8
2020-05-10,22054 Benasque,Cerler,6.1,0.1,3.1,24.0,10.29,11.3
2020-05-11,22054 Benasque,Cerler,5.8,-0.2,2.3,7.0,2.66,9.4
2020-05-12,22054 Benasque,Cerler,10.1,0.9,4.8,5.8,0.07,13.0
2020-05-13,22054 Benasque,Cerler,6.8,-0.6,3.0,15.9,7.56,11.6
2020-05-14,22054 Benasque,Cerler,6.0,0.9,3.2,13.2,5.46,7.2
2020-05-15,22054 Benasque,Cerler,5.1,0.6,2.4,5.4,0.0,8.7
2020-05-16,22054 Benasque,Cerler,4.4,0.8,2.4,4.4,1.54,14.5
2020-05-17,22054 Benasque,Cerler,7.2,0.0,2.7,1.6,0.91,14.1
2020-05-18,22054 Benasque,Cerler,9.1,-0.8,4.0,0.0,0.0,13.7
2020-05-19,22054 Benasque,Cerler,10.4,0.9,5.9,0.0,0.0,16.8
2020-05-20,22054 Benasque,Cerler,13.3,2.1,8.4,0.0,0.0,11.6
2020-05-21,22054 Benasque,Cerler,15.2,5.9,10.7,0.1,0.0,5.8
2020-05-22,22054 Benasque,Cerler,16.2,8.4,12.3,0.2,0.0,9.0
2020-05-23,22054 Benasque,Cerler,15.1,4.8,10.2,5.8,0.0,9.9
2020-05-24,22054 Benasque,Cerler,13.4,5.0,9.6,1.8,0.0,6.4
2020-05-25,22054 Benasque,Cerler,12.4,6.6,9.6,8.7,0.0,7.8
2020-05-26,22054 Benasque,Cerler,13.8,3.1,8.6,0.0,0.0,9.1
2020-05-27,22054 Benasque,Cerler,13.0,5.4,9.0,0.8,0.0,5.1
2020-05-28,22054 Benasque,Cerler,12.4,6.6,9.3,2.2,0.0,6.9
2020-05-29,22054 Benasque,Cerler,13.2,6.2,9.0,2.8,0.0,8.8
2020-05-30,22054 Benasque,Cerler,12.6,4.7,8.8,4.7,0.0,4.8
2020-05-31,22054 Benasque,Cerler,13.5,2.5,8.7,2.8,0.0,5.4
2020-06-01,22054 Benasque,Cerler,12.0,4.1,8.2,15.7,0.0,6.6
2020-06-02,22054 Benasque,Cerler,13.4,5.4,9.1,1.1,0.0,7.8
2020-06-03,22054 Benasque,Cerler,11.6,6.2,8.4,12.4,0.0,9.3
2020-06-04,22054 Benasque,Cerler,6.5,0.8,4.3,15.8,1.19,13.8
2020-06-05,22054 Benasque,Cerler,11.2,-0.9,5.0,0.2,0.14,13.7
2020-06-06,22054 Benasque,Cerler,11.0,3.2,7.3,18.3,0.0,13.3
2020-06-07,22054 Benasque,Cerler,6.7,0.2,3.8,15.4,1.19,9.3
2020-06-08,22054 Benasque,Cerler,5.2,-1.1,1.4,2.0,0.84,10.8
2020-06-09,22054 Benasque,Cerler,5.6,-0.8,1.6,2.1,0.21,10.8
2020-06-10,22054 Benasque,Cerler,6.3,0.2,2.9,7.1,0.28,10.8
2020-06-11,22054 Benasque,Cerler,4.9,-0.6,3.2,14.2,0.7,15.6
2020-06-12,22054 Benasque,Cerler,5.7,1.8,3.5,15.0,0.0,19.0
2020-06-13,22054 Benasque,Cerler,7.6,1.0,3.8,4.2,0.14,8.2
2020-06-14,22054 Benasque,Cerler,8.9,1.0,5.2,0.9,0.0,11.3
2020-06-15,22054 Benasque,Cerler,10.1,1.9,6.2,3.1,0.0,9.9
2020-06-16,22054 Benasque,Cerler,7.8,2.2,5.4,15.1,0.14,6.3
2020-06-17,22054 Benasque,Cerler,8.2,1.0,4.1,4.9,0.77,8.7
2020-06-18,22054 Benasque,Cerler,8.9,0.2,4.7,8.1,1.75,9.6
2020-06-19,22054 Benasque,Cerler,11.4,2.2,7.5,1.8,0.0,10.9
2020-06-20,22054 Benasque,Cerler,13.1,5.0,9.4,1.6,0.0,8.4
2020-06-21,22054 Benasque,Cerler,15.1,4.7,9.7,1.9,0.0,10.2
2020-06-22,22054 Benasque,Cerler,16.4,3.5,10.7,0.1,0.0,8.6
2020-06-23,22054 Benasque,Cerler,18.1,8.4,13.4,0.5,0.0,7.1
2020-06-24,22054 Benasque,Cerler,18.2,9.4,13.2,3.2,0.0,5.1
2020-06-25,22054 Benasque,Cerler,16.6,10.9,13.2,2.8,0.0,7.7
2020-06-26,22054 Benasque,Cerler,14.6,8.1,11.1,4.2,0.0,14.1
2020-06-27,22054 Benasque,Cerler,15.6,7.9,11.8,0.2,0.0,11.3
2020-06-28,22054 Benasque,Cerler,15.3,8.4,12.1,4.1,0.0,12.7
2020-06-29,22054 Benasque,Cerler,16.9,9.0,13.1,5.9,0.0,10.7
2020-06-30,22054 Benasque,Cerler,17.1,9.2,13.2,6.8,0.0,12.2
2020-07-01,22054 Benasque,Cerler,16.0,9.1,13.2,10.2,0.0,11.1
2020-07-02,22054 Benasque,Cerler,12.9,6.6,10.4,20.3,0.0,7.4
2020-07-03,22054 Benasque,Cerler,12.6,4.4,7.6,0.3,0.0,7.0
2020-07-04,22054 Benasque,Cerler,16.5,4.2,10.9,0.0,0.0,7.6
2020-07-05,22054 Benasque,Cerler,17.6,9.1,13.0,0.2,0.0,8.1
2020-07-06,22054 Benasque,Cerler,16.6,6.7,11.3,0.0,0.0,9.7
2020-07-07,22054 Benasque,Cerler,17.2,5.2,12.1,0.0,0.0,8.6
2020-07-08,22054 Benasque,Cerler,19.5,10.6,15.1,0.5,0.0,8.9
2020-07-09,22054 Benasque,Cerler,17.4,12.6,15.1,4.3,0.0,8.9
2020-07-10,22054 Benasque,Cerler,16.2,11.1,13.0,14.2,0.0,11.0
2020-07-11,22054 Benasque,Cerler,15.8,7.3,12.4,1.9,0.0,6.9
2020-07-12,22054 Benasque,Cerler,14.9,10.2,12.2,11.7,0.0,10.0
2020-07-13,22054 Benasque,Cerler,13.2,5.3,10.2,16.9,0.0,10.0
2020-07-14,22054 Benasque,Cerler,12.4,5.1,8.0,0.9,0.0,7.8
2020-07-15,22054 Benasque,Cerler,12.5,5.2,7.9,0.6,0.0,7.9
2020-07-16,22054 Benasque,Cerler,16.1,5.2,10.5,1.1,0.0,7.9
2020-07-17,22054 Benasque,Cerler,12.7,4.9,8.8,0.1,0.0,10.0
2020-07-18,22054 Benasque,Cerler,17.4,3.8,11.4,0.0,0.0,8.4
2020-07-19,22054 Benasque,Cerler,17.9,9.6,13.8,1.1,0.0,7.6
2020-07-20,22054 Benasque,Cerler,17.2,12.0,14.3,5.7,0.0,9.3
2020-07-21,22054 Benasque,Cerler,18.6,11.9,15.2,0.2,0.0,9.9
2020-07-22,22054 Benasque,Cerler,17.5,12.6,15.1,0.9,0.0,10.6
2020-07-23,22054 Benasque,Cerler,17.1,11.1,13.9,2.4,0.0,6.1
2020-07-24,22054 Benasque,Cerler,16.7,8.6,12.2,3.7,0.0,6.1
2020-07-25,22054 Benasque,Cerler,18.1,8.4,13.2,0.0,0.0,9.5
2020-07-26,22054 Benasque,Cerler,19.0,9.9,14.9,0.0,0.0,12.6
2020-07-27,22054 Benasque,Cerler,22.8,12.4,17.4,0.4,0.0,11.8
2020-07-28,22054 Benasque,Cerler,20.8,13.6,17.5,0.3,0.0,14.5
2020-07-29,22054 Benasque,Cerler,19.5,10.9,15.5,3.3,0.0,11.9
2020-07-30,22054 Benasque,Cerler,21.8,13.1,16.9,0.5,0.0,13.8
2020-07-31,22054 Benasque,Cerler,21.6,15.4,18.2,0.1,0.0,13.4
2020-08-01,22054 Benasque,Cerler,20.6,11.5,17.0,2.1,0.0,14.1
2020-08-02,22054 Benasque,Cerler,17.8,6.9,12.1,0.0,0.0,9.1
2020-08-03,22054 Benasque,Cerler,12.4,5.5,8.4,0.0,0.0,12.0
2020-08-04,22054 Benasque,Cerler,13.9,5.1,8.4,0.3,0.0,11.9
2020-08-05,22054 Benasque,Cerler,20.2,7.3,14.3,0.0,0.0,4.5
2020-08-06,22054 Benasque,Cerler,21.6,12.1,16.9,0.0,0.0,5.8
2020-08-07,22054 Benasque,Cerler,21.9,15.1,18.8,0.5,0.0,8.0
2020-08-08,22054 Benasque,Cerler,22.1,16.0,18.5,3.7,0.0,5.2
2020-08-09,22054 Benasque,Cerler,19.8,14.8,16.5,4.5,0.0,9.0
2020-08-10,22054 Benasque,Cerler,19.4,12.5,15.6,2.3,0.0,13.1
2020-08-11,22054 Benasque,Cerler,18.9,11.8,14.5,2.7,0.0,15.4
2020-08-12,22054 Benasque,Cerler,14.4,7.7,10.8,5.2,0.0,17.7
2020-08-13,22054 Benasque,Cerler,14.8,6.4,11.1,5.3,0.0,13.7
2020-08-14,22054 Benasque,Cerler,15.8,8.4,12.1,1.6,0.0,11.0
2020-08-15,22054 Benasque,Cerler,15.9,9.4,12.1,7.5,0.0,12.8
2020-08-16,22054 Benasque,Cerler,14.2,7.4,11.1,2.2,0.0,11.1
2020-08-17,22054 Benasque,Cerler,14.1,5.6,9.8,5.8,0.0,13.3
2020-08-18,22054 Benasque,Cerler,14.2,7.8,10.5,6.4,0.0,8.7
2020-08-19,22054 Benasque,Cerler,17.2,7.7,12.4,0.0,0.0,12.1
2020-08-20,22054 Benasque,Cerler,18.7,9.1,14.1,0.1,0.0,18.2
2020-08-21,22054 Benasque,Cerler,19.9,8.8,14.5,0.0,0.0,12.9
2020-08-22,22054 Benasque,Cerler,18.3,9.1,13.9,1.9,0.0,9.0
2020-08-23,22054 Benasque,Cerler,15.8,7.4,10.5,0.3,0.0,7.2
2020-08-24,22054 Benasque,Cerler,17.0,5.9,11.1,0.0,0.0,9.0
2020-08-25,22054 Benasque,Cerler,20.1,8.9,14.5,0.0,0.0,9.0
2020-08-26,22054 Benasque,Cerler,20.5,10.8,15.8,0.0,0.0,12.7
2020-08-27,22054 Benasque,Cerler,20.5,10.6,15.5,0.0,0.0,10.1
2020-08-28,22054 Benasque,Cerler,13.2,6.2,10.7,25.0,0.0,9.8
2020-08-29,22054 Benasque,Cerler,6.4,1.9,4.3,4.3,0.14,8.5
2020-08-30,22054 Benasque,Cerler,6.9,-1.0,2.8,5.9,1.54,9.0
2020-08-31,22054 Benasque,Cerler,11.4,0.4,5.4,0.0,0.0,7.9
2020-09-01,22054 Benasque,Cerler,11.6,3.8,6.6,2.8,0.0,8.8
2020-09-02,22054 Benasque,Cerler,11.7,2.5,6.6,0.0,0.0,7.9
2020-09-03,22054 Benasque,Cerler,16.8,5.1,10.9,0.0,0.0,5.8
2020-09-04,22054 Benasque,Cerler,17.9,9.8,14.1,0.0,0.0,8.8
2020-09-05,22054 Benasque,Cerler,16.7,8.3,12.0,2.3,0.0,10.8
2020-09-06,22054 Benasque,Cerler,14.9,5.0,10.4,1.0,0.0,8.8
2020-09-07,22054 Benasque,Cerler,5.8,1.5,3.6,0.9,0.0,15.2
2020-09-08,22054 Benasque,Cerler,13.1,-0.1,6.7,0.2,0.0,9.7
2020-09-09,22054 Benasque,Cerler,10.5,5.5,7.7,7.2,0.0,11.4
2020-09-10,22054 Benasque,Cerler,10.8,5.8,7.9,3.2,0.0,13.7
2020-09-11,22054 Benasque,Cerler,13.6,5.4,9.0,0.0,0.0,7.9
2020-09-12,22054 Benasque,Cerler,15.2,6.1,10.2,0.0,0.0,5.6
2020-09-13,22054 Benasque,Cerler,16.3,8.2,11.6,0.0,0.0,10.1
2020-09-14,22054 Benasque,Cerler,16.2,7.2,11.6,0.0,0.0,11.4
2020-09-15,22054 Benasque,Cerler,14.8,7.7,10.8,1.1,0.0,7.1
2020-09-16,22054 Benasque,Cerler,15.1,9.0,11.8,1.4,0.0,6.1
2020-09-17,22054 Benasque,Cerler,14.8,9.3,11.7,0.7,0.0,13.3
2020-09-18,22054 Benasque,Cerler,11.4,6.0,8.4,13.5,0.0,14.4
2020-09-19,22054 Benasque,Cerler,9.4,5.8,7.5,19.4,0.0,14.6
2020-09-20,22054 Benasque,Cerler,11.6,4.3,7.8,1.2,0.0,6.0
2020-09-21,22054 Benasque,Cerler,9.4,5.1,7.1,14.8,0.0,5.0
2020-09-22,22054 Benasque,Cerler,9.6,2.8,6.4,4.5,0.0,7.1
2020-09-23,22054 Benasque,Cerler,10.4,2.6,6.5,0.6,0.0,12.8
2020-09-24,22054 Benasque,Cerler,8.4,3.1,6.0,0.7,0.0,12.0
2020-09-25,22054 Benasque,Cerler,3.2,-3.3,-0.7,22.6,15.33,17.2
2020-09-26,22054 Benasque,Cerler,1.5,-3.3,-1.2,18.8,9.59,18.5
2020-09-27,22054 Benasque,Cerler,0.9,-6.3,-2.4,5.2,3.01,17.3
2020-09-28,22054 Benasque,Cerler,8.9,-1.5,3.1,1.2,0.84,15.5
2020-09-29,22054 Benasque,Cerler,13.1,5.6,8.7,0.0,0.0,6.4
2020-09-30,22054 Benasque,Cerler,12.4,5.4,8.5,0.0,0.0,7.7
2020-10-01,22054 Benasque,Cerler,10.3,2.3,6.4,0.3,0.0,9.4
2020-10-02,22054 Benasque,Cerler,3.2,-4.4,0.4,35.5,12.25,20.0
2020-10-03,22054 Benasque,Cerler,-0.6,-5.4,-2.7,4.2,2.94,7.6
2020-10-04,22054 Benasque,Cerler,0.6,-5.0,-1.4,4.3,3.08,10.2
2020-10-05,22054 Benasque,Cerler,1.8,-4.3,-1.2,0.0,0.0,6.6
2020-10-06,22054 Benasque,Cerler,8.8,-1.5,4.8,1.4,0.0,6.8
2020-10-07,22054 Benasque,Cerler,8.8,2.8,5.5,0.8,0.0,11.3
2020-10-08,22054 Benasque,Cerler,12.4,4.6,8.2,0.0,0.0,6.9
2020-10-09,22054 Benasque,Cerler,11.6,5.9,8.0,0.2,0.0,5.2
2020-10-10,22054 Benasque,Cerler,6.5,-0.9,3.8,1.8,0.0,11.5
2020-10-11,22054 Benasque,Cerler,-0.9,-4.4,-2.6,5.5,3.85,22.0
2020-10-12,22054 Benasque,Cerler,-2.1,-4.6,-3.4,3.7,2.59,17.0
2020-10-13,22054 Benasque,Cerler,1.5,-3.8,-0.8,4.8,1.96,9.8
2020-10-14,22054 Benasque,Cerler,-0.2,-5.9,-3.5,4.2,2.94,13.7
2020-10-15,22054 Benasque,Cerler,-4.0,-6.0,-4.7,2.0,1.4,13.3
2020-10-16,22054 Benasque,Cerler,-0.3,-9.4,-4.7,0.0,0.0,10.5
2020-10-17,22054 Benasque,Cerler,4.2,-3.0,-0.0,0.0,0.0,5.9
2020-10-18,22054 Benasque,Cerler,7.0,-0.8,2.8,0.0,0.0,5.3
2020-10-19,22054 Benasque,Cerler,6.2,-1.5,2.6,0.0,0.0,13.3
2020-10-20,22054 Benasque,Cerler,4.1,-2.8,2.0,9.8,0.0,27.3
2020-10-21,22054 Benasque,Cerler,6.6,2.8,4.7,7.3,0.0,26.8
2020-10-22,22054 Benasque,Cerler,6.6,3.7,4.8,36.0,0.0,14.8
2020-10-23,22054 Benasque,Cerler,4.7,0.2,2.9,9.5,0.63,10.5
2020-10-24,22054 Benasque,Cerler,7.2,-4.8,1.0,0.0,0.0,10.7
2020-10-25,22054 Benasque,Cerler,4.8,-3.1,0.6,8.7,3.64,13.4
2020-10-26,22054 Benasque,Cerler,0.5,-6.5,-2.9,11.8,7.91,10.5
2020-10-27,22054 Benasque,Cerler,3.6,-7.6,-0.8,0.2,0.14,7.4
2020-10-28,22054 Benasque,Cerler,6.3,1.8,3.6,0.0,0.0,8.8
2020-10-29,22054 Benasque,Cerler,10.9,-1.3,4.5,0.0,0.0,4.8
2020-10-30,22054 Benasque,Cerler,13.1,5.6,9.0,0.0,0.0,5.1
2020-10-31,22054 Benasque,Cerler,12.2,6.2,9.5,0.0,0.0,6.9
2020-11-01,22054 Benasque,Cerler,12.1,4.7,7.9,0.0,0.0,7.3
2020-11-02,22054 Benasque,Cerler,11.4,4.5,7.2,0.0,0.0,7.8
2020-11-03,22054 Benasque,Cerler,6.1,-1.2,2.9,10.7,3.57,8.7
2020-11-04,22054 Benasque,Cerler,0.1,-4.3,-1.8,15.0,10.43,7.6
2020-11-05,22054 Benasque,Cerler,3.5,-1.9,0.2,0.0,0.0,11.5
2020-11-06,22054 Benasque,Cerler,3.8,-0.1,2.2,12.3,0.49,13.0
2020-11-07,22054 Benasque,Cerler,4.4,0.7,2.6,33.4,1.05,19.3
2020-11-08,22054 Benasque,Cerler,4.3,-2.0,0.6,0.1,0.0,10.3
2020-11-09,22054 Benasque,Cerler,5.3,-1.9,1.5,0.2,0.0,6.4
2020-11-10,22054 Benasque,Cerler,3.8,-2.9,0.8,0.0,0.0,5.5
2020-11-11,22054 Benasque,Cerler,4.9,-4.1,0.5,0.0,0.0,8.4
2020-11-12,22054 Benasque,Cerler,7.5,0.2,3.7,0.0,0.0,8.7
2020-11-13,22054 Benasque,Cerler,7.2,-2.3,3.2,0.8,0.07,6.6
2020-11-14,22054 Benasque,Cerler,5.5,-0.7,2.4,0.0,0.0,9.1
2020-11-15,22054 Benasque,Cerler,7.2,0.8,3.5,1.0,0.21,8.4
2020-11-16,22054 Benasque,Cerler,5.5,-0.6,2.1,3.0,0.0,10.1
2020-11-17,22054 Benasque,Cerler,11.7,3.5,8.0,0.0,0.0,7.8
2020-11-18,22054 Benasque,Cerler,11.4,6.2,8.3,0.0,0.0,9.0
2020-11-19,22054 Benasque,Cerler,6.6,-2.8,2.7,0.5,0.14,16.7
2020-11-20,22054 Benasque,Cerler,-0.6,-5.4,-3.7,0.0,0.0,21.4
2020-11-21,22054 Benasque,Cerler,6.7,-5.4,0.8,0.0,0.0,12.5
2020-11-22,22054 Benasque,Cerler,10.8,2.8,6.3,0.0,0.0,8.4
2020-11-23,22054 Benasque,Cerler,8.8,3.0,4.9,0.0,0.0,6.9
2020-11-24,22054 Benasque,Cerler,6.4,0.4,3.5,0.0,0.0,8.6
2020-11-25,22054 Benasque,Cerler,1.8,-3.9,-1.1,0.0,0.0,14.8
2020-11-26,22054 Benasque,Cerler,2.0,-3.3,-0.8,2.0,1.4,13.6
2020-11-27,22054 Benasque,Cerler,3.4,-2.1,1.1,0.3,0.0,10.4
2020-11-28,22054 Benasque,Cerler,3.7,-0.7,0.8,1.8,1.19,5.8
2020-11-29,22054 Benasque,Cerler,4.7,-2.5,1.0,0.0,0.0,5.9
2020-11-30,22054 Benasque,Cerler,5.7,-1.5,2.1,0.0,0.0,5.9
2020-12-01,22054 Benasque,Cerler,0.1,-3.6,-2.3,3.6,2.45,14.4
2020-12-02,22054 Benasque,Cerler,-4.6,-9.4,-8.0,1.8,1.26,17.2
2020-12-03,22054 Benasque,Cerler,0.1,-10.5,-5.9,0.3,0.21,13.2
2020-12-04,22054 Benasque,Cerler,-5.4,-13.0,-7.6,8.7,6.16,12.4
2020-12-05,22054 Benasque,Cerler,-5.8,-15.5,-9.4,2.0,1.4,4.8
2020-12-06,22054 Benasque,Cerler,-5.8,-13.6,-8.8,3.3,2.31,7.7
2020-12-07,22054 Benasque,Cerler,-3.7,-9.5,-6.6,8.6,5.95,7.9
2020-12-08,22054 Benasque,Cerler,-6.2,-12.8,-8.5,4.5,3.15,19.1
2020-12-09,22054 Benasque,Cerler,-6.5,-9.1,-7.8,3.7,2.66,16.6
2020-12-10,22054 Benasque,Cerler,-2.3,-8.2,-4.4,19.8,13.86,14.0
2020-12-11,22054 Benasque,Cerler,0.4,-6.6,-2.9,16.0,11.06,9.8
2020-12-12,22054 Benasque,Cerler,-3.7,-7.3,-5.3,17.2,12.04,17.4
2020-12-13,22054 Benasque,Cerler,4.3,-7.2,-0.4,0.0,0.0,12.2
2020-12-14,22054 Benasque,Cerler,4.1,-1.9,1.1,1.5,0.07,13.2
2020-12-15,22054 Benasque,Cerler,0.6,-6.5,-1.4,5.7,3.15,11.2
2020-12-16,22054 Benasque,Cerler,-0.9,-6.4,-3.5,0.0,0.0,12.1
2020-12-17,22054 Benasque,Cerler,0.2,-3.7,-2.2,0.0,0.0,6.8
2020-12-18,22054 Benasque,Cerler,-2.2,-6.7,-4.9,0.0,0.0,12.8
2020-12-19,22054 Benasque,Cerler,-1.0,-6.2,-3.5,1.9,1.33,11.8
2020-12-20,22054 Benasque,Cerler,-2.2,-5.3,-3.3,4.8,3.43,8.6
2020-12-21,22054 Benasque,Cerler,4.3,-8.1,-0.4,1.0,0.0,9.7
2020-12-22,22054 Benasque,Cerler,4.6,-2.2,2.0,0.0,0.0,7.4
2020-12-23,22054 Benasque,Cerler,2.7,-1.9,0.5,0.0,0.0,13.5
2020-12-24,22054 Benasque,Cerler,-0.5,-8.6,-4.1,0.0,0.0,8.7
2020-12-25,22054 Benasque,Cerler,-5.7,-13.5,-10.2,9.2,6.44,20.9
2020-12-26,22054 Benasque,Cerler,-6.6,-14.1,-11.6,2.5,1.68,20.9
2020-12-27,22054 Benasque,Cerler,0.1,-11.2,-4.2,0.3,0.21,11.8
2020-12-28,22054 Benasque,Cerler,-7.8,-11.8,-10.3,10.2,7.14,8.3
2020-12-29,22054 Benasque,Cerler,-7.6,-15.2,-10.5,0.6,0.42,7.7
2020-12-30,22054 Benasque,Cerler,-8.6,-12.4,-10.1,6.9,4.76,9.4
2020-12-31,22054 Benasque,Cerler,-6.8,-12.2,-9.0,0.7,0.56,7.9
2021-01-01,22054 Benasque,Cerler,-7.9,-14.1,-10.1,0.8,0.56,8.0
2021-01-02,22054 Benasque,Cerler,-10.4,-13.9,-11.9,0.9,0.63,16.6
2021-01-03,22054 Benasque,Cerler,-10.1,-14.0,-12.3,0.2,0.14,19.2
2021-01-04,22054 Benasque,Cerler,-10.2,-14.7,-11.8,0.0,0.0,4.5
2021-01-05,22054 Benasque,Cerler,-10.9,-18.8,-13.1,0.4,0.28,7.2
2021-01-06,22054 Benasque,Cerler,-8.6,-19.3,-11.8,0.0,0.0,4.7
2021-01-07,22054 Benasque,Cerler,-9.8,-13.9,-12.2,0.0,0.0,5.4
2021-01-08,22054 Benasque,Cerler,-8.1,-13.1,-10.9,0.0,0.0,8.6
2021-01-09,22054 Benasque,Cerler,-7.8,-10.6,-9.6,11.7,8.26,7.9
2021-01-10,22054 Benasque,Cerler,-7.9,-11.1,-9.5,6.8,4.76,7.9
2021-01-11,22054 Benasque,Cerler,-9.2,-15.9,-13.1,0.0,0.0,15.2
2021-01-12,22054 Benasque,Cerler,-5.0,-12.8,-9.0,0.0,0.0,14.5
2021-01-13,22054 Benasque,Cerler,-2.5,-10.1,-6.5,0.0,0.0,15.2
2021-01-14,22054 Benasque,Cerler,-1.8,-11.1,-5.1,0.2,0.14,15.3
2021-01-15,22054 Benasque,Cerler,-4.8,-10.1,-7.2,0.9,0.7,19.9
2021-01-16,22054 Benasque,Cerler,-3.3,-10.2,-7.2,0.1,0.07,13.8
2021-01-17,22054 Benasque,Cerler,-0.8,-7.2,-3.5,6.2,4.34,16.2
2021-01-18,22054 Benasque,Cerler,0.2,-8.8,-3.4,0.0,0.0,10.0
2021-01-19,22054 Benasque,Cerler,-0.3,-4.7,-2.2,0.0,0.0,9.9
2021-01-20,22054 Benasque,Cerler,-4.7,-9.9,-6.0,5.3,3.71,17.2
2021-01-21,22054 Benasque,Cerler,-3.2,-6.8,-4.5,5.7,3.99,12.4
2021-01-22,22054 Benasque,Cerler,-2.8,-7.9,-4.6,21.0,14.7,12.7
2021-01-23,22054 Benasque,Cerler,-5.6,-9.4,-7.2,5.5,3.85,10.9
2021-01-24,22054 Benasque,Cerler,-4.7,-8.6,-6.2,4.5,3.15,12.7
2021-01-25,22054 Benasque,Cerler,-2.2,-7.9,-5.4,2.6,1.82,13.3
2021-01-26,22054 Benasque,Cerler,2.2,-10.8,-3.9,0.0,0.0,13.7
2021-01-27,22054 Benasque,Cerler,2.7,-1.1,0.6,5.8,0.07,8.9
2021-01-28,22054 Benasque,Cerler,7.8,0.0,4.7,0.0,0.0,8.9
2021-01-29,22054 Benasque,Cerler,4.2,-0.7,1.2,0.6,0.0,7.6
2021-01-30,22054 Benasque,Cerler,1.2,-5.4,-2.3,11.0,7.63,11.0
2021-01-31,22054 Benasque,Cerler,0.1,-5.0,-2.7,9.6,6.72,15.9
2021-02-01,22054 Benasque,Cerler,-1.2,-4.1,-2.4,16.7,11.69,13.3
2021-02-02,22054 Benasque,Cerler,5.2,-2.7,0.8,0.1,0.07,9.2
2021-02-03,22054 Benasque,Cerler,1.5,-4.6,-1.4,0.0,0.0,12.5
2021-02-04,22054 Benasque,Cerler,1.9,-2.8,-1.0,0.0,0.0,11.7
2021-02-05,22054 Benasque,Cerler,2.8,-2.7,-0.2,0.5,0.14,13.7
2021-02-06,22054 Benasque,Cerler,0.5,-3.2,-1.7,13.6,9.45,12.2
2021-02-07,22054 Benasque,Cerler,-2.8,-8.1,-5.7,2.1,1.61,10.8
2021-02-08,22054 Benasque,Cerler,-2.1,-8.9,-4.4,2.6,1.82,8.2
2021-02-09,22054 Benasque,Cerler,-3.2,-9.9,-5.7,13.0,9.1,13.7
2021-02-10,22054 Benasque,Cerler,-4.7,-8.6,-6.0,1.3,0.98,8.2
2021-02-11,22054 Benasque,Cerler,4.5,-7.1,-0.2,0.0,0.0,7.7
2021-02-12,22054 Benasque,Cerler,0.4,-2.8,-1.1,8.0,5.39,19.6
2021-02-13,22054 Benasque,Cerler,-0.4,-4.1,-2.5,0.1,0.07,21.3
2021-02-14,22054 Benasque,Cerler,-1.0,-6.7,-3.3,0.0,0.0,8.7
2021-02-15,22054 Benasque,Cerler,3.2,-6.8,-1.9,0.0,0.0,7.6
2021-02-16,22054 Benasque,Cerler,4.2,0.3,1.8,0.0,0.0,9.5
2021-02-17,22054 Benasque,Cerler,0.5,-6.9,-2.1,0.0,0.0,10.1
2021-02-18,22054 Benasque,Cerler,1.7,-4.8,-1.2,0.0,0.0,13.9
2021-02-19,22054 Benasque,Cerler,0.5,-5.9,-2.8,0.0,0.0,14.2
2021-02-20,22054 Benasque,Cerler,1.3,-4.9,-1.8,0.0,0.0,16.3
2021-02-21,22054 Benasque,Cerler,1.5,-3.2,-0.9,1.4,0.98,16.3
2021-02-22,22054 Benasque,Cerler,-1.0,-1.9,-1.6,35.9,25.06,12.5
2021-02-23,22054 Benasque,Cerler,0.8,-3.0,-1.1,0.7,0.42,16.6
2021-02-24,22054 Benasque,Cerler,2.7,-3.7,-1.1,0.0,0.0,15.0
2021-02-25,22054 Benasque,Cerler,3.8,0.8,2.0,0.0,0.0,10.9
2021-02-26,22054 Benasque,Cerler,4.7,-3.5,1.9,0.0,0.0,6.0
2021-02-27,22054 Benasque,Cerler,1.5,-5.3,-1.5,0.0,0.0,10.4
2021-02-28,22054 Benasque,Cerler,-2.5,-5.3,-3.3,2.4,1.68,8.7
2021-03-01,22054 Benasque,Cerler,1.5,-6.2,-2.1,0.0,0.0,10.6
2021-03-02,22054 Benasque,Cerler,0.2,-5.6,-2.4,0.1,0.07,14.1
2021-03-03,22054 Benasque,Cerler,2.4,-3.8,-0.6,0.0,0.0,9.6
2021-03-04,22054 Benasque,Cerler,1.9,-5.7,-1.5,0.0,0.0,4.6
2021-03-05,22054 Benasque,Cerler,1.5,-4.4,-1.4,0.2,0.14,5.3
2021-03-06,22054 Benasque,Cerler,-1.1,-2.5,-2.0,4.8,3.36,9.7
2021-03-07,22054 Benasque,Cerler,-0.6,-3.1,-2.3,1.0,0.7,8.7
2021-03-08,22054 Benasque,Cerler,-2.3,-4.7,-3.7,0.0,0.0,8.0
2021-03-09,22054 Benasque,Cerler,-4.0,-6.5,-5.0,0.0,0.0,8.8
2021-03-10,22054 Benasque,Cerler,2.5,-7.2,-2.1,0.0,0.0,6.9
2021-03-11,22054 Benasque,Cerler,4.4,-0.1,2.4,0.2,0.0,7.4
2021-03-12,22054 Benasque,Cerler,-0.6,-7.3,-2.8,1.0,0.7,11.2
2021-03-13,22054 Benasque,Cerler,0.2,-6.2,-3.0,0.0,0.0,6.8
2021-03-14,22054 Benasque,Cerler,-3.6,-7.1,-4.7,3.8,2.73,16.2
2021-03-15,22054 Benasque,Cerler,-2.5,-7.6,-5.0,0.0,0.0,18.0
2021-03-16,22054 Benasque,Cerler,-2.0,-5.6,-3.8,0.5,0.35,19.5
2021-03-17,22054 Benasque,Cerler,-2.2,-5.7,-3.5,1.5,0.98,24.4
2021-03-18,22054 Benasque,Cerler,-4.9,-8.2,-7.0,5.1,3.57,20.0
2021-03-19,22054 Benasque,Cerler,-7.3,-9.8,-8.6,8.7,6.09,16.7
2021-03-20,22054 Benasque,Cerler,-8.4,-12.1,-9.9,0.6,0.42,21.7
2021-03-21,22054 Benasque,Cerler,-5.9,-10.2,-8.2,0.0,0.07,22.4
2021-03-22,22054 Benasque,Cerler,-3.8,-8.1,-6.3,1.0,0.7,21.7
2021-03-23,22054 Benasque,Cerler,1.7,-7.7,-2.2,0.0,0.0,13.0
2021-03-24,22054 Benasque,Cerler,4.9,-1.4,1.4,0.0,0.0,6.5
2021-03-25,22054 Benasque,Cerler,3.7,-2.0,0.2,0.0,0.0,8.4
2021-03-26,22054 Benasque,Cerler,2.8,-3.0,0.3,0.2,0.14,9.4
2021-03-27,22054 Benasque,Cerler,1.8,-4.4,-1.5,0.4,0.21,12.3
2021-03-28,22054 Benasque,Cerler,4.6,-5.3,0.7,0.0,0.0,8.5
2021-03-29,22054 Benasque,Cerler,5.5,-0.4,2.1,0.0,0.0,13.0
2021-03-30,22054 Benasque,Cerler,5.9,0.6,3.2,0.8,0.56,9.1
2021-03-31,22054 Benasque,Cerler,6.5,2.4,4.3,0.0,0.0,8.3
2021-04-01,22054 Benasque,Cerler,6.7,2.7,4.4,0.0,0.0,9.7
2021-04-02,22054 Benasque,Cerler,6.4,0.6,4.0,0.5,0.14,6.3
2021-04-03,22054 Benasque,Cerler,3.4,-3.2,0.6,0.0,0.0,13.6
2021-04-04,22054 Benasque,Cerler,1.9,-6.3,-1.4,0.0,0.0,10.4
2021-04-05,22054 Benasque,Cerler,3.6,-5.1,0.1,0.0,0.0,7.8
2021-04-06,22054 Benasque,Cerler,-0.2,-6.2,-3.0,0.0,0.0,13.8
2021-04-07,22054 Benasque,Cerler,0.2,-8.4,-4.8,0.0,0.0,10.4
2021-04-08,22054 Benasque,Cerler,2.8,-5.5,-1.4,0.0,0.0,6.9
2021-04-09,22054 Benasque,Cerler,1.9,-2.8,-0.6,5.6,3.85,14.4
2021-04-10,22054 Benasque,Cerler,2.2,-3.6,-0.5,0.4,0.21,8.2
2021-04-11,22054 Benasque,Cerler,0.3,-4.9,-1.4,17.3,12.04,10.6
2021-04-12,22054 Benasque,Cerler,-2.9,-8.2,-5.6,0.2,0.14,10.2
2021-04-13,22054 Benasque,Cerler,2.8,-5.8,-1.2,0.0,0.0,7.5
2021-04-14,22054 Benasque,Cerler,2.6,-2.7,-0.7,0.0,0.0,5.4
2021-04-15,22054 Benasque,Cerler,0.0,-4.1,-2.0,0.2,0.14,7.6
2021-04-16,22054 Benasque,Cerler,-4.5,-8.5,-5.9,0.1,0.07,16.8
2021-04-17,22054 Benasque,Cerler,-5.2,-8.7,-7.2,1.7,1.26,14.1
2021-04-18,22054 Benasque,Cerler,-1.8,-8.3,-5.3,0.4,0.28,13.8
2021-04-19,22054 Benasque,Cerler,3.2,-6.9,-1.1,0.0,0.0,7.4
2021-04-20,22054 Benasque,Cerler,1.5,-2.2,-0.7,5.5,3.78,8.7
2021-04-21,22054 Benasque,Cerler,0.8,-3.3,-1.2,2.4,1.68,6.1
2021-04-22,22054 Benasque,Cerler,2.1,-2.5,-0.5,0.0,0.0,7.9
2021-04-23,22054 Benasque,Cerler,4.3,-4.7,0.3,0.0,0.0,11.3
2021-04-24,22054 Benasque,Cerler,5.3,-1.0,1.8,0.1,0.0,11.5
2021-04-25,22054 Benasque,Cerler,6.2,-0.9,2.3,2.7,0.35,12.3
2021-04-26,22054 Benasque,Cerler,2.2,-0.9,0.6,11.2,6.65,12.3
2021-04-27,22054 Benasque,Cerler,1.6,-1.3,0.2,5.9,3.5,6.7
2021-04-28,22054 Benasque,Cerler,1.9,0.1,0.8,4.3,0.49,8.9
2021-04-29,22054 Benasque,Cerler,2.5,-0.9,0.8,6.7,2.66,8.8
2021-04-30,22054 Benasque,Cerler,1.5,-1.1,0.4,4.0,2.03,12.1
2021-05-01,22054 Benasque,Cerler,-1.2,-4.4,-2.3,6.8,4.83,8.7
2021-05-02,22054 Benasque,Cerler,0.1,-5.8,-2.9,0.7,0.49,5.9
2021-05-03,22054 Benasque,Cerler,2.5,-4.8,-1.2,0.0,0.0,8.5
2021-05-04,22054 Benasque,Cerler,4.7,-3.0,0.8,0.0,0.0,6.9
2021-05-05,22054 Benasque,Cerler,5.2,-0.4,1.9,0.0,0.0,6.6
2021-05-06,22054 Benasque,Cerler,6.8,-4.1,2.7,0.0,0.0,9.6
2021-05-07,22054 Benasque,Cerler,6.9,1.1,4.1,0.1,0.0,7.1
2021-05-08,22054 Benasque,Cerler,9.8,3.9,6.1,0.0,0.0,12.8
2021-05-09,22054 Benasque,Cerler,5.7,0.1,3.1,16.8,0.0,22.0
2021-05-10,22054 Benasque,Cerler,2.5,-2.5,0.6,4.5,0.63,10.9
2021-05-11,22054 Benasque,Cerler,-1.1,-4.2,-2.3,5.4,3.78,10.1
2021-05-12,22054 Benasque,Cerler,2.3,-5.4,-1.2,2.2,1.54,12.1
2021-05-13,22054 Benasque,Cerler,2.2,-5.1,-0.9,3.8,2.38,9.4
2021-05-14,22054 Benasque,Cerler,0.4,-4.1,-1.6,2.5,1.75,13.1
2021-05-15,22054 Benasque,Cerler,5.8,-1.1,2.3,2.7,0.0,9.7
2021-05-16,22054 Benasque,Cerler,6.8,2.5,4.0,2.9,0.0,10.0
2021-05-17,22054 Benasque,Cerler,3.8,-2.0,0.7,0.7,0.0,7.2
2021-05-18,22054 Benasque,Cerler,5.5,-2.5,2.0,1.5,0.0,14.1
2021-05-19,22054 Benasque,Cerler,3.0,-3.2,-0.4,0.0,0.0,10.8
2021-05-20,22054 Benasque,Cerler,11.1,-2.9,5.4,0.0,0.0,8.0
2021-05-21,22054 Benasque,Cerler,8.0,2.0,5.3,0.2,0.0,12.2
2021-05-22,22054 Benasque,Cerler,4.8,-3.0,1.8,0.7,0.0,12.6
2021-05-23,22054 Benasque,Cerler,3.2,-3.6,0.1,0.7,0.35,8.4
2021-05-24,22054 Benasque,Cerler,5.3,-2.2,1.3,1.4,0.0,7.4
2021-05-25,22054 Benasque,Cerler,5.6,-3.8,0.9,0.0,0.0,9.8
2021-05-26,22054 Benasque,Cerler,7.9,-0.4,3.9,0.5,0.0,9.4
2021-05-27,22054 Benasque,Cerler,10.1,-1.9,4.7,0.0,0.0,7.0
2021-05-28,22054 Benasque,Cerler,10.2,4.0,6.9,0.5,0.0,6.7
2021-05-29,22054 Benasque,Cerler,11.1,5.2,7.7,6.5,0.0,6.1
2021-05-30,22054 Benasque,Cerler,10.5,3.8,7.3,11.8,0.0,9.3
2021-05-31,22054 Benasque,Cerler,12.6,4.2,8.4,9.7,0.0,10.0
2021-06-01,22054 Benasque,Cerler,12.2,4.4,8.0,16.6,0.0,10.9
2021-06-02,22054 Benasque,Cerler,11.2,4.7,7.5,1.0,0.0,13.0
2021-06-03,22054 Benasque,Cerler,11.9,5.2,8.3,5.8,0.0,11.2
2021-06-04,22054 Benasque,Cerler,9.6,3.5,6.7,13.8,0.0,15.5
2021-06-05,22054 Benasque,Cerler,12.1,1.1,6.6,2.0,0.0,7.7
2021-06-06,22054 Benasque,Cerler,9.8,3.7,6.2,0.2,0.0,9.7
2021-06-07,22054 Benasque,Cerler,10.4,1.5,6.3,1.6,0.0,8.0
2021-06-08,22054 Benasque,Cerler,14.5,2.5,9.4,0.5,0.0,7.2
2021-06-09,22054 Benasque,Cerler,13.4,6.3,9.7,4.5,0.0,7.5
2021-06-10,22054 Benasque,Cerler,13.3,4.8,9.3,6.2,0.0,5.9
2021-06-11,22054 Benasque,Cerler,12.5,6.7,9.3,4.1,0.0,5.1
2021-06-12,22054 Benasque,Cerler,14.4,4.2,10.3,0.2,0.0,5.7
2021-06-13,22054 Benasque,Cerler,16.2,7.6,12.3,0.7,0.0,8.3
2021-06-14,22054 Benasque,Cerler,17.2,10.8,13.5,1.0,0.0,6.7
2021-06-15,22054 Benasque,Cerler,16.0,5.9,12.5,2.2,0.0,7.0
2021-06-16,22054 Benasque,Cerler,15.9,10.1,12.2,9.1,0.0,15.5
2021-06-17,22054 Benasque,Cerler,10.1,6.1,8.2,24.3,0.0,19.1
2021-06-18,22054 Benasque,Cerler,14.4,4.3,9.5,0.0,0.0,11.6
2021-06-19,22054 Benasque,Cerler,12.4,4.8,9.0,2.1,0.0,16.3
2021-06-20,22054 Benasque,Cerler,9.4,5.6,7.5,17.7,0.0,15.6
2021-06-21,22054 Benasque,Cerler,9.7,4.3,6.8,1.9,0.0,17.6
2021-06-22,22054 Benasque,Cerler,10.2,2.7,6.3,6.5,0.0,11.5
2021-06-23,22054 Benasque,Cerler,6.8,3.2,4.8,11.1,0.07,5.5
2021-06-24,22054 Benasque,Cerler,9.8,-0.6,5.2,0.9,0.0,7.0
2021-06-25,22054 Benasque,Cerler,13.6,2.1,8.5,0.0,0.0,9.2
2021-06-26,22054 Benasque,Cerler,14.1,6.2,10.1,3.2,0.0,13.2
2021-06-27,22054 Benasque,Cerler,14.6,6.8,10.2,16.9,0.0,17.3
2021-06-28,22054 Benasque,Cerler,11.0,5.7,8.6,1.1,0.0,15.0
2021-06-29,22054 Benasque,Cerler,10.9,3.7,7.2,0.1,0.0,12.8
2021-06-30,22054 Benasque,Cerler,12.7,2.8,8.6,0.2,0.0,12.2
2021-07-01,22054 Benasque,Cerler,15.7,6.3,11.5,1.0,0.0,10.7
2021-07-02,22054 Benasque,Cerler,17.0,10.3,13.6,0.8,0.0,11.4
2021-07-03,22054 Benasque,Cerler,15.9,9.7,13.0,1.7,0.0,9.2
2021-07-04,22054 Benasque,Cerler,15.3,9.7,12.3,8.6,0.0,9.7
2021-07-05,22054 Benasque,Cerler,17.0,7.2,12.9,0.3,0.0,16.8
2021-07-06,22054 Benasque,Cerler,12.4,7.3,10.6,7.3,0.0,12.5
2021-07-07,22054 Benasque,Cerler,10.9,4.2,7.6,5.7,0.0,10.7
2021-07-08,22054 Benasque,Cerler,11.8,1.1,5.9,0.2,0.0,7.6
2021-07-09,22054 Benasque,Cerler,15.1,3.3,9.8,0.0,0.0,9.1
2021-07-10,22054 Benasque,Cerler,16.6,8.6,12.9,0.3,0.0,12.9
2021-07-11,22054 Benasque,Cerler,19.2,7.7,14.5,0.0,0.0,14.1
2021-07-12,22054 Benasque,Cerler,14.4,2.5,10.3,4.8,0.0,11.9
2021-07-13,22054 Benasque,Cerler,7.3,0.0,3.1,1.9,0.35,12.0
2021-07-14,22054 Benasque,Cerler,9.8,2.8,5.5,0.1,0.0,13.3
2021-07-15,22054 Benasque,Cerler,12.9,4.0,7.9,0.0,0.0,7.1
2021-07-16,22054 Benasque,Cerler,14.2,4.1,8.9,0.0,0.0,9.5
2021-07-17,22054 Benasque,Cerler,15.5,5.7,10.9,0.0,0.0,8.9
2021-07-18,22054 Benasque,Cerler,15.8,4.7,10.7,0.0,0.0,13.3
2021-07-19,22054 Benasque,Cerler,18.0,5.0,12.7,0.0,0.0,8.1
2021-07-20,22054 Benasque,Cerler,17.9,9.8,13.9,2.9,0.0,9.7
2021-07-21,22054 Benasque,Cerler,19.0,11.2,15.2,0.0,0.0,6.7
2021-07-22,22054 Benasque,Cerler,20.7,12.6,16.6,0.0,0.0,11.6
2021-07-23,22054 Benasque,Cerler,20.5,11.8,16.1,0.7,0.0,19.2
2021-07-24,22054 Benasque,Cerler,16.5,8.1,12.4,0.0,0.0,13.0
2021-07-25,22054 Benasque,Cerler,14.2,6.7,10.3,0.3,0.0,12.1
2021-07-26,22054 Benasque,Cerler,13.1,6.8,9.5,13.0,0.0,7.9
2021-07-27,22054 Benasque,Cerler,14.4,4.8,10.7,6.3,0.0,12.2
2021-07-28,22054 Benasque,Cerler,15.4,9.6,12.3,12.1,0.0,12.1
2021-07-29,22054 Benasque,Cerler,17.0,8.5,13.1,0.9,0.0,14.1
2021-07-30,22054 Benasque,Cerler,17.2,9.6,13.8,3.2,0.0,14.2
2021-07-31,22054 Benasque,Cerler,10.6,4.3,8.8,26.5,0.0,8.1
2021-08-01,22054 Benasque,Cerler,9.4,0.1,5.2,3.8,0.0,9.5
2021-08-02,22054 Benasque,Cerler,11.9,1.0,7.0,1.7,0.0,8.9
2021-08-03,22054 Benasque,Cerler,12.9,4.8,9.3,0.3,0.0,14.7
2021-08-04,22054 Benasque,Cerler,11.4,6.8,9.1,19.0,0.0,12.2
2021-08-05,22054 Benasque,Cerler,15.7,4.8,10.8,1.6,0.0,9.8
2021-08-06,22054 Benasque,Cerler,15.6,7.6,12.0,0.0,0.0,15.4
2021-08-07,22054 Benasque,Cerler,14.1,5.2,10.7,4.2,0.0,11.5
2021-08-08,22054 Benasque,Cerler,13.4,4.2,8.9,0.0,0.0,15.1
2021-08-09,22054 Benasque,Cerler,16.5,5.7,11.5,0.8,0.0,13.4
2021-08-10,22054 Benasque,Cerler,19.0,10.8,14.9,1.7,0.0,10.0
2021-08-11,22054 Benasque,Cerler,20.9,12.4,16.7,1.3,0.0,10.6
2021-08-12,22054 Benasque,Cerler,21.8,11.4,17.2,0.6,0.0,13.6
2021-08-13,22054 Benasque,Cerler,23.2,13.9,19.0,0.0,0.0,11.0
2021-08-14,22054 Benasque,Cerler,25.1,18.2,21.1,0.0,0.0,13.2
2021-08-15,22054 Benasque,Cerler,22.5,14.5,18.8,1.9,0.0,15.1
2021-08-16,22054 Benasque,Cerler,17.5,6.7,13.0,0.1,0.0,9.1
2021-08-17,22054 Benasque,Cerler,15.6,5.0,9.8,0.1,0.0,7.6
2021-08-18,22054 Benasque,Cerler,17.8,6.4,12.2,0.2,0.0,8.8
2021-08-19,22054 Benasque,Cerler,15.9,7.8,11.1,6.7,0.0,10.1
2021-08-20,22054 Benasque,Cerler,16.9,5.0,12.2,0.2,0.0,11.4
2021-08-21,22054 Benasque,Cerler,19.0,10.1,14.6,0.4,0.0,12.1
2021-08-22,22054 Benasque,Cerler,19.2,11.6,15.3,1.5,0.0,10.4
2021-08-23,22054 Benasque,Cerler,16.5,8.9,11.9,4.8,0.0,7.1
2021-08-24,22054 Benasque,Cerler,15.4,6.5,9.7,0.5,0.0,6.5
2021-08-25,22054 Benasque,Cerler,13.8,6.8,9.9,8.0,0.0,8.0
2021-08-26,22054 Benasque,Cerler,17.1,6.8,11.1,0.8,0.0,7.6
2021-08-27,22054 Benasque,Cerler,17.4,7.2,11.8,0.0,0.0,7.2
2021-08-28,22054 Benasque,Cerler,16.6,6.8,11.5,0.2,0.0,7.0
2021-08-29,22054 Benasque,Cerler,14.9,4.2,9.6,0.0,0.0,3.8
2021-08-30,22054 Benasque,Cerler,16.1,3.5,9.6,0.6,0.0,8.0
2021-08-31,22054 Benasque,Cerler,15.4,5.8,9.8,17.5,0.0,5.1
2021-09-01,22054 Benasque,Cerler,13.1,6.8,9.7,5.0,0.0,11.6
2021-09-02,22054 Benasque,Cerler,11.8,6.2,8.5,3.9,0.0,14.1
2021-09-03,22054 Benasque,Cerler,12.4,6.4,8.8,4.9,0.0,6.8
2021-09-04,22054 Benasque,Cerler,13.2,5.8,9.5,2.4,0.0,6.6
2021-09-05,22054 Benasque,Cerler,16.2,7.1,11.4,0.4,0.0,6.4
2021-09-06,22054 Benasque,Cerler,17.8,9.4,13.7,0.1,0.0,8.5
2021-09-07,22054 Benasque,Cerler,18.0,10.9,14.1,0.0,0.0,11.5
2021-09-08,22054 Benasque,Cerler,15.9,9.0,12.1,2.2,0.0,13.7
2021-09-09,22054 Benasque,Cerler,13.6,7.9,10.0,8.4,0.0,7.5
2021-09-10,22054 Benasque,Cerler,12.1,6.6,9.0,6.0,0.0,4.1
2021-09-11,22054 Benasque,Cerler,14.2,5.6,9.4,0.0,0.0,9.9
2021-09-12,22054 Benasque,Cerler,14.6,6.2,10.1,0.6,0.0,7.9
2021-09-13,22054 Benasque,Cerler,15.4,6.9,10.6,1.5,0.0,14.2
2021-09-14,22054 Benasque,Cerler,12.1,7.0,9.5,16.8,0.0,13.7
2021-09-15,22054 Benasque,Cerler,13.1,7.2,9.7,9.3,0.0,13.8
2021-09-16,22054 Benasque,Cerler,11.4,6.1,8.3,6.3,0.0,6.4
2021-09-17,22054 Benasque,Cerler,12.7,3.2,8.2,0.0,0.0,8.2
2021-09-18,22054 Benasque,Cerler,9.3,3.0,6.4,22.5,0.0,11.9
2021-09-19,22054 Benasque,Cerler,9.4,-1.1,4.2,0.0,0.0,8.5
2021-09-20,22054 Benasque,Cerler,5.1,0.9,3.3,1.9,0.28,11.3
2021-09-21,22054 Benasque,Cerler,4.4,-0.1,1.8,3.6,0.84,9.7
2021-09-22,22054 Benasque,Cerler,10.1,0.6,5.6,0.0,0.0,6.8
2021-09-23,22054 Benasque,Cerler,11.1,2.0,6.6,0.6,0.0,8.0
2021-09-24,22054 Benasque,Cerler,12.4,2.7,7.9,0.0,0.0,11.9
2021-09-25,22054 Benasque,Cerler,11.4,5.2,7.9,7.1,0.0,16.4
2021-09-26,22054 Benasque,Cerler,11.9,4.2,7.7,1.0,0.0,6.6
2021-09-27,22054 Benasque,Cerler,13.2,4.3,8.4,0.0,0.0,9.3
2021-09-28,22054 Benasque,Cerler,10.8,4.9,7.5,0.0,0.0,12.9
2021-09-29,22054 Benasque,Cerler,9.1,2.6,5.7,0.3,0.0,8.7
2021-09-30,22054 Benasque,Cerler,11.6,0.4,6.1,0.0,0.0,5.5
2021-10-01,22054 Benasque,Cerler,11.6,3.8,6.8,0.4,0.0,7.0
2021-10-02,22054 Benasque,Cerler,10.1,3.3,6.6,0.9,0.0,16.0
2021-10-03,22054 Benasque,Cerler,8.1,0.4,6.0,44.8,5.39,18.0
2021-10-04,22054 Benasque,Cerler,2.4,-2.0,-0.2,2.0,1.4,10.1
2021-10-05,22054 Benasque,Cerler,7.2,-1.5,2.4,1.1,0.0,8.8
2021-10-06,22054 Benasque,Cerler,6.8,-0.3,2.3,0.1,0.0,13.3
2021-10-07,22054 Benasque,Cerler,9.4,0.6,4.5,0.0,0.0,11.3
2021-10-08,22054 Benasque,Cerler,11.2,-1.6,4.7,0.0,0.0,10.5
2021-10-09,22054 Benasque,Cerler,11.5,2.6,6.1,0.0,0.0,6.2
2021-10-10,22054 Benasque,Cerler,11.1,1.8,6.0,0.0,0.0,8.7
2021-10-11,22054 Benasque,Cerler,10.4,0.8,6.1,0.0,0.0,11.9
2021-10-12,22054 Benasque,Cerler,8.9,0.6,5.2,0.0,0.0,12.3
2021-10-13,22054 Benasque,Cerler,5.8,-2.5,1.9,0.0,0.0,13.3
2021-10-14,22054 Benasque,Cerler,10.9,3.5,7.0,0.0,0.0,9.4
2021-10-15,22054 Benasque,Cerler,10.2,2.8,6.2,0.0,0.0,8.0
2021-10-16,22054 Benasque,Cerler,9.5,2.5,5.3,0.0,0.0,6.6
2021-10-17,22054 Benasque,Cerler,9.4,2.8,6.1,0.0,0.0,7.3
2021-10-18,22054 Benasque,Cerler,11.1,-0.6,6.2,0.0,0.0,6.5
2021-10-19,22054 Benasque,Cerler,12.1,0.6,6.4,0.0,0.0,7.7
2021-10-20,22054 Benasque,Cerler,11.4,1.4,6.2,0.9,0.0,11.5
2021-10-21,22054 Benasque,Cerler,6.9,1.2,4.0,4.5,0.28,6.6
2021-10-22,22054 Benasque,Cerler,3.8,-0.9,1.2,0.1,0.07,9.2
2021-10-23,22054 Benasque,Cerler,9.4,-3.9,3.1,0.0,0.0,9.2
2021-10-24,22054 Benasque,Cerler,8.4,0.5,4.7,0.0,0.0,7.3
2021-10-25,22054 Benasque,Cerler,7.4,-0.2,2.9,0.0,0.0,6.4
2021-10-26,22054 Benasque,Cerler,7.7,-3.9,1.4,0.0,0.0,6.4
2021-10-27,22054 Benasque,Cerler,9.1,-2.8,5.1,0.0,0.0,6.5
2021-10-28,22054 Benasque,Cerler,5.1,-0.6,2.1,0.2,0.0,10.8
2021-10-29,22054 Benasque,Cerler,2.8,0.2,1.4,11.2,1.75,14.9
2021-10-30,22054 Benasque,Cerler,8.8,1.8,4.6,20.2,0.28,20.1
2021-10-31,22054 Benasque,Cerler,9.7,1.9,5.9,4.8,0.0,9.4
2021-11-01,22054 Benasque,Cerler,6.5,-1.5,2.7,7.1,0.14,10.1
2021-11-02,22054 Benasque,Cerler,2.8,-4.0,-0.8,2.3,1.61,12.2
2021-11-03,22054 Benasque,Cerler,-0.5,-5.2,-2.9,7.1,4.9,9.8
2021-11-04,22054 Benasque,Cerler,-1.5,-7.7,-4.6,1.3,0.91,9.4
2021-11-05,22054 Benasque,Cerler,-4.5,-6.9,-5.5,2.7,1.89,14.1
2021-11-06,22054 Benasque,Cerler,-3.2,-10.2,-6.5,0.0,0.0,16.6
2021-11-07,22054 Benasque,Cerler,-2.3,-12.9,-7.4,1.4,0.98,20.0
2021-11-08,22054 Benasque,Cerler,-0.6,-5.2,-2.6,1.2,0.91,21.0
2021-11-09,22054 Benasque,Cerler,2.0,-9.7,-2.7,0.0,0.0,14.1
2021-11-10,22054 Benasque,Cerler,1.3,-2.2,-0.4,0.5,0.35,12.5
2021-11-11,22054 Benasque,Cerler,2.5,-2.7,0.2,0.4,0.28,10.1
2021-11-12,22054 Benasque,Cerler,2.2,-3.2,0.3,0.7,0.28,12.7
2021-11-13,22054 Benasque,Cerler,3.6,-5.4,-0.9,0.0,0.0,8.0
2021-11-14,22054 Benasque,Cerler,-0.5,-4.3,-2.1,5.3,3.71,14.2
2021-11-15,22054 Benasque,Cerler,-3.4,-5.2,-4.1,10.3,7.28,17.2
2021-11-16,22054 Benasque,Cerler,1.1,-8.4,-3.7,0.0,0.0,11.3
2021-11-17,22054 Benasque,Cerler,-2.0,-8.8,-4.5,0.0,0.0,14.0
2021-11-18,22054 Benasque,Cerler,1.5,-8.1,-3.0,0.0,0.0,10.0
2021-11-19,22054 Benasque,Cerler,3.0,-0.6,0.4,0.0,0.0,8.0
2021-11-20,22054 Benasque,Cerler,1.5,-0.9,-0.0,0.0,0.0,8.4
2021-11-21,22054 Benasque,Cerler,0.3,-3.0,-1.5,0.3,0.21,7.3
2021-11-22,22054 Benasque,Cerler,-1.0,-10.3,-4.7,0.0,0.0,5.8
2021-11-23,22054 Benasque,Cerler,-0.6,-7.0,-3.1,15.0,10.5,8.2
2021-11-24,22054 Benasque,Cerler,-1.9,-5.9,-4.1,22.0,15.4,10.3
2021-11-25,22054 Benasque,Cerler,-3.0,-6.9,-5.0,1.8,1.19,9.1
2021-11-26,22054 Benasque,Cerler,-5.2,-9.6,-6.7,0.6,0.49,13.3
2021-11-27,22054 Benasque,Cerler,-5.9,-10.7,-7.7,6.8,4.76,13.0
2021-11-28,22054 Benasque,Cerler,-9.9,-11.8,-10.9,26.5,18.76,13.3
2021-11-29,22054 Benasque,Cerler,-5.8,-12.8,-9.3,8.9,6.23,17.7
2021-11-30,22054 Benasque,Cerler,-0.9,-8.9,-5.3,0.0,0.0,14.0
2021-12-01,22054 Benasque,Cerler,-1.8,-9.9,-3.4,1.4,0.91,6.4
2021-12-02,22054 Benasque,Cerler,-6.2,-11.7,-8.4,6.5,4.55,15.5
2021-12-03,22054 Benasque,Cerler,-1.4,-11.1,-7.1,7.8,5.46,23.4
2021-12-04,22054 Benasque,Cerler,-0.4,-8.5,-3.5,2.8,1.96,7.7
2021-12-05,22054 Benasque,Cerler,-7.6,-10.9,-9.0,30.5,21.21,12.3
2021-12-06,22054 Benasque,Cerler,-0.3,-10.1,-6.3,16.3,11.34,20.5
2021-12-07,22054 Benasque,Cerler,1.8,-7.8,-2.2,4.1,2.87,12.9
2021-12-08,22054 Benasque,Cerler,-2.5,-11.6,-6.8,12.1,8.54,8.2
2021-12-09,22054 Benasque,Cerler,-3.2,-11.6,-8.6,42.0,29.47,11.3
2021-12-10,22054 Benasque,Cerler,-1.9,-5.7,-3.7,52.7,36.96,19.6
2021-12-11,22054 Benasque,Cerler,-2.8,-6.0,-4.7,21.6,15.12,25.2
2021-12-12,22054 Benasque,Cerler,4.9,-4.2,0.8,0.5,0.35,17.3
2021-12-13,22054 Benasque,Cerler,7.4,4.4,6.2,0.0,0.0,5.6
2021-12-14,22054 Benasque,Cerler,8.9,5.4,6.8,0.0,0.0,9.7
2021-12-15,22054 Benasque,Cerler,5.4,-0.8,2.6,0.0,0.0,11.5
2021-12-16,22054 Benasque,Cerler,4.2,0.1,2.2,0.0,0.0,6.6
2021-12-17,22054 Benasque,Cerler,3.8,-0.1,1.6,0.0,0.0,6.8
2021-12-18,22054 Benasque,Cerler,1.7,-3.0,-0.6,0.0,0.0,6.2
2021-12-19,22054 Benasque,Cerler,1.2,-1.5,0.3,0.0,0.0,5.0
2021-12-20,22054 Benasque,Cerler,1.5,-1.2,0.4,0.0,0.0,5.4
2021-12-21,22054 Benasque,Cerler,1.8,-1.5,0.7,0.0,0.0,5.6
2021-12-22,22054 Benasque,Cerler,3.7,-0.1,1.4,0.0,0.0,9.2
2021-12-23,22054 Benasque,Cerler,0.2,-5.6,-2.2,0.0,0.0,10.6
2021-12-24,22054 Benasque,Cerler,-0.2,-2.8,-1.7,0.2,0.14,8.4
2021-12-25,22054 Benasque,Cerler,-0.7,-7.6,-2.9,2.5,1.68,8.3
2021-12-26,22054 Benasque,Cerler,-0.1,-8.2,-3.5,0.0,0.0,10.4
2021-12-27,22054 Benasque,Cerler,0.1,-3.7,-1.5,4.9,2.73,8.4
2021-12-28,22054 Benasque,Cerler,3.0,-3.5,0.5,2.5,0.0,11.4
2021-12-29,22054 Benasque,Cerler,3.5,-2.9,0.5,0.3,0.0,12.7
2021-12-30,22054 Benasque,Cerler,11.5,-1.1,8.2,0.0,0.0,7.5
2021-12-31,22054 Benasque,Cerler,11.7,7.1,9.6,0.0,0.0,6.9
2022-01-01,22054 Benasque,Cerler,8.7,4.7,6.5,0.0,0.0,9.7
2022-01-02,22054 Benasque,Cerler,7.4,2.7,5.0,0.0,0.0,8.7
2022-01-03,22054 Benasque,Cerler,4.4,1.3,2.7,0.0,0.0,9.1
2022-01-04,22054 Benasque,Cerler,3.7,-2.8,1.1,3.9,2.73,10.8
2022-01-05,22054 Benasque,Cerler,-3.5,-12.3,-7.7,11.7,8.19,20.2
2022-01-06,22054 Benasque,Cerler,-6.4,-15.8,-10.9,0.1,0.07,16.6
2022-01-07,22054 Benasque,Cerler,-4.8,-10.1,-7.1,6.2,4.34,13.0
2022-01-08,22054 Benasque,Cerler,-3.3,-8.0,-5.5,3.6,2.52,11.9
2022-01-09,22054 Benasque,Cerler,-0.6,-5.4,-3.8,26.7,18.69,15.9
2022-01-10,22054 Benasque,Cerler,1.3,-3.7,-0.7,54.8,36.47,26.6
2022-01-11,22054 Benasque,Cerler,-3.3,-9.5,-6.0,6.8,4.76,15.2
2022-01-12,22054 Benasque,Cerler,-4.3,-10.7,-7.8,0.0,0.0,19.1
2022-01-13,22054 Benasque,Cerler,-1.3,-5.6,-2.9,0.0,0.0,6.0
2022-01-14,22054 Benasque,Cerler,-1.5,-6.9,-3.2,0.0,0.0,5.8
2022-01-15,22054 Benasque,Cerler,-1.9,-4.8,-3.1,0.0,0.0,6.3
2022-01-16,22054 Benasque,Cerler,-1.5,-5.2,-2.7,0.0,0.0,6.3
2022-01-17,22054 Benasque,Cerler,1.8,-2.4,-1.1,0.0,0.0,6.5
2022-01-18,22054 Benasque,Cerler,4.6,0.3,2.7,0.0,0.0,5.7
2022-01-19,22054 Benasque,Cerler,1.4,-7.2,-1.8,0.0,0.0,10.9
2022-01-20,22054 Benasque,Cerler,-5.2,-11.7,-7.3,2.7,1.89,16.9
2022-01-21,22054 Benasque,Cerler,-6.5,-11.7,-8.8,0.0,0.0,13.7
2022-01-22,22054 Benasque,Cerler,-1.6,-9.1,-5.4,0.0,0.0,14.4
2022-01-23,22054 Benasque,Cerler,-0.9,-4.6,-3.0,0.0,0.0,7.7
2022-01-24,22054 Benasque,Cerler,0.0,-3.2,-1.5,0.0,0.0,6.8
2022-01-25,22054 Benasque,Cerler,0.8,-3.2,-1.1,0.0,0.0,5.5
2022-01-26,22054 Benasque,Cerler,1.5,-3.5,-0.8,0.0,0.0,4.4
2022-01-27,22054 Benasque,Cerler,0.6,-2.5,-1.3,0.0,0.0,10.5
2022-01-28,22054 Benasque,Cerler,0.1,-4.6,-1.8,0.0,0.0,13.4
2022-01-29,22054 Benasque,Cerler,2.6,-4.3,0.4,0.0,0.0,13.4
2022-01-30,22054 Benasque,Cerler,5.7,1.6,3.6,0.0,0.0,9.7
2022-01-31,22054 Benasque,Cerler,4.2,-8.4,-3.4,1.0,0.7,27.4
2022-02-01,22054 Benasque,Cerler,0.4,-9.2,-5.3,2.0,1.26,26.6
2022-02-02,22054 Benasque,Cerler,4.2,-4.6,-0.0,0.0,0.0,20.0
2022-02-03,22054 Benasque,Cerler,8.7,1.8,5.8,0.0,0.0,8.6
2022-02-04,22054 Benasque,Cerler,2.8,-3.8,-0.0,0.0,0.0,8.2
2022-02-05,22054 Benasque,Cerler,-2.8,-7.3,-4.1,0.6,0.42,8.0
2022-02-06,22054 Benasque,Cerler,2.0,-6.9,-2.5,0.0,0.0,11.5
2022-02-07,22054 Benasque,Cerler,-2.0,-7.1,-4.1,0.1,0.07,17.0
2022-02-08,22054 Benasque,Cerler,7.2,-4.8,3.1,0.0,0.0,9.3
2022-02-09,22054 Benasque,Cerler,4.4,-1.0,2.4,0.0,0.0,7.9
2022-02-10,22054 Benasque,Cerler,2.5,-1.9,0.3,0.0,0.0,7.2
2022-02-11,22054 Benasque,Cerler,0.2,-4.6,-2.4,0.3,0.21,5.0
2022-02-12,22054 Benasque,Cerler,-0.7,-8.0,-4.1,0.0,0.0,7.5
2022-02-13,22054 Benasque,Cerler,-1.6,-4.1,-2.6,8.5,5.95,14.8
2022-02-14,22054 Benasque,Cerler,-2.2,-6.2,-4.1,17.8,12.46,11.4
2022-02-15,22054 Benasque,Cerler,-4.7,-7.6,-6.0,2.8,1.96,15.1
2022-02-16,22054 Benasque,Cerler,0.0,-8.3,-2.6,1.4,0.98,10.7
2022-02-17,22054 Benasque,Cerler,5.2,-2.7,1.1,0.0,0.0,13.6
2022-02-18,22054 Benasque,Cerler,6.3,-2.0,3.6,0.3,0.14,9.3
2022-02-19,22054 Benasque,Cerler,-2.8,-8.9,-4.9,8.3,5.81,10.6
2022-02-20,22054 Benasque,Cerler,-1.5,-10.2,-5.5,0.0,0.0,12.8
2022-02-21,22054 Benasque,Cerler,-2.2,-8.9,-4.7,0.2,0.14,20.2
2022-02-22,22054 Benasque,Cerler,-0.1,-7.3,-4.9,0.0,0.0,14.8
2022-02-23,22054 Benasque,Cerler,4.2,-4.1,0.4,0.0,0.0,12.1
2022-02-24,22054 Benasque,Cerler,2.7,-3.5,-0.3,0.0,0.0,8.5
2022-02-25,22054 Benasque,Cerler,-1.6,-7.8,-4.8,0.0,0.0,9.7
2022-02-26,22054 Benasque,Cerler,0.1,-5.8,-2.5,0.0,0.0,10.2
2022-02-27,22054 Benasque,Cerler,-0.9,-6.5,-3.1,0.0,0.0,8.0
2022-02-28,22054 Benasque,Cerler,0.5,-7.1,-2.9,0.0,0.0,9.9
2022-03-01,22054 Benasque,Cerler,3.8,-4.8,-0.6,0.0,0.0,11.8
2022-03-02,22054 Benasque,Cerler,0.5,-3.8,-1.4,6.5,4.62,8.3
2022-03-03,22054 Benasque,Cerler,0.9,-8.8,-2.7,0.3,0.14,8.3
2022-03-04,22054 Benasque,Cerler,-2.0,-5.8,-3.8,3.4,2.38,11.2
2022-03-05,22054 Benasque,Cerler,-4.2,-7.2,-5.7,1.3,0.91,9.1
2022-03-06,22054 Benasque,Cerler,-2.6,-6.2,-4.8,2.0,1.33,6.5
2022-03-07,22054 Benasque,Cerler,-3.1,-9.1,-5.5,1.1,0.77,11.6
2022-03-08,22054 Benasque,Cerler,-3.0,-5.1,-4.3,9.5,6.65,12.6
2022-03-09,22054 Benasque,Cerler,-2.1,-10.7,-5.5,0.2,0.14,11.5
2022-03-10,22054 Benasque,Cerler,-1.9,-5.6,-3.5,6.8,4.76,11.3
2022-03-11,22054 Benasque,Cerler,-1.2,-3.2,-2.4,23.3,16.31,17.5
2022-03-12,22054 Benasque,Cerler,-0.1,-5.1,-2.5,14.1,9.87,9.7
2022-03-13,22054 Benasque,Cerler,-2.1,-6.1,-3.8,16.3,11.41,15.8
2022-03-14,22054 Benasque,Cerler,0.6,-5.8,-2.1,14.0,9.8,13.6
2022-03-15,22054 Benasque,Cerler,4.4,-1.5,1.5,0.2,0.14,17.3
2022-03-16,22054 Benasque,Cerler,7.9,-0.2,4.4,0.6,0.0,14.9
2022-03-17,22054 Benasque,Cerler,0.9,-1.4,-0.6,7.4,4.9,11.7
2022-03-18,22054 Benasque,Cerler,1.7,-1.9,-0.6,0.9,0.63,10.6
2022-03-19,22054 Benasque,Cerler,0.1,-3.2,-1.3,0.0,0.0,8.2
2022-03-20,22054 Benasque,Cerler,-0.2,-3.0,-2.0,5.3,3.64,14.1
2022-03-21,22054 Benasque,Cerler,-1.6,-4.1,-2.5,12.9,9.03,14.4
2022-03-22,22054 Benasque,Cerler,-1.8,-7.8,-4.4,0.3,0.28,15.5
2022-03-23,22054 Benasque,Cerler,-0.9,-8.4,-4.5,0.0,0.0,9.8
2022-03-24,22054 Benasque,Cerler,0.6,-6.2,-1.3,0.0,0.0,8.8
2022-03-25,22054 Benasque,Cerler,2.0,-3.2,-0.6,0.1,0.0,6.4
2022-03-26,22054 Benasque,Cerler,3.0,-4.3,-0.9,0.0,0.0,4.7
2022-03-27,22054 Benasque,Cerler,1.5,-5.3,-1.4,0.1,0.07,9.4
2022-03-28,22054 Benasque,Cerler,1.9,-3.7,-0.9,0.0,0.0,15.8
2022-03-29,22054 Benasque,Cerler,3.8,-1.0,0.6,7.9,5.53,7.9
2022-03-30,22054 Benasque,Cerler,-0.9,-2.6,-1.7,5.3,3.64,11.3
2022-03-31,22054 Benasque,Cerler,-2.8,-5.2,-3.9,3.1,2.17,13.0
2022-04-01,22054 Benasque,Cerler,-5.2,-12.4,-10.7,6.4,4.48,24.2
2022-04-02,22054 Benasque,Cerler,-10.6,-12.4,-11.5,13.9,9.73,25.8
2022-04-03,22054 Benasque,Cerler,-9.8,-13.6,-11.4,0.8,0.56,17.1
2022-04-04,22054 Benasque,Cerler,-4.7,-16.2,-10.1,0.0,0.0,5.6
2022-04-05,22054 Benasque,Cerler,-1.2,-13.2,-5.0,0.0,0.0,7.9
2022-04-06,22054 Benasque,Cerler,-1.3,-8.4,-4.7,0.0,0.0,8.8
2022-04-07,22054 Benasque,Cerler,4.3,-8.8,-0.7,0.0,0.0,7.1
2022-04-08,22054 Benasque,Cerler,4.0,-2.0,1.2,0.1,0.07,10.2
2022-04-09,22054 Benasque,Cerler,-1.5,-5.7,-3.3,2.4,1.61,12.0
2022-04-10,22054 Benasque,Cerler,3.3,-4.3,-0.2,0.0,0.0,11.2
2022-04-11,22054 Benasque,Cerler,5.3,-2.8,1.8,0.0,0.0,13.8
2022-04-12,22054 Benasque,Cerler,2.2,-0.3,0.6,25.7,15.75,14.1
2022-04-13,22054 Benasque,Cerler,0.4,-1.6,-0.5,21.1,14.7,8.3
2022-04-14,22054 Benasque,Cerler,4.5,-3.7,0.7,0.0,0.0,8.0
2022-04-15,22054 Benasque,Cerler,5.9,-3.1,2.6,0.0,0.0,7.9
2022-04-16,22054 Benasque,Cerler,5.4,-3.3,1.9,0.0,0.0,11.4
2022-04-17,22054 Benasque,Cerler,8.0,-2.1,3.9,0.0,0.0,10.1
2022-04-18,22054 Benasque,Cerler,6.8,-1.2,2.6,0.8,0.0,6.7
2022-04-19,22054 Benasque,Cerler,2.1,-1.2,0.8,22.8,13.02,6.4
2022-04-20,22054 Benasque,Cerler,-0.9,-3.1,-2.0,27.4,19.18,11.3
2022-04-21,22054 Benasque,Cerler,-0.9,-3.5,-2.2,1.4,0.98,11.4
2022-04-22,22054 Benasque,Cerler,2.0,-4.6,-1.2,0.5,0.35,14.8
2022-04-23,22054 Benasque,Cerler,-1.2,-3.6,-2.5,37.1,25.97,17.9
2022-04-24,22054 Benasque,Cerler,1.9,-3.5,-0.6,3.6,2.52,11.8
2022-04-25,22054 Benasque,Cerler,4.1,-4.8,-0.1,0.0,0.0,10.1
2022-04-26,22054 Benasque,Cerler,6.5,-1.5,2.3,0.1,0.0,8.6
2022-04-27,22054 Benasque,Cerler,6.2,0.6,2.8,0.9,0.07,14.0
2022-04-28,22054 Benasque,Cerler,6.8,0.9,3.0,2.1,0.14,6.6
2022-04-29,22054 Benasque,Cerler,8.1,-3.5,3.2,0.0,0.0,8.9
2022-04-30,22054 Benasque,Cerler,4.2,-2.0,1.7,0.0,0.0,8.7
2022-05-01,22054 Benasque,Cerler,5.9,-2.1,1.8,0.0,0.0,7.2
2022-05-02,22054 Benasque,Cerler,4.7,0.4,1.7,4.1,0.63,7.0
2022-05-03,22054 Benasque,Cerler,3.5,-2.0,0.8,3.1,1.05,7.9
2022-05-04,22054 Benasque,Cerler,2.7,-1.7,0.8,0.7,0.28,9.8
2022-05-05,22054 Benasque,Cerler,0.9,-1.5,-0.3,3.0,2.1,13.8
2022-05-06,22054 Benasque,Cerler,0.6,-1.8,-0.5,7.3,5.11,17.9
2022-05-07,22054 Benasque,Cerler,3.3,-2.0,0.9,1.9,0.84,14.7
2022-05-08,22054 Benasque,Cerler,4.9,-2.6,1.4,0.0,0.0,11.0
2022-05-09,22054 Benasque,Cerler,8.1,-4.2,3.5,0.0,0.0,6.4
2022-05-10,22054 Benasque,Cerler,12.1,3.0,6.9,0.0,0.0,4.9
2022-05-11,22054 Benasque,Cerler,13.0,4.1,7.8,0.0,0.0,7.6
2022-05-12,22054 Benasque,Cerler,10.9,5.3,7.8,0.0,0.0,9.7
2022-05-13,22054 Benasque,Cerler,11.6,2.3,7.9,0.0,0.0,5.5
2022-05-14,22054 Benasque,Cerler,11.7,5.7,8.3,0.9,0.0,9.9
2022-05-15,22054 Benasque,Cerler,12.8,2.7,7.9,0.6,0.0,18.6
2022-05-16,22054 Benasque,Cerler,14.5,4.0,9.4,0.0,0.0,11.2
2022-05-17,22054 Benasque,Cerler,15.6,6.7,10.9,0.5,0.0,9.6
2022-05-18,22054 Benasque,Cerler,15.4,6.6,10.9,0.0,0.0,14.7
2022-05-19,22054 Benasque,Cerler,16.5,7.2,12.1,0.0,0.0,17.3
2022-05-20,22054 Benasque,Cerler,16.4,6.7,11.8,0.0,0.0,14.2
2022-05-21,22054 Benasque,Cerler,19.8,12.6,15.9,1.6,0.0,11.0
2022-05-22,22054 Benasque,Cerler,18.5,9.9,14.7,1.1,0.0,15.5
2022-05-23,22054 Benasque,Cerler,12.9,5.4,9.7,2.4,0.0,10.9
2022-05-24,22054 Benasque,Cerler,7.1,-0.9,3.3,17.8,7.14,10.3
2022-05-25,22054 Benasque,Cerler,2.8,-2.0,-0.1,4.5,3.08,16.4
2022-05-26,22054 Benasque,Cerler,8.2,0.1,3.6,0.1,0.0,15.2
2022-05-27,22054 Benasque,Cerler,11.4,1.4,6.4,0.0,0.0,11.8
2022-05-28,22054 Benasque,Cerler,14.2,2.3,9.0,0.0,0.0,9.4
2022-05-29,22054 Benasque,Cerler,14.1,4.2,9.0,2.3,0.0,7.4
2022-05-30,22054 Benasque,Cerler,13.2,4.2,8.6,4.0,0.0,11.2
2022-05-31,22054 Benasque,Cerler,13.1,4.9,9.2,3.1,0.0,12.2
2022-06-01,22054 Benasque,Cerler,15.9,4.1,10.3,1.6,0.0,15.8
2022-06-02,22054 Benasque,Cerler,16.9,7.3,12.0,1.6,0.0,18.7
2022-06-03,22054 Benasque,Cerler,16.2,6.7,11.6,4.2,0.0,19.1
2022-06-04,22054 Benasque,Cerler,16.1,6.8,10.6,3.4,0.0,18.4
2022-06-05,22054 Benasque,Cerler,14.6,5.2,10.2,5.1,0.0,10.6
2022-06-06,22054 Benasque,Cerler,14.4,6.1,10.2,1.0,0.0,14.6
2022-06-07,22054 Benasque,Cerler,15.6,4.7,10.2,0.3,0.0,9.8
2022-06-08,22054 Benasque,Cerler,12.1,6.7,9.4,4.1,0.0,10.5
2022-06-09,22054 Benasque,Cerler,11.2,3.3,7.0,0.0,0.0,16.2
2022-06-10,22054 Benasque,Cerler,17.7,2.8,12.1,0.0,0.0,10.4
2022-06-11,22054 Benasque,Cerler,19.7,11.2,14.8,4.1,0.0,7.7
2022-06-12,22054 Benasque,Cerler,18.0,12.9,14.5,4.7,0.0,12.5
2022-06-13,22054 Benasque,Cerler,21.1,11.9,16.0,1.5,0.0,9.7
2022-06-14,22054 Benasque,Cerler,21.2,13.4,17.1,1.4,0.0,8.0
2022-06-15,22054 Benasque,Cerler,22.2,13.1,16.7,4.5,0.0,8.8
2022-06-16,22054 Benasque,Cerler,23.5,13.9,18.3,0.1,0.0,7.0
2022-06-17,22054 Benasque,Cerler,22.5,15.6,18.3,5.0,0.0,7.2
2022-06-18,22054 Benasque,Cerler,22.9,13.7,18.8,0.0,0.0,14.4
2022-06-19,22054 Benasque,Cerler,18.4,10.7,13.8,1.5,0.0,22.7
2022-06-20,22054 Benasque,Cerler,17.2,7.8,12.9,0.1,0.0,22.5
2022-06-21,22054 Benasque,Cerler,18.2,8.2,12.4,9.8,0.0,18.8
2022-06-22,22054 Benasque,Cerler,14.1,6.1,9.6,3.8,0.0,17.7
2022-06-23,22054 Benasque,Cerler,12.4,5.8,8.9,4.8,0.0,16.1
2022-06-24,22054 Benasque,Cerler,13.0,3.3,8.6,0.3,0.0,12.7
2022-06-25,22054 Benasque,Cerler,11.8,4.8,8.0,6.9,0.0,17.7
2022-06-26,22054 Benasque,Cerler,12.8,6.4,9.3,6.7,0.0,17.3
2022-06-27,22054 Benasque,Cerler,10.6,4.5,7.0,14.8,0.0,8.0
2022-06-28,22054 Benasque,Cerler,14.9,3.1,9.1,0.0,0.0,7.8
2022-06-29,22054 Benasque,Cerler,16.0,7.0,11.4,0.2,0.0,15.7
2022-06-30,22054 Benasque,Cerler,12.8,6.5,9.6,7.9,0.0,16.3
2022-07-01,22054 Benasque,Cerler,15.4,3.5,10.1,0.7,0.0,9.9
2022-07-02,22054 Benasque,Cerler,19.3,9.2,14.2,0.2,0.0,12.0
2022-07-03,22054 Benasque,Cerler,19.9,11.9,15.8,1.5,0.0,12.7
2022-07-04,22054 Benasque,Cerler,17.6,8.4,13.5,4.1,0.0,12.6
2022-07-05,22054 Benasque,Cerler,19.6,10.4,14.4,2.4,0.0,10.0
2022-07-06,22054 Benasque,Cerler,14.2,6.9,10.3,11.1,0.0,10.0
2022-07-07,22054 Benasque,Cerler,11.5,4.8,8.0,0.0,0.0,17.2
2022-07-08,22054 Benasque,Cerler,16.2,5.9,10.9,0.0,0.0,11.2
2022-07-09,22054 Benasque,Cerler,17.2,8.1,13.1,0.0,0.0,8.9
2022-07-10,22054 Benasque,Cerler,18.7,8.9,14.4,0.8,0.0,7.7
2022-07-11,22054 Benasque,Cerler,19.1,12.1,15.6,0.9,0.0,6.9
2022-07-12,22054 Benasque,Cerler,20.2,12.9,16.0,0.3,0.0,7.2
2022-07-13,22054 Benasque,Cerler,22.0,12.1,16.6,0.5,0.0,5.8
2022-07-14,22054 Benasque,Cerler,21.0,13.6,16.9,0.0,0.0,9.7
2022-07-15,22054 Benasque,Cerler,23.1,12.6,17.1,0.2,0.0,8.2
2022-07-16,22054 Benasque,Cerler,23.1,15.1,18.9,0.0,0.0,10.5
2022-07-17,22054 Benasque,Cerler,23.8,15.6,19.7,0.0,0.0,10.3
2022-07-18,22054 Benasque,Cerler,23.5,14.5,18.9,0.1,0.0,10.8
2022-07-19,22054 Benasque,Cerler,23.0,13.9,18.0,0.2,0.0,17.1
2022-07-20,22054 Benasque,Cerler,20.8,11.2,16.2,0.0,0.0,13.1
2022-07-21,22054 Benasque,Cerler,21.5,10.0,16.3,0.2,0.0,10.0
2022-07-22,22054 Benasque,Cerler,23.3,14.1,17.7,2.8,0.0,12.5
2022-07-23,22054 Benasque,Cerler,21.6,12.4,17.5,0.1,0.0,11.6
2022-07-24,22054 Benasque,Cerler,24.1,13.6,18.9,0.0,0.0,11.6
2022-07-25,22054 Benasque,Cerler,21.7,9.8,16.9,8.3,0.0,11.0
2022-07-26,22054 Benasque,Cerler,20.0,8.9,13.9,0.5,0.0,9.9
2022-07-27,22054 Benasque,Cerler,19.3,8.4,14.2,0.0,0.0,9.8
2022-07-28,22054 Benasque,Cerler,16.5,9.2,13.1,15.1,0.0,11.8
2022-07-29,22054 Benasque,Cerler,16.6,9.8,12.7,6.2,0.0,9.3
2022-07-30,22054 Benasque,Cerler,19.0,8.9,14.0,0.4,0.0,7.8
2022-07-31,22054 Benasque,Cerler,18.9,9.1,14.1,2.7,0.0,7.4
2022-08-01,22054 Benasque,Cerler,19.5,9.5,14.2,1.1,0.0,6.2
2022-08-02,22054 Benasque,Cerler,21.4,9.9,15.5,0.1,0.0,6.0
2022-08-03,22054 Benasque,Cerler,20.9,12.4,16.8,0.4,0.0,8.2
2022-08-04,22054 Benasque,Cerler,21.6,13.8,17.1,2.3,0.0,10.0
2022-08-05,22054 Benasque,Cerler,19.9,11.9,15.6,4.9,0.0,6.9
2022-08-06,22054 Benasque,Cerler,19.8,9.4,15.0,0.6,0.0,9.2
2022-08-07,22054 Benasque,Cerler,18.4,11.9,14.4,11.8,0.0,6.5
2022-08-08,22054 Benasque,Cerler,18.5,11.9,14.7,0.7,0.0,7.0
2022-08-09,22054 Benasque,Cerler,18.0,12.1,14.6,1.9,0.0,7.5
2022-08-10,22054 Benasque,Cerler,20.2,12.5,15.6,1.3,0.0,6.5
2022-08-11,22054 Benasque,Cerler,20.7,12.8,16.6,0.0,0.0,8.6
2022-08-12,22054 Benasque,Cerler,22.3,14.2,17.4,4.7,0.0,7.0
2022-08-13,22054 Benasque,Cerler,22.2,13.6,18.1,0.3,0.0,13.1
2022-08-14,22054 Benasque,Cerler,17.5,8.8,13.4,1.0,0.0,15.8
2022-08-15,22054 Benasque,Cerler,16.2,6.8,12.0,0.0,0.0,10.8
2022-08-16,22054 Benasque,Cerler,13.3,6.8,10.1,6.4,0.0,15.9
2022-08-17,22054 Benasque,Cerler,13.9,5.9,9.7,7.8,0.0,10.6
2022-08-18,22054 Benasque,Cerler,9.4,4.7,6.5,2.1,0.0,15.5
2022-08-19,22054 Benasque,Cerler,14.4,4.5,8.7,0.1,0.0,13.7
2022-08-20,22054 Benasque,Cerler,17.2,6.8,12.2,1.1,0.0,5.2
2022-08-21,22054 Benasque,Cerler,16.9,10.0,12.6,4.8,0.0,9.3
2022-08-22,22054 Benasque,Cerler,15.4,7.6,11.0,0.1,0.0,10.5
2022-08-23,22054 Benasque,Cerler,18.0,6.0,12.8,0.0,0.0,6.6
2022-08-24,22054 Benasque,Cerler,19.9,10.0,14.9,1.4,0.0,7.2
2022-08-25,22054 Benasque,Cerler,17.8,8.6,13.2,11.4,0.0,7.7
2022-08-26,22054 Benasque,Cerler,16.5,7.4,11.2,3.2,0.0,6.5
2022-08-27,22054 Benasque,Cerler,16.1,6.9,11.4,0.2,0.0,7.7
2022-08-28,22054 Benasque,Cerler,17.8,9.9,13.1,3.1,0.0,7.5
2022-08-29,22054 Benasque,Cerler,17.9,9.7,13.0,0.9,0.0,11.2
2022-08-30,22054 Benasque,Cerler,17.5,9.0,12.9,0.0,0.0,10.5
2022-08-31,22054 Benasque,Cerler,14.8,9.8,12.1,3.3,0.0,6.9
2022-09-01,22054 Benasque,Cerler,15.9,8.7,12.0,0.3,0.0,11.6
2022-09-02,22054 Benasque,Cerler,15.6,7.6,11.8,1.4,0.0,12.3
2022-09-03,22054 Benasque,Cerler,13.6,7.1,9.8,4.3,0.0,13.2
2022-09-04,22054 Benasque,Cerler,14.8,7.3,10.6,0.0,0.0,13.7
2022-09-05,22054 Benasque,Cerler,14.6,6.6,10.8,1.2,0.0,16.2
2022-09-06,22054 Benasque,Cerler,15.4,7.7,11.7,0.0,0.0,12.4
2022-09-07,22054 Benasque,Cerler,13.6,6.5,10.2,0.0,0.0,16.8
2022-09-08,22054 Benasque,Cerler,14.4,5.6,9.7,0.1,0.0,12.8
2022-09-09,22054 Benasque,Cerler,14.6,5.8,9.5,0.3,0.0,7.1
2022-09-10,22054 Benasque,Cerler,16.6,4.6,11.7,0.0,0.0,7.5
2022-09-11,22054 Benasque,Cerler,18.0,10.9,14.1,0.0,0.0,11.2
2022-09-12,22054 Benasque,Cerler,19.0,11.5,14.6,0.6,0.0,13.0
2022-09-13,22054 Benasque,Cerler,12.1,8.1,10.1,7.6,0.0,21.8
2022-09-14,22054 Benasque,Cerler,12.4,7.4,9.0,7.4,0.0,16.8
2022-09-15,22054 Benasque,Cerler,12.6,6.2,8.9,6.8,0.0,6.1
2022-09-16,22054 Benasque,Cerler,14.2,4.7,8.3,2.3,0.0,9.2
2022-09-17,22054 Benasque,Cerler,12.6,1.7,7.0,0.0,0.0,8.0
2022-09-18,22054 Benasque,Cerler,14.5,4.9,9.1,0.0,0.0,7.2
2022-09-19,22054 Benasque,Cerler,14.4,7.1,10.4,0.0,0.0,6.5
2022-09-20,22054 Benasque,Cerler,14.4,6.5,9.9,0.4,0.0,7.8
2022-09-21,22054 Benasque,Cerler,13.9,5.7,9.2,0.0,0.0,8.2
2022-09-22,22054 Benasque,Cerler,12.9,4.9,8.4,0.0,0.0,6.5
2022-09-23,22054 Benasque,Cerler,11.4,3.2,7.2,7.6,0.0,10.4
2022-09-24,22054 Benasque,Cerler,8.2,1.5,5.0,4.3,0.42,9.8
2022-09-25,22054 Benasque,Cerler,5.6,-0.9,2.0,1.8,0.14,7.9
2022-09-26,22054 Benasque,Cerler,8.4,-2.8,2.2,0.2,0.0,8.4
2022-09-27,22054 Benasque,Cerler,6.7,0.1,3.4,1.2,0.0,13.7
2022-09-28,22054 Benasque,Cerler,9.1,2.0,5.4,1.7,0.0,13.4
2022-09-29,22054 Benasque,Cerler,4.2,0.1,2.3,9.2,2.87,7.6
2022-09-30,22054 Benasque,Cerler,2.6,-2.3,-0.3,0.8,0.63,14.2
2022-10-01,22054 Benasque,Cerler,12.1,-2.9,6.5,0.0,0.0,8.6
2022-10-02,22054 Benasque,Cerler,16.6,5.7,10.8,0.0,0.0,7.7
2022-10-03,22054 Benasque,Cerler,15.6,8.1,11.2,0.0,0.0,5.1
2022-10-04,22054 Benasque,Cerler,15.1,7.1,10.7,0.0,0.0,5.6
2022-10-05,22054 Benasque,Cerler,14.1,7.0,9.7,0.0,0.0,6.5
2022-10-06,22054 Benasque,Cerler,12.6,4.0,7.8,0.9,0.0,7.6
2022-10-07,22054 Benasque,Cerler,10.6,2.0,6.7,2.1,0.0,6.1
2022-10-08,22054 Benasque,Cerler,9.0,3.2,6.0,0.1,0.0,9.9
2022-10-09,22054 Benasque,Cerler,10.5,0.6,5.6,2.7,0.14,5.6
2022-10-10,22054 Benasque,Cerler,10.6,4.8,7.2,0.8,0.0,5.8
2022-10-11,22054 Benasque,Cerler,9.6,5.2,6.6,3.4,0.0,4.7
2022-10-12,22054 Benasque,Cerler,9.1,2.9,5.8,2.2,0.0,6.5
2022-10-13,22054 Benasque,Cerler,11.6,2.0,6.3,1.3,0.0,8.0
2022-10-14,22054 Benasque,Cerler,13.4,6.1,8.9,0.8,0.0,5.9
2022-10-15,22054 Benasque,Cerler,12.4,1.1,7.3,0.0,0.0,10.4
2022-10-16,22054 Benasque,Cerler,12.1,5.8,8.2,0.0,0.0,16.8
2022-10-17,22054 Benasque,Cerler,11.5,4.6,7.1,5.3,0.0,17.3
2022-10-18,22054 Benasque,Cerler,13.4,4.8,9.1,0.1,0.0,16.7
2022-10-19,22054 Benasque,Cerler,12.8,6.2,9.0,8.8,0.0,19.9
2022-10-20,22054 Benasque,Cerler,7.7,4.9,6.0,37.8,0.0,22.4
2022-10-21,22054 Benasque,Cerler,6.8,4.4,5.3,26.1,0.0,20.1
2022-10-22,22054 Benasque,Cerler,7.3,2.5,4.8,3.3,0.0,19.5
2022-10-23,22054 Benasque,Cerler,6.3,4.6,5.5,18.0,0.0,20.6
2022-10-24,22054 Benasque,Cerler,7.4,3.8,4.9,2.2,0.0,16.7
2022-10-25,22054 Benasque,Cerler,9.9,1.5,6.5,0.8,0.0,20.6
2022-10-26,22054 Benasque,Cerler,10.1,3.0,6.5,2.3,0.0,15.2
2022-10-27,22054 Benasque,Cerler,11.6,3.8,7.9,0.0,0.0,14.2
2022-10-28,22054 Benasque,Cerler,13.8,4.6,9.0,0.0,0.0,12.7
2022-10-29,22054 Benasque,Cerler,11.2,4.6,7.9,0.0,0.0,14.0
2022-10-30,22054 Benasque,Cerler,11.3,3.6,8.0,0.0,0.0,11.9
2022-10-31,22054 Benasque,Cerler,7.1,3.2,4.8,19.2,0.0,22.8
2022-11-01,22054 Benasque,Cerler,8.3,0.3,4.2,1.0,0.0,9.4
2022-11-02,22054 Benasque,Cerler,6.6,-0.6,2.7,0.0,0.0,11.8
2022-11-03,22054 Benasque,Cerler,4.3,-1.0,2.9,8.1,0.98,16.8
2022-11-04,22054 Benasque,Cerler,-1.1,-5.1,-2.6,8.6,6.02,22.7
2022-11-05,22054 Benasque,Cerler,7.3,-4.8,1.3,1.3,0.91,23.8
2022-11-06,22054 Benasque,Cerler,10.0,2.0,6.2,0.0,0.0,7.7
2022-11-07,22054 Benasque,Cerler,7.6,0.6,3.6,0.0,0.0,11.1
2022-11-08,22054 Benasque,Cerler,7.1,-0.1,3.1,2.9,0.0,12.8
2022-11-09,22054 Benasque,Cerler,5.7,0.6,3.0,4.3,0.28,11.8
2022-11-10,22054 Benasque,Cerler,6.1,-4.1,1.4,0.0,0.0,8.0
2022-11-11,22054 Benasque,Cerler,6.4,-0.1,3.2,0.1,0.0,17.2
2022-11-12,22054 Benasque,Cerler,6.5,-0.3,2.8,0.4,0.0,14.5
2022-11-13,22054 Benasque,Cerler,7.4,2.2,4.8,0.0,0.0,9.4
2022-11-14,22054 Benasque,Cerler,5.3,-0.1,2.3,1.6,0.21,10.3
2022-11-15,22054 Benasque,Cerler,4.4,1.0,2.5,3.2,0.42,13.7
2022-11-16,22054 Benasque,Cerler,4.3,-1.6,1.6,0.2,0.0,10.7
2022-11-17,22054 Benasque,Cerler,4.8,-0.1,2.2,1.5,0.14,10.9
2022-11-18,22054 Benasque,Cerler,0.4,-3.3,-1.6,3.8,2.8,9.0
2022-11-19,22054 Benasque,Cerler,-3.7,-5.8,-4.8,2.9,2.03,14.8
2022-11-20,22054 Benasque,Cerler,0.1,-10.1,-4.0,0.6,0.42,12.6
2022-11-21,22054 Benasque,Cerler,1.4,-5.0,-2.1,27.4,19.04,12.6
2022-11-22,22054 Benasque,Cerler,-3.3,-8.9,-5.5,3.6,2.59,14.9
2022-11-23,22054 Benasque,Cerler,2.0,-4.6,-0.6,11.5,1.68,7.9
2022-11-24,22054 Benasque,Cerler,0.2,-8.6,-3.1,5.8,3.92,9.2
2022-11-25,22054 Benasque,Cerler,0.9,-5.5,-2.7,5.0,3.57,18.1
2022-11-26,22054 Benasque,Cerler,5.4,-7.6,0.8,0.0,0.0,18.1
2022-11-27,22054 Benasque,Cerler,5.2,0.6,3.2,0.0,0.0,9.1
2022-11-28,22054 Benasque,Cerler,-0.4,-4.4,-3.4,9.7,6.79,16.6
2022-11-29,22054 Benasque,Cerler,-3.0,-4.4,-3.9,16.1,11.27,14.2
2022-11-30,22054 Benasque,Cerler,-1.3,-6.9,-4.1,0.4,0.21,10.1
2022-12-01,22054 Benasque,Cerler,-3.3,-11.9,-5.3,0.0,0.0,9.7
2022-12-02,22054 Benasque,Cerler,-4.8,-15.0,-10.4,0.0,0.0,8.0
2022-12-03,22054 Benasque,Cerler,-6.1,-12.5,-9.1,3.4,2.45,9.0
2022-12-04,22054 Benasque,Cerler,-6.9,-14.7,-9.2,0.5,0.35,7.9
2022-12-05,22054 Benasque,Cerler,-1.2,-10.2,-6.0,0.0,0.0,10.5
2022-12-06,22054 Benasque,Cerler,2.5,-7.8,-2.7,0.2,0.14,6.6
2022-12-07,22054 Benasque,Cerler,0.9,-4.8,-1.9,0.0,0.0,5.1
2022-12-08,22054 Benasque,Cerler,-1.5,-6.8,-3.4,11.5,8.12,12.7
2022-12-09,22054 Benasque,Cerler,-0.3,-2.2,-1.4,12.5,8.75,9.4
2022-12-10,22054 Benasque,Cerler,-1.7,-10.1,-5.7,3.0,2.1,11.2
2022-12-11,22054 Benasque,Cerler,-4.9,-10.2,-7.3,1.4,0.98,6.8
2022-12-12,22054 Benasque,Cerler,-2.0,-11.5,-6.3,24.7,17.15,10.4
2022-12-13,22054 Benasque,Cerler,1.5,-3.3,-0.5,4.0,1.75,7.7
2022-12-14,22054 Benasque,Cerler,1.5,-3.5,-0.6,8.0,4.69,7.9
2022-12-15,22054 Benasque,Cerler,0.8,-3.5,-0.9,9.8,6.79,11.3
2022-12-16,22054 Benasque,Cerler,-0.4,-5.4,-2.6,2.1,1.47,5.5
2022-12-17,22054 Benasque,Cerler,-0.5,-9.6,-4.7,0.0,0.0,6.9
2022-12-18,22054 Benasque,Cerler,0.3,-4.8,-2.4,0.0,0.0,10.1
2022-12-19,22054 Benasque,Cerler,2.8,-5.3,-0.4,0.0,0.0,17.1
2022-12-20,22054 Benasque,Cerler,3.3,-3.0,0.7,2.6,1.4,13.0
2022-12-21,22054 Benasque,Cerler,2.4,-1.9,-0.2,0.8,0.49,6.7
2022-12-22,22054 Benasque,Cerler,3.2,0.4,1.9,0.0,0.0,9.4
2022-12-23,22054 Benasque,Cerler,4.6,2.2,3.6,0.0,0.0,8.5
2022-12-24,22054 Benasque,Cerler,5.1,1.8,3.5,0.0,0.0,10.7
2022-12-25,22054 Benasque,Cerler,1.5,-4.0,-0.5,0.0,0.0,13.4
2022-12-26,22054 Benasque,Cerler,3.0,-4.2,-1.0,0.0,0.0,13.1
2022-12-27,22054 Benasque,Cerler,1.5,-6.8,-2.4,0.0,0.0,8.3
2022-12-28,22054 Benasque,Cerler,1.0,-5.9,-2.8,0.0,0.0,10.4
2022-12-29,22054 Benasque,Cerler,-0.6,-3.3,-1.6,1.2,0.84,8.3
2022-12-30,22054 Benasque,Cerler,3.0,-1.7,0.1,5.3,3.64,9.0
2022-12-31,22054 Benasque,Cerler,3.9,-2.4,0.7,0.0,0.0,14.2
2023-01-01,22054 Benasque,Cerler,2.5,-1.6,0.5,0.0,0.0,14.5
2023-01-02,22054 Benasque,Cerler,0.3,-2.0,-0.7,3.0,2.1,14.5
2023-01-03,22054 Benasque,Cerler,0.1,-5.9,-2.1,0.0,0.0,5.3
2023-01-04,22054 Benasque,Cerler,2.8,-2.9,0.4,0.0,0.0,9.7
2023-01-05,22054 Benasque,Cerler,4.6,-1.4,1.5,0.0,0.0,5.8
2023-01-06,22054 Benasque,Cerler,4.4,-0.1,2.7,0.0,0.0,7.6
2023-01-07,22054 Benasque,Cerler,2.2,-3.4,-0.1,0.1,0.07,11.2
2023-01-08,22054 Benasque,Cerler,-1.2,-2.8,-2.2,16.9,11.83,12.2
2023-01-09,22054 Benasque,Cerler,-1.5,-9.1,-5.0,4.4,3.08,14.9
2023-01-10,22054 Benasque,Cerler,4.0,-7.8,-1.4,0.0,0.0,12.3
2023-01-11,22054 Benasque,Cerler,1.6,-8.6,-2.2,1.1,0.77,11.2
2023-01-12,22054 Benasque,Cerler,3.5,-7.6,-0.1,0.0,0.0,10.2
2023-01-13,22054 Benasque,Cerler,1.2,-4.4,-1.8,0.4,0.28,10.4
2023-01-14,22054 Benasque,Cerler,2.7,-0.6,0.7,0.0,0.0,9.7
2023-01-15,22054 Benasque,Cerler,-0.6,-10.1,-4.7,2.5,1.75,11.9
2023-01-16,22054 Benasque,Cerler,-5.9,-11.4,-8.1,17.3,12.11,11.3
2023-01-17,22054 Benasque,Cerler,-4.2,-12.4,-6.8,14.1,9.87,10.2
2023-01-18,22054 Benasque,Cerler,-10.0,-14.6,-11.5,3.6,2.52,16.2
2023-01-19,22054 Benasque,Cerler,-7.3,-14.9,-10.8,14.9,10.5,9.0
2023-01-20,22054 Benasque,Cerler,-4.4,-15.2,-10.6,3.5,2.45,19.9
2023-01-21,22054 Benasque,Cerler,-12.6,-16.5,-14.2,4.2,2.87,17.7
2023-01-22,22054 Benasque,Cerler,-11.0,-15.1,-13.3,1.3,0.84,21.3
2023-01-23,22054 Benasque,Cerler,-11.8,-15.4,-13.6,0.9,0.63,13.7
2023-01-24,22054 Benasque,Cerler,-7.7,-14.9,-12.0,0.0,0.0,9.1
2023-01-25,22054 Benasque,Cerler,-8.0,-16.4,-11.8,0.0,0.0,11.9
2023-01-26,22054 Benasque,Cerler,-8.9,-15.3,-12.1,0.0,0.0,11.9
2023-01-27,22054 Benasque,Cerler,-9.9,-13.6,-11.9,1.3,0.91,15.2
2023-01-28,22054 Benasque,Cerler,-9.6,-11.7,-10.7,1.8,1.26,18.5
2023-01-29,22054 Benasque,Cerler,-6.5,-12.6,-10.5,0.0,0.0,13.0
2023-01-30,22054 Benasque,Cerler,-3.8,-9.0,-6.8,0.0,0.0,13.3
2023-01-31,22054 Benasque,Cerler,-1.0,-9.2,-4.5,0.0,0.0,12.6
2023-02-01,22054 Benasque,Cerler,-0.9,-5.8,-3.9,0.0,0.0,8.8
2023-02-02,22054 Benasque,Cerler,0.3,-4.8,-2.1,0.0,0.0,11.6
2023-02-03,22054 Benasque,Cerler,3.1,-6.2,-0.3,0.0,0.0,14.2
2023-02-04,22054 Benasque,Cerler,1.5,-6.3,-2.4,0.0,0.0,15.5
2023-02-05,22054 Benasque,Cerler,0.5,-10.7,-3.5,0.0,0.0,14.8
2023-02-06,22054 Benasque,Cerler,-5.4,-11.4,-8.5,0.2,0.14,15.3
2023-02-07,22054 Benasque,Cerler,-5.8,-14.6,-8.8,3.3,2.31,9.3
2023-02-08,22054 Benasque,Cerler,-4.2,-9.0,-5.9,0.6,0.42,5.2
2023-02-09,22054 Benasque,Cerler,-5.8,-11.2,-8.6,1.3,0.91,9.0
2023-02-10,22054 Benasque,Cerler,-0.6,-9.9,-4.6,0.0,0.0,9.0
2023-02-11,22054 Benasque,Cerler,1.2,-4.0,-2.1,0.0,0.0,5.2
2023-02-12,22054 Benasque,Cerler,0.4,-3.5,-1.6,0.0,0.0,7.2
2023-02-13,22054 Benasque,Cerler,0.9,-2.5,-0.7,0.0,0.0,9.1
2023-02-14,22054 Benasque,Cerler,0.0,-8.4,-3.2,0.0,0.0,14.4
2023-02-15,22054 Benasque,Cerler,1.4,-8.9,-3.6,0.0,0.0,15.3
2023-02-16,22054 Benasque,Cerler,-0.2,-5.2,-2.3,0.0,0.0,10.1
2023-02-17,22054 Benasque,Cerler,3.4,-4.2,-0.6,0.0,0.0,8.0
2023-02-18,22054 Benasque,Cerler,5.7,-0.2,2.0,0.0,0.0,4.0
2023-02-19,22054 Benasque,Cerler,4.8,0.3,2.1,0.0,0.0,7.2
2023-02-20,22054 Benasque,Cerler,5.6,1.5,3.4,0.0,0.0,8.0
2023-02-21,22054 Benasque,Cerler,4.7,-0.2,2.2,0.6,0.35,6.8
2023-02-22,22054 Benasque,Cerler,1.5,-2.8,-1.1,1.2,0.84,5.2
2023-02-23,22054 Benasque,Cerler,-1.5,-3.9,-2.7,39.0,27.3,12.8
2023-02-24,22054 Benasque,Cerler,-2.9,-10.2,-6.6,11.6,8.12,11.0
2023-02-25,22054 Benasque,Cerler,-4.3,-9.1,-7.1,0.8,0.56,9.8
2023-02-26,22054 Benasque,Cerler,-7.7,-13.6,-9.3,4.7,3.29,23.1
2023-02-27,22054 Benasque,Cerler,-12.8,-16.2,-14.7,4.4,3.22,23.2
2023-02-28,22054 Benasque,Cerler,-9.5,-13.5,-11.5,0.2,0.14,11.5
2023-03-01,22054 Benasque,Cerler,-3.9,-16.5,-11.0,0.0,0.0,8.3
2023-03-02,22054 Benasque,Cerler,-6.8,-14.8,-9.6,1.2,0.84,10.5
2023-03-03,22054 Benasque,Cerler,-3.7,-12.6,-8.2,0.2,0.14,10.0
2023-03-04,22054 Benasque,Cerler,-2.2,-13.2,-6.1,0.0,0.0,7.2
2023-03-05,22054 Benasque,Cerler,0.9,-7.9,-3.5,0.0,0.0,5.5
2023-03-06,22054 Benasque,Cerler,-1.7,-11.6,-5.8,0.0,0.0,8.6
2023-03-07,22054 Benasque,Cerler,0.0,-6.6,-3.8,1.7,1.26,8.2
2023-03-08,22054 Benasque,Cerler,2.8,-6.1,-1.2,6.5,2.52,9.5
2023-03-09,22054 Benasque,Cerler,1.5,-4.0,-0.2,1.2,0.7,10.0
2023-03-10,22054 Benasque,Cerler,1.6,-5.2,-1.4,0.2,0.14,14.0
2023-03-11,22054 Benasque,Cerler,4.3,-0.9,1.9,3.3,0.0,11.9
2023-03-12,22054 Benasque,Cerler,7.4,0.0,3.4,2.2,0.0,8.7
2023-03-13,22054 Benasque,Cerler,6.7,-0.7,3.1,8.6,3.29,16.6
2023-03-14,22054 Benasque,Cerler,-1.1,-4.8,-2.9,2.3,1.68,15.0
2023-03-15,22054 Benasque,Cerler,6.3,-5.0,0.1,0.0,0.0,14.2
2023-03-16,22054 Benasque,Cerler,8.2,-0.2,4.6,0.0,0.0,11.2
2023-03-17,22054 Benasque,Cerler,2.8,-4.0,0.0,0.7,0.28,19.8
2023-03-18,22054 Benasque,Cerler,2.3,-3.9,-0.7,1.0,0.7,7.9
2023-03-19,22054 Benasque,Cerler,2.2,-5.9,-2.2,0.1,0.07,6.0
2023-03-20,22054 Benasque,Cerler,5.8,-5.9,1.5,0.0,0.0,10.2
2023-03-21,22054 Benasque,Cerler,5.2,1.4,3.0,0.5,0.21,8.5
2023-03-22,22054 Benasque,Cerler,5.6,-5.1,1.2,0.0,0.0,6.6
2023-03-23,22054 Benasque,Cerler,7.7,0.5,3.3,0.0,0.0,11.9
2023-03-24,22054 Benasque,Cerler,4.8,-0.1,2.3,0.4,0.0,13.1
2023-03-25,22054 Benasque,Cerler,4.0,-5.9,-1.0,0.0,0.0,12.2
2023-03-26,22054 Benasque,Cerler,1.0,-4.6,-0.6,0.8,0.56,14.3
2023-03-27,22054 Benasque,Cerler,0.0,-5.8,-3.3,2.2,1.61,19.5
2023-03-28,22054 Benasque,Cerler,8.6,-3.4,3.0,0.0,0.0,9.2
2023-03-29,22054 Benasque,Cerler,8.8,3.0,5.2,0.0,0.0,10.8
2023-03-30,22054 Benasque,Cerler,8.4,0.3,4.7,0.0,0.0,13.3
2023-03-31,22054 Benasque,Cerler,4.6,-1.9,1.9,1.0,0.28,12.8
2023-04-01,22054 Benasque,Cerler,1.5,-6.3,-2.5,5.1,3.57,15.9
2023-04-02,22054 Benasque,Cerler,-2.8,-6.0,-4.5,9.5,6.65,22.7
2023-04-03,22054 Benasque,Cerler,-2.0,-5.2,-4.1,2.5,1.75,15.5
2023-04-04,22054 Benasque,Cerler,-1.0,-8.5,-5.1,0.0,0.0,14.5
2023-04-05,22054 Benasque,Cerler,0.7,-9.2,-3.2,0.0,0.0,12.8
2023-04-06,22054 Benasque,Cerler,2.5,-3.7,-0.4,0.6,0.42,6.6
2023-04-07,22054 Benasque,Cerler,5.7,-1.5,1.6,0.0,0.0,7.3
2023-04-08,22054 Benasque,Cerler,5.2,-0.5,2.4,0.0,0.0,7.9
2023-04-09,22054 Benasque,Cerler,7.6,-0.1,3.5,0.0,0.0,8.5
2023-04-10,22054 Benasque,Cerler,8.3,0.7,4.2,0.0,0.0,9.2
2023-04-11,22054 Benasque,Cerler,7.6,-3.0,2.8,0.0,0.0,10.7
2023-04-12,22054 Benasque,Cerler,5.9,-4.5,1.9,2.3,1.47,11.2
2023-04-13,22054 Benasque,Cerler,-2.1,-7.2,-4.7,4.1,2.87,11.5
2023-04-14,22054 Benasque,Cerler,3.0,-4.7,-1.2,3.5,2.45,11.2
2023-04-15,22054 Benasque,Cerler,-1.5,-5.9,-2.9,1.7,1.19,24.1
2023-04-16,22054 Benasque,Cerler,-0.6,-5.9,-3.5,0.6,0.42,18.7
2023-04-17,22054 Benasque,Cerler,2.0,-6.6,-2.0,0.5,0.35,15.6
2023-04-18,22054 Benasque,Cerler,2.1,-6.1,-1.4,1.7,1.19,8.8
2023-04-19,22054 Benasque,Cerler,6.2,-3.5,1.2,0.0,0.0,9.2
2023-04-20,22054 Benasque,Cerler,5.9,1.1,3.5,0.3,0.0,7.3
2023-04-21,22054 Benasque,Cerler,7.6,2.0,4.4,0.8,0.35,11.4
2023-04-22,22054 Benasque,Cerler,2.7,-1.0,0.9,11.3,6.16,14.1
2023-04-23,22054 Benasque,Cerler,4.1,-5.6,-0.2,4.2,1.54,10.0
2023-04-24,22054 Benasque,Cerler,5.9,-2.9,1.9,0.0,0.0,8.0
2023-04-25,22054 Benasque,Cerler,6.6,2.0,3.9,0.4,0.0,7.7
2023-04-26,22054 Benasque,Cerler,8.9,2.0,5.1,1.7,0.0,8.7
2023-04-27,22054 Benasque,Cerler,10.8,1.8,6.2,0.0,0.0,9.0
2023-04-28,22054 Benasque,Cerler,11.9,6.7,9.0,0.1,0.0,10.2
2023-04-29,22054 Benasque,Cerler,12.1,2.8,7.9,6.1,0.0,9.0
2023-04-30,22054 Benasque,Cerler,4.8,1.1,2.6,1.6,0.0,10.9
2023-05-01,22054 Benasque,Cerler,5.2,-1.2,1.4,0.0,0.0,14.4
2023-05-02,22054 Benasque,Cerler,10.8,-4.1,3.9,0.0,0.0,12.7
2023-05-03,22054 Benasque,Cerler,14.9,4.6,10.0,0.0,0.0,11.9
2023-05-04,22054 Benasque,Cerler,12.6,2.2,8.0,0.1,0.0,13.8
2023-05-05,22054 Benasque,Cerler,12.4,3.0,7.8,0.5,0.0,12.1
2023-05-06,22054 Benasque,Cerler,12.7,5.3,8.3,3.6,0.0,14.2
2023-05-07,22054 Benasque,Cerler,7.2,2.5,4.9,11.4,2.03,9.7
2023-05-08,22054 Benasque,Cerler,10.6,-3.3,4.6,0.0,0.0,10.8
2023-05-09,22054 Benasque,Cerler,10.4,1.7,6.5,5.5,0.0,13.7
2023-05-10,22054 Benasque,Cerler,4.7,-3.4,0.3,0.0,0.0,13.0
2023-05-11,22054 Benasque,Cerler,3.5,-3.4,-0.5,0.7,0.42,10.5
2023-05-12,22054 Benasque,Cerler,1.9,-5.2,-1.8,4.3,3.01,13.0
2023-05-13,22054 Benasque,Cerler,1.9,-2.3,-0.7,8.3,5.81,13.7
2023-05-14,22054 Benasque,Cerler,1.5,-2.1,-0.1,3.5,2.38,15.2
2023-05-15,22054 Benasque,Cerler,1.6,-0.7,0.1,5.9,4.13,15.9
2023-05-16,22054 Benasque,Cerler,-0.5,-2.6,-1.5,7.8,5.46,21.5
2023-05-17,22054 Benasque,Cerler,0.4,-6.3,-2.5,0.1,0.07,21.1
2023-05-18,22054 Benasque,Cerler,-0.2,-3.7,-2.1,1.3,0.91,14.1
2023-05-19,22054 Benasque,Cerler,0.2,-2.3,-1.2,6.5,4.55,15.5
2023-05-20,22054 Benasque,Cerler,2.8,-1.1,0.5,1.4,0.91,12.3
2023-05-21,22054 Benasque,Cerler,6.2,-4.2,2.0,0.6,0.0,8.1
2023-05-22,22054 Benasque,Cerler,6.9,0.3,3.8,0.7,0.0,8.2
2023-05-23,22054 Benasque,Cerler,8.4,1.2,4.7,2.1,0.0,11.3
2023-05-24,22054 Benasque,Cerler,8.8,0.4,5.0,1.7,0.0,10.2
2023-05-25,22054 Benasque,Cerler,6.7,2.1,3.9,7.6,1.4,10.8
2023-05-26,22054 Benasque,Cerler,9.9,0.2,5.2,1.5,0.0,13.4
2023-05-27,22054 Benasque,Cerler,12.1,2.3,8.0,3.2,0.0,9.1
2023-05-28,22054 Benasque,Cerler,10.9,5.0,7.6,8.2,0.49,8.4
2023-05-29,22054 Benasque,Cerler,10.8,4.1,7.3,0.7,0.0,7.2
2023-05-30,22054 Benasque,Cerler,9.8,4.2,6.4,5.9,0.0,5.2
2023-05-31,22054 Benasque,Cerler,11.1,2.6,6.5,6.0,0.0,5.2
2023-06-01,22054 Benasque,Cerler,8.1,3.8,5.5,5.3,0.0,11.5
2023-06-02,22054 Benasque,Cerler,11.1,0.5,6.2,6.4,0.35,5.9
2023-06-03,22054 Benasque,Cerler,10.6,2.0,6.6,8.4,0.56,7.4
2023-06-04,22054 Benasque,Cerler,10.9,3.8,7.2,1.6,0.0,7.1
2023-06-05,22054 Benasque,Cerler,11.6,3.8,7.5,8.3,0.0,5.6
2023-06-06,22054 Benasque,Cerler,11.9,3.0,7.7,8.0,0.0,6.8
2023-06-07,22054 Benasque,Cerler,12.0,1.6,7.5,5.0,0.0,10.5
2023-06-08,22054 Benasque,Cerler,11.4,4.0,8.1,2.0,0.0,10.5
2023-06-09,22054 Benasque,Cerler,11.9,7.2,8.8,12.4,0.0,12.3
2023-06-10,22054 Benasque,Cerler,12.5,6.1,9.4,3.9,0.0,3.6
2023-06-11,22054 Benasque,Cerler,13.4,7.4,9.7,8.0,0.0,9.3
2023-06-12,22054 Benasque,Cerler,12.6,4.4,8.9,3.4,0.0,9.7
2023-06-13,22054 Benasque,Cerler,11.2,5.7,7.8,5.1,0.0,8.3
2023-06-14,22054 Benasque,Cerler,10.2,5.2,7.4,4.3,0.0,16.6
2023-06-15,22054 Benasque,Cerler,13.0,2.9,8.0,0.0,0.0,10.4
2023-06-16,22054 Benasque,Cerler,15.7,2.7,11.1,1.0,0.0,5.1
2023-06-17,22054 Benasque,Cerler,17.0,10.1,12.9,6.2,0.0,8.7
2023-06-18,22054 Benasque,Cerler,14.2,7.8,10.3,4.1,0.0,18.1
2023-06-19,22054 Benasque,Cerler,12.7,7.3,9.9,3.8,0.0,14.2
2023-06-20,22054 Benasque,Cerler,14.4,7.6,11.1,14.0,0.0,18.9
2023-06-21,22054 Benasque,Cerler,14.8,8.5,11.9,5.7,0.0,14.8
2023-06-22,22054 Benasque,Cerler,11.9,6.7,9.6,4.6,0.0,9.4
2023-06-23,22054 Benasque,Cerler,16.5,5.6,11.0,0.9,0.0,8.0
2023-06-24,22054 Benasque,Cerler,19.1,5.2,13.3,0.5,0.0,6.0
2023-06-25,22054 Benasque,Cerler,19.2,11.4,15.4,0.4,0.0,7.9
2023-06-26,22054 Benasque,Cerler,19.1,12.8,15.9,0.7,0.0,8.9
2023-06-27,22054 Benasque,Cerler,17.6,11.1,14.4,2.8,0.0,6.8
2023-06-28,22054 Benasque,Cerler,17.1,9.6,13.0,5.2,0.0,5.4
2023-06-29,22054 Benasque,Cerler,15.7,7.7,11.5,5.0,0.0,9.8
2023-06-30,22054 Benasque,Cerler,11.1,4.6,6.4,2.1,0.0,11.7
2023-07-01,22054 Benasque,Cerler,13.6,4.2,8.9,1.6,0.0,10.8
2023-07-02,22054 Benasque,Cerler,15.4,6.4,10.6,1.3,0.0,8.3
2023-07-03,22054 Benasque,Cerler,16.7,6.3,11.2,3.5,0.0,6.8
2023-07-04,22054 Benasque,Cerler,14.4,6.8,11.0,4.4,0.0,9.2
2023-07-05,22054 Benasque,Cerler,14.2,6.0,10.5,1.0,0.0,13.8
2023-07-06,22054 Benasque,Cerler,14.9,6.0,10.1,16.1,1.61,11.3
2023-07-07,22054 Benasque,Cerler,16.1,7.4,11.3,13.5,0.0,14.4
2023-07-08,22054 Benasque,Cerler,18.6,8.1,13.6,0.0,0.0,15.8
2023-07-09,22054 Benasque,Cerler,19.6,9.7,15.0,0.7,0.0,16.3
2023-07-10,22054 Benasque,Cerler,21.1,10.1,16.0,0.0,0.0,13.2
2023-07-11,22054 Benasque,Cerler,21.2,12.1,17.3,0.6,0.0,14.3
2023-07-12,22054 Benasque,Cerler,18.9,9.6,15.0,1.7,0.0,15.1
2023-07-13,22054 Benasque,Cerler,17.2,8.0,12.7,0.0,0.0,10.1
2023-07-14,22054 Benasque,Cerler,18.9,9.3,14.1,0.0,0.0,14.5
2023-07-15,22054 Benasque,Cerler,18.1,10.2,14.0,2.2,0.0,21.4
2023-07-16,22054 Benasque,Cerler,16.9,10.0,13.0,5.4,0.0,20.4
2023-07-17,22054 Benasque,Cerler,20.8,9.8,15.7,2.7,0.0,17.1
2023-07-18,22054 Benasque,Cerler,23.1,11.8,18.2,0.0,0.0,13.7
2023-07-19,22054 Benasque,Cerler,21.2,13.1,17.4,1.8,0.0,14.0
2023-07-20,22054 Benasque,Cerler,19.5,12.2,15.8,0.7,0.0,19.0
2023-07-21,22054 Benasque,Cerler,15.6,8.0,11.5,2.0,0.0,8.7
2023-07-22,22054 Benasque,Cerler,15.7,6.9,11.4,0.4,0.0,14.0
2023-07-23,22054 Benasque,Cerler,18.2,7.1,12.8,1.3,0.0,18.5
2023-07-24,22054 Benasque,Cerler,17.9,8.0,13.3,8.7,0.0,15.3
2023-07-25,22054 Benasque,Cerler,12.3,5.0,7.4,1.4,0.0,13.4
2023-07-26,22054 Benasque,Cerler,16.2,2.8,9.1,0.0,0.0,9.4
2023-07-27,22054 Benasque,Cerler,17.8,8.2,12.5,6.0,0.0,12.6
2023-07-28,22054 Benasque,Cerler,17.0,9.2,13.3,0.0,0.0,14.7
2023-07-29,22054 Benasque,Cerler,18.4,10.5,14.1,1.3,0.0,12.5
2023-07-30,22054 Benasque,Cerler,18.3,10.3,14.4,0.2,0.0,12.4
2023-07-31,22054 Benasque,Cerler,19.8,10.4,14.7,0.0,0.0,7.5
2023-08-01,22054 Benasque,Cerler,18.4,10.1,13.5,0.0,0.0,11.4
2023-08-02,22054 Benasque,Cerler,20.0,9.1,14.6,0.0,0.0,16.4
2023-08-03,22054 Benasque,Cerler,11.8,4.0,8.1,1.7,0.0,12.8
2023-08-04,22054 Benasque,Cerler,7.3,2.3,4.3,1.8,0.0,19.1
2023-08-05,22054 Benasque,Cerler,16.0,0.8,8.1,0.0,0.0,15.2
2023-08-06,22054 Benasque,Cerler,14.0,2.0,7.8,0.0,0.0,12.3
2023-08-07,22054 Benasque,Cerler,17.0,3.5,10.4,0.0,0.0,8.7
2023-08-08,22054 Benasque,Cerler,20.0,7.1,14.0,0.0,0.0,9.2
2023-08-09,22054 Benasque,Cerler,23.9,12.0,18.3,0.9,0.0,8.7
2023-08-10,22054 Benasque,Cerler,22.6,10.1,17.7,0.9,0.0,11.9
2023-08-11,22054 Benasque,Cerler,22.4,11.6,16.8,0.0,0.0,8.1
2023-08-12,22054 Benasque,Cerler,20.4,12.5,16.8,1.0,0.0,11.9
2023-08-13,22054 Benasque,Cerler,20.3,10.2,15.3,0.6,0.0,16.8
2023-08-14,22054 Benasque,Cerler,18.7,9.6,13.9,2.5,0.0,14.8
2023-08-15,22054 Benasque,Cerler,19.4,9.1,13.9,1.2,0.0,16.2
2023-08-16,22054 Benasque,Cerler,18.0,9.9,13.7,2.5,0.0,14.0
2023-08-17,22054 Benasque,Cerler,20.9,10.2,16.2,0.3,0.0,13.4
2023-08-18,22054 Benasque,Cerler,21.0,13.1,17.4,0.2,0.0,13.2
2023-08-19,22054 Benasque,Cerler,23.0,14.7,18.4,0.0,0.0,8.6
2023-08-20,22054 Benasque,Cerler,23.4,15.8,18.8,1.8,0.0,7.1
2023-08-21,22054 Benasque,Cerler,23.3,14.8,18.7,4.4,0.0,7.1
2023-08-22,22054 Benasque,Cerler,24.1,16.6,19.1,3.0,0.0,9.0
2023-08-23,22054 Benasque,Cerler,23.5,16.6,19.2,1.7,0.0,9.5
2023-08-24,22054 Benasque,Cerler,23.2,13.6,19.3,0.2,0.0,9.9
2023-08-25,22054 Benasque,Cerler,21.1,11.7,17.1,0.4,0.0,16.5
2023-08-26,22054 Benasque,Cerler,13.9,9.2,11.2,56.2,0.0,17.5
2023-08-27,22054 Benasque,Cerler,8.8,2.2,4.2,12.6,0.0,22.5
2023-08-28,22054 Benasque,Cerler,7.8,2.2,4.5,13.0,0.0,21.9
2023-08-29,22054 Benasque,Cerler,8.4,1.0,4.8,0.4,0.0,18.8
2023-08-30,22054 Benasque,Cerler,11.6,0.8,5.9,0.6,0.0,9.9
2023-08-31,22054 Benasque,Cerler,14.9,3.7,9.1,0.1,0.0,7.8
2023-09-01,22054 Benasque,Cerler,15.0,6.4,10.4,0.2,0.0,12.8
2023-09-02,22054 Benasque,Cerler,12.4,6.7,8.7,10.9,0.0,15.2
2023-09-03,22054 Benasque,Cerler,16.1,5.8,10.8,1.7,0.0,15.8
2023-09-04,22054 Benasque,Cerler,18.7,10.8,14.3,0.0,0.0,20.5
2023-09-05,22054 Benasque,Cerler,17.9,7.8,13.2,0.0,0.0,14.0
2023-09-06,22054 Benasque,Cerler,18.3,10.6,14.6,1.1,0.0,7.6
2023-09-07,22054 Benasque,Cerler,18.2,11.6,14.2,0.2,0.0,6.5
2023-09-08,22054 Benasque,Cerler,17.4,11.1,13.9,0.4,0.0,6.9
2023-09-09,22054 Benasque,Cerler,18.9,11.3,14.8,0.4,0.0,9.2
2023-09-10,22054 Benasque,Cerler,18.1,10.1,14.7,1.6,0.0,16.6
2023-09-11,22054 Benasque,Cerler,16.1,8.0,12.4,1.3,0.0,13.7
2023-09-12,22054 Benasque,Cerler,13.1,6.9,9.4,9.3,0.0,10.5
2023-09-13,22054 Benasque,Cerler,11.7,5.3,8.1,7.6,0.0,6.1
2023-09-14,22054 Benasque,Cerler,13.6,4.2,9.3,0.9,0.0,7.4
2023-09-15,22054 Benasque,Cerler,12.2,5.2,8.7,7.4,0.0,12.6
2023-09-16,22054 Benasque,Cerler,13.1,6.1,8.9,1.4,0.0,18.4
2023-09-17,22054 Benasque,Cerler,11.8,5.6,8.7,14.7,0.0,18.4
2023-09-18,22054 Benasque,Cerler,11.6,4.8,8.2,1.8,0.0,13.5
2023-09-19,22054 Benasque,Cerler,12.4,3.3,7.9,0.0,0.0,12.0
2023-09-20,22054 Benasque,Cerler,12.1,3.3,8.4,1.2,0.0,8.4
2023-09-21,22054 Benasque,Cerler,10.2,4.2,6.3,4.4,0.0,13.8
2023-09-22,22054 Benasque,Cerler,7.5,1.5,4.1,4.1,0.91,6.7
2023-09-23,22054 Benasque,Cerler,9.6,-2.8,3.1,0.0,0.0,8.6
2023-09-24,22054 Benasque,Cerler,16.1,3.8,11.1,0.0,0.0,7.2
2023-09-25,22054 Benasque,Cerler,15.9,7.4,11.2,0.0,0.0,9.7
2023-09-26,22054 Benasque,Cerler,15.0,7.1,11.2,0.0,0.0,9.2
2023-09-27,22054 Benasque,Cerler,16.6,8.4,12.1,0.0,0.0,7.6
2023-09-28,22054 Benasque,Cerler,17.0,9.5,12.6,0.0,0.0,7.9
2023-09-29,22054 Benasque,Cerler,18.0,10.6,13.5,0.0,0.0,7.6
2023-09-30,22054 Benasque,Cerler,18.1,10.1,13.3,0.0,0.0,6.5
2023-10-01,22054 Benasque,Cerler,20.1,12.4,15.5,0.0,0.0,4.7
2023-10-02,22054 Benasque,Cerler,18.4,11.1,15.0,0.4,0.0,7.5
2023-10-03,22054 Benasque,Cerler,18.4,8.8,13.0,0.0,0.0,6.8
2023-10-04,22054 Benasque,Cerler,15.6,6.1,10.9,0.6,0.0,8.7
2023-10-05,22054 Benasque,Cerler,17.0,8.4,12.1,0.0,0.0,6.9
2023-10-06,22054 Benasque,Cerler,17.1,9.9,12.8,0.0,0.0,7.9
2023-10-07,22054 Benasque,Cerler,17.6,9.6,13.0,0.0,0.0,4.5
2023-10-08,22054 Benasque,Cerler,17.8,8.9,13.5,0.0,0.0,9.7
2023-10-09,22054 Benasque,Cerler,16.9,9.6,13.0,0.0,0.0,5.5
2023-10-10,22054 Benasque,Cerler,16.4,9.2,11.7,0.0,0.0,7.6
2023-10-11,22054 Benasque,Cerler,15.6,8.5,11.2,0.0,0.0,9.8
2023-10-12,22054 Benasque,Cerler,15.1,7.9,10.8,0.0,0.0,7.8
2023-10-13,22054 Benasque,Cerler,14.9,4.7,10.1,0.0,0.0,10.2
2023-10-14,22054 Benasque,Cerler,10.4,5.8,7.9,2.4,0.0,9.3
2023-10-15,22054 Benasque,Cerler,10.6,4.8,7.1,3.6,0.0,6.8
2023-10-16,22054 Benasque,Cerler,10.1,5.0,6.8,5.2,0.0,8.7
2023-10-17,22054 Benasque,Cerler,10.5,5.0,7.3,1.5,0.0,18.3
2023-10-18,22054 Benasque,Cerler,8.6,5.5,7.2,20.0,0.0,21.7
2023-10-19,22054 Benasque,Cerler,5.9,4.3,5.3,57.9,0.0,25.2
2023-10-20,22054 Benasque,Cerler,4.8,0.2,2.2,6.2,0.49,16.2
2023-10-21,22054 Benasque,Cerler,3.8,-2.0,0.8,0.9,0.56,7.7
2023-10-22,22054 Benasque,Cerler,3.0,-4.8,-0.1,0.3,0.14,14.1
2023-10-23,22054 Benasque,Cerler,6.1,0.6,3.4,37.9,2.03,18.8
2023-10-24,22054 Benasque,Cerler,4.1,0.1,2.2,12.2,3.22,10.7
2023-10-25,22054 Benasque,Cerler,7.3,1.1,3.5,0.1,0.0,9.4
2023-10-26,22054 Benasque,Cerler,6.6,2.0,4.8,30.3,0.07,17.4
2023-10-27,22054 Benasque,Cerler,2.5,-1.7,0.8,0.9,0.35,14.0
2023-10-28,22054 Benasque,Cerler,3.2,-2.0,0.8,1.6,0.14,15.8
2023-10-29,22054 Benasque,Cerler,4.0,2.2,2.7,9.9,0.0,21.5
2023-10-30,22054 Benasque,Cerler,2.8,-2.8,1.3,17.8,4.76,22.4
2023-10-31,22054 Benasque,Cerler,4.4,-4.9,0.0,0.0,0.0,9.4
2023-11-01,22054 Benasque,Cerler,2.5,-3.2,-0.3,5.5,1.19,14.2
2023-11-02,22054 Benasque,Cerler,3.5,-6.8,0.5,37.3,6.72,16.5
2023-11-03,22054 Benasque,Cerler,-1.1,-6.5,-3.9,4.2,2.87,15.0
2023-11-04,22054 Benasque,Cerler,0.3,-6.2,-1.7,20.4,8.26,15.0
2023-11-05,22054 Benasque,Cerler,-0.2,-5.0,-3.2,0.2,0.07,9.2
2023-11-06,22054 Benasque,Cerler,0.4,-6.3,-3.3,0.0,0.0,8.6
2023-11-07,22054 Benasque,Cerler,-0.9,-6.4,-4.1,0.2,0.14,8.2
2023-11-08,22054 Benasque,Cerler,1.5,-5.8,-2.4,0.0,0.0,10.9
2023-11-09,22054 Benasque,Cerler,0.5,-3.8,-0.9,8.6,5.67,10.5
2023-11-10,22054 Benasque,Cerler,1.3,-3.5,-1.5,1.0,0.56,7.9
2023-11-11,22054 Benasque,Cerler,6.1,-2.8,1.9,1.8,0.07,8.2
2023-11-12,22054 Benasque,Cerler,7.4,2.8,4.3,1.3,0.0,7.6
2023-11-13,22054 Benasque,Cerler,11.3,4.7,7.4,0.0,0.0,9.0
2023-11-14,22054 Benasque,Cerler,11.4,4.2,7.7,0.3,0.0,8.9
2023-11-15,22054 Benasque,Cerler,8.9,1.2,4.3,0.2,0.07,7.7
2023-11-16,22054 Benasque,Cerler,9.9,0.8,4.4,0.5,0.0,9.2
2023-11-17,22054 Benasque,Cerler,4.9,-2.5,1.5,0.0,0.0,9.6
2023-11-18,22054 Benasque,Cerler,12.0,7.1,9.3,0.0,0.0,9.1
2023-11-19,22054 Benasque,Cerler,12.3,5.3,8.6,0.0,0.0,10.0
2023-11-20,22054 Benasque,Cerler,8.1,0.6,4.7,1.7,0.14,9.2
2023-11-21,22054 Benasque,Cerler,-0.2,-3.5,-2.4,13.5,8.68,25.6
2023-11-22,22054 Benasque,Cerler,-3.3,-6.7,-4.6,12.8,7.77,27.6
2023-11-23,22054 Benasque,Cerler,-0.6,-10.9,-5.2,0.0,0.0,20.6
2023-11-24,22054 Benasque,Cerler,3.3,-3.5,-0.4,0.0,0.0,16.3
2023-11-25,22054 Benasque,Cerler,-0.3,-5.8,-2.8,0.0,0.0,13.0
2023-11-26,22054 Benasque,Cerler,6.7,0.2,3.1,0.0,0.0,9.2
2023-11-27,22054 Benasque,Cerler,5.2,-1.9,1.5,2.3,1.54,7.9
2023-11-28,22054 Benasque,Cerler,-0.4,-5.4,-2.3,2.4,1.33,14.8
2023-11-29,22054 Benasque,Cerler,1.5,-3.3,-0.0,3.3,0.14,8.5
2023-11-30,22054 Benasque,Cerler,3.2,0.8,1.7,38.6,0.49,15.6
2023-12-01,22054 Benasque,Cerler,2.8,-5.4,-0.6,35.3,17.01,11.9
2023-12-02,22054 Benasque,Cerler,-5.1,-11.6,-6.5,1.6,0.98,14.4
2023-12-03,22054 Benasque,Cerler,-1.9,-14.3,-7.2,0.1,0.07,14.4
2023-12-04,22054 Benasque,Cerler,-2.1,-8.1,-4.4,3.5,2.1,11.7
2023-12-05,22054 Benasque,Cerler,-4.0,-7.6,-5.9,2.9,2.03,9.7
2023-12-06,22054 Benasque,Cerler,1.1,-6.8,-2.6,0.0,0.0,7.0
2023-12-07,22054 Benasque,Cerler,2.5,-1.2,0.7,1.2,0.07,10.7
2023-12-08,22054 Benasque,Cerler,0.4,-4.9,-2.3,4.5,2.52,15.1
2023-12-09,22054 Benasque,Cerler,5.2,-6.7,0.0,0.7,0.0,10.8
2023-12-10,22054 Benasque,Cerler,7.8,-3.3,3.5,0.3,0.14,8.4
2023-12-11,22054 Benasque,Cerler,8.2,4.6,6.3,0.0,0.0,9.1
2023-12-12,22054 Benasque,Cerler,7.2,-1.1,1.7,1.2,0.0,11.5
2023-12-13,22054 Benasque,Cerler,0.9,-4.8,-1.9,5.7,3.57,11.5
2023-12-14,22054 Benasque,Cerler,-4.0,-7.8,-6.4,21.1,14.49,21.6
2023-12-15,22054 Benasque,Cerler,-2.0,-9.9,-4.5,2.5,0.91,21.0
2023-12-16,22054 Benasque,Cerler,6.2,-11.0,-1.5,0.0,0.0,17.2
2023-12-17,22054 Benasque,Cerler,6.4,3.3,5.1,0.0,0.0,10.9
2023-12-18,22054 Benasque,Cerler,6.4,1.9,4.2,0.0,0.0,9.1
2023-12-19,22054 Benasque,Cerler,6.5,3.2,4.6,0.0,0.0,9.5
2023-12-20,22054 Benasque,Cerler,4.0,-7.4,-3.3,4.9,2.66,24.9
2023-12-21,22054 Benasque,Cerler,0.8,-5.3,-2.2,0.3,0.0,22.4
2023-12-22,22054 Benasque,Cerler,0.2,-2.8,-1.5,0.2,0.0,19.5
2023-12-23,22054 Benasque,Cerler,4.2,-4.7,-0.5,0.0,0.0,9.7
2023-12-24,22054 Benasque,Cerler,9.0,3.7,5.8,0.0,0.0,8.3
2023-12-25,22054 Benasque,Cerler,7.7,2.8,5.4,0.0,0.0,8.3
2023-12-26,22054 Benasque,Cerler,6.2,2.9,4.3,0.0,0.0,7.0
2023-12-27,22054 Benasque,Cerler,4.0,-0.9,1.7,0.0,0.0,9.2
2023-12-28,22054 Benasque,Cerler,5.6,1.0,3.6,0.0,0.0,9.7
2023-12-29,22054 Benasque,Cerler,5.2,0.2,2.9,0.6,0.42,7.9
2023-12-30,22054 Benasque,Cerler,2.5,-5.6,-0.6,0.0,0.0,10.9
2023-12-31,22054 Benasque,Cerler,-1.1,-6.1,-3.1,1.3,0.7,12.8
2024-01-01,22054 Benasque,Cerler,0.1,-5.9,-3.4,0.4,0.28,7.1
2024-01-02,22054 Benasque,Cerler,3.7,-4.9,-0.6,0.6,0.21,12.2
2024-01-03,22054 Benasque,Cerler,3.0,-3.0,0.4,1.3,0.21,8.6
2024-01-04,22054 Benasque,Cerler,2.5,-2.7,-0.2,0.4,0.07,15.5
2024-01-05,22054 Benasque,Cerler,-1.8,-6.4,-3.8,7.6,5.18,16.6
2024-01-06,22054 Benasque,Cerler,-6.3,-9.1,-7.7,6.1,4.13,20.5
2024-01-07,22054 Benasque,Cerler,-9.6,-10.8,-10.3,5.5,3.78,20.4
2024-01-08,22054 Benasque,Cerler,-10.4,-15.1,-12.1,0.1,0.07,21.3
2024-01-09,22054 Benasque,Cerler,-3.1,-8.6,-5.5,0.0,0.0,8.4
2024-01-10,22054 Benasque,Cerler,-4.0,-8.4,-6.1,3.8,2.66,10.2
2024-01-11,22054 Benasque,Cerler,-4.2,-10.4,-7.3,1.3,0.91,7.1
2024-01-12,22054 Benasque,Cerler,2.1,-8.9,-2.6,0.0,0.0,6.3
2024-01-13,22054 Benasque,Cerler,7.3,-0.3,3.5,0.0,0.0,6.9
2024-01-14,22054 Benasque,Cerler,4.8,-0.2,2.2,1.5,0.0,7.4
2024-01-15,22054 Benasque,Cerler,4.8,-3.0,0.7,3.5,1.82,6.3
2024-01-16,22054 Benasque,Cerler,4.8,-2.2,0.7,2.2,0.0,9.7
2024-01-17,22054 Benasque,Cerler,1.0,-1.5,0.1,28.7,15.4,18.0
2024-01-18,22054 Benasque,Cerler,-0.4,-3.2,-1.8,2.4,1.61,14.0
2024-01-19,22054 Benasque,Cerler,-2.0,-6.1,-4.4,7.5,5.18,6.5
2024-01-20,22054 Benasque,Cerler,-0.1,-13.4,-6.1,0.0,0.0,15.9
2024-01-21,22054 Benasque,Cerler,3.4,-6.4,-1.1,0.0,0.0,13.3
2024-01-22,22054 Benasque,Cerler,8.7,0.8,4.2,0.0,0.0,8.5
2024-01-23,22054 Benasque,Cerler,6.3,-2.3,2.7,0.0,0.0,11.3
2024-01-24,22054 Benasque,Cerler,11.1,4.8,8.6,0.0,0.0,6.2
2024-01-25,22054 Benasque,Cerler,12.6,7.2,9.2,0.0,0.0,5.9
2024-01-26,22054 Benasque,Cerler,9.6,4.4,8.1,0.0,0.0,7.9
2024-01-27,22054 Benasque,Cerler,11.1,5.4,7.9,0.0,0.0,6.2
2024-01-28,22054 Benasque,Cerler,8.3,-0.1,5.5,0.0,0.0,11.3
2024-01-29,22054 Benasque,Cerler,5.9,1.8,3.5,0.0,0.0,7.3
2024-01-30,22054 Benasque,Cerler,7.2,2.3,4.6,0.0,0.0,6.2
2024-01-31,22054 Benasque,Cerler,7.2,0.1,4.5,0.0,0.0,8.2
2024-02-01,22054 Benasque,Cerler,4.2,-5.9,-0.5,0.0,0.0,13.0
2024-02-02,22054 Benasque,Cerler,4.9,-2.6,0.5,0.0,0.0,10.5
2024-02-03,22054 Benasque,Cerler,8.9,3.5,6.0,0.0,0.0,7.4
2024-02-04,22054 Benasque,Cerler,9.0,4.5,6.3,0.0,0.0,6.2
2024-02-05,22054 Benasque,Cerler,8.6,3.7,6.1,0.0,0.0,6.0
2024-02-06,22054 Benasque,Cerler,5.7,-0.9,2.8,1.7,0.91,5.4
2024-02-07,22054 Benasque,Cerler,4.5,-0.7,1.5,0.0,0.0,8.0
2024-02-08,22054 Benasque,Cerler,2.5,-2.8,-0.0,9.8,6.86,20.5
2024-02-09,22054 Benasque,Cerler,-0.6,-3.5,-2.4,15.3,10.64,15.5
2024-02-10,22054 Benasque,Cerler,-1.2,-10.4,-4.4,15.5,10.71,15.7
2024-02-11,22054 Benasque,Cerler,-3.7,-9.6,-6.7,3.3,2.31,10.1
2024-02-12,22054 Benasque,Cerler,0.0,-8.6,-4.3,2.1,1.47,20.9
2024-02-13,22054 Benasque,Cerler,4.2,-8.1,0.1,0.0,0.0,9.2
2024-02-14,22054 Benasque,Cerler,5.2,-0.1,2.5,0.0,0.0,9.7
2024-02-15,22054 Benasque,Cerler,6.1,0.9,3.5,0.2,0.0,13.2
2024-02-16,22054 Benasque,Cerler,1.8,-3.2,-1.1,20.4,11.62,14.2
2024-02-17,22054 Benasque,Cerler,1.6,-9.1,-2.4,1.4,0.98,14.1
2024-02-18,22054 Benasque,Cerler,5.2,-3.2,2.0,0.0,0.0,11.2
2024-02-19,22054 Benasque,Cerler,1.1,-6.4,-0.9,2.8,0.98,15.2
2024-02-20,22054 Benasque,Cerler,4.7,-8.4,-2.2,0.0,0.0,14.2
2024-02-21,22054 Benasque,Cerler,7.0,1.6,4.2,0.1,0.0,7.6
2024-02-22,22054 Benasque,Cerler,4.9,-5.2,0.6,6.1,4.13,16.1
2024-02-23,22054 Benasque,Cerler,-3.8,-10.8,-6.9,8.9,6.23,10.4
2024-02-24,22054 Benasque,Cerler,-4.9,-10.9,-7.7,1.2,0.84,9.1
2024-02-25,22054 Benasque,Cerler,-1.2,-9.4,-4.5,18.4,12.88,12.5
2024-02-26,22054 Benasque,Cerler,-1.4,-7.0,-3.9,3.8,2.1,10.9
2024-02-27,22054 Benasque,Cerler,-5.2,-7.8,-6.3,22.2,14.91,23.8
2024-02-28,22054 Benasque,Cerler,-5.3,-9.9,-7.2,2.9,1.47,29.6
2024-02-29,22054 Benasque,Cerler,2.2,-12.3,-3.1,1.1,0.63,13.3
2024-03-01,22054 Benasque,Cerler,-0.8,-9.4,-5.0,4.6,3.22,18.4
2024-03-02,22054 Benasque,Cerler,-3.8,-4.7,-4.4,49.8,34.72,21.9
2024-03-03,22054 Benasque,Cerler,-4.8,-9.4,-7.9,18.3,12.81,22.7
2024-03-04,22054 Benasque,Cerler,1.2,-11.7,-4.8,0.0,0.0,16.0
2024-03-05,22054 Benasque,Cerler,-2.4,-8.9,-5.7,0.3,0.14,8.0
2024-03-06,22054 Benasque,Cerler,-0.3,-9.1,-3.6,0.0,0.0,7.2
2024-03-07,22054 Benasque,Cerler,-0.6,-8.1,-4.2,0.3,0.28,20.3
2024-03-08,22054 Benasque,Cerler,-4.3,-5.9,-4.9,29.3,20.37,20.2
2024-03-09,22054 Benasque,Cerler,-4.5,-7.4,-5.4,41.8,29.19,22.5
2024-03-10,22054 Benasque,Cerler,-3.0,-13.4,-7.3,2.2,1.54,11.3
2024-03-11,22054 Benasque,Cerler,-2.9,-9.6,-5.3,3.0,2.1,16.2
2024-03-12,22054 Benasque,Cerler,0.2,-10.9,-4.2,0.2,0.14,16.9
2024-03-13,22054 Benasque,Cerler,6.4,-1.4,1.9,0.0,0.0,6.7
2024-03-14,22054 Benasque,Cerler,3.8,-0.2,2.1,0.1,0.0,7.6
2024-03-15,22054 Benasque,Cerler,3.9,-0.8,1.0,0.0,0.0,8.2
2024-03-16,22054 Benasque,Cerler,5.7,-6.1,1.1,0.0,0.0,9.3
2024-03-17,22054 Benasque,Cerler,8.2,1.5,4.3,0.0,0.0,10.0
2024-03-18,22054 Benasque,Cerler,7.5,1.0,4.0,0.2,0.0,8.6
2024-03-19,22054 Benasque,Cerler,7.0,-1.2,3.0,0.1,0.0,8.0
2024-03-20,22054 Benasque,Cerler,5.8,-0.5,3.0,0.0,0.0,9.9
2024-03-21,22054 Benasque,Cerler,9.2,3.7,6.1,0.1,0.0,6.8
2024-03-22,22054 Benasque,Cerler,10.7,5.1,7.4,0.0,0.0,6.3
2024-03-23,22054 Benasque,Cerler,8.2,0.0,3.9,0.3,0.0,9.4
2024-03-24,22054 Benasque,Cerler,4.4,-1.6,1.7,0.0,0.0,9.4
2024-03-25,22054 Benasque,Cerler,0.3,-4.5,-1.7,7.5,5.25,11.9
2024-03-26,22054 Benasque,Cerler,-1.1,-7.8,-3.1,29.7,19.88,10.7
2024-03-27,22054 Benasque,Cerler,-3.3,-16.5,-8.4,4.8,3.22,21.2
2024-03-28,22054 Benasque,Cerler,-0.6,-5.7,-3.2,19.2,12.74,26.2
2024-03-29,22054 Benasque,Cerler,0.8,-2.0,-0.2,56.6,33.67,18.0
2024-03-30,22054 Benasque,Cerler,-1.8,-9.3,-4.1,12.5,8.54,19.1
2024-03-31,22054 Benasque,Cerler,-3.0,-5.4,-4.0,35.5,24.57,17.2
2024-04-01,22054 Benasque,Cerler,-2.3,-15.2,-7.4,0.6,0.42,13.8
2024-04-02,22054 Benasque,Cerler,-0.2,-13.6,-4.9,2.2,1.54,16.2
2024-04-03,22054 Benasque,Cerler,2.5,-2.3,-0.1,0.6,0.35,8.9
2024-04-04,22054 Benasque,Cerler,4.4,-5.2,0.2,0.0,0.0,14.8
2024-04-05,22054 Benasque,Cerler,6.6,-2.1,2.7,0.0,0.0,15.8
2024-04-06,22054 Benasque,Cerler,7.8,-1.4,4.5,0.0,0.0,18.1
2024-04-07,22054 Benasque,Cerler,5.7,0.9,3.8,1.8,0.14,14.6
2024-04-08,22054 Benasque,Cerler,8.2,-0.6,3.4,11.1,3.57,18.9
2024-04-09,22054 Benasque,Cerler,-0.1,-5.4,-3.5,3.7,2.59,18.7
2024-04-10,22054 Benasque,Cerler,-0.2,-6.8,-3.8,0.0,0.0,23.4
2024-04-11,22054 Benasque,Cerler,6.9,-4.4,0.3,0.0,0.0,24.6
2024-04-12,22054 Benasque,Cerler,13.9,1.8,8.1,0.0,0.0,10.2
2024-04-13,22054 Benasque,Cerler,15.9,8.1,11.5,0.0,0.0,9.3
2024-04-14,22054 Benasque,Cerler,15.6,9.2,11.7,0.0,0.0,6.6
2024-04-15,22054 Benasque,Cerler,10.8,2.7,7.6,2.7,0.0,7.6
2024-04-16,22054 Benasque,Cerler,5.2,-3.2,0.9,0.0,0.0,15.6
2024-04-17,22054 Benasque,Cerler,2.7,-4.6,-1.8,0.0,0.0,16.3
2024-04-18,22054 Benasque,Cerler,-1.1,-6.3,-4.3,1.6,0.98,22.6
2024-04-19,22054 Benasque,Cerler,7.6,-7.2,1.2,0.0,0.0,14.5
2024-04-20,22054 Benasque,Cerler,5.2,-3.5,1.1,0.0,0.0,12.1
2024-04-21,22054 Benasque,Cerler,5.0,-4.4,0.5,0.0,0.0,12.6
2024-04-22,22054 Benasque,Cerler,-4.1,-8.2,-6.0,1.2,0.77,21.0
2024-04-23,22054 Benasque,Cerler,-6.1,-9.6,-8.2,5.1,3.57,20.7
2024-04-24,22054 Benasque,Cerler,-1.9,-9.4,-5.6,1.0,0.7,18.1
2024-04-25,22054 Benasque,Cerler,1.4,-6.0,-2.4,5.4,3.78,9.4
2024-04-26,22054 Benasque,Cerler,1.5,-4.9,-1.7,10.7,7.49,13.0
2024-04-27,22054 Benasque,Cerler,-0.1,-2.3,-1.0,67.9,46.55,16.9
2024-04-28,22054 Benasque,Cerler,1.9,-6.2,-1.9,1.0,0.7,12.0
2024-04-29,22054 Benasque,Cerler,0.0,-3.0,-1.4,10.8,7.49,6.6
2024-04-30,22054 Benasque,Cerler,2.8,-1.5,0.9,4.4,2.52,6.2
2024-05-01,22054 Benasque,Cerler,1.5,-7.3,-2.4,7.4,4.83,9.4
2024-05-02,22054 Benasque,Cerler,-0.6,-7.3,-3.9,0.5,0.35,9.4
2024-05-03,22054 Benasque,Cerler,1.9,-7.2,-2.6,0.0,0.0,10.7
2024-05-04,22054 Benasque,Cerler,5.1,-2.2,1.9,1.3,0.63,9.7
2024-05-05,22054 Benasque,Cerler,6.9,-0.9,3.4,9.7,0.0,14.0
2024-05-06,22054 Benasque,Cerler,5.7,-1.0,2.5,7.0,1.33,8.8
2024-05-07,22054 Benasque,Cerler,3.2,-3.8,-0.7,8.4,5.88,14.5
2024-05-08,22054 Benasque,Cerler,3.9,-2.2,0.5,0.5,0.14,18.1
2024-05-09,22054 Benasque,Cerler,11.7,-4.6,5.6,0.0,0.0,9.6
2024-05-10,22054 Benasque,Cerler,13.1,2.0,7.2,0.4,0.0,9.0
2024-05-11,22054 Benasque,Cerler,13.4,4.8,8.7,3.6,0.0,12.6
2024-05-12,22054 Benasque,Cerler,10.8,5.3,7.8,1.3,0.0,9.3
2024-05-13,22054 Benasque,Cerler,10.9,2.6,6.7,4.1,0.0,17.5
2024-05-14,22054 Benasque,Cerler,5.6,-1.0,2.4,25.4,9.52,8.8
2024-05-15,22054 Benasque,Cerler,3.7,-4.2,-0.3,5.4,3.71,7.9
2024-05-16,22054 Benasque,Cerler,1.9,-4.0,-0.9,7.5,5.18,11.0
2024-05-17,22054 Benasque,Cerler,2.9,-2.7,0.3,10.2,6.02,11.2
2024-05-18,22054 Benasque,Cerler,6.6,-2.3,2.0,4.6,2.45,10.7
2024-05-19,22054 Benasque,Cerler,5.0,-0.4,2.2,20.0,9.38,10.0
2024-05-20,22054 Benasque,Cerler,5.7,-3.2,1.1,4.4,1.26,9.0
2024-05-21,22054 Benasque,Cerler,5.9,-3.2,1.6,2.6,1.47,7.6
2024-05-22,22054 Benasque,Cerler,6.1,-2.2,2.1,5.0,1.96,11.2
2024-05-23,22054 Benasque,Cerler,7.3,-3.0,2.7,0.3,0.21,9.6
2024-05-24,22054 Benasque,Cerler,6.6,0.5,3.7,7.3,3.5,10.3
2024-05-25,22054 Benasque,Cerler,11.6,-1.2,5.9,0.2,0.0,9.9
2024-05-26,22054 Benasque,Cerler,12.5,5.6,9.0,1.0,0.0,15.2
2024-05-27,22054 Benasque,Cerler,9.9,3.9,7.1,10.5,0.0,7.1
2024-05-28,22054 Benasque,Cerler,13.8,1.9,8.2,1.2,0.0,7.6
2024-05-29,22054 Benasque,Cerler,14.6,5.4,9.7,0.8,0.0,5.9
2024-05-30,22054 Benasque,Cerler,13.6,1.9,8.1,15.7,0.0,11.9
2024-05-31,22054 Benasque,Cerler,6.6,-1.0,2.6,0.0,0.0,10.7
2024-06-01,22054 Benasque,Cerler,6.1,0.6,2.7,0.2,0.0,11.8
2024-06-02,22054 Benasque,Cerler,8.9,0.9,4.3,0.0,0.0,10.9
2024-06-03,22054 Benasque,Cerler,9.8,0.8,5.7,5.1,0.28,6.6
2024-06-04,22054 Benasque,Cerler,12.8,1.1,7.7,0.7,0.0,8.7
2024-06-05,22054 Benasque,Cerler,15.6,5.4,10.9,1.0,0.0,10.6
2024-06-06,22054 Benasque,Cerler,16.9,8.0,12.8,0.3,0.0,14.9
2024-06-07,22054 Benasque,Cerler,17.5,8.3,13.0,0.7,0.0,13.7
2024-06-08,22054 Benasque,Cerler,17.8,8.6,12.9,8.0,0.0,11.2
2024-06-09,22054 Benasque,Cerler,8.8,5.0,7.3,3.9,0.0,14.5
2024-06-10,22054 Benasque,Cerler,8.7,2.7,5.2,7.9,0.0,8.9
2024-06-11,22054 Benasque,Cerler,6.7,2.7,4.4,2.9,0.0,10.7
2024-06-12,22054 Benasque,Cerler,4.8,0.3,2.3,9.2,3.78,11.9
2024-06-13,22054 Benasque,Cerler,10.9,-3.8,4.8,0.0,0.0,11.2
2024-06-14,22054 Benasque,Cerler,13.1,3.8,9.0,1.8,0.0,17.6
2024-06-15,22054 Benasque,Cerler,12.2,6.3,9.1,12.0,0.0,14.2
2024-06-16,22054 Benasque,Cerler,12.8,4.2,8.6,0.7,0.0,14.3
2024-06-17,22054 Benasque,Cerler,14.9,4.3,10.2,0.1,0.0,16.8
2024-06-18,22054 Benasque,Cerler,14.5,6.6,10.1,4.7,0.0,18.4
2024-06-19,22054 Benasque,Cerler,13.2,6.3,9.3,16.7,0.0,18.6
2024-06-20,22054 Benasque,Cerler,8.0,2.5,5.6,48.6,5.95,12.1
2024-06-21,22054 Benasque,Cerler,10.4,0.1,6.0,2.0,0.0,8.4
2024-06-22,22054 Benasque,Cerler,13.1,4.8,8.0,1.0,0.0,8.9
2024-06-23,22054 Benasque,Cerler,10.1,3.8,6.2,0.2,0.0,14.1
2024-06-24,22054 Benasque,Cerler,14.1,1.9,8.7,0.0,0.0,9.4
2024-06-25,22054 Benasque,Cerler,16.2,6.3,11.2,2.4,0.0,7.8
2024-06-26,22054 Benasque,Cerler,16.8,9.6,13.2,9.3,0.0,6.6
2024-06-27,22054 Benasque,Cerler,18.8,11.8,15.0,0.6,0.0,9.7
2024-06-28,22054 Benasque,Cerler,18.9,9.8,14.9,0.0,0.0,13.9
2024-06-29,22054 Benasque,Cerler,13.1,7.9,10.4,6.2,0.0,14.0
2024-06-30,22054 Benasque,Cerler,12.0,5.4,9.4,7.8,0.0,13.3
2024-07-01,22054 Benasque,Cerler,10.6,5.6,7.7,0.0,0.0,14.2
2024-07-02,22054 Benasque,Cerler,11.6,1.9,6.9,0.0,0.0,11.5
2024-07-03,22054 Benasque,Cerler,13.9,2.8,8.0,0.0,0.0,11.9
2024-07-04,22054 Benasque,Cerler,18.3,6.3,13.0,0.0,0.0,9.0
2024-07-05,22054 Benasque,Cerler,18.4,9.2,14.0,0.3,0.0,13.7
2024-07-06,22054 Benasque,Cerler,14.6,6.4,11.1,35.2,0.0,15.2
2024-07-07,22054 Benasque,Cerler,13.9,5.8,9.7,1.4,0.0,13.0
2024-07-08,22054 Benasque,Cerler,15.8,6.2,11.3,0.0,0.0,13.6
2024-07-09,22054 Benasque,Cerler,16.3,7.3,12.5,0.2,0.0,14.9
2024-07-10,22054 Benasque,Cerler,18.2,9.1,14.0,0.0,0.0,13.2
2024-07-11,22054 Benasque,Cerler,18.9,10.1,14.5,5.4,0.0,18.4
2024-07-12,22054 Benasque,Cerler,14.6,5.6,11.0,12.5,0.0,10.5
2024-07-13,22054 Benasque,Cerler,13.1,4.4,9.3,0.3,0.0,15.7
2024-07-14,22054 Benasque,Cerler,17.6,7.8,12.7,1.9,0.0,10.2
2024-07-15,22054 Benasque,Cerler,17.0,9.0,12.9,2.1,0.0,15.1
2024-07-16,22054 Benasque,Cerler,16.6,9.1,12.7,0.4,0.0,13.1
2024-07-17,22054 Benasque,Cerler,18.1,7.4,13.0,0.0,0.0,11.5
2024-07-18,22054 Benasque,Cerler,20.5,11.5,16.0,0.6,0.0,12.3
2024-07-19,22054 Benasque,Cerler,20.1,13.2,16.8,1.0,0.0,9.5
2024-07-20,22054 Benasque,Cerler,19.9,12.6,17.0,1.0,0.0,18.7
2024-07-21,22054 Benasque,Cerler,13.8,5.3,8.3,8.8,0.0,15.7
2024-07-22,22054 Benasque,Cerler,17.0,3.8,11.2,0.0,0.0,9.1
2024-07-23,22054 Benasque,Cerler,20.9,9.8,15.4,0.3,0.0,8.8
2024-07-24,22054 Benasque,Cerler,20.0,9.1,14.9,2.4,0.0,8.1
2024-07-25,22054 Benasque,Cerler,20.4,11.1,15.9,0.6,0.0,6.9
2024-07-26,22054 Benasque,Cerler,19.0,11.1,15.1,7.3,0.0,10.6
2024-07-27,22054 Benasque,Cerler,21.0,10.8,16.0,0.0,0.0,13.8
2024-07-28,22054 Benasque,Cerler,20.5,13.9,17.1,0.5,0.0,14.4
2024-07-29,22054 Benasque,Cerler,21.9,15.9,18.4,0.1,0.0,8.6
2024-07-30,22054 Benasque,Cerler,22.5,13.7,17.5,4.2,0.0,12.3
2024-07-31,22054 Benasque,Cerler,22.4,11.8,16.9,0.0,0.0,12.9
2024-08-01,22054 Benasque,Cerler,22.0,11.2,16.7,0.6,0.0,9.7
2024-08-02,22054 Benasque,Cerler,17.2,10.1,14.1,3.6,0.0,9.8
2024-08-03,22054 Benasque,Cerler,17.9,8.1,12.8,1.0,0.0,10.1
2024-08-04,22054 Benasque,Cerler,20.1,9.7,14.9,0.1,0.0,6.5
2024-08-05,22054 Benasque,Cerler,20.9,13.1,16.7,1.1,0.0,5.2
2024-08-06,22054 Benasque,Cerler,19.9,12.6,16.4,1.3,0.0,14.5
2024-08-07,22054 Benasque,Cerler,18.6,11.9,15.5,4.6,0.0,12.0
2024-08-08,22054 Benasque,Cerler,21.0,11.1,16.2,0.7,0.0,10.0
2024-08-09,22054 Benasque,Cerler,20.8,13.4,17.0,2.2,0.0,7.9
2024-08-10,22054 Benasque,Cerler,21.0,12.4,17.5,0.4,0.0,7.0
2024-08-11,22054 Benasque,Cerler,21.3,13.8,17.5,0.6,0.0,11.1
2024-08-12,22054 Benasque,Cerler,21.2,12.2,16.5,0.3,0.0,8.4
2024-08-13,22054 Benasque,Cerler,14.6,10.4,12.9,6.1,0.0,12.1
2024-08-14,22054 Benasque,Cerler,11.0,6.8,9.1,6.1,0.0,13.4
2024-08-15,22054 Benasque,Cerler,13.3,5.8,8.7,0.4,0.0,10.1
2024-08-16,22054 Benasque,Cerler,15.4,4.3,10.4,0.0,0.0,9.9
2024-08-17,22054 Benasque,Cerler,16.6,5.8,11.5,1.9,0.0,6.3
2024-08-18,22054 Benasque,Cerler,13.7,6.3,10.3,4.2,0.0,12.6
2024-08-19,22054 Benasque,Cerler,18.0,3.2,11.0,0.0,0.0,8.9
2024-08-20,22054 Benasque,Cerler,19.0,9.3,14.4,0.5,0.0,9.0
2024-08-21,22054 Benasque,Cerler,19.0,6.6,12.9,0.0,0.0,9.4
2024-08-22,22054 Benasque,Cerler,19.8,10.5,15.3,0.3,0.0,7.8
2024-08-23,22054 Benasque,Cerler,19.8,12.4,15.1,10.8,0.0,12.6
2024-08-24,22054 Benasque,Cerler,18.6,8.5,13.6,11.3,0.0,16.3
2024-08-25,22054 Benasque,Cerler,15.1,7.7,11.1,3.6,0.0,10.5
2024-08-26,22054 Benasque,Cerler,16.1,6.6,10.9,1.2,0.0,6.6
2024-08-27,22054 Benasque,Cerler,18.2,4.9,12.1,1.0,0.0,5.6
2024-08-28,22054 Benasque,Cerler,18.7,9.5,14.1,0.7,0.0,7.3
2024-08-29,22054 Benasque,Cerler,18.2,10.1,13.9,1.0,0.0,11.8
2024-08-30,22054 Benasque,Cerler,16.4,9.5,12.9,1.6,0.0,10.5
2024-08-31,22054 Benasque,Cerler,14.8,9.0,12.1,2.8,0.0,14.1
2024-09-01,22054 Benasque,Cerler,13.2,8.6,10.7,13.1,0.0,10.9
2024-09-02,22054 Benasque,Cerler,15.6,4.5,10.6,0.2,0.0,5.4
2024-09-03,22054 Benasque,Cerler,11.9,8.4,10.1,17.7,0.0,8.0
2024-09-04,22054 Benasque,Cerler,8.2,3.5,6.9,25.7,0.0,12.6
2024-09-05,22054 Benasque,Cerler,10.4,-0.1,5.1,0.2,0.0,10.8
2024-09-06,22054 Benasque,Cerler,9.2,4.2,6.7,32.8,0.0,19.2
2024-09-07,22054 Benasque,Cerler,11.1,5.6,8.6,30.5,0.0,18.3
2024-09-08,22054 Benasque,Cerler,10.1,4.5,7.0,4.2,0.0,16.3
2024-09-09,22054 Benasque,Cerler,10.9,0.6,5.4,0.0,0.0,13.5
2024-09-10,22054 Benasque,Cerler,12.9,1.9,6.9,0.0,0.0,8.9
2024-09-11,22054 Benasque,Cerler,11.8,3.0,7.2,0.1,0.0,9.2
2024-09-12,22054 Benasque,Cerler,6.4,-1.5,3.4,2.9,0.0,15.5
2024-09-13,22054 Benasque,Cerler,4.2,-3.6,-0.1,0.0,0.0,18.4
2024-09-14,22054 Benasque,Cerler,9.6,-3.0,3.8,0.0,0.0,11.2
2024-09-15,22054 Benasque,Cerler,12.0,-0.8,5.5,0.0,0.0,13.4
2024-09-16,22054 Benasque,Cerler,9.9,1.8,5.2,0.0,0.0,17.8
2024-09-17,22054 Benasque,Cerler,9.4,0.0,4.4,0.0,0.0,11.9
2024-09-18,22054 Benasque,Cerler,8.1,4.0,5.6,7.6,0.0,7.2
2024-09-19,22054 Benasque,Cerler,10.1,2.2,5.9,3.1,0.0,9.0
2024-09-20,22054 Benasque,Cerler,6.9,3.5,5.2,10.6,0.07,10.9
2024-09-21,22054 Benasque,Cerler,6.9,4.9,5.9,36.8,0.0,14.2
2024-09-22,22054 Benasque,Cerler,9.0,4.4,6.6,14.9,0.0,11.5
2024-09-23,22054 Benasque,Cerler,7.9,0.6,4.6,2.3,0.0,8.4
2024-09-24,22054 Benasque,Cerler,9.6,1.8,5.2,2.2,0.0,14.2
2024-09-25,22054 Benasque,Cerler,10.0,3.0,6.3,2.2,0.0,15.7
2024-09-26,22054 Benasque,Cerler,9.4,5.2,7.9,11.7,0.0,19.9
2024-09-27,22054 Benasque,Cerler,6.8,-1.9,3.1,1.5,0.42,13.2
2024-09-28,22054 Benasque,Cerler,3.6,-2.0,0.2,0.2,0.0,14.0
2024-09-29,22054 Benasque,Cerler,12.5,-2.2,5.2,0.0,0.0,11.0
2024-09-30,22054 Benasque,Cerler,14.5,5.9,9.8,0.0,0.0,8.8
2024-10-01,22054 Benasque,Cerler,12.3,4.1,8.2,0.0,0.0,9.5
2024-10-02,22054 Benasque,Cerler,9.6,5.1,7.2,24.4,0.0,12.8
2024-10-03,22054 Benasque,Cerler,4.0,-1.2,1.6,4.5,0.21,19.0
2024-10-04,22054 Benasque,Cerler,7.1,-3.7,2.0,0.0,0.0,12.3
2024-10-05,22054 Benasque,Cerler,12.2,4.7,8.1,0.0,0.0,6.9
2024-10-06,22054 Benasque,Cerler,12.1,5.7,8.6,1.3,0.0,11.0
2024-10-07,22054 Benasque,Cerler,10.0,5.8,7.7,25.3,0.0,30.0
2024-10-08,22054 Benasque,Cerler,8.1,0.2,4.6,4.6,0.0,12.6
2024-10-09,22054 Benasque,Cerler,7.2,4.2,5.6,21.3,0.0,25.2
2024-10-10,22054 Benasque,Cerler,6.9,0.5,3.2,1.9,0.0,10.5
2024-10-11,22054 Benasque,Cerler,6.8,-2.5,2.5,0.0,0.0,12.4
2024-10-12,22054 Benasque,Cerler,8.8,0.6,4.9,1.8,0.0,12.4
2024-10-13,22054 Benasque,Cerler,13.4,1.8,7.7,0.0,0.0,11.6
2024-10-14,22054 Benasque,Cerler,13.4,6.1,9.5,11.5,0.0,12.1
2024-10-15,22054 Benasque,Cerler,9.5,6.2,7.8,10.7,0.0,18.5
2024-10-16,22054 Benasque,Cerler,7.7,5.3,6.2,27.2,0.0,21.4
2024-10-17,22054 Benasque,Cerler,6.9,-1.2,3.8,19.2,9.52,15.3
2024-10-18,22054 Benasque,Cerler,0.1,-1.1,-0.5,10.7,7.28,12.3
2024-10-19,22054 Benasque,Cerler,4.0,-2.8,1.8,0.1,0.0,9.2
2024-10-20,22054 Benasque,Cerler,11.9,3.3,6.5,0.0,0.0,9.9
2024-10-21,22054 Benasque,Cerler,12.5,2.6,8.5,1.0,0.0,8.0
2024-10-22,22054 Benasque,Cerler,8.1,4.8,6.0,2.3,0.0,7.5
2024-10-23,22054 Benasque,Cerler,8.5,3.0,5.4,1.5,0.0,5.6
2024-10-24,22054 Benasque,Cerler,8.4,2.8,4.7,0.4,0.0,10.4
2024-10-25,22054 Benasque,Cerler,5.2,0.6,3.5,15.5,0.7,11.5
2024-10-26,22054 Benasque,Cerler,3.5,-1.1,1.4,44.3,19.04,10.6
2024-10-27,22054 Benasque,Cerler,3.5,-2.0,0.8,0.2,0.14,6.3
2024-10-28,22054 Benasque,Cerler,8.4,3.3,5.7,0.2,0.0,5.4
2024-10-29,22054 Benasque,Cerler,9.6,1.4,6.4,0.0,0.0,7.6
2024-10-30,22054 Benasque,Cerler,9.8,2.8,7.0,9.0,0.56,12.2
2024-10-31,22054 Benasque,Cerler,9.2,2.3,5.5,0.9,0.0,12.6
2024-11-01,22054 Benasque,Cerler,9.0,2.5,5.4,0.0,0.0,9.7
2024-11-02,22054 Benasque,Cerler,9.0,2.8,5.6,0.5,0.0,7.6
2024-11-03,22054 Benasque,Cerler,7.8,-0.6,3.7,0.0,0.0,10.4
2024-11-04,22054 Benasque,Cerler,6.8,1.1,3.6,2.2,0.0,14.1
2024-11-05,22054 Benasque,Cerler,8.0,2.0,4.5,2.4,0.14,6.5
2024-11-06,22054 Benasque,Cerler,8.1,-0.4,3.2,0.0,0.0,8.0
2024-11-07,22054 Benasque,Cerler,5.8,-2.7,1.4,0.1,0.0,7.5
2024-11-08,22054 Benasque,Cerler,6.3,-2.0,2.2,0.3,0.0,9.2
2024-11-09,22054 Benasque,Cerler,5.8,-2.3,2.1,2.3,0.07,10.2
2024-11-10,22054 Benasque,Cerler,4.2,0.2,1.6,0.1,0.0,12.3
2024-11-11,22054 Benasque,Cerler,3.8,-1.6,0.6,0.0,0.0,13.6
2024-11-12,22054 Benasque,Cerler,-1.2,-5.8,-3.7,1.7,1.05,21.8
2024-11-13,22054 Benasque,Cerler,2.8,-8.8,-2.6,5.9,4.13,6.1
2024-11-14,22054 Benasque,Cerler,5.2,-2.8,0.8,0.0,0.0,8.3
2024-11-15,22054 Benasque,Cerler,7.2,-2.8,1.5,0.0,0.0,5.4
2024-11-16,22054 Benasque,Cerler,7.8,-0.4,2.9,0.0,0.0,7.2
2024-11-17,22054 Benasque,Cerler,7.9,-1.9,3.0,0.5,0.0,5.6
2024-11-18,22054 Benasque,Cerler,6.8,-2.6,1.6,0.0,0.0,3.3
2024-11-19,22054 Benasque,Cerler,6.4,-3.2,1.4,0.0,0.0,7.9
2024-11-20,22054 Benasque,Cerler,2.0,-1.4,0.3,11.5,7.63,9.4
2024-11-21,22054 Benasque,Cerler,0.5,-1.6,-0.2,2.7,1.68,8.5
2024-11-22,22054 Benasque,Cerler,0.2,-8.8,-4.6,2.3,1.61,17.1
2024-11-23,22054 Benasque,Cerler,2.7,-6.8,-2.8,0.0,0.0,9.4
2024-11-24,22054 Benasque,Cerler,1.7,-2.8,-0.1,0.6,0.0,14.7
2024-11-25,22054 Benasque,Cerler,3.0,0.1,1.5,20.7,0.21,29.9
2024-11-26,22054 Benasque,Cerler,3.2,-5.6,-1.5,0.0,0.0,5.6
2024-11-27,22054 Benasque,Cerler,5.7,-1.8,0.7,0.0,0.0,4.3
2024-11-28,22054 Benasque,Cerler,6.2,0.6,3.1,0.0,0.0,2.5
2024-11-29,22054 Benasque,Cerler,7.8,1.1,3.9,0.0,0.0,2.9
2024-11-30,22054 Benasque,Cerler,6.1,-0.9,2.3,0.0,0.0,3.1
2024-12-01,22054 Benasque,Cerler,6.5,0.2,3.0,0.0,0.0,5.4
2024-12-02,22054 Benasque,Cerler,5.8,-1.1,1.2,2.5,1.4,6.9
2024-12-03,22054 Benasque,Cerler,-0.6,-5.9,-2.6,1.7,1.12,6.9
2024-12-04,22054 Benasque,Cerler,-1.2,-8.1,-4.8,1.0,0.49,18.9
2024-12-05,22054 Benasque,Cerler,2.0,-5.2,-1.7,0.0,0.0,7.7
2024-12-06,22054 Benasque,Cerler,3.5,0.2,2.1,6.6,0.0,13.0
2024-12-07,22054 Benasque,Cerler,2.8,-8.1,-1.6,12.5,8.47,20.3
2024-12-08,22054 Benasque,Cerler,-6.1,-9.2,-7.9,33.9,23.52,25.6
2024-12-09,22054 Benasque,Cerler,-6.7,-8.6,-7.9,13.0,8.75,20.8
2024-12-10,22054 Benasque,Cerler,-6.0,-9.2,-8.1,0.6,0.35,14.8
2024-12-11,22054 Benasque,Cerler,-6.9,-9.9,-8.0,0.1,0.07,11.1
2024-12-12,22054 Benasque,Cerler,-0.9,-10.1,-5.8,0.9,0.56,4.5
2024-12-13,22054 Benasque,Cerler,-3.3,-8.2,-4.7,1.9,1.05,7.7
2024-12-14,22054 Benasque,Cerler,-4.0,-12.6,-7.3,2.6,1.82,13.9
2024-12-15,22054 Benasque,Cerler,-5.4,-8.9,-6.7,1.5,1.05,18.8
2024-12-16,22054 Benasque,Cerler,6.4,-6.8,0.0,0.0,0.0,5.0
2024-12-17,22054 Benasque,Cerler,6.0,-1.4,1.6,0.0,0.0,5.1
2024-12-18,22054 Benasque,Cerler,6.5,-0.4,2.8,0.0,0.0,5.4
2024-12-19,22054 Benasque,Cerler,1.1,-6.6,-1.9,3.4,2.17,19.4
2024-12-20,22054 Benasque,Cerler,-6.4,-9.8,-7.5,2.6,1.68,23.9
2024-12-21,22054 Benasque,Cerler,-1.0,-12.1,-5.9,0.7,0.28,12.2
2024-12-22,22054 Benasque,Cerler,0.2,-5.0,-2.6,6.8,4.34,26.2
2024-12-23,22054 Benasque,Cerler,-5.7,-9.4,-8.3,14.3,9.94,25.9
2024-12-24,22054 Benasque,Cerler,0.2,-9.2,-3.2,7.4,0.49,26.3
2024-12-25,22054 Benasque,Cerler,3.8,-1.8,0.4,0.0,0.0,15.9
2024-12-26,22054 Benasque,Cerler,4.2,-3.0,-0.2,0.0,0.0,5.1
2024-12-27,22054 Benasque,Cerler,2.0,-5.7,-2.9,0.0,0.0,2.7
2024-12-28,22054 Benasque,Cerler,2.9,-4.8,-2.0,0.0,0.0,1.7
2024-12-29,22054 Benasque,Cerler,2.5,-4.7,-2.4,0.0,0.0,2.8
2024-12-30,22054 Benasque,Cerler,2.3,-4.8,-2.5,0.0,0.0,3.2
2024-12-31,22054 Benasque,Cerler,1.9,-5.0,-2.8,0.0,0.0,2.8
2025-01-01,22054 Benasque,Cerler,0.7,-7.8,-3.5,0.0,0.0,6.0
2025-01-02,22054 Benasque,Cerler,0.4,-10.2,-5.7,0.0,0.0,5.2
2025-01-03,22054 Benasque,Cerler,2.9,-3.5,-0.3,2.9,1.05,3.9
2025-01-04,22054 Benasque,Cerler,5.4,-1.3,1.8,1.0,0.0,8.7
2025-01-05,22054 Benasque,Cerler,4.6,-2.5,0.4,0.1,0.07,18.1
2025-01-06,22054 Benasque,Cerler,-1.2,-6.1,-2.4,13.3,8.96,20.0
2025-01-07,22054 Benasque,Cerler,-2.0,-12.2,-6.7,0.2,0.14,7.5
2025-01-08,22054 Benasque,Cerler,1.5,-6.8,-2.7,0.2,0.14,14.8
2025-01-09,22054 Benasque,Cerler,0.8,-2.4,-1.3,0.4,0.0,8.0
2025-01-10,22054 Benasque,Cerler,4.0,-5.3,-0.4,0.0,0.0,5.6
2025-01-11,22054 Benasque,Cerler,2.5,-6.0,-1.4,12.2,7.07,19.9
2025-01-12,22054 Benasque,Cerler,-6.4,-11.1,-8.9,0.0,0.0,26.5
2025-01-13,22054 Benasque,Cerler,-5.7,-13.4,-9.7,0.0,0.0,17.6
2025-01-14,22054 Benasque,Cerler,-1.5,-11.9,-8.0,0.0,0.0,8.5
2025-01-15,22054 Benasque,Cerler,-0.8,-8.3,-5.6,0.0,0.0,16.6
2025-01-16,22054 Benasque,Cerler,-5.0,-13.6,-8.6,1.7,1.12,19.1
2025-01-17,22054 Benasque,Cerler,-2.3,-13.1,-8.2,0.0,0.0,3.6
2025-01-18,22054 Benasque,Cerler,-1.1,-9.6,-6.6,0.0,0.0,2.4
2025-01-19,22054 Benasque,Cerler,-2.8,-11.6,-8.3,0.0,0.0,6.2
2025-01-20,22054 Benasque,Cerler,-3.7,-12.2,-8.0,0.3,0.21,7.0
2025-01-21,22054 Benasque,Cerler,-0.3,-12.1,-5.0,2.1,0.91,9.9
2025-01-22,22054 Benasque,Cerler,0.1,-1.2,-0.6,7.7,4.41,13.5
2025-01-23,22054 Benasque,Cerler,1.6,-7.3,-1.3,2.2,0.98,11.3
2025-01-24,22054 Benasque,Cerler,3.7,-8.6,-3.1,0.0,0.0,6.9
2025-01-25,22054 Benasque,Cerler,-0.2,-5.5,-2.3,4.6,3.15,11.7
2025-01-26,22054 Benasque,Cerler,-1.3,-12.2,-6.0,5.3,3.29,19.8
2025-01-27,22054 Benasque,Cerler,0.2,-2.4,-0.6,32.1,17.85,19.5
2025-01-28,22054 Benasque,Cerler,-3.1,-7.8,-6.2,2.6,1.82,8.9
2025-01-29,22054 Benasque,Cerler,-4.5,-13.1,-8.1,4.9,3.15,16.5
2025-01-30,22054 Benasque,Cerler,-3.7,-11.7,-6.7,8.0,5.25,17.5
2025-01-31,22054 Benasque,Cerler,-4.5,-12.9,-7.0,4.7,2.8,17.0
2025-02-01,22054 Benasque,Cerler,-4.6,-12.4,-7.4,1.2,0.84,9.3
2025-02-02,22054 Benasque,Cerler,-1.1,-13.9,-8.7,0.0,0.0,3.0
2025-02-03,22054 Benasque,Cerler,-1.1,-11.6,-7.4,0.0,0.0,5.9
2025-02-04,22054 Benasque,Cerler,2.8,-11.3,-5.1,0.0,0.0,5.1
2025-02-05,22054 Benasque,Cerler,1.1,-9.4,-5.4,0.0,0.0,5.3
2025-02-06,22054 Benasque,Cerler,3.5,-8.6,-3.7,0.0,0.0,3.5
2025-02-07,22054 Benasque,Cerler,-2.8,-11.1,-6.6,12.3,8.47,24.9
2025-02-08,22054 Benasque,Cerler,-4.2,-10.1,-7.6,21.3,14.84,11.4
2025-02-09,22054 Benasque,Cerler,2.2,-12.7,-3.1,0.8,0.49,3.3
2025-02-10,22054 Benasque,Cerler,0.5,-5.2,-1.6,2.1,1.47,9.7
2025-02-11,22054 Benasque,Cerler,-0.3,-7.8,-2.2,2.5,0.63,9.8
2025-02-12,22054 Benasque,Cerler,-0.8,-7.9,-3.6,8.9,6.23,10.1
2025-02-13,22054 Benasque,Cerler,1.8,-7.6,-2.6,0.1,0.07,9.8
2025-02-14,22054 Benasque,Cerler,1.7,-4.1,-0.8,1.2,0.7,11.0
2025-02-15,22054 Benasque,Cerler,4.4,-5.7,-0.8,0.0,0.0,4.5
2025-02-16,22054 Benasque,Cerler,4.6,-3.5,-0.3,0.2,0.14,4.5
2025-02-17,22054 Benasque,Cerler,3.7,-5.3,-1.0,0.9,0.63,6.1
2025-02-18,22054 Benasque,Cerler,3.4,-8.1,-2.3,0.0,0.0,10.7
2025-02-19,22054 Benasque,Cerler,4.3,-4.4,-0.6,0.0,0.0,2.9
2025-02-20,22054 Benasque,Cerler,4.7,-6.2,-0.7,0.0,0.0,3.5
2025-02-21,22054 Benasque,Cerler,2.8,-4.2,-0.7,0.2,0.0,14.2
2025-02-22,22054 Benasque,Cerler,-0.2,-3.0,-1.5,16.2,9.87,20.5
2025-02-23,22054 Benasque,Cerler,2.5,-9.4,-2.6,0.0,0.0,9.0
2025-02-24,22054 Benasque,Cerler,3.9,-9.4,-2.8,0.0,0.0,5.8
2025-02-25,22054 Benasque,Cerler,-1.0,-6.7,-3.4,2.0,0.91,14.8
2025-02-26,22054 Benasque,Cerler,-1.8,-10.2,-6.1,0.1,0.07,15.9
2025-02-27,22054 Benasque,Cerler,0.9,-9.7,-4.2,0.9,0.63,7.4
2025-02-28,22054 Benasque,Cerler,-1.0,-11.4,-5.4,0.3,0.14,4.4
2025-03-01,22054 Benasque,Cerler,-2.8,-7.8,-4.7,1.1,0.84,12.3
2025-03-02,22054 Benasque,Cerler,-0.5,-7.9,-4.5,1.9,1.33,9.1
2025-03-03,22054 Benasque,Cerler,0.1,-8.1,-3.7,1.3,0.98,7.9
2025-03-04,22054 Benasque,Cerler,1.6,-3.0,-1.1,0.4,0.28,10.4
2025-03-05,22054 Benasque,Cerler,1.4,-8.1,-2.4,0.0,0.0,10.4
2025-03-06,22054 Benasque,Cerler,0.9,-5.1,-2.1,0.2,0.14,13.9
2025-03-07,22054 Benasque,Cerler,-0.3,-3.9,-1.8,4.0,1.19,14.2
2025-03-08,22054 Benasque,Cerler,-0.1,-0.9,-0.5,25.9,14.0,27.3
2025-03-09,22054 Benasque,Cerler,-0.3,-5.1,-2.1,55.1,38.64,17.1
2025-03-10,22054 Benasque,Cerler,-1.3,-10.3,-5.3,0.3,0.21,7.9
2025-03-11,22054 Benasque,Cerler,0.4,-10.8,-3.8,9.1,6.02,8.6
2025-03-12,22054 Benasque,Cerler,-0.1,-6.8,-3.0,4.8,3.36,9.0
2025-03-13,22054 Benasque,Cerler,-2.0,-8.0,-4.7,7.8,5.46,8.3
2025-03-14,22054 Benasque,Cerler,-6.3,-9.1,-7.7,9.9,7.0,9.7
2025-03-15,22054 Benasque,Cerler,-7.1,-13.4,-10.1,0.2,0.14,10.6
2025-03-16,22054 Benasque,Cerler,-4.8,-17.3,-10.8,3.4,2.38,10.7
2025-03-17,22054 Benasque,Cerler,-2.3,-14.9,-7.5,0.1,0.07,8.0
2025-03-18,22054 Benasque,Cerler,0.8,-9.9,-4.7,2.8,1.75,14.2
2025-03-19,22054 Benasque,Cerler,0.2,-2.8,-1.2,7.8,4.34,16.4
2025-03-20,22054 Benasque,Cerler,4.5,-2.3,1.1,0.5,0.0,21.8
2025-03-21,22054 Benasque,Cerler,1.5,-1.5,-0.1,33.9,22.12,26.4
2025-03-22,22054 Benasque,Cerler,-1.0,-7.1,-2.8,27.0,18.41,19.3
2025-03-23,22054 Benasque,Cerler,-3.3,-9.6,-5.5,6.8,4.69,9.8
2025-03-24,22054 Benasque,Cerler,-0.2,-10.2,-3.8,2.8,1.89,10.3
2025-03-25,22054 Benasque,Cerler,-1.5,-3.5,-2.7,4.7,3.15,13.2
2025-03-26,22054 Benasque,Cerler,-1.2,-5.3,-3.5,0.1,0.0,11.0
2025-03-27,22054 Benasque,Cerler,-0.6,-6.7,-3.4,0.2,0.0,10.9
2025-03-28,22054 Benasque,Cerler,-1.7,-6.4,-3.9,0.0,0.0,18.5
2025-03-29,22054 Benasque,Cerler,-3.5,-8.8,-6.8,10.7,7.0,26.5
2025-03-30,22054 Benasque,Cerler,0.5,-8.9,-4.2,0.0,0.0,26.3
2025-03-31,22054 Benasque,Cerler,7.1,-4.4,1.8,0.0,0.0,11.0
2025-04-01,22054 Benasque,Cerler,9.2,0.6,4.4,0.0,0.0,6.6
2025-04-02,22054 Benasque,Cerler,1.0,-3.1,-1.8,24.6,16.1,17.8
2025-04-03,22054 Benasque,Cerler,2.8,-2.8,-0.4,10.8,7.21,18.6
2025-04-04,22054 Benasque,Cerler,5.1,-1.0,2.0,1.3,0.14,17.6
2025-04-05,22054 Benasque,Cerler,3.2,-2.8,0.5,0.9,0.14,8.5
2025-04-06,22054 Benasque,Cerler,3.9,-0.1,1.6,0.4,0.0,10.3
2025-04-07,22054 Benasque,Cerler,7.1,-3.6,2.0,0.1,0.0,7.7
2025-04-08,22054 Benasque,Cerler,8.1,-3.5,3.0,0.0,0.0,2.7
2025-04-09,22054 Benasque,Cerler,7.2,-3.2,2.0,0.1,0.0,6.5
2025-04-10,22054 Benasque,Cerler,5.2,-3.8,1.0,2.9,0.77,6.8
2025-04-11,22054 Benasque,Cerler,6.4,-4.1,1.8,1.3,0.7,12.5
2025-04-12,22054 Benasque,Cerler,6.1,-0.1,2.6,1.9,0.0,11.0
2025-04-13,22054 Benasque,Cerler,4.3,0.2,1.9,10.1,2.87,4.6
2025-04-14,22054 Benasque,Cerler,4.2,0.2,1.8,2.6,0.49,10.3
2025-04-15,22054 Benasque,Cerler,0.6,-4.0,-1.0,12.0,8.26,10.2
2025-04-16,22054 Benasque,Cerler,-0.8,-6.7,-4.0,5.7,3.99,8.4
2025-04-17,22054 Benasque,Cerler,0.1,-10.7,-4.8,0.2,0.07,13.7
2025-04-18,22054 Benasque,Cerler,4.9,-4.8,0.4,0.1,0.0,17.3
2025-04-19,22054 Benasque,Cerler,1.0,-5.2,-1.3,26.5,17.57,14.2
2025-04-20,22054 Benasque,Cerler,1.2,-5.4,-2.4,4.1,2.59,12.7
2025-04-21,22054 Benasque,Cerler,3.7,-5.4,-0.4,0.5,0.35,4.6
2025-04-22,22054 Benasque,Cerler,2.1,-2.7,-0.6,5.4,3.36,8.8
2025-04-23,22054 Benasque,Cerler,6.9,-7.7,0.3,0.0,0.0,8.0
2025-04-24,22054 Benasque,Cerler,7.9,-0.9,2.9,0.0,0.0,12.1
2025-04-25,22054 Benasque,Cerler,11.1,-0.4,5.4,0.0,0.0,4.0
2025-04-26,22054 Benasque,Cerler,3.5,-1.2,1.2,11.1,3.5,13.0
2025-04-27,22054 Benasque,Cerler,2.3,-2.5,-0.4,2.8,1.68,15.5
2025-04-28,22054 Benasque,Cerler,6.8,-5.7,1.3,0.7,0.0,9.2
2025-04-29,22054 Benasque,Cerler,5.9,-1.9,1.8,0.0,0.0,9.4
2025-04-30,22054 Benasque,Cerler,7.8,-2.8,2.6,0.0,0.0,8.9
2025-05-01,22054 Benasque,Cerler,9.2,0.8,4.6,0.6,0.0,11.2
2025-05-02,22054 Benasque,Cerler,7.8,2.4,4.4,11.7,0.21,16.8
2025-05-03,22054 Benasque,Cerler,8.1,2.5,4.7,2.3,0.0,11.3
2025-05-04,22054 Benasque,Cerler,6.9,-1.1,2.7,14.4,6.44,6.3
2025-05-05,22054 Benasque,Cerler,2.5,-2.4,-0.1,4.5,2.31,12.0
2025-05-06,22054 Benasque,Cerler,-0.8,-4.5,-2.9,1.5,0.77,10.2
2025-05-07,22054 Benasque,Cerler,3.9,-7.4,-1.4,1.4,0.7,7.5
2025-05-08,22054 Benasque,Cerler,3.3,-5.1,-0.4,1.7,1.12,6.6
2025-05-09,22054 Benasque,Cerler,4.7,-2.5,1.1,4.2,1.96,9.4
2025-05-10,22054 Benasque,Cerler,4.2,-0.1,1.4,16.1,4.06,13.6
2025-05-11,22054 Benasque,Cerler,3.0,-3.3,1.0,9.2,3.15,11.5
2025-05-12,22054 Benasque,Cerler,3.7,-6.2,-0.3,1.4,0.84,9.8
2025-05-13,22054 Benasque,Cerler,4.8,-3.5,0.7,4.1,2.17,7.7
2025-05-14,22054 Benasque,Cerler,4.8,-3.6,1.3,3.9,0.84,4.6
2025-05-15,22054 Benasque,Cerler,5.7,-2.0,2.0,1.2,0.0,16.3
2025-05-16,22054 Benasque,Cerler,7.6,-1.0,3.2,0.2,0.0,14.8
2025-05-17,22054 Benasque,Cerler,11.6,-1.9,5.3,0.0,0.0,5.2
2025-05-18,22054 Benasque,Cerler,12.3,0.2,6.6,0.8,0.0,12.1
2025-05-19,22054 Benasque,Cerler,9.7,0.8,4.3,10.1,2.59,19.0
2025-05-20,22054 Benasque,Cerler,5.4,0.0,2.4,4.9,2.52,14.8
2025-05-21,22054 Benasque,Cerler,11.6,-2.5,4.5,4.7,0.0,5.8
2025-05-22,22054 Benasque,Cerler,3.4,-1.3,1.3,4.0,1.19,19.0
2025-05-23,22054 Benasque,Cerler,3.2,-1.6,0.6,0.0,0.0,16.6
2025-05-24,22054 Benasque,Cerler,8.9,-3.2,3.0,0.0,0.0,12.2
2025-05-25,22054 Benasque,Cerler,13.4,0.0,7.4,2.0,0.0,4.8
2025-05-26,22054 Benasque,Cerler,13.1,0.9,7.6,0.2,0.0,9.9
2025-05-27,22054 Benasque,Cerler,15.1,1.5,8.6,0.1,0.0,3.3
2025-05-28,22054 Benasque,Cerler,15.4,5.0,10.1,0.2,0.0,9.4
2025-05-29,22054 Benasque,Cerler,17.5,5.7,12.0,0.0,0.0,8.3
2025-05-30,22054 Benasque,Cerler,18.0,9.1,13.4,1.2,0.0,8.5
2025-05-31,22054 Benasque,Cerler,16.3,8.9,13.0,3.5,0.0,6.0
2025-06-01,22054 Benasque,Cerler,16.5,8.0,12.0,11.4,0.0,14.3
2025-06-02,22054 Benasque,Cerler,10.4,6.7,8.2,21.8,0.0,13.3
2025-06-03,22054 Benasque,Cerler,14.1,4.8,9.0,3.8,0.0,12.6
2025-06-04,22054 Benasque,Cerler,10.8,5.0,7.4,7.0,0.0,10.5
2025-06-05,22054 Benasque,Cerler,12.1,4.3,8.0,0.5,0.0,13.6
2025-06-06,22054 Benasque,Cerler,14.6,4.1,9.5,0.6,0.0,16.5
2025-06-07,22054 Benasque,Cerler,14.9,6.7,10.7,0.2,0.0,14.8
2025-06-08,22054 Benasque,Cerler,16.2,6.2,11.3,0.0,0.0,10.1
2025-06-09,22054 Benasque,Cerler,17.9,5.7,12.3,0.0,0.0,7.7
2025-06-10,22054 Benasque,Cerler,19.8,8.5,14.4,0.4,0.0,5.9
2025-06-11,22054 Benasque,Cerler,18.6,10.7,14.4,0.9,0.0,14.2
2025-06-12,22054 Benasque,Cerler,17.3,8.7,13.0,1.1,0.0,16.1
2025-06-13,22054 Benasque,Cerler,17.5,9.4,13.0,4.5,0.0,16.1
2025-06-14,22054 Benasque,Cerler,18.6,9.6,13.9,5.8,0.0,18.8
2025-06-15,22054 Benasque,Cerler,16.6,8.8,12.1,23.9,0.0,12.3
2025-06-16,22054 Benasque,Cerler,18.0,7.3,13.2,1.2,0.0,7.1
2025-06-17,22054 Benasque,Cerler,18.8,8.4,13.5,0.4,0.0,9.2
2025-06-18,22054 Benasque,Cerler,18.9,8.1,13.9,0.4,0.0,5.4
2025-06-19,22054 Benasque,Cerler,20.3,10.1,15.0,0.0,0.0,9.8
2025-06-20,22054 Benasque,Cerler,18.4,10.4,14.6,0.0,0.0,10.6
2025-06-21,22054 Benasque,Cerler,20.0,11.2,15.5,0.0,0.0,9.3
2025-06-22,22054 Benasque,Cerler,18.5,12.1,14.7,10.6,0.0,5.2
2025-06-23,22054 Benasque,Cerler,20.2,11.1,15.4,1.5,0.0,8.5
2025-06-24,22054 Benasque,Cerler,20.7,11.9,16.0,2.0,0.0,11.7
2025-06-25,22054 Benasque,Cerler,18.4,11.1,14.6,0.4,0.0,22.9
2025-06-26,22054 Benasque,Cerler,17.2,6.8,11.8,0.4,0.0,7.3
2025-06-27,22054 Benasque,Cerler,19.1,8.6,14.0,1.1,0.0,6.2
2025-06-28,22054 Benasque,Cerler,20.6,10.6,15.4,0.0,0.0,8.0
2025-06-29,22054 Benasque,Cerler,21.0,12.0,16.3,0.0,0.0,7.7
2025-06-30,22054 Benasque,Cerler,20.3,12.1,16.1,0.0,0.0,13.2
2025-07-01,22054 Benasque,Cerler,20.1,12.1,15.9,0.2,0.0,5.3
2025-07-02,22054 Benasque,Cerler,19.3,12.2,15.0,2.5,0.0,4.7
2025-07-03,22054 Benasque,Cerler,18.9,10.6,14.0,14.5,0.0,6.5
2025-07-04,22054 Benasque,Cerler,17.8,10.0,14.2,2.2,0.0,4.4
2025-07-05,22054 Benasque,Cerler,16.7,9.9,12.5,17.0,0.0,6.1
2025-07-06,22054 Benasque,Cerler,15.6,8.1,11.7,4.3,0.0,13.7
2025-07-07,22054 Benasque,Cerler,14.6,4.2,8.5,1.6,0.0,12.6
2025-07-08,22054 Benasque,Cerler,14.4,1.7,8.3,0.0,0.0,11.7
2025-07-09,22054 Benasque,Cerler,18.2,5.8,11.9,0.0,0.0,8.3
2025-07-10,22054 Benasque,Cerler,18.5,7.9,13.2,0.4,0.0,4.1
2025-07-11,22054 Benasque,Cerler,17.2,8.9,12.3,5.2,0.0,7.6
2025-07-12,22054 Benasque,Cerler,13.9,8.1,10.6,7.7,0.0,8.1
2025-07-13,22054 Benasque,Cerler,15.6,6.4,10.8,1.4,0.0,6.0
2025-07-14,22054 Benasque,Cerler,17.2,8.9,13.0,1.1,0.0,14.8
2025-07-15,22054 Benasque,Cerler,18.8,9.9,14.0,0.0,0.0,10.5
2025-07-16,22054 Benasque,Cerler,20.5,7.7,14.9,0.0,0.0,9.6
2025-07-17,22054 Benasque,Cerler,21.1,12.1,16.5,0.7,0.0,6.4
2025-07-18,22054 Benasque,Cerler,20.3,12.4,16.3,0.5,0.0,17.4
2025-07-19,22054 Benasque,Cerler,15.5,9.6,12.9,10.2,0.0,10.1
2025-07-20,22054 Benasque,Cerler,14.6,7.8,11.3,9.6,0.0,16.7
2025-07-21,22054 Benasque,Cerler,14.6,6.1,10.1,9.7,0.0,6.7
2025-07-22,22054 Benasque,Cerler,16.4,4.8,11.0,0.0,0.0,12.6
2025-07-23,22054 Benasque,Cerler,13.5,6.8,10.2,3.3,0.0,12.1
2025-07-24,22054 Benasque,Cerler,9.9,4.6,6.4,2.6,0.0,11.5
2025-07-25,22054 Benasque,Cerler,11.1,3.0,6.5,0.0,0.0,11.3
2025-07-26,22054 Benasque,Cerler,12.9,2.3,7.6,0.0,0.0,11.1
2025-07-27,22054 Benasque,Cerler,15.3,4.7,9.3,0.4,0.0,10.4
2025-07-28,22054 Benasque,Cerler,9.1,4.6,6.7,1.4,0.0,15.8
2025-07-29,22054 Benasque,Cerler,11.4,2.8,7.0,0.0,0.0,14.3
2025-07-30,22054 Benasque,Cerler,13.3,2.7,7.8,0.0,0.0,9.3
2025-07-31,22054 Benasque,Cerler,16.5,4.9,10.6,1.0,0.0,3.9
2025-08-01,22054 Benasque,Cerler,16.1,6.4,10.9,0.7,0.0,7.9
2025-08-02,22054 Benasque,Cerler,15.5,4.4,9.8,1.3,0.0,8.7
2025-08-03,22054 Benasque,Cerler,15.0,3.0,9.4,0.0,0.0,10.5
2025-08-04,22054 Benasque,Cerler,20.4,7.6,14.1,0.0,0.0,6.2
2025-08-05,22054 Benasque,Cerler,18.0,8.9,13.5,0.0,0.0,9.6
2025-08-06,22054 Benasque,Cerler,20.0,8.8,14.4,1.8,0.0,10.0
2025-08-07,22054 Benasque,Cerler,21.9,12.2,16.7,0.0,0.0,10.7
2025-08-08,22054 Benasque,Cerler,22.6,13.2,17.5,0.0,0.0,6.0
2025-08-09,22054 Benasque,Cerler,22.5,13.4,17.6,0.2,0.0,10.3
2025-08-10,22054 Benasque,Cerler,22.2,13.4,17.9,0.0,0.0,10.3
2025-08-11,22054 Benasque,Cerler,22.3,14.8,18.3,0.0,0.0,9.8
2025-08-12,22054 Benasque,Cerler,22.4,14.2,17.4,2.0,0.0,7.2
2025-08-13,22054 Benasque,Cerler,20.6,11.6,15.2,10.3,0.0,10.8
2025-08-14,22054 Benasque,Cerler,19.3,10.6,14.8,0.6,0.0,7.9
2025-08-15,22054 Benasque,Cerler,21.0,12.4,16.4,0.0,0.0,12.7
2025-08-16,22054 Benasque,Cerler,21.4,12.7,16.6,0.0,0.0,14.6
2025-08-17,22054 Benasque,Cerler,22.2,12.6,17.1,0.2,0.0,14.9
2025-08-18,22054 Benasque,Cerler,21.8,11.9,16.2,8.7,0.0,11.4
2025-08-19,22054 Benasque,Cerler,14.2,8.8,11.4,17.6,0.0,13.8
2025-08-20,22054 Benasque,Cerler,10.4,4.2,7.6,11.6,0.0,8.0
2025-08-21,22054 Benasque,Cerler,10.7,2.7,6.7,2.5,0.0,13.1
2025-08-22,22054 Benasque,Cerler,13.6,5.1,8.6,1.1,0.0,10.0
2025-08-23,22054 Benasque,Cerler,16.9,4.9,10.5,0.0,0.0,4.8
2025-08-24,22054 Benasque,Cerler,17.9,7.3,12.4,0.2,0.0,12.0
2025-08-25,22054 Benasque,Cerler,16.3,8.3,12.4,0.4,0.0,11.4
2025-08-26,22054 Benasque,Cerler,18.1,8.8,12.9,7.6,0.0,11.2
2025-08-27,22054 Benasque,Cerler,14.6,9.2,11.4,21.7,0.0,13.4
2025-08-28,22054 Benasque,Cerler,10.3,3.3,7.8,10.9,0.0,10.3
2025-08-29,22054 Benasque,Cerler,10.8,1.8,5.7,3.1,0.0,7.1
2025-08-30,22054 Benasque,Cerler,16.7,3.8,9.5,0.3,0.0,8.8
2025-08-31,22054 Benasque,Cerler,13.4,5.4,9.3,13.1,0.0,16.8
2025-09-01,22054 Benasque,Cerler,8.7,2.5,5.7,9.2,0.0,10.9
2025-09-02,22054 Benasque,Cerler,13.0,1.0,6.1,0.0,0.0,8.3
2025-09-03,22054 Benasque,Cerler,15.3,3.8,9.8,0.0,0.0,11.9
2025-09-04,22054 Benasque,Cerler,13.1,6.2,9.9,2.5,0.0,14.0
2025-09-05,22054 Benasque,Cerler,13.9,2.2,8.4,0.0,0.0,12.1
2025-09-06,22054 Benasque,Cerler,16.2,5.8,10.8,0.0,0.0,14.1
2025-09-07,22054 Benasque,Cerler,17.0,7.9,12.1,0.0,0.0,13.6
2025-09-08,22054 Benasque,Cerler,13.8,8.1,10.2,17.7,0.0,11.9
2025-09-09,22054 Benasque,Cerler,11.8,4.9,7.7,8.4,0.0,8.6
2025-09-10,22054 Benasque,Cerler,11.6,1.1,6.4,1.0,0.0,8.6
2025-09-11,22054 Benasque,Cerler,13.6,3.5,7.9,0.7,0.0,6.9
2025-09-12,22054 Benasque,Cerler,11.8,5.6,8.4,1.5,0.0,13.8
2025-09-13,22054 Benasque,Cerler,12.9,5.8,9.2,5.2,0.0,10.5
2025-09-14,22054 Benasque,Cerler,16.6,4.9,10.2,0.0,0.0,5.7
2025-09-15,22054 Benasque,Cerler,16.6,6.8,11.2,0.0,0.0,10.8
2025-09-16,22054 Benasque,Cerler,16.0,8.5,11.7,1.3,0.0,11.3
2025-09-17,22054 Benasque,Cerler,19.1,7.6,13.0,0.0,0.0,4.6
2025-09-18,22054 Benasque,Cerler,19.1,9.9,14.0,0.0,0.0,9.2
2025-09-19,22054 Benasque,Cerler,18.9,9.8,13.9,0.1,0.0,8.7
2025-09-20,22054 Benasque,Cerler,15.9,8.4,11.7,4.6,0.0,12.5
2025-09-21,22054 Benasque,Cerler,10.4,4.1,8.1,38.8,0.0,12.6
2025-09-22,22054 Benasque,Cerler,7.1,-0.3,2.3,5.3,1.96,6.8
2025-09-23,22054 Benasque,Cerler,2.2,-3.1,-0.3,0.6,0.35,12.2
2025-09-24,22054 Benasque,Cerler,4.1,-4.0,-0.6,0.0,0.0,12.3
2025-09-25,22054 Benasque,Cerler,9.4,-2.7,2.3,0.0,0.0,5.9
2025-09-26,22054 Benasque,Cerler,9.1,-1.2,3.4,0.0,0.0,8.6
2025-09-27,22054 Benasque,Cerler,11.9,0.3,5.8,0.0,0.0,9.1
2025-09-28,22054 Benasque,Cerler,12.0,4.4,7.6,1.7,0.0,8.8
2025-09-29,22054 Benasque,Cerler,8.1,2.1,5.3,2.0,0.0,5.2
2025-09-30,22054 Benasque,Cerler,11.0,0.9,6.0,1.7,0.0,5.9
2025-10-01,22054 Benasque,Cerler,10.2,-0.2,4.8,0.0,0.0,11.1
2025-10-02,22054 Benasque,Cerler,13.6,1.8,7.1,0.0,0.0,7.0
2025-10-03,22054 Benasque,Cerler,12.5,5.2,8.1,0.0,0.0,5.4
2025-10-04,22054 Benasque,Cerler,15.1,5.6,9.2,0.9,0.0,8.0
2025-10-05,22054 Benasque,Cerler,5.5,-1.5,1.7,0.0,0.0,14.0
2025-10-06,22054 Benasque,Cerler,12.8,-1.8,5.7,0.0,0.0,7.6
2025-10-07,22054 Benasque,Cerler,15.9,5.6,10.0,0.0,0.0,2.4
2025-10-08,22054 Benasque,Cerler,13.6,4.2,8.0,0.0,0.0,6.7
2025-10-09,22054 Benasque,Cerler,9.2,3.2,5.4,0.0,0.0,9.6
2025-10-10,22054 Benasque,Cerler,11.1,1.3,5.7,0.2,0.0,9.0
2025-10-11,22054 Benasque,Cerler,12.4,-0.3,5.8,0.0,0.0,7.8
2025-10-12,22054 Benasque,Cerler,11.1,3.4,6.7,0.2,0.0,9.2
2025-10-13,22054 Benasque,Cerler,10.4,2.8,5.7,2.7,0.0,5.1
2025-10-14,22054 Benasque,Cerler,10.1,1.1,5.0,4.9,0.07,9.1
2025-10-15,22054 Benasque,Cerler,10.6,-0.2,4.8,0.0,0.0,3.0
2025-10-16,22054 Benasque,Cerler,9.6,1.6,5.2,0.0,0.0,3.5
2025-10-17,22054 Benasque,Cerler,10.1,-1.3,4.4,0.3,0.0,6.7
2025-10-18,22054 Benasque,Cerler,11.2,1.7,5.6,0.0,0.0,5.1
2025-10-19,22054 Benasque,Cerler,8.4,-0.9,3.8,0.8,0.07,16.0
2025-10-20,22054 Benasque,Cerler,8.8,0.9,5.0,7.5,0.0,14.5
2025-10-21,22054 Benasque,Cerler,10.4,-0.8,4.5,0.3,0.0,11.0
2025-10-22,22054 Benasque,Cerler,10.2,1.9,5.7,5.0,1.05,11.1
2025-10-23,22054 Benasque,Cerler,5.8,-2.7,2.9,10.7,0.07,14.7
2025-10-24,22054 Benasque,Cerler,7.3,-3.2,1.3,0.0,0.0,9.3
2025-10-25,22054 Benasque,Cerler,7.2,1.4,3.3,2.8,0.0,10.4
2025-10-26,22054 Benasque,Cerler,1.4,-4.4,-0.9,1.2,0.63,14.8
2025-10-27,22054 Benasque,Cerler,8.6,-4.3,1.7,0.0,0.0,8.7
2025-10-28,22054 Benasque,Cerler,9.9,0.6,4.0,0.0,0.0,6.5
2025-10-29,22054 Benasque,Cerler,3.5,0.4,1.8,14.1,2.45,13.2
2025-10-30,22054 Benasque,Cerler,8.6,-0.1,3.7,0.3,0.0,8.5
2025-10-31,22054 Benasque,Cerler,8.3,-0.2,3.6,0.0,0.0,12.5
2025-11-01,22054 Benasque,Cerler,7.9,2.0,4.3,0.5,0.0,10.3
2025-11-02,22054 Benasque,Cerler,4.3,-1.4,1.9,0.7,0.0,10.3
2025-11-03,22054 Benasque,Cerler,8.7,-3.5,2.2,0.0,0.0,10.8
2025-11-04,22054 Benasque,Cerler,8.5,-0.1,3.3,0.0,0.0,11.1
2025-11-05,22054 Benasque,Cerler,9.6,1.1,4.7,1.2,0.0,21.6
2025-11-06,22054 Benasque,Cerler,3.7,-2.0,0.9,20.8,8.12,22.3
2025-11-07,22054 Benasque,Cerler,3.2,-6.9,-0.8,0.6,0.35,6.5
2025-11-08,22054 Benasque,Cerler,1.4,-2.2,-1.2,15.1,10.15,19.6
2025-11-09,22054 Benasque,Cerler,4.7,-8.9,-1.6,0.0,0.0,16.5
2025-11-10,22054 Benasque,Cerler,5.8,-3.8,0.4,0.1,0.07,3.6
2025-11-11,22054 Benasque,Cerler,4.7,-4.7,-0.8,0.0,0.0,10.2
2025-11-12,22054 Benasque,Cerler,6.1,-1.9,2.4,0.0,0.0,18.5
2025-11-13,22054 Benasque,Cerler,6.4,3.2,4.6,0.0,0.0,27.0
2025-11-14,22054 Benasque,Cerler,5.2,1.4,3.2,32.5,0.07,23.8
2025-11-15,22054 Benasque,Cerler,1.5,-1.0,0.0,18.2,10.01,21.3
2025-11-16,22054 Benasque,Cerler,2.5,-5.4,-0.7,13.3,7.98,17.6
2025-11-17,22054 Benasque,Cerler,0.3,-4.0,-1.8,0.9,0.49,11.3
2025-11-18,22054 Benasque,Cerler,0.2,-7.4,-3.8,0.1,0.0,11.2
2025-11-19,22054 Benasque,Cerler,-1.6,-9.1,-5.8,0.2,0.14,8.2
2025-11-20,22054 Benasque,Cerler,-4.8,-12.3,-8.1,3.0,2.1,12.8
2025-11-21,22054 Benasque,Cerler,-11.1,-14.4,-12.7,5.7,3.99,17.3
2025-11-22,22054 Benasque,Cerler,-6.4,-14.9,-10.8,0.0,0.0,21.4
2025-11-23,22054 Benasque,Cerler,3.0,-5.9,-0.7,3.8,2.66,8.2
2025-11-24,22054 Benasque,Cerler,0.3,-3.4,-1.4,6.2,3.99,10.8
2025-11-25,22054 Benasque,Cerler,-4.2,-8.2,-6.2,5.1,3.57,16.5
2025-11-26,22054 Benasque,Cerler,-8.7,-12.2,-10.0,2.5,1.68,18.2
2025-11-27,22054 Benasque,Cerler,-4.9,-13.9,-9.2,0.0,0.0,16.8
2025-11-28,22054 Benasque,Cerler,1.8,-9.6,-3.1,0.0,0.0,9.6
2025-11-29,22054 Benasque,Cerler,2.2,-4.2,-2.1,0.0,0.0,6.6
2025-11-30,22054 Benasque,Cerler,-3.3,-9.9,-4.9,2.5,1.75,11.3
2025-12-01,22054 Benasque,Cerler,2.0,-12.4,-5.8,0.0,0.0,5.4
2025-12-02,22054 Benasque,Cerler,0.6,-5.9,-3.2,2.5,1.61,7.7
2025-12-03,22054 Benasque,Cerler,-4.3,-9.5,-6.1,0.4,0.14,10.2
2025-12-04,22054 Benasque,Cerler,-2.2,-9.8,-5.9,3.8,2.66,5.7
2025-12-05,22054 Benasque,Cerler,0.7,-9.3,-5.3,3.4,2.31,11.6
2025-12-06,22054 Benasque,Cerler,4.6,-4.6,-0.8,0.0,0.0,3.6
2025-12-07,22054 Benasque,Cerler,5.4,-3.1,1.2,0.0,0.0,4.6
2025-12-08,22054 Benasque,Cerler,5.2,-1.6,0.8,0.0,0.0,6.5
2025-12-09,22054 Benasque,Cerler,4.8,-3.2,0.3,0.0,0.0,11.1
2025-12-10,22054 Benasque,Cerler,2.0,-2.5,0.3,2.6,1.68,6.7
2025-12-11,22054 Benasque,Cerler,2.5,-4.3,-1.6,0.0,0.0,9.5
2025-12-12,22054 Benasque,Cerler,2.2,-5.0,-2.4,0.0,0.0,8.3
2025-12-13,22054 Benasque,Cerler,4.9,-3.1,-0.5,0.0,0.0,5.4
2025-12-14,22054 Benasque,Cerler,2.6,-5.7,-1.8,0.0,0.0,6.2
2025-12-15,22054 Benasque,Cerler,-0.4,-6.1,-1.7,16.7,11.06,14.8
2025-12-16,22054 Benasque,Cerler,-0.2,-4.3,-1.6,7.3,4.62,11.0
2025-12-17,22054 Benasque,Cerler,0.8,-5.8,-2.3,0.0,0.0,6.2
2025-12-18,22054 Benasque,Cerler,0.3,-5.2,-2.2,0.0,0.0,15.1
2025-12-19,22054 Benasque,Cerler,0.8,-5.0,-2.3,0.0,0.0,6.3
2025-12-20,22054 Benasque,Cerler,-1.0,-6.8,-4.2,0.0,0.0,12.3
2025-12-21,22054 Benasque,Cerler,-2.2,-5.9,-3.5,31.0,21.56,19.3
2025-12-22,22054 Benasque,Cerler,-6.1,-11.6,-7.4,7.9,5.53,9.1
2025-12-23,22054 Benasque,Cerler,-4.7,-11.6,-7.0,0.8,0.56,15.0
2025-12-24,22054 Benasque,Cerler,-1.5,-11.9,-6.3,0.1,0.07,10.9
2025-12-25,22054 Benasque,Cerler,-3.3,-12.3,-6.4,7.3,4.97,11.1
2025-12-26,22054 Benasque,Cerler,-0.1,-11.2,-4.6,1.0,0.7,4.2
2025-12-27,22054 Benasque,Cerler,0.2,-5.7,-3.1,5.3,3.71,5.8
2025-12-28,22054 Benasque,Cerler,-0.6,-11.1,-6.5,0.0,0.0,8.1
2025-12-29,22054 Benasque,Cerler,-0.5,-9.7,-5.9,0.2,0.14,3.2
2025-12-30,22054 Benasque,Cerler,-2.0,-12.8,-8.7,0.0,0.0,9.1
2025-12-31,22054 Benasque,Cerler,0.3,-11.0,-6.8,0.0,0.0,3.7
2018-01-01,22125 Huesca,Zona Huesca,9.2,2.2,6.3,2.0,0.0,29.8
2018-01-02,22125 Huesca,Zona Huesca,13.4,7.2,9.7,0.0,0.0,27.5
2018-01-03,22125 Huesca,Zona Huesca,16.4,9.7,12.3,0.0,0.0,31.3
2018-01-04,22125 Huesca,Zona Huesca,15.8,10.2,12.5,0.0,0.0,25.6
2018-01-05,22125 Huesca,Zona Huesca,13.9,5.6,9.5,0.2,0.0,12.2
2018-01-06,22125 Huesca,Zona Huesca,10.0,7.2,8.6,10.7,0.0,29.2
2018-01-07,22125 Huesca,Zona Huesca,8.5,3.3,7.2,17.5,0.0,32.6
2018-01-08,22125 Huesca,Zona Huesca,8.2,0.3,3.7,0.0,0.0,19.5
2018-01-09,22125 Huesca,Zona Huesca,6.2,-2.7,2.2,0.6,0.0,11.5
2018-01-10,22125 Huesca,Zona Huesca,8.8,1.3,4.8,1.8,0.0,14.8
2018-01-11,22125 Huesca,Zona Huesca,8.6,2.0,4.6,0.2,0.0,31.4
2018-01-12,22125 Huesca,Zona Huesca,10.9,0.4,4.2,0.0,0.0,16.1
2018-01-13,22125 Huesca,Zona Huesca,8.4,0.5,4.5,0.7,0.0,20.6
2018-01-14,22125 Huesca,Zona Huesca,7.8,2.2,4.5,4.9,0.0,23.8
2018-01-15,22125 Huesca,Zona Huesca,10.1,-0.1,4.6,0.0,0.0,19.8
2018-01-16,22125 Huesca,Zona Huesca,11.5,6.3,8.6,0.0,0.0,26.3
2018-01-17,22125 Huesca,Zona Huesca,11.0,4.4,8.9,0.0,0.0,36.9
2018-01-18,22125 Huesca,Zona Huesca,10.7,0.1,5.2,0.0,0.0,17.7
2018-01-19,22125 Huesca,Zona Huesca,13.6,4.7,8.2,0.0,0.0,26.2
2018-01-20,22125 Huesca,Zona Huesca,11.9,4.7,8.0,0.0,0.0,33.1
2018-01-21,22125 Huesca,Zona Huesca,15.8,10.3,12.0,0.0,0.0,35.5
2018-01-22,22125 Huesca,Zona Huesca,15.2,9.6,11.8,0.0,0.0,29.4
2018-01-23,22125 Huesca,Zona Huesca,16.6,6.7,10.3,0.0,0.0,21.9
2018-01-24,22125 Huesca,Zona Huesca,13.9,4.6,8.8,0.0,0.0,12.7
2018-01-25,22125 Huesca,Zona Huesca,10.9,4.6,7.8,3.8,0.0,14.5
2018-01-26,22125 Huesca,Zona Huesca,10.1,4.2,6.4,3.7,0.0,25.9
2018-01-27,22125 Huesca,Zona Huesca,11.4,2.2,5.8,0.0,0.0,23.4
2018-01-28,22125 Huesca,Zona Huesca,12.6,2.3,6.5,0.0,0.0,8.3
2018-01-29,22125 Huesca,Zona Huesca,13.6,2.5,7.2,0.0,0.0,12.6
2018-01-30,22125 Huesca,Zona Huesca,11.9,2.4,6.0,0.0,0.0,10.1
2018-01-31,22125 Huesca,Zona Huesca,11.3,2.5,6.5,0.0,0.0,9.7
2018-02-01,22125 Huesca,Zona Huesca,10.1,2.1,5.8,0.0,0.0,22.4
2018-02-02,22125 Huesca,Zona Huesca,8.6,-1.7,2.9,0.0,0.0,27.1
2018-02-03,22125 Huesca,Zona Huesca,7.9,0.1,3.5,0.3,0.0,30.1
2018-02-04,22125 Huesca,Zona Huesca,5.9,-0.2,3.0,11.3,0.91,15.9
2018-02-05,22125 Huesca,Zona Huesca,5.8,1.4,3.7,8.4,1.12,14.4
2018-02-06,22125 Huesca,Zona Huesca,7.4,-0.2,3.4,1.0,0.0,17.7
2018-02-07,22125 Huesca,Zona Huesca,6.8,-2.4,1.0,0.0,0.0,24.3
2018-02-08,22125 Huesca,Zona Huesca,6.4,-1.9,1.2,0.0,0.0,19.0
2018-02-09,22125 Huesca,Zona Huesca,7.5,-3.6,1.9,0.0,0.0,20.7
2018-02-10,22125 Huesca,Zona Huesca,8.5,-1.4,3.3,0.0,0.0,22.3
2018-02-11,22125 Huesca,Zona Huesca,13.4,-0.3,7.0,0.4,0.0,28.7
2018-02-12,22125 Huesca,Zona Huesca,9.6,0.5,5.1,0.0,0.0,24.7
2018-02-13,22125 Huesca,Zona Huesca,4.1,-4.3,0.4,1.7,0.98,13.3
2018-02-14,22125 Huesca,Zona Huesca,9.4,1.8,5.7,3.1,0.0,13.8
2018-02-15,22125 Huesca,Zona Huesca,15.9,6.4,10.4,0.2,0.0,18.0
2018-02-16,22125 Huesca,Zona Huesca,14.1,8.1,11.0,0.1,0.0,7.9
2018-02-17,22125 Huesca,Zona Huesca,13.4,4.7,9.9,0.3,0.0,25.9
2018-02-18,22125 Huesca,Zona Huesca,13.4,0.3,6.3,0.0,0.0,19.7
2018-02-19,22125 Huesca,Zona Huesca,13.9,4.3,8.4,2.3,0.0,21.7
2018-02-20,22125 Huesca,Zona Huesca,13.8,6.2,9.0,0.0,0.0,28.8
2018-02-21,22125 Huesca,Zona Huesca,11.2,2.3,6.8,0.0,0.0,28.0
2018-02-22,22125 Huesca,Zona Huesca,8.5,-1.5,2.7,0.0,0.0,25.3
2018-02-23,22125 Huesca,Zona Huesca,6.6,-3.4,1.5,0.0,0.0,14.8
2018-02-24,22125 Huesca,Zona Huesca,8.0,-2.6,2.2,0.0,0.0,11.4
2018-02-25,22125 Huesca,Zona Huesca,13.1,-1.2,4.7,0.0,0.0,16.2
2018-02-26,22125 Huesca,Zona Huesca,11.6,-0.8,4.1,0.0,0.0,18.9
2018-02-27,22125 Huesca,Zona Huesca,5.4,-1.5,1.4,0.0,0.0,11.6
2018-02-28,22125 Huesca,Zona Huesca,4.2,-0.2,1.4,28.4,17.78,32.0
2018-03-01,22125 Huesca,Zona Huesca,10.9,3.8,7.7,14.7,0.0,30.1
2018-03-02,22125 Huesca,Zona Huesca,10.1,-0.8,5.9,6.5,0.0,27.4
2018-03-03,22125 Huesca,Zona Huesca,14.1,4.9,8.6,2.5,0.0,21.0
2018-03-04,22125 Huesca,Zona Huesca,13.1,2.7,8.8,6.9,0.0,15.8
2018-03-05,22125 Huesca,Zona Huesca,10.8,2.1,6.5,14.0,2.8,15.3
2018-03-06,22125 Huesca,Zona Huesca,11.9,2.4,6.4,1.2,0.07,18.1
2018-03-07,22125 Huesca,Zona Huesca,11.1,2.5,5.9,0.0,0.0,28.1
2018-03-08,22125 Huesca,Zona Huesca,9.9,2.3,6.5,0.6,0.14,14.8
2018-03-09,22125 Huesca,Zona Huesca,15.1,5.2,10.4,3.9,0.0,17.7
2018-03-10,22125 Huesca,Zona Huesca,15.6,10.1,11.8,16.6,0.0,17.3
2018-03-11,22125 Huesca,Zona Huesca,13.2,6.2,9.6,0.8,0.0,23.5
2018-03-12,22125 Huesca,Zona Huesca,11.9,4.9,8.0,2.1,0.0,28.8
2018-03-13,22125 Huesca,Zona Huesca,10.9,3.5,6.8,1.2,0.0,13.2
2018-03-14,22125 Huesca,Zona Huesca,12.9,3.8,8.3,11.4,0.0,22.9
2018-03-15,22125 Huesca,Zona Huesca,13.4,6.0,9.2,6.1,0.0,19.9
2018-03-16,22125 Huesca,Zona Huesca,11.6,3.4,7.4,0.2,0.0,18.1
2018-03-17,22125 Huesca,Zona Huesca,8.4,0.7,4.7,2.4,0.49,15.7
2018-03-18,22125 Huesca,Zona Huesca,10.1,1.9,5.5,0.1,0.0,29.2
2018-03-19,22125 Huesca,Zona Huesca,9.2,2.0,4.6,2.0,0.35,25.8
2018-03-20,22125 Huesca,Zona Huesca,10.1,0.6,3.8,0.0,0.0,32.8
2018-03-21,22125 Huesca,Zona Huesca,9.6,-0.6,3.9,0.0,0.0,28.7
2018-03-22,22125 Huesca,Zona Huesca,12.0,-0.6,4.9,0.0,0.0,21.7
2018-03-23,22125 Huesca,Zona Huesca,15.2,0.8,7.3,0.0,0.0,29.2
2018-03-24,22125 Huesca,Zona Huesca,11.2,4.4,7.8,9.6,0.0,28.1
2018-03-25,22125 Huesca,Zona Huesca,12.1,3.5,7.4,0.2,0.0,22.2
2018-03-26,22125 Huesca,Zona Huesca,12.5,4.9,8.1,0.0,0.0,34.2
2018-03-27,22125 Huesca,Zona Huesca,15.4,5.9,10.2,0.0,0.0,36.4
2018-03-28,22125 Huesca,Zona Huesca,18.1,7.3,12.4,0.0,0.0,23.0
2018-03-29,22125 Huesca,Zona Huesca,14.9,5.2,10.4,0.0,0.0,18.1
2018-03-30,22125 Huesca,Zona Huesca,12.4,5.1,8.7,0.9,0.0,20.6
2018-03-31,22125 Huesca,Zona Huesca,10.5,3.2,6.5,1.5,0.0,38.5
2018-04-01,22125 Huesca,Zona Huesca,14.9,0.8,8.4,0.0,0.0,17.8
2018-04-02,22125 Huesca,Zona Huesca,17.2,8.9,12.1,0.0,0.0,25.6
2018-04-03,22125 Huesca,Zona Huesca,18.4,8.6,12.7,1.9,0.0,19.8
2018-04-04,22125 Huesca,Zona Huesca,16.0,6.2,11.6,1.6,0.0,16.5
2018-04-05,22125 Huesca,Zona Huesca,17.3,6.9,12.1,0.0,0.0,17.7
2018-04-06,22125 Huesca,Zona Huesca,18.6,10.0,13.8,0.6,0.0,28.8
2018-04-07,22125 Huesca,Zona Huesca,15.8,8.7,12.1,18.8,0.0,27.6
2018-04-08,22125 Huesca,Zona Huesca,13.6,6.2,9.4,20.0,0.0,22.9
2018-04-09,22125 Huesca,Zona Huesca,11.0,3.7,7.4,6.3,0.0,16.7
2018-04-10,22125 Huesca,Zona Huesca,8.3,3.3,6.0,17.1,0.0,24.6
2018-04-11,22125 Huesca,Zona Huesca,8.2,3.8,5.9,37.6,0.0,22.4
2018-04-12,22125 Huesca,Zona Huesca,13.9,2.0,7.7,0.5,0.0,21.8
2018-04-13,22125 Huesca,Zona Huesca,12.4,7.8,9.3,12.9,0.0,22.2
2018-04-14,22125 Huesca,Zona Huesca,15.4,5.2,10.3,0.5,0.0,11.8
2018-04-15,22125 Huesca,Zona Huesca,18.3,5.6,11.9,0.0,0.0,20.3
2018-04-16,22125 Huesca,Zona Huesca,15.6,8.8,12.1,13.2,0.0,13.3
2018-04-17,22125 Huesca,Zona Huesca,19.6,6.1,12.8,0.0,0.0,9.8
2018-04-18,22125 Huesca,Zona Huesca,22.2,11.4,16.6,0.0,0.0,15.3
2018-04-19,22125 Huesca,Zona Huesca,21.0,10.9,15.9,0.0,0.0,18.2
2018-04-20,22125 Huesca,Zona Huesca,20.6,11.3,15.5,0.0,0.0,20.2
2018-04-21,22125 Huesca,Zona Huesca,21.6,9.6,15.8,0.0,0.0,15.2
2018-04-22,22125 Huesca,Zona Huesca,21.5,10.9,16.7,0.0,0.0,13.0
2018-04-23,22125 Huesca,Zona Huesca,20.4,12.1,15.1,1.1,0.0,11.4
2018-04-24,22125 Huesca,Zona Huesca,23.2,11.3,17.3,0.0,0.0,9.8
2018-04-25,22125 Huesca,Zona Huesca,24.4,12.5,18.3,0.0,0.0,13.4
2018-04-26,22125 Huesca,Zona Huesca,21.0,9.9,15.2,0.0,0.0,17.2
2018-04-27,22125 Huesca,Zona Huesca,22.6,10.4,16.2,0.0,0.0,15.3
2018-04-28,22125 Huesca,Zona Huesca,19.4,11.8,14.6,20.8,0.0,19.2
2018-04-29,22125 Huesca,Zona Huesca,12.4,7.3,10.4,15.4,0.0,21.0
2018-04-30,22125 Huesca,Zona Huesca,12.6,4.6,8.7,0.7,0.0,12.8
2018-05-01,22125 Huesca,Zona Huesca,15.1,3.7,9.3,0.0,0.0,20.5
2018-05-02,22125 Huesca,Zona Huesca,17.2,2.7,10.5,0.0,0.0,23.6
2018-05-03,22125 Huesca,Zona Huesca,17.2,8.2,12.3,0.0,0.0,28.3
2018-05-04,22125 Huesca,Zona Huesca,21.5,6.7,13.1,0.0,0.0,18.8
2018-05-05,22125 Huesca,Zona Huesca,20.8,7.9,13.9,1.0,0.0,10.7
2018-05-06,22125 Huesca,Zona Huesca,22.3,10.4,16.9,0.0,0.0,13.0
2018-05-07,22125 Huesca,Zona Huesca,21.9,12.9,17.4,1.2,0.0,11.9
2018-05-08,22125 Huesca,Zona Huesca,23.2,11.8,17.4,0.4,0.0,14.5
2018-05-09,22125 Huesca,Zona Huesca,22.6,11.4,16.5,0.0,0.0,20.0
2018-05-10,22125 Huesca,Zona Huesca,21.0,11.2,15.7,0.0,0.0,17.1
2018-05-11,22125 Huesca,Zona Huesca,23.6,7.7,15.2,0.0,0.0,12.1
2018-05-12,22125 Huesca,Zona Huesca,20.2,9.4,15.6,7.5,0.0,24.2
2018-05-13,22125 Huesca,Zona Huesca,14.0,5.6,9.9,0.1,0.0,31.7
2018-05-14,22125 Huesca,Zona Huesca,15.6,6.0,10.5,0.0,0.0,31.4
2018-05-15,22125 Huesca,Zona Huesca,21.1,7.3,13.7,0.0,0.0,17.7
2018-05-16,22125 Huesca,Zona Huesca,21.8,8.9,15.0,0.0,0.0,8.6
2018-05-17,22125 Huesca,Zona Huesca,22.6,10.1,16.4,0.0,0.0,18.3
2018-05-18,22125 Huesca,Zona Huesca,21.0,12.7,16.7,0.4,0.0,14.8
2018-05-19,22125 Huesca,Zona Huesca,21.5,13.0,17.1,4.2,0.0,12.3
2018-05-20,22125 Huesca,Zona Huesca,20.6,12.2,15.9,3.5,0.0,14.9
2018-05-21,22125 Huesca,Zona Huesca,21.5,13.6,17.3,1.6,0.0,12.3
2018-05-22,22125 Huesca,Zona Huesca,23.5,11.8,17.8,0.1,0.0,13.0
2018-05-23,22125 Huesca,Zona Huesca,24.5,13.1,18.8,0.1,0.0,12.9
2018-05-24,22125 Huesca,Zona Huesca,24.9,14.8,19.5,4.1,0.0,18.0
2018-05-25,22125 Huesca,Zona Huesca,26.0,14.6,20.0,0.9,0.0,28.7
2018-05-26,22125 Huesca,Zona Huesca,20.3,15.1,17.5,7.0,0.0,22.9
2018-05-27,22125 Huesca,Zona Huesca,22.9,12.3,18.1,3.3,0.0,15.3
2018-05-28,22125 Huesca,Zona Huesca,19.5,13.1,16.2,14.8,0.0,16.9
2018-05-29,22125 Huesca,Zona Huesca,20.5,12.9,16.0,7.2,0.0,16.0
2018-05-30,22125 Huesca,Zona Huesca,18.4,13.2,15.6,9.1,0.0,14.0
2018-05-31,22125 Huesca,Zona Huesca,21.3,12.1,16.8,0.1,0.0,12.3
2018-06-01,22125 Huesca,Zona Huesca,23.8,15.0,18.8,3.3,0.0,13.7
2018-06-02,22125 Huesca,Zona Huesca,22.4,13.7,18.3,2.8,0.0,17.7
2018-06-03,22125 Huesca,Zona Huesca,22.1,14.4,18.1,1.1,0.0,15.8
2018-06-04,22125 Huesca,Zona Huesca,22.0,14.6,17.7,6.8,0.0,16.7
2018-06-05,22125 Huesca,Zona Huesca,20.9,13.5,16.9,1.4,0.0,18.7
2018-06-06,22125 Huesca,Zona Huesca,19.5,12.2,15.1,2.2,0.0,9.8
2018-06-07,22125 Huesca,Zona Huesca,22.2,11.3,17.2,0.0,0.0,15.0
2018-06-08,22125 Huesca,Zona Huesca,22.8,14.0,18.2,0.3,0.0,11.1
2018-06-09,22125 Huesca,Zona Huesca,24.4,16.0,19.4,9.8,0.0,22.0
2018-06-10,22125 Huesca,Zona Huesca,19.6,14.7,16.5,17.2,0.0,14.6
2018-06-11,22125 Huesca,Zona Huesca,21.2,12.3,16.9,2.0,0.0,21.4
2018-06-12,22125 Huesca,Zona Huesca,19.0,12.2,15.2,4.9,0.0,32.6
2018-06-13,22125 Huesca,Zona Huesca,22.9,13.2,17.5,0.0,0.0,31.4
2018-06-14,22125 Huesca,Zona Huesca,24.2,11.1,17.7,0.0,0.0,17.3
2018-06-15,22125 Huesca,Zona Huesca,25.5,12.4,18.6,0.0,0.0,18.1
2018-06-16,22125 Huesca,Zona Huesca,26.0,13.6,19.5,0.0,0.0,18.7
2018-06-17,22125 Huesca,Zona Huesca,26.0,13.2,18.9,0.0,0.0,21.7
2018-06-18,22125 Huesca,Zona Huesca,27.4,13.8,20.3,0.0,0.0,14.2
2018-06-19,22125 Huesca,Zona Huesca,27.7,13.6,20.7,0.0,0.0,7.0
2018-06-20,22125 Huesca,Zona Huesca,31.0,19.1,25.0,0.0,0.0,17.0
2018-06-21,22125 Huesca,Zona Huesca,31.2,19.6,25.6,0.0,0.0,13.7
2018-06-22,22125 Huesca,Zona Huesca,31.6,18.8,25.2,0.0,0.0,17.3
2018-06-23,22125 Huesca,Zona Huesca,29.9,15.6,23.4,0.0,0.0,23.7
2018-06-24,22125 Huesca,Zona Huesca,30.5,18.1,24.3,0.0,0.0,19.4
2018-06-25,22125 Huesca,Zona Huesca,31.8,18.4,25.4,0.0,0.0,20.5
2018-06-26,22125 Huesca,Zona Huesca,32.7,19.5,26.2,0.0,0.0,20.5
2018-06-27,22125 Huesca,Zona Huesca,33.3,20.1,26.4,0.0,0.0,19.1
2018-06-28,22125 Huesca,Zona Huesca,30.4,19.8,24.2,3.1,0.0,18.7
2018-06-29,22125 Huesca,Zona Huesca,29.5,17.5,23.1,5.3,0.0,23.9
2018-06-30,22125 Huesca,Zona Huesca,31.1,19.3,25.0,0.0,0.0,23.8
2018-07-01,22125 Huesca,Zona Huesca,31.5,19.1,25.4,0.0,0.0,14.1
2018-07-02,22125 Huesca,Zona Huesca,30.2,19.2,24.8,0.0,0.0,18.5
2018-07-03,22125 Huesca,Zona Huesca,31.5,20.2,25.8,0.0,0.0,20.3
2018-07-04,22125 Huesca,Zona Huesca,32.2,20.2,26.0,0.3,0.0,21.8
2018-07-05,22125 Huesca,Zona Huesca,27.8,16.1,22.1,0.0,0.0,27.2
2018-07-06,22125 Huesca,Zona Huesca,29.8,14.1,22.5,0.0,0.0,15.3
2018-07-07,22125 Huesca,Zona Huesca,30.5,18.2,24.6,0.0,0.0,15.0
2018-07-08,22125 Huesca,Zona Huesca,31.8,19.4,25.5,0.5,0.0,17.7
2018-07-09,22125 Huesca,Zona Huesca,32.2,20.6,26.2,0.0,0.0,15.1
2018-07-10,22125 Huesca,Zona Huesca,32.1,18.8,25.4,0.0,0.0,20.1
2018-07-11,22125 Huesca,Zona Huesca,32.5,17.9,24.8,0.0,0.0,15.9
2018-07-12,22125 Huesca,Zona Huesca,28.7,17.9,23.6,0.2,0.0,14.6
2018-07-13,22125 Huesca,Zona Huesca,32.0,18.5,25.1,2.1,0.0,17.7
2018-07-14,22125 Huesca,Zona Huesca,32.5,20.8,26.6,0.3,0.0,15.7
2018-07-15,22125 Huesca,Zona Huesca,33.1,19.9,27.0,0.0,0.0,16.5
2018-07-16,22125 Huesca,Zona Huesca,27.5,19.6,23.2,0.0,0.0,30.3
2018-07-17,22125 Huesca,Zona Huesca,30.7,14.7,23.0,0.0,0.0,12.8
2018-07-18,22125 Huesca,Zona Huesca,31.2,20.2,25.4,0.3,0.0,20.5
2018-07-19,22125 Huesca,Zona Huesca,33.2,19.3,26.4,0.0,0.0,22.2
2018-07-20,22125 Huesca,Zona Huesca,29.9,19.1,24.9,0.0,0.0,19.0
2018-07-21,22125 Huesca,Zona Huesca,27.6,15.8,22.0,0.0,0.0,24.9
2018-07-22,22125 Huesca,Zona Huesca,29.5,16.6,22.8,0.0,0.0,16.1
2018-07-23,22125 Huesca,Zona Huesca,32.7,15.8,24.6,0.0,0.0,11.4
2018-07-24,22125 Huesca,Zona Huesca,33.5,21.4,26.9,0.0,0.0,22.0
2018-07-25,22125 Huesca,Zona Huesca,33.1,21.5,26.9,0.3,0.0,15.6
2018-07-26,22125 Huesca,Zona Huesca,35.0,21.5,28.4,0.0,0.0,19.5
2018-07-27,22125 Huesca,Zona Huesca,34.4,20.9,28.3,0.0,0.0,19.6
2018-07-28,22125 Huesca,Zona Huesca,33.1,20.9,27.6,0.0,0.0,21.3
2018-07-29,22125 Huesca,Zona Huesca,33.8,21.1,27.3,0.0,0.0,25.6
2018-07-30,22125 Huesca,Zona Huesca,34.2,22.5,28.4,0.0,0.0,14.9
2018-07-31,22125 Huesca,Zona Huesca,35.0,22.1,28.8,0.0,0.0,17.5
2018-08-01,22125 Huesca,Zona Huesca,35.2,21.7,29.0,0.0,0.0,23.6
2018-08-02,22125 Huesca,Zona Huesca,36.8,22.9,30.3,0.0,0.0,15.3
2018-08-03,22125 Huesca,Zona Huesca,36.8,23.1,30.6,0.0,0.0,28.1
2018-08-04,22125 Huesca,Zona Huesca,36.3,24.4,30.7,0.0,0.0,18.1
2018-08-05,22125 Huesca,Zona Huesca,34.5,22.5,29.8,0.0,0.0,16.0
2018-08-06,22125 Huesca,Zona Huesca,36.0,22.8,29.6,0.0,0.0,18.1
2018-08-07,22125 Huesca,Zona Huesca,33.8,24.0,28.0,0.5,0.0,25.5
2018-08-08,22125 Huesca,Zona Huesca,32.2,20.5,24.2,6.3,0.0,28.2
2018-08-09,22125 Huesca,Zona Huesca,28.2,19.5,23.2,2.0,0.0,25.2
2018-08-10,22125 Huesca,Zona Huesca,27.8,17.9,21.9,2.0,0.0,15.5
2018-08-11,22125 Huesca,Zona Huesca,30.2,17.5,23.9,0.1,0.0,16.6
2018-08-12,22125 Huesca,Zona Huesca,31.0,20.8,24.0,12.2,0.0,18.2
2018-08-13,22125 Huesca,Zona Huesca,30.2,19.5,23.9,0.0,0.0,17.3
2018-08-14,22125 Huesca,Zona Huesca,28.4,15.5,22.0,0.0,0.0,21.4
2018-08-15,22125 Huesca,Zona Huesca,30.2,15.4,22.7,0.0,0.0,15.1
2018-08-16,22125 Huesca,Zona Huesca,30.4,19.0,24.2,0.6,0.0,15.8
2018-08-17,22125 Huesca,Zona Huesca,29.8,17.5,23.2,1.1,0.0,16.0
2018-08-18,22125 Huesca,Zona Huesca,27.3,14.1,20.7,0.1,0.0,9.8
2018-08-19,22125 Huesca,Zona Huesca,31.0,17.1,24.1,0.0,0.0,16.2
2018-08-20,22125 Huesca,Zona Huesca,31.4,17.4,24.5,0.0,0.0,10.8
2018-08-21,22125 Huesca,Zona Huesca,31.6,17.1,25.4,0.0,0.0,13.0
2018-08-22,22125 Huesca,Zona Huesca,32.3,21.0,26.6,0.0,0.0,13.7
2018-08-23,22125 Huesca,Zona Huesca,31.6,20.2,25.9,0.1,0.0,19.1
2018-08-24,22125 Huesca,Zona Huesca,29.3,16.5,22.7,0.0,0.0,28.1
2018-08-25,22125 Huesca,Zona Huesca,26.5,12.7,19.8,0.0,0.0,25.6
2018-08-26,22125 Huesca,Zona Huesca,28.8,13.6,20.6,0.0,0.0,15.7
2018-08-27,22125 Huesca,Zona Huesca,31.7,17.1,24.1,0.0,0.0,12.6
2018-08-28,22125 Huesca,Zona Huesca,31.7,21.0,25.9,0.0,0.0,21.2
2018-08-29,22125 Huesca,Zona Huesca,31.2,19.4,24.7,0.0,0.0,18.4
2018-08-30,22125 Huesca,Zona Huesca,29.5,17.5,23.3,0.0,0.0,12.3
2018-08-31,22125 Huesca,Zona Huesca,30.6,16.1,22.6,0.0,0.0,23.0
2018-09-01,22125 Huesca,Zona Huesca,31.1,19.5,24.2,0.0,0.0,27.9
2018-09-02,22125 Huesca,Zona Huesca,31.9,19.5,24.0,0.0,0.0,19.9
2018-09-03,22125 Huesca,Zona Huesca,29.7,19.9,24.1,2.5,0.0,20.5
2018-09-04,22125 Huesca,Zona Huesca,27.9,16.6,21.7,16.1,0.0,16.0
2018-09-05,22125 Huesca,Zona Huesca,25.9,17.6,20.8,5.8,0.0,18.2
2018-09-06,22125 Huesca,Zona Huesca,26.1,16.4,20.4,5.4,0.0,16.9
2018-09-07,22125 Huesca,Zona Huesca,25.5,14.1,19.4,0.0,0.0,8.9
2018-09-08,22125 Huesca,Zona Huesca,26.2,16.2,21.4,0.0,0.0,14.1
2018-09-09,22125 Huesca,Zona Huesca,26.0,18.0,21.5,0.4,0.0,14.5
2018-09-10,22125 Huesca,Zona Huesca,26.3,17.0,21.6,0.0,0.0,6.7
2018-09-11,22125 Huesca,Zona Huesca,26.6,16.7,21.9,0.6,0.0,14.8
2018-09-12,22125 Huesca,Zona Huesca,25.0,16.5,20.8,3.8,0.0,14.0
2018-09-13,22125 Huesca,Zona Huesca,28.3,15.6,21.3,0.0,0.0,13.7
2018-09-14,22125 Huesca,Zona Huesca,28.5,14.4,21.1,0.0,0.0,9.9
2018-09-15,22125 Huesca,Zona Huesca,25.7,17.6,21.7,0.0,0.0,14.2
2018-09-16,22125 Huesca,Zona Huesca,28.5,15.8,22.2,0.0,0.0,14.1
2018-09-17,22125 Huesca,Zona Huesca,28.3,18.0,22.5,0.5,0.0,16.5
2018-09-18,22125 Huesca,Zona Huesca,27.8,17.2,22.0,0.0,0.0,16.9
2018-09-19,22125 Huesca,Zona Huesca,29.0,16.5,22.7,0.0,0.0,10.0
2018-09-20,22125 Huesca,Zona Huesca,30.0,17.5,23.8,0.0,0.0,13.4
2018-09-21,22125 Huesca,Zona Huesca,30.6,19.3,24.4,0.0,0.0,18.8
2018-09-22,22125 Huesca,Zona Huesca,31.5,16.1,23.3,0.0,0.0,17.6
2018-09-23,22125 Huesca,Zona Huesca,32.4,19.4,24.9,0.0,0.0,18.7
2018-09-24,22125 Huesca,Zona Huesca,26.6,15.3,21.7,0.0,0.0,24.7
2018-09-25,22125 Huesca,Zona Huesca,23.0,11.4,16.7,0.0,0.0,13.8
2018-09-26,22125 Huesca,Zona Huesca,24.0,15.5,19.2,0.0,0.0,21.5
2018-09-27,22125 Huesca,Zona Huesca,26.0,13.1,19.7,0.0,0.0,10.0
2018-09-28,22125 Huesca,Zona Huesca,27.8,16.1,21.3,0.0,0.0,9.4
2018-09-29,22125 Huesca,Zona Huesca,27.6,15.5,21.2,0.0,0.0,14.0
2018-09-30,22125 Huesca,Zona Huesca,26.5,13.9,19.3,0.0,0.0,19.7
2018-10-01,22125 Huesca,Zona Huesca,23.5,10.5,15.2,0.0,0.0,31.0
2018-10-02,22125 Huesca,Zona Huesca,24.6,7.4,14.7,0.0,0.0,14.8
2018-10-03,22125 Huesca,Zona Huesca,26.6,10.2,17.7,0.0,0.0,13.2
2018-10-04,22125 Huesca,Zona Huesca,24.7,10.8,17.7,0.0,0.0,14.1
2018-10-05,22125 Huesca,Zona Huesca,24.3,13.1,18.7,0.0,0.0,18.2
2018-10-06,22125 Huesca,Zona Huesca,24.8,12.4,18.5,0.3,0.0,24.6
2018-10-07,22125 Huesca,Zona Huesca,17.9,10.1,13.4,3.1,0.0,30.1
2018-10-08,22125 Huesca,Zona Huesca,19.2,8.2,13.4,1.2,0.0,16.1
2018-10-09,22125 Huesca,Zona Huesca,19.1,9.8,13.7,8.2,0.0,19.5
2018-10-10,22125 Huesca,Zona Huesca,19.1,12.8,14.9,18.0,0.0,18.2
2018-10-11,22125 Huesca,Zona Huesca,22.0,14.4,17.6,0.2,0.0,18.0
2018-10-12,22125 Huesca,Zona Huesca,23.5,16.1,19.3,0.7,0.0,14.0
2018-10-13,22125 Huesca,Zona Huesca,23.5,15.4,19.2,0.1,0.0,20.8
2018-10-14,22125 Huesca,Zona Huesca,18.8,14.6,17.2,91.3,0.0,29.3
2018-10-15,22125 Huesca,Zona Huesca,18.5,11.3,14.7,15.1,0.0,33.6
2018-10-16,22125 Huesca,Zona Huesca,19.6,10.4,15.1,0.0,0.0,8.6
2018-10-17,22125 Huesca,Zona Huesca,19.4,12.9,15.4,0.0,0.0,10.0
2018-10-18,22125 Huesca,Zona Huesca,20.1,12.6,15.9,2.6,0.0,9.0
2018-10-19,22125 Huesca,Zona Huesca,21.6,13.5,16.8,1.2,0.0,11.5
2018-10-20,22125 Huesca,Zona Huesca,21.2,14.5,16.7,6.2,0.0,7.6
2018-10-21,22125 Huesca,Zona Huesca,22.7,12.2,16.8,0.0,0.0,16.6
2018-10-22,22125 Huesca,Zona Huesca,19.9,11.1,14.8,0.0,0.0,8.4
2018-10-23,22125 Huesca,Zona Huesca,19.2,8.5,12.9,0.0,0.0,9.7
2018-10-24,22125 Huesca,Zona Huesca,20.9,8.9,13.6,0.0,0.0,16.2
2018-10-25,22125 Huesca,Zona Huesca,19.0,7.3,12.9,0.0,0.0,8.7
2018-10-26,22125 Huesca,Zona Huesca,18.5,9.4,14.3,0.8,0.0,12.6
2018-10-27,22125 Huesca,Zona Huesca,14.4,8.2,11.3,1.1,0.0,20.8
2018-10-28,22125 Huesca,Zona Huesca,9.6,3.3,6.1,1.7,0.0,21.2
2018-10-29,22125 Huesca,Zona Huesca,10.1,2.6,5.4,0.0,0.0,34.0
2018-10-30,22125 Huesca,Zona Huesca,10.0,1.7,6.1,1.3,0.0,24.5
2018-10-31,22125 Huesca,Zona Huesca,12.0,7.6,8.9,21.6,0.0,26.6
2018-11-01,22125 Huesca,Zona Huesca,13.8,4.7,8.9,0.1,0.0,17.6
2018-11-02,22125 Huesca,Zona Huesca,16.0,6.7,10.0,0.4,0.0,20.3
2018-11-03,22125 Huesca,Zona Huesca,13.1,4.1,8.4,0.0,0.0,16.6
2018-11-04,22125 Huesca,Zona Huesca,14.4,3.2,9.0,0.0,0.0,11.5
2018-11-05,22125 Huesca,Zona Huesca,12.8,7.5,10.4,14.5,0.0,22.4
2018-11-06,22125 Huesca,Zona Huesca,11.1,5.8,7.9,3.9,0.0,15.4
2018-11-07,22125 Huesca,Zona Huesca,12.8,5.2,9.1,0.4,0.0,12.6
2018-11-08,22125 Huesca,Zona Huesca,12.4,5.2,8.9,0.1,0.0,19.2
2018-11-09,22125 Huesca,Zona Huesca,14.5,6.5,10.3,10.9,0.0,25.6
2018-11-10,22125 Huesca,Zona Huesca,13.8,7.0,10.3,2.6,0.0,7.6
2018-11-11,22125 Huesca,Zona Huesca,17.1,7.9,12.5,0.0,0.0,22.9
2018-11-12,22125 Huesca,Zona Huesca,16.9,12.2,13.9,1.0,0.0,22.5
2018-11-13,22125 Huesca,Zona Huesca,17.1,9.2,13.0,0.0,0.0,9.6
2018-11-14,22125 Huesca,Zona Huesca,15.9,10.2,13.2,0.1,0.0,13.6
2018-11-15,22125 Huesca,Zona Huesca,16.6,11.0,13.2,1.6,0.0,15.9
2018-11-16,22125 Huesca,Zona Huesca,15.8,9.4,12.0,1.7,0.0,10.9
2018-11-17,22125 Huesca,Zona Huesca,13.9,10.4,11.9,3.0,0.0,15.3
2018-11-18,22125 Huesca,Zona Huesca,9.8,8.1,8.9,9.3,0.0,26.2
2018-11-19,22125 Huesca,Zona Huesca,13.4,5.2,9.8,0.1,0.0,19.5
2018-11-20,22125 Huesca,Zona Huesca,7.7,2.4,5.6,8.8,0.21,13.7
2018-11-21,22125 Huesca,Zona Huesca,10.5,4.4,7.0,1.1,0.0,9.8
2018-11-22,22125 Huesca,Zona Huesca,11.8,4.9,8.0,0.0,0.0,10.3
2018-11-23,22125 Huesca,Zona Huesca,10.6,3.5,7.8,4.2,0.0,12.5
2018-11-24,22125 Huesca,Zona Huesca,10.6,1.4,5.6,0.0,0.0,7.2
2018-11-25,22125 Huesca,Zona Huesca,11.4,4.2,7.0,4.7,0.0,20.6
2018-11-26,22125 Huesca,Zona Huesca,10.4,4.3,6.7,3.2,0.0,33.2
2018-11-27,22125 Huesca,Zona Huesca,13.3,4.9,7.9,0.0,0.0,23.5
2018-11-28,22125 Huesca,Zona Huesca,12.8,2.9,7.1,0.0,0.0,10.2
2018-11-29,22125 Huesca,Zona Huesca,13.7,3.0,7.1,0.0,0.0,11.3
2018-11-30,22125 Huesca,Zona Huesca,12.6,5.6,8.3,1.3,0.0,25.5
2018-12-01,22125 Huesca,Zona Huesca,12.4,4.3,7.2,0.0,0.0,19.9
2018-12-02,22125 Huesca,Zona Huesca,13.7,5.8,9.0,0.0,0.0,11.4
2018-12-03,22125 Huesca,Zona Huesca,15.2,6.8,10.1,0.0,0.0,18.6
2018-12-04,22125 Huesca,Zona Huesca,16.1,8.4,11.3,0.0,0.0,12.7
2018-12-05,22125 Huesca,Zona Huesca,14.1,7.9,10.4,0.0,0.0,12.6
2018-12-06,22125 Huesca,Zona Huesca,15.9,6.4,10.3,0.0,0.0,23.7
2018-12-07,22125 Huesca,Zona Huesca,13.4,2.3,8.4,0.0,0.0,23.9
2018-12-08,22125 Huesca,Zona Huesca,12.1,6.3,9.0,0.0,0.0,25.7
2018-12-09,22125 Huesca,Zona Huesca,14.1,8.8,11.0,0.0,0.0,34.8
2018-12-10,22125 Huesca,Zona Huesca,12.8,5.1,8.1,0.0,0.0,18.8
2018-12-11,22125 Huesca,Zona Huesca,9.6,2.5,5.7,0.0,0.0,7.9
2018-12-12,22125 Huesca,Zona Huesca,13.6,2.8,7.3,0.0,0.0,15.4
2018-12-13,22125 Huesca,Zona Huesca,8.4,4.2,6.5,3.7,0.0,25.7
2018-12-14,22125 Huesca,Zona Huesca,11.4,7.1,8.3,0.0,0.0,30.2
2018-12-15,22125 Huesca,Zona Huesca,12.8,4.0,7.7,0.0,0.0,18.0
2018-12-16,22125 Huesca,Zona Huesca,10.4,6.2,7.9,8.8,0.0,22.6
2018-12-17,22125 Huesca,Zona Huesca,10.3,2.9,6.4,0.0,0.0,25.8
2018-12-18,22125 Huesca,Zona Huesca,11.1,1.3,5.9,0.0,0.0,15.4
2018-12-19,22125 Huesca,Zona Huesca,10.6,4.1,7.1,0.2,0.0,21.3
2018-12-20,22125 Huesca,Zona Huesca,11.8,3.7,6.7,0.0,0.0,17.1
2018-12-21,22125 Huesca,Zona Huesca,10.4,3.2,6.4,0.0,0.0,9.5
2018-12-22,22125 Huesca,Zona Huesca,14.1,3.2,7.7,0.0,0.0,14.8
2018-12-23,22125 Huesca,Zona Huesca,12.0,5.6,8.2,0.0,0.0,9.0
2018-12-24,22125 Huesca,Zona Huesca,12.1,3.0,6.6,0.0,0.0,10.2
2018-12-25,22125 Huesca,Zona Huesca,9.1,3.2,6.1,0.0,0.0,9.4
2018-12-26,22125 Huesca,Zona Huesca,8.4,3.5,6.0,0.0,0.0,9.7
2018-12-27,22125 Huesca,Zona Huesca,7.1,3.2,4.8,0.1,0.0,5.9
2018-12-28,22125 Huesca,Zona Huesca,7.8,1.2,3.7,0.0,0.0,7.4
2018-12-29,22125 Huesca,Zona Huesca,9.8,1.0,4.8,0.0,0.0,9.8
2018-12-30,22125 Huesca,Zona Huesca,8.9,-0.4,3.8,0.0,0.0,12.5
2018-12-31,22125 Huesca,Zona Huesca,10.4,-0.5,4.7,0.0,0.0,11.0
2019-01-01,22125 Huesca,Zona Huesca,8.3,-0.1,4.1,0.0,0.0,11.0
2019-01-02,22125 Huesca,Zona Huesca,7.7,-2.7,1.2,0.0,0.0,11.7
2019-01-03,22125 Huesca,Zona Huesca,6.3,-3.7,0.7,0.0,0.0,11.6
2019-01-04,22125 Huesca,Zona Huesca,5.3,-1.9,1.3,0.0,0.0,8.7
2019-01-05,22125 Huesca,Zona Huesca,11.4,-3.3,2.6,0.0,0.0,14.1
2019-01-06,22125 Huesca,Zona Huesca,10.8,-1.0,3.8,0.0,0.0,14.8
2019-01-07,22125 Huesca,Zona Huesca,8.0,-1.5,2.8,0.0,0.0,10.7
2019-01-08,22125 Huesca,Zona Huesca,9.2,-1.8,2.6,0.0,0.0,13.3
2019-01-09,22125 Huesca,Zona Huesca,9.9,2.5,5.9,0.0,0.0,33.4
2019-01-10,22125 Huesca,Zona Huesca,7.1,-1.6,1.8,0.0,0.0,18.5
2019-01-11,22125 Huesca,Zona Huesca,6.8,-4.0,0.0,0.0,0.0,8.6
2019-01-12,22125 Huesca,Zona Huesca,10.8,-3.2,2.2,0.0,0.0,11.9
2019-01-13,22125 Huesca,Zona Huesca,12.4,-1.4,4.6,0.0,0.0,16.3
2019-01-14,22125 Huesca,Zona Huesca,12.9,3.7,8.1,0.0,0.0,24.1
2019-01-15,22125 Huesca,Zona Huesca,8.8,0.9,4.4,0.0,0.0,10.7
2019-01-16,22125 Huesca,Zona Huesca,8.6,0.6,4.4,0.0,0.0,10.2
2019-01-17,22125 Huesca,Zona Huesca,9.9,-0.3,3.4,0.0,0.0,15.3
2019-01-18,22125 Huesca,Zona Huesca,8.2,-2.0,2.0,0.1,0.0,16.1
2019-01-19,22125 Huesca,Zona Huesca,6.4,-0.6,2.7,0.6,0.0,10.9
2019-01-20,22125 Huesca,Zona Huesca,11.6,1.1,5.2,3.4,0.0,21.9
2019-01-21,22125 Huesca,Zona Huesca,9.6,0.4,3.9,0.0,0.0,23.3
2019-01-22,22125 Huesca,Zona Huesca,7.2,-0.4,2.7,1.8,0.0,26.3
2019-01-23,22125 Huesca,Zona Huesca,8.1,1.4,4.2,12.8,0.42,36.6
2019-01-24,22125 Huesca,Zona Huesca,7.1,1.8,4.0,3.3,0.28,26.6
2019-01-25,22125 Huesca,Zona Huesca,12.9,1.8,8.0,0.1,0.0,27.9
2019-01-26,22125 Huesca,Zona Huesca,12.6,1.9,6.8,0.0,0.0,19.9
2019-01-27,22125 Huesca,Zona Huesca,8.7,3.7,5.9,0.1,0.0,37.0
2019-01-28,22125 Huesca,Zona Huesca,8.2,2.9,5.0,2.8,0.0,37.2
2019-01-29,22125 Huesca,Zona Huesca,7.1,3.0,4.8,4.1,0.0,25.9
2019-01-30,22125 Huesca,Zona Huesca,7.8,1.5,4.1,0.4,0.0,30.4
2019-01-31,22125 Huesca,Zona Huesca,9.4,2.0,5.4,13.0,0.35,9.4
2019-02-01,22125 Huesca,Zona Huesca,10.9,3.0,7.5,5.2,0.0,24.1
2019-02-02,22125 Huesca,Zona Huesca,7.6,1.8,3.8,1.1,0.0,36.4
2019-02-03,22125 Huesca,Zona Huesca,5.9,-0.2,3.0,0.0,0.0,36.4
2019-02-04,22125 Huesca,Zona Huesca,12.4,-3.2,3.7,0.1,0.0,17.0
2019-02-05,22125 Huesca,Zona Huesca,16.0,6.2,9.5,0.0,0.0,20.1
2019-02-06,22125 Huesca,Zona Huesca,12.6,2.5,6.6,0.0,0.0,8.1
2019-02-07,22125 Huesca,Zona Huesca,14.6,4.1,8.5,0.0,0.0,24.1
2019-02-08,22125 Huesca,Zona Huesca,11.0,1.6,6.0,0.0,0.0,14.3
2019-02-09,22125 Huesca,Zona Huesca,12.5,2.2,6.8,0.0,0.0,10.4
2019-02-10,22125 Huesca,Zona Huesca,12.2,3.0,7.3,0.3,0.0,21.4
2019-02-11,22125 Huesca,Zona Huesca,11.8,3.5,7.0,0.0,0.0,24.2
2019-02-12,22125 Huesca,Zona Huesca,11.6,0.6,5.8,0.0,0.0,10.5
2019-02-13,22125 Huesca,Zona Huesca,12.6,2.3,7.2,0.0,0.0,11.9
2019-02-14,22125 Huesca,Zona Huesca,13.0,3.5,7.2,0.0,0.0,19.1
2019-02-15,22125 Huesca,Zona Huesca,12.9,0.3,5.9,0.0,0.0,12.9
2019-02-16,22125 Huesca,Zona Huesca,14.8,2.0,7.8,0.0,0.0,18.2
2019-02-17,22125 Huesca,Zona Huesca,14.8,3.9,8.9,0.0,0.0,18.5
2019-02-18,22125 Huesca,Zona Huesca,12.9,3.7,7.9,0.0,0.0,17.1
2019-02-19,22125 Huesca,Zona Huesca,12.8,2.9,7.3,0.0,0.0,12.5
2019-02-20,22125 Huesca,Zona Huesca,13.2,2.2,7.1,0.0,0.0,10.0
2019-02-21,22125 Huesca,Zona Huesca,15.4,3.3,8.5,0.0,0.0,9.4
2019-02-22,22125 Huesca,Zona Huesca,19.2,4.2,10.7,0.0,0.0,15.7
2019-02-23,22125 Huesca,Zona Huesca,18.5,2.5,10.6,0.0,0.0,12.3
2019-02-24,22125 Huesca,Zona Huesca,16.5,7.2,11.4,0.0,0.0,18.0
2019-02-25,22125 Huesca,Zona Huesca,17.1,6.2,11.1,0.0,0.0,9.4
2019-02-26,22125 Huesca,Zona Huesca,19.5,6.8,12.7,0.0,0.0,9.5
2019-02-27,22125 Huesca,Zona Huesca,22.5,7.6,13.8,0.0,0.0,14.1
2019-02-28,22125 Huesca,Zona Huesca,19.8,5.4,11.8,0.0,0.0,15.6
2019-03-01,22125 Huesca,Zona Huesca,18.6,4.2,10.1,0.0,0.0,16.2
2019-03-02,22125 Huesca,Zona Huesca,17.5,5.6,10.6,0.0,0.0,29.8
2019-03-03,22125 Huesca,Zona Huesca,19.2,5.5,12.4,0.0,0.0,14.4
2019-03-04,22125 Huesca,Zona Huesca,16.8,8.6,12.0,0.1,0.0,24.3
2019-03-05,22125 Huesca,Zona Huesca,15.6,7.6,11.1,0.0,0.0,14.8
2019-03-06,22125 Huesca,Zona Huesca,13.4,6.1,10.6,6.0,0.0,30.6
2019-03-07,22125 Huesca,Zona Huesca,12.9,3.6,8.1,0.0,0.0,19.6
2019-03-08,22125 Huesca,Zona Huesca,14.8,4.2,9.3,0.0,0.0,17.0
2019-03-09,22125 Huesca,Zona Huesca,20.1,5.8,11.6,0.0,0.0,21.9
2019-03-10,22125 Huesca,Zona Huesca,19.5,7.7,13.5,0.0,0.0,29.1
2019-03-11,22125 Huesca,Zona Huesca,17.4,6.2,11.4,0.0,0.0,20.6
2019-03-12,22125 Huesca,Zona Huesca,15.6,3.1,9.2,0.0,0.0,10.2
2019-03-13,22125 Huesca,Zona Huesca,12.4,5.9,9.0,0.0,0.0,32.9
2019-03-14,22125 Huesca,Zona Huesca,12.9,5.8,8.6,0.0,0.0,32.4
2019-03-15,22125 Huesca,Zona Huesca,19.6,4.6,11.1,0.0,0.0,22.3
2019-03-16,22125 Huesca,Zona Huesca,22.1,3.5,12.2,0.0,0.0,12.8
2019-03-17,22125 Huesca,Zona Huesca,17.1,6.2,12.2,0.0,0.0,30.2
2019-03-18,22125 Huesca,Zona Huesca,15.1,2.6,8.9,0.0,0.0,32.4
2019-03-19,22125 Huesca,Zona Huesca,14.9,4.1,9.3,0.0,0.0,22.7
2019-03-20,22125 Huesca,Zona Huesca,15.1,2.5,8.3,0.0,0.0,12.5
2019-03-21,22125 Huesca,Zona Huesca,15.4,3.0,9.5,0.0,0.0,17.7
2019-03-22,22125 Huesca,Zona Huesca,18.8,4.2,11.6,0.0,0.0,11.0
2019-03-23,22125 Huesca,Zona Huesca,20.8,6.4,13.6,0.0,0.0,10.0
2019-03-24,22125 Huesca,Zona Huesca,22.2,9.4,15.4,0.0,0.0,17.3
2019-03-25,22125 Huesca,Zona Huesca,21.0,6.1,13.7,0.0,0.0,21.3
2019-03-26,22125 Huesca,Zona Huesca,20.2,3.6,11.2,0.0,0.0,20.2
2019-03-27,22125 Huesca,Zona Huesca,18.8,3.3,11.0,0.0,0.0,12.1
2019-03-28,22125 Huesca,Zona Huesca,18.3,4.6,11.5,0.0,0.0,18.7
2019-03-29,22125 Huesca,Zona Huesca,17.5,7.5,12.2,0.0,0.0,17.4
2019-03-30,22125 Huesca,Zona Huesca,17.0,4.8,11.0,0.0,0.0,16.6
2019-03-31,22125 Huesca,Zona Huesca,14.5,4.2,9.4,3.0,0.0,14.5
2019-04-01,22125 Huesca,Zona Huesca,15.9,8.4,11.3,2.3,0.0,11.0
2019-04-02,22125 Huesca,Zona Huesca,18.6,7.8,12.9,0.3,0.0,18.8
2019-04-03,22125 Huesca,Zona Huesca,11.2,5.2,8.5,0.4,0.0,27.5
2019-04-04,22125 Huesca,Zona Huesca,13.1,1.3,7.2,0.0,0.0,22.2
2019-04-05,22125 Huesca,Zona Huesca,11.8,6.7,8.4,9.5,0.0,20.7
2019-04-06,22125 Huesca,Zona Huesca,12.6,3.6,7.7,12.5,0.0,20.6
2019-04-07,22125 Huesca,Zona Huesca,13.9,3.7,8.5,0.8,0.0,23.7
2019-04-08,22125 Huesca,Zona Huesca,15.1,5.2,9.7,0.6,0.0,12.7
2019-04-09,22125 Huesca,Zona Huesca,16.1,6.6,10.5,0.0,0.0,20.5
2019-04-10,22125 Huesca,Zona Huesca,15.4,4.2,9.4,2.3,0.0,20.2
2019-04-11,22125 Huesca,Zona Huesca,16.5,5.3,10.4,0.0,0.0,22.9
2019-04-12,22125 Huesca,Zona Huesca,19.3,4.9,11.5,0.0,0.0,14.0
2019-04-13,22125 Huesca,Zona Huesca,21.1,4.0,11.7,0.0,0.0,17.4
2019-04-14,22125 Huesca,Zona Huesca,22.4,9.9,15.4,0.0,0.0,28.8
2019-04-15,22125 Huesca,Zona Huesca,19.8,9.6,14.0,5.0,0.0,28.8
2019-04-16,22125 Huesca,Zona Huesca,18.9,8.6,13.3,1.3,0.0,19.3
2019-04-17,22125 Huesca,Zona Huesca,20.5,9.5,14.3,0.0,0.0,27.4
2019-04-18,22125 Huesca,Zona Huesca,18.8,9.8,14.2,1.2,0.0,30.8
2019-04-19,22125 Huesca,Zona Huesca,21.5,11.9,15.6,0.5,0.0,30.2
2019-04-20,22125 Huesca,Zona Huesca,21.2,8.6,15.0,0.1,0.0,23.9
2019-04-21,22125 Huesca,Zona Huesca,14.2,9.3,12.0,3.0,0.0,17.3
2019-04-22,22125 Huesca,Zona Huesca,17.4,7.8,12.9,0.4,0.0,15.0
2019-04-23,22125 Huesca,Zona Huesca,17.4,10.4,13.0,9.3,0.0,12.8
2019-04-24,22125 Huesca,Zona Huesca,11.6,5.5,8.8,8.5,0.0,25.8
2019-04-25,22125 Huesca,Zona Huesca,14.9,9.1,11.7,7.3,0.0,20.5
2019-04-26,22125 Huesca,Zona Huesca,15.4,6.4,10.6,0.0,0.0,25.8
2019-04-27,22125 Huesca,Zona Huesca,19.7,7.1,12.6,0.0,0.0,26.9
2019-04-28,22125 Huesca,Zona Huesca,21.5,5.8,13.4,0.0,0.0,19.5
2019-04-29,22125 Huesca,Zona Huesca,22.0,8.6,14.1,0.0,0.0,17.3
2019-04-30,22125 Huesca,Zona Huesca,21.6,9.4,15.2,0.0,0.0,15.8
2019-05-01,22125 Huesca,Zona Huesca,21.8,9.1,15.6,2.2,0.0,19.6
2019-05-02,22125 Huesca,Zona Huesca,20.9,10.2,15.1,0.3,0.0,18.6
2019-05-03,22125 Huesca,Zona Huesca,16.6,7.7,11.4,1.3,0.0,20.5
2019-05-04,22125 Huesca,Zona Huesca,19.1,5.3,11.8,0.0,0.0,35.2
2019-05-05,22125 Huesca,Zona Huesca,18.5,4.6,11.4,0.0,0.0,25.6
2019-05-06,22125 Huesca,Zona Huesca,21.8,4.4,11.9,0.0,0.0,13.1
2019-05-07,22125 Huesca,Zona Huesca,23.7,8.8,16.3,0.3,0.0,16.8
2019-05-08,22125 Huesca,Zona Huesca,21.7,12.5,16.7,3.2,0.0,28.7
2019-05-09,22125 Huesca,Zona Huesca,20.6,9.6,15.6,0.1,0.0,27.1
2019-05-10,22125 Huesca,Zona Huesca,23.7,12.4,18.1,1.9,0.0,15.6
2019-05-11,22125 Huesca,Zona Huesca,20.6,11.2,16.6,0.0,0.0,32.6
2019-05-12,22125 Huesca,Zona Huesca,25.5,6.1,15.3,0.0,0.0,21.3
2019-05-13,22125 Huesca,Zona Huesca,26.8,9.0,17.5,0.0,0.0,20.3
2019-05-14,22125 Huesca,Zona Huesca,27.0,10.6,18.5,0.0,0.0,17.2
2019-05-15,22125 Huesca,Zona Huesca,30.5,12.1,20.1,0.0,0.0,23.9
2019-05-16,22125 Huesca,Zona Huesca,24.4,10.9,16.9,0.0,0.0,23.8
2019-05-17,22125 Huesca,Zona Huesca,15.8,8.1,11.7,31.1,0.0,32.5
2019-05-18,22125 Huesca,Zona Huesca,15.6,7.2,11.1,0.1,0.0,26.3
2019-05-19,22125 Huesca,Zona Huesca,16.5,6.2,10.9,4.6,0.0,31.3
2019-05-20,22125 Huesca,Zona Huesca,20.3,6.8,13.5,0.0,0.0,19.1
2019-05-21,22125 Huesca,Zona Huesca,21.6,6.9,14.7,0.0,0.0,20.0
2019-05-22,22125 Huesca,Zona Huesca,22.3,8.2,15.6,0.0,0.0,6.4
2019-05-23,22125 Huesca,Zona Huesca,25.5,12.5,18.9,0.0,0.0,13.0
2019-05-24,22125 Huesca,Zona Huesca,20.2,13.1,16.2,28.0,0.0,18.9
2019-05-25,22125 Huesca,Zona Huesca,22.6,11.6,16.6,0.0,0.0,21.6
2019-05-26,22125 Huesca,Zona Huesca,23.5,9.5,16.6,0.0,0.0,17.8
2019-05-27,22125 Huesca,Zona Huesca,23.9,9.9,16.7,0.0,0.0,27.9
2019-05-28,22125 Huesca,Zona Huesca,19.6,10.0,14.6,0.0,0.0,33.9
2019-05-29,22125 Huesca,Zona Huesca,22.7,10.1,15.8,0.0,0.0,25.7
2019-05-30,22125 Huesca,Zona Huesca,26.0,10.1,18.1,0.0,0.0,9.5
2019-05-31,22125 Huesca,Zona Huesca,27.6,13.5,20.9,0.0,0.0,20.2
2019-06-01,22125 Huesca,Zona Huesca,29.8,16.5,23.2,0.0,0.0,16.5
2019-06-02,22125 Huesca,Zona Huesca,32.0,17.0,24.5,0.0,0.0,18.6
2019-06-03,22125 Huesca,Zona Huesca,30.8,18.0,24.1,0.1,0.0,23.8
2019-06-04,22125 Huesca,Zona Huesca,30.6,17.8,23.6,0.2,0.0,25.2
2019-06-05,22125 Huesca,Zona Huesca,20.5,13.1,16.6,9.5,0.0,30.9
2019-06-06,22125 Huesca,Zona Huesca,23.0,9.1,16.2,0.0,0.0,31.7
2019-06-07,22125 Huesca,Zona Huesca,21.6,12.6,16.8,3.4,0.0,26.7
2019-06-08,22125 Huesca,Zona Huesca,24.6,9.8,17.6,0.0,0.0,20.8
2019-06-09,22125 Huesca,Zona Huesca,26.4,15.2,20.3,1.5,0.0,19.1
2019-06-10,22125 Huesca,Zona Huesca,22.6,12.5,17.8,0.3,0.0,27.6
2019-06-11,22125 Huesca,Zona Huesca,17.4,10.0,13.8,2.2,0.0,24.7
2019-06-12,22125 Huesca,Zona Huesca,20.5,7.4,14.4,0.0,0.0,15.8
2019-06-13,22125 Huesca,Zona Huesca,25.0,13.1,18.1,0.0,0.0,24.9
2019-06-14,22125 Huesca,Zona Huesca,25.0,14.9,19.0,0.9,0.0,19.2
2019-06-15,22125 Huesca,Zona Huesca,24.8,11.4,18.7,0.1,0.0,20.3
2019-06-16,22125 Huesca,Zona Huesca,27.5,11.4,19.9,0.0,0.0,14.1
2019-06-17,22125 Huesca,Zona Huesca,31.2,16.1,24.1,0.0,0.0,21.3
2019-06-18,22125 Huesca,Zona Huesca,32.4,19.4,25.3,0.0,0.0,23.4
2019-06-19,22125 Huesca,Zona Huesca,29.2,16.4,23.5,0.0,0.0,20.0
2019-06-20,22125 Huesca,Zona Huesca,27.8,19.2,23.0,0.4,0.0,14.0
2019-06-21,22125 Huesca,Zona Huesca,23.1,16.1,18.9,10.4,0.0,20.2
2019-06-22,22125 Huesca,Zona Huesca,28.0,12.3,20.1,0.0,0.0,13.1
2019-06-23,22125 Huesca,Zona Huesca,32.4,19.0,25.4,0.0,0.0,22.0
2019-06-24,22125 Huesca,Zona Huesca,32.8,21.0,26.5,0.0,0.0,24.6
2019-06-25,22125 Huesca,Zona Huesca,34.3,18.2,26.0,0.0,0.0,22.7
2019-06-26,22125 Huesca,Zona Huesca,36.5,22.0,29.1,0.0,0.0,32.2
2019-06-27,22125 Huesca,Zona Huesca,39.0,23.2,31.3,0.0,0.0,23.2
2019-06-28,22125 Huesca,Zona Huesca,39.7,22.5,31.8,0.0,0.0,14.8
2019-06-29,22125 Huesca,Zona Huesca,40.0,23.6,32.8,0.0,0.0,14.3
2019-06-30,22125 Huesca,Zona Huesca,38.6,24.1,31.8,0.0,0.0,20.4
2019-07-01,22125 Huesca,Zona Huesca,35.2,22.5,28.8,0.0,0.0,23.5
2019-07-02,22125 Huesca,Zona Huesca,32.8,19.1,26.8,0.1,0.0,14.8
2019-07-03,22125 Huesca,Zona Huesca,34.4,22.5,28.3,0.0,0.0,19.5
2019-07-04,22125 Huesca,Zona Huesca,34.8,22.6,28.7,0.0,0.0,23.9
2019-07-05,22125 Huesca,Zona Huesca,35.0,22.2,28.8,0.0,0.0,18.9
2019-07-06,22125 Huesca,Zona Huesca,36.2,21.6,29.2,0.0,0.0,21.6
2019-07-07,22125 Huesca,Zona Huesca,33.9,19.5,27.6,0.0,0.0,16.8
2019-07-08,22125 Huesca,Zona Huesca,31.0,22.8,25.8,5.4,0.0,26.7
2019-07-09,22125 Huesca,Zona Huesca,27.3,17.2,21.9,13.9,0.0,20.3
2019-07-10,22125 Huesca,Zona Huesca,30.6,15.4,22.9,0.0,0.0,14.9
2019-07-11,22125 Huesca,Zona Huesca,34.3,17.6,25.9,0.0,0.0,19.4
2019-07-12,22125 Huesca,Zona Huesca,36.5,20.4,28.0,0.0,0.0,20.6
2019-07-13,22125 Huesca,Zona Huesca,35.7,20.0,28.0,0.0,0.0,18.9
2019-07-14,22125 Huesca,Zona Huesca,29.0,19.6,23.4,10.9,0.0,21.0
2019-07-15,22125 Huesca,Zona Huesca,30.9,16.4,23.5,0.0,0.0,20.6
2019-07-16,22125 Huesca,Zona Huesca,29.4,17.5,23.4,0.0,0.0,13.0
2019-07-17,22125 Huesca,Zona Huesca,29.9,20.0,24.2,1.3,0.0,15.0
2019-07-18,22125 Huesca,Zona Huesca,31.2,17.5,24.2,0.0,0.0,18.6
2019-07-19,22125 Huesca,Zona Huesca,32.2,16.9,24.8,0.0,0.0,18.4
2019-07-20,22125 Huesca,Zona Huesca,34.1,20.8,27.2,0.0,0.0,19.8
2019-07-21,22125 Huesca,Zona Huesca,34.4,22.0,28.0,0.0,0.0,20.2
2019-07-22,22125 Huesca,Zona Huesca,37.0,22.4,29.9,0.0,0.0,22.3
2019-07-23,22125 Huesca,Zona Huesca,38.0,22.9,31.2,0.0,0.0,20.8
2019-07-24,22125 Huesca,Zona Huesca,37.2,23.4,30.9,0.0,0.0,21.8
2019-07-25,22125 Huesca,Zona Huesca,36.4,22.8,29.9,0.0,0.0,23.4
2019-07-26,22125 Huesca,Zona Huesca,29.6,23.8,26.4,0.1,0.0,22.7
2019-07-27,22125 Huesca,Zona Huesca,24.0,17.2,20.5,4.5,0.0,30.8
2019-07-28,22125 Huesca,Zona Huesca,27.7,14.4,20.8,0.0,0.0,21.7
2019-07-29,22125 Huesca,Zona Huesca,32.2,14.9,23.8,0.0,0.0,11.5
2019-07-30,22125 Huesca,Zona Huesca,28.7,18.4,23.4,0.0,0.0,24.3
2019-07-31,22125 Huesca,Zona Huesca,29.2,13.4,21.6,0.0,0.0,13.7
2019-08-01,22125 Huesca,Zona Huesca,31.5,19.5,25.4,0.3,0.0,21.9
2019-08-02,22125 Huesca,Zona Huesca,33.5,18.6,26.2,0.2,0.0,18.6
2019-08-03,22125 Huesca,Zona Huesca,34.3,19.7,27.2,0.0,0.0,16.6
2019-08-04,22125 Huesca,Zona Huesca,35.5,21.0,28.3,0.0,0.0,21.1
2019-08-05,22125 Huesca,Zona Huesca,35.0,21.0,28.2,0.0,0.0,17.4
2019-08-06,22125 Huesca,Zona Huesca,34.4,21.3,28.0,0.0,0.0,18.4
2019-08-07,22125 Huesca,Zona Huesca,32.4,22.5,27.1,0.0,0.0,23.6
2019-08-08,22125 Huesca,Zona Huesca,34.8,21.0,28.0,0.0,0.0,11.9
2019-08-09,22125 Huesca,Zona Huesca,36.0,24.0,30.2,0.0,0.0,21.7
2019-08-10,22125 Huesca,Zona Huesca,32.3,21.2,27.2,0.0,0.0,19.2
2019-08-11,22125 Huesca,Zona Huesca,29.6,19.4,24.8,4.9,0.0,20.4
2019-08-12,22125 Huesca,Zona Huesca,26.3,17.5,21.6,0.1,0.0,27.3
2019-08-13,22125 Huesca,Zona Huesca,27.5,14.1,19.9,0.0,0.0,21.6
2019-08-14,22125 Huesca,Zona Huesca,31.1,12.8,22.7,0.0,0.0,21.9
2019-08-15,22125 Huesca,Zona Huesca,30.7,17.0,24.1,0.0,0.0,22.4
2019-08-16,22125 Huesca,Zona Huesca,31.6,14.8,23.4,0.0,0.0,11.6
2019-08-17,22125 Huesca,Zona Huesca,34.3,20.4,27.2,0.0,0.0,18.7
2019-08-18,22125 Huesca,Zona Huesca,35.2,21.4,27.8,0.0,0.0,22.0
2019-08-19,22125 Huesca,Zona Huesca,28.4,20.5,23.3,4.9,0.0,12.2
2019-08-20,22125 Huesca,Zona Huesca,24.5,17.0,20.4,46.7,0.0,13.4
2019-08-21,22125 Huesca,Zona Huesca,26.5,15.0,20.6,0.0,0.0,11.9
2019-08-22,22125 Huesca,Zona Huesca,28.0,15.9,21.6,0.0,0.0,12.2
2019-08-23,22125 Huesca,Zona Huesca,29.0,18.2,23.3,0.0,0.0,14.3
2019-08-24,22125 Huesca,Zona Huesca,30.1,19.5,24.4,0.0,0.0,13.7
2019-08-25,22125 Huesca,Zona Huesca,31.2,20.2,25.5,0.0,0.0,17.5
2019-08-26,22125 Huesca,Zona Huesca,29.0,19.7,24.5,0.0,0.0,17.9
2019-08-27,22125 Huesca,Zona Huesca,25.6,19.1,22.4,0.3,0.0,20.2
2019-08-28,22125 Huesca,Zona Huesca,29.1,17.1,22.9,0.0,0.0,10.0
2019-08-29,22125 Huesca,Zona Huesca,31.1,18.9,24.8,0.0,0.0,13.8
2019-08-30,22125 Huesca,Zona Huesca,31.9,19.8,25.8,0.0,0.0,12.1
2019-08-31,22125 Huesca,Zona Huesca,31.3,20.5,26.0,0.0,0.0,14.4
2019-09-01,22125 Huesca,Zona Huesca,29.3,20.5,24.3,0.0,0.0,13.4
2019-09-02,22125 Huesca,Zona Huesca,26.7,16.4,21.3,0.0,0.0,16.3
2019-09-03,22125 Huesca,Zona Huesca,28.0,13.6,20.3,0.0,0.0,10.4
2019-09-04,22125 Huesca,Zona Huesca,29.4,16.4,22.5,0.0,0.0,17.0
2019-09-05,22125 Huesca,Zona Huesca,26.6,15.5,20.4,0.0,0.0,22.9
2019-09-06,22125 Huesca,Zona Huesca,24.6,11.9,17.6,0.0,0.0,18.7
2019-09-07,22125 Huesca,Zona Huesca,24.9,12.1,17.9,0.0,0.0,14.2
2019-09-08,22125 Huesca,Zona Huesca,26.3,11.8,18.8,0.0,0.0,20.2
2019-09-09,22125 Huesca,Zona Huesca,25.5,12.1,18.1,0.0,0.0,9.7
2019-09-10,22125 Huesca,Zona Huesca,22.5,13.2,17.9,0.1,0.0,29.5
2019-09-11,22125 Huesca,Zona Huesca,28.0,14.5,20.4,0.0,0.0,19.8
2019-09-12,22125 Huesca,Zona Huesca,28.3,13.8,20.9,0.0,0.0,8.4
2019-09-13,22125 Huesca,Zona Huesca,27.5,16.6,22.3,0.0,0.0,23.4
2019-09-14,22125 Huesca,Zona Huesca,27.9,16.7,22.6,0.2,0.0,21.2
2019-09-15,22125 Huesca,Zona Huesca,28.4,17.2,21.3,8.8,0.0,21.5
2019-09-16,22125 Huesca,Zona Huesca,28.6,17.6,23.1,0.0,0.0,11.5
2019-09-17,22125 Huesca,Zona Huesca,29.7,19.2,24.2,0.0,0.0,6.4
2019-09-18,22125 Huesca,Zona Huesca,29.0,18.7,23.3,1.3,0.0,14.8
2019-09-19,22125 Huesca,Zona Huesca,27.6,16.7,21.9,0.3,0.0,17.8
2019-09-20,22125 Huesca,Zona Huesca,26.6,18.3,21.8,0.7,0.0,23.5
2019-09-21,22125 Huesca,Zona Huesca,24.8,17.1,20.1,7.5,0.0,18.8
2019-09-22,22125 Huesca,Zona Huesca,23.5,17.1,19.4,3.9,0.0,17.4
2019-09-23,22125 Huesca,Zona Huesca,22.5,12.4,17.4,0.0,0.0,13.4
2019-09-24,22125 Huesca,Zona Huesca,26.9,14.2,20.1,0.0,0.0,21.6
2019-09-25,22125 Huesca,Zona Huesca,24.4,14.2,19.4,0.0,0.0,24.6
2019-09-26,22125 Huesca,Zona Huesca,26.1,13.9,19.8,0.0,0.0,15.5
2019-09-27,22125 Huesca,Zona Huesca,27.2,15.2,21.3,0.0,0.0,15.5
2019-09-28,22125 Huesca,Zona Huesca,26.6,13.3,19.8,0.0,0.0,11.9
2019-09-29,22125 Huesca,Zona Huesca,29.1,14.2,21.4,0.0,0.0,17.0
2019-09-30,22125 Huesca,Zona Huesca,28.0,15.4,21.5,0.0,0.0,11.2
2019-10-01,22125 Huesca,Zona Huesca,28.5,14.9,21.4,0.0,0.0,23.0
2019-10-02,22125 Huesca,Zona Huesca,22.8,14.6,18.0,0.0,0.0,30.3
2019-10-03,22125 Huesca,Zona Huesca,27.0,9.6,17.0,0.0,0.0,23.1
2019-10-04,22125 Huesca,Zona Huesca,26.5,11.4,18.3,0.0,0.0,19.8
2019-10-05,22125 Huesca,Zona Huesca,26.0,10.7,18.2,0.0,0.0,14.8
2019-10-06,22125 Huesca,Zona Huesca,24.5,10.7,17.7,0.0,0.0,28.7
2019-10-07,22125 Huesca,Zona Huesca,26.8,12.2,18.2,0.1,0.0,22.8
2019-10-08,22125 Huesca,Zona Huesca,25.1,13.2,19.3,0.0,0.0,12.4
2019-10-09,22125 Huesca,Zona Huesca,24.2,14.1,18.4,0.0,0.0,21.6
2019-10-10,22125 Huesca,Zona Huesca,21.6,8.9,15.0,0.0,0.0,10.3
2019-10-11,22125 Huesca,Zona Huesca,25.0,13.2,18.5,0.0,0.0,20.6
2019-10-12,22125 Huesca,Zona Huesca,25.5,17.6,20.2,1.6,0.0,25.5
2019-10-13,22125 Huesca,Zona Huesca,25.0,17.0,20.0,0.5,0.0,26.1
2019-10-14,22125 Huesca,Zona Huesca,18.8,13.4,17.0,35.7,0.0,28.7
2019-10-15,22125 Huesca,Zona Huesca,17.1,8.4,12.6,0.9,0.0,27.1
2019-10-16,22125 Huesca,Zona Huesca,17.3,8.9,12.7,0.0,0.0,11.1
2019-10-17,22125 Huesca,Zona Huesca,18.8,9.5,14.1,0.0,0.0,9.7
2019-10-18,22125 Huesca,Zona Huesca,18.7,11.6,15.3,10.2,0.0,13.2
2019-10-19,22125 Huesca,Zona Huesca,19.9,12.9,16.2,1.2,0.0,15.7
2019-10-20,22125 Huesca,Zona Huesca,16.3,9.4,14.2,8.4,0.0,21.1
2019-10-21,22125 Huesca,Zona Huesca,14.4,6.2,10.5,0.3,0.0,9.2
2019-10-22,22125 Huesca,Zona Huesca,11.8,8.9,10.3,32.0,0.0,20.2
2019-10-23,22125 Huesca,Zona Huesca,15.1,9.6,12.8,21.1,0.0,30.8
2019-10-24,22125 Huesca,Zona Huesca,16.6,7.5,11.5,0.2,0.0,21.9
2019-10-25,22125 Huesca,Zona Huesca,19.8,8.6,13.6,0.0,0.0,16.3
2019-10-26,22125 Huesca,Zona Huesca,19.5,9.9,14.0,0.0,0.0,12.4
2019-10-27,22125 Huesca,Zona Huesca,19.3,9.6,14.0,0.0,0.0,9.9
2019-10-28,22125 Huesca,Zona Huesca,17.8,11.9,14.3,0.0,0.0,8.4
2019-10-29,22125 Huesca,Zona Huesca,21.3,10.3,14.8,0.0,0.0,12.7
2019-10-30,22125 Huesca,Zona Huesca,20.6,9.9,15.1,0.0,0.0,16.2
2019-10-31,22125 Huesca,Zona Huesca,20.4,12.1,15.9,0.0,0.0,25.1
2019-11-01,22125 Huesca,Zona Huesca,21.0,10.2,15.7,4.7,0.0,18.8
2019-11-02,22125 Huesca,Zona Huesca,18.2,12.4,14.9,3.6,0.0,11.7
2019-11-03,22125 Huesca,Zona Huesca,14.2,9.6,12.6,8.5,0.0,41.1
2019-11-04,22125 Huesca,Zona Huesca,18.6,10.6,13.6,5.7,0.0,29.9
2019-11-05,22125 Huesca,Zona Huesca,12.3,6.7,9.5,0.4,0.0,31.6
2019-11-06,22125 Huesca,Zona Huesca,14.0,7.2,9.9,0.4,0.0,27.1
2019-11-07,22125 Huesca,Zona Huesca,11.6,6.2,8.6,1.7,0.0,21.8
2019-11-08,22125 Huesca,Zona Huesca,9.9,3.7,6.0,3.3,0.0,38.4
2019-11-09,22125 Huesca,Zona Huesca,11.6,5.1,7.7,1.5,0.0,23.4
2019-11-10,22125 Huesca,Zona Huesca,9.2,4.1,6.3,1.1,0.0,30.3
2019-11-11,22125 Huesca,Zona Huesca,12.1,2.8,6.7,1.6,0.0,31.9
2019-11-12,22125 Huesca,Zona Huesca,12.7,4.0,8.0,0.0,0.0,26.9
2019-11-13,22125 Huesca,Zona Huesca,14.3,5.9,9.0,1.2,0.0,22.8
2019-11-14,22125 Huesca,Zona Huesca,9.3,1.8,6.4,2.8,0.0,24.3
2019-11-15,22125 Huesca,Zona Huesca,7.1,1.2,3.6,2.0,0.42,18.6
2019-11-16,22125 Huesca,Zona Huesca,8.1,0.1,3.3,2.5,0.0,20.3
2019-11-17,22125 Huesca,Zona Huesca,9.7,3.5,5.5,0.6,0.0,21.0
2019-11-18,22125 Huesca,Zona Huesca,10.9,2.8,5.9,0.1,0.0,18.2
2019-11-19,22125 Huesca,Zona Huesca,9.8,-2.4,3.1,0.0,0.0,8.2
2019-11-20,22125 Huesca,Zona Huesca,9.6,1.6,5.2,0.0,0.0,13.8
2019-11-21,22125 Huesca,Zona Huesca,10.4,3.5,6.9,1.7,0.0,11.6
2019-11-22,22125 Huesca,Zona Huesca,9.4,5.6,7.6,17.5,0.0,25.9
2019-11-23,22125 Huesca,Zona Huesca,9.7,5.8,7.7,5.1,0.0,36.5
2019-11-24,22125 Huesca,Zona Huesca,11.6,3.8,7.6,0.1,0.0,30.9
2019-11-25,22125 Huesca,Zona Huesca,16.2,5.8,9.8,0.2,0.0,19.8
2019-11-26,22125 Huesca,Zona Huesca,13.8,6.7,10.1,1.3,0.0,8.9
2019-11-27,22125 Huesca,Zona Huesca,13.9,7.6,10.4,2.5,0.0,20.3
2019-11-28,22125 Huesca,Zona Huesca,14.4,7.2,10.4,2.2,0.0,10.8
2019-11-29,22125 Huesca,Zona Huesca,15.8,7.3,11.2,0.1,0.0,19.0
2019-11-30,22125 Huesca,Zona Huesca,13.3,5.1,9.4,7.0,0.0,14.0
2019-12-01,22125 Huesca,Zona Huesca,11.2,3.2,7.2,2.0,0.0,11.3
2019-12-02,22125 Huesca,Zona Huesca,11.6,1.8,6.1,0.0,0.0,12.7
2019-12-03,22125 Huesca,Zona Huesca,7.3,0.6,4.0,0.1,0.0,9.6
2019-12-04,22125 Huesca,Zona Huesca,11.5,1.9,6.4,2.5,0.0,10.9
2019-12-05,22125 Huesca,Zona Huesca,11.2,5.3,8.0,3.3,0.0,15.2
2019-12-06,22125 Huesca,Zona Huesca,12.9,4.6,7.7,0.0,0.0,9.7
2019-12-07,22125 Huesca,Zona Huesca,10.9,2.5,6.1,0.0,0.0,8.0
2019-12-08,22125 Huesca,Zona Huesca,12.4,2.2,7.3,1.5,0.0,22.7
2019-12-09,22125 Huesca,Zona Huesca,11.1,6.4,8.4,0.1,0.0,34.6
2019-12-10,22125 Huesca,Zona Huesca,14.3,3.8,8.0,0.0,0.0,24.8
2019-12-11,22125 Huesca,Zona Huesca,9.9,3.2,6.8,0.7,0.0,28.6
2019-12-12,22125 Huesca,Zona Huesca,8.5,4.7,6.4,11.9,0.0,23.7
2019-12-13,22125 Huesca,Zona Huesca,14.0,6.8,11.4,12.2,0.0,39.7
2019-12-14,22125 Huesca,Zona Huesca,13.9,7.7,10.6,0.0,0.0,25.8
2019-12-15,22125 Huesca,Zona Huesca,12.9,3.8,7.8,0.0,0.0,8.4
2019-12-16,22125 Huesca,Zona Huesca,11.2,6.5,9.3,0.3,0.0,29.3
2019-12-17,22125 Huesca,Zona Huesca,11.6,8.9,10.4,12.2,0.0,26.0
2019-12-18,22125 Huesca,Zona Huesca,12.0,6.5,9.1,3.0,0.0,10.9
2019-12-19,22125 Huesca,Zona Huesca,11.5,5.5,9.2,5.1,0.0,28.1
2019-12-20,22125 Huesca,Zona Huesca,12.7,8.6,10.2,24.4,0.0,28.2
2019-12-21,22125 Huesca,Zona Huesca,11.2,6.2,9.0,10.4,0.0,32.2
2019-12-22,22125 Huesca,Zona Huesca,11.6,8.9,10.3,0.5,0.0,40.4
2019-12-23,22125 Huesca,Zona Huesca,12.8,6.8,8.8,0.0,0.0,28.2
2019-12-24,22125 Huesca,Zona Huesca,15.2,6.6,9.8,0.0,0.0,22.6
2019-12-25,22125 Huesca,Zona Huesca,13.2,4.9,8.5,0.0,0.0,8.0
2019-12-26,22125 Huesca,Zona Huesca,15.1,4.5,10.1,0.0,0.0,19.6
2019-12-27,22125 Huesca,Zona Huesca,8.8,1.5,4.7,0.0,0.0,9.5
2019-12-28,22125 Huesca,Zona Huesca,8.2,0.3,4.7,0.0,0.0,8.9
2019-12-29,22125 Huesca,Zona Huesca,6.4,0.2,2.9,0.0,0.0,11.9
2019-12-30,22125 Huesca,Zona Huesca,5.2,0.2,2.3,0.0,0.0,8.6
2019-12-31,22125 Huesca,Zona Huesca,4.9,0.2,1.9,0.0,0.0,7.9
2020-01-01,22125 Huesca,Zona Huesca,5.2,-1.5,1.1,0.0,0.0,5.8
2020-01-02,22125 Huesca,Zona Huesca,5.6,-1.0,2.3,0.0,0.0,7.4
2020-01-03,22125 Huesca,Zona Huesca,6.2,-1.5,1.9,0.0,0.0,9.8
2020-01-04,22125 Huesca,Zona Huesca,7.6,-0.9,2.5,0.0,0.0,8.6
2020-01-05,22125 Huesca,Zona Huesca,8.4,-0.7,3.0,0.0,0.0,11.8
2020-01-06,22125 Huesca,Zona Huesca,7.0,-0.9,3.1,0.0,0.0,10.4
2020-01-07,22125 Huesca,Zona Huesca,5.7,-1.8,1.8,0.0,0.0,8.7
2020-01-08,22125 Huesca,Zona Huesca,9.6,-0.6,3.8,0.0,0.0,10.7
2020-01-09,22125 Huesca,Zona Huesca,8.8,1.8,4.8,0.0,0.0,11.9
2020-01-10,22125 Huesca,Zona Huesca,11.8,4.1,7.1,0.0,0.0,22.1
2020-01-11,22125 Huesca,Zona Huesca,9.0,0.4,3.9,0.0,0.0,17.7
2020-01-12,22125 Huesca,Zona Huesca,6.4,-1.6,2.1,0.0,0.0,10.0
2020-01-13,22125 Huesca,Zona Huesca,4.8,-1.7,1.7,0.0,0.0,7.8
2020-01-14,22125 Huesca,Zona Huesca,6.9,-2.6,2.2,0.0,0.0,9.4
2020-01-15,22125 Huesca,Zona Huesca,9.3,-1.1,4.4,0.0,0.0,8.7
2020-01-16,22125 Huesca,Zona Huesca,12.6,1.5,6.4,0.0,0.0,9.8
2020-01-17,22125 Huesca,Zona Huesca,10.5,4.5,7.0,1.6,0.0,26.3
2020-01-18,22125 Huesca,Zona Huesca,9.8,0.8,5.2,1.7,0.0,16.8
2020-01-19,22125 Huesca,Zona Huesca,11.2,0.0,6.3,8.1,0.0,18.1
2020-01-20,22125 Huesca,Zona Huesca,7.3,-3.3,1.5,0.0,0.0,10.1
2020-01-21,22125 Huesca,Zona Huesca,10.2,1.0,5.9,6.2,0.21,21.3
2020-01-22,22125 Huesca,Zona Huesca,11.8,2.9,7.1,14.6,0.0,16.4
2020-01-23,22125 Huesca,Zona Huesca,8.6,5.7,6.9,18.7,0.0,15.3
2020-01-24,22125 Huesca,Zona Huesca,11.2,3.7,7.1,0.2,0.0,15.3
2020-01-25,22125 Huesca,Zona Huesca,9.6,5.6,7.3,2.2,0.0,16.3
2020-01-26,22125 Huesca,Zona Huesca,11.4,3.2,7.3,5.0,0.0,15.2
2020-01-27,22125 Huesca,Zona Huesca,9.6,0.9,5.3,0.2,0.0,9.4
2020-01-28,22125 Huesca,Zona Huesca,12.6,6.3,8.7,0.0,0.0,20.7
2020-01-29,22125 Huesca,Zona Huesca,14.4,5.4,9.2,0.0,0.0,17.0
2020-01-30,22125 Huesca,Zona Huesca,14.4,7.2,9.9,1.3,0.0,12.6
2020-01-31,22125 Huesca,Zona Huesca,16.5,6.9,10.7,0.0,0.0,15.9
2020-02-01,22125 Huesca,Zona Huesca,17.9,6.8,11.5,1.1,0.0,19.7
2020-02-02,22125 Huesca,Zona Huesca,18.0,7.6,12.0,0.0,0.0,15.9
2020-02-03,22125 Huesca,Zona Huesca,18.5,7.4,12.5,0.0,0.0,10.9
2020-02-04,22125 Huesca,Zona Huesca,16.1,6.2,11.7,0.0,0.0,32.2
2020-02-05,22125 Huesca,Zona Huesca,11.1,2.0,5.9,0.0,0.0,19.6
2020-02-06,22125 Huesca,Zona Huesca,12.4,1.6,6.4,0.0,0.0,17.7
2020-02-07,22125 Huesca,Zona Huesca,11.1,4.4,7.0,0.0,0.0,16.0
2020-02-08,22125 Huesca,Zona Huesca,11.4,2.9,6.8,0.0,0.0,10.5
2020-02-09,22125 Huesca,Zona Huesca,11.6,3.8,7.3,0.0,0.0,10.2
2020-02-10,22125 Huesca,Zona Huesca,17.3,7.1,11.2,0.0,0.0,22.4
2020-02-11,22125 Huesca,Zona Huesca,15.6,9.1,12.0,0.0,0.0,27.6
2020-02-12,22125 Huesca,Zona Huesca,14.2,7.6,10.6,0.0,0.0,13.4
2020-02-13,22125 Huesca,Zona Huesca,14.4,9.4,10.8,1.8,0.0,17.3
2020-02-14,22125 Huesca,Zona Huesca,16.6,6.7,11.0,0.0,0.0,12.8
2020-02-15,22125 Huesca,Zona Huesca,15.6,5.3,10.1,0.0,0.0,10.2
2020-02-16,22125 Huesca,Zona Huesca,15.4,6.5,10.3,0.0,0.0,10.3
2020-02-17,22125 Huesca,Zona Huesca,14.9,6.7,10.3,0.0,0.0,19.8
2020-02-18,22125 Huesca,Zona Huesca,13.1,1.2,7.2,0.0,0.0,17.8
2020-02-19,22125 Huesca,Zona Huesca,12.9,-0.3,5.9,0.0,0.0,13.3
2020-02-20,22125 Huesca,Zona Huesca,14.3,2.2,7.4,0.0,0.0,11.0
2020-02-21,22125 Huesca,Zona Huesca,13.9,2.9,8.2,0.0,0.0,9.6
2020-02-22,22125 Huesca,Zona Huesca,15.0,4.8,9.2,0.0,0.0,6.7
2020-02-23,22125 Huesca,Zona Huesca,17.8,6.2,10.7,0.0,0.0,12.7
2020-02-24,22125 Huesca,Zona Huesca,18.5,6.2,11.4,0.0,0.0,14.8
2020-02-25,22125 Huesca,Zona Huesca,16.3,5.3,10.3,0.0,0.0,26.5
2020-02-26,22125 Huesca,Zona Huesca,12.0,6.3,8.6,0.0,0.0,33.6
2020-02-27,22125 Huesca,Zona Huesca,14.6,3.5,8.9,0.0,0.0,31.2
2020-02-28,22125 Huesca,Zona Huesca,16.5,7.9,11.9,0.0,0.0,25.5
2020-02-29,22125 Huesca,Zona Huesca,15.4,8.1,10.7,0.8,0.0,20.5
2020-03-01,22125 Huesca,Zona Huesca,16.6,7.4,11.3,0.9,0.0,22.9
2020-03-02,22125 Huesca,Zona Huesca,11.1,4.3,8.5,12.2,0.0,41.9
2020-03-03,22125 Huesca,Zona Huesca,11.2,3.6,6.0,7.2,1.19,37.3
2020-03-04,22125 Huesca,Zona Huesca,17.5,7.8,11.7,0.0,0.0,29.5
2020-03-05,22125 Huesca,Zona Huesca,13.9,6.4,9.8,1.9,0.0,32.1
2020-03-06,22125 Huesca,Zona Huesca,8.2,4.2,5.9,1.9,0.07,42.8
2020-03-07,22125 Huesca,Zona Huesca,12.4,4.1,7.5,0.1,0.0,31.1
2020-03-08,22125 Huesca,Zona Huesca,16.1,1.4,8.9,0.0,0.0,19.8
2020-03-09,22125 Huesca,Zona Huesca,12.6,6.7,9.5,0.0,0.0,36.4
2020-03-10,22125 Huesca,Zona Huesca,20.5,4.2,11.4,0.1,0.0,18.2
2020-03-11,22125 Huesca,Zona Huesca,21.1,5.9,13.5,0.0,0.0,11.9
2020-03-12,22125 Huesca,Zona Huesca,21.5,10.5,15.9,0.0,0.0,11.3
2020-03-13,22125 Huesca,Zona Huesca,14.8,8.7,11.7,0.9,0.0,13.8
2020-03-14,22125 Huesca,Zona Huesca,17.9,4.3,9.9,0.0,0.0,17.2
2020-03-15,22125 Huesca,Zona Huesca,16.8,6.7,11.1,12.2,0.0,24.9
2020-03-16,22125 Huesca,Zona Huesca,12.6,8.9,10.3,26.0,0.0,29.3
2020-03-17,22125 Huesca,Zona Huesca,13.6,8.7,11.5,2.8,0.0,19.5
2020-03-18,22125 Huesca,Zona Huesca,15.9,7.2,11.3,0.1,0.0,8.7
2020-03-19,22125 Huesca,Zona Huesca,16.5,7.6,11.6,0.0,0.0,15.3
2020-03-20,22125 Huesca,Zona Huesca,14.1,5.7,10.0,0.0,0.0,17.3
2020-03-21,22125 Huesca,Zona Huesca,14.0,5.3,9.4,0.0,0.0,12.9
2020-03-22,22125 Huesca,Zona Huesca,14.8,5.9,10.3,0.1,0.0,15.0
2020-03-23,22125 Huesca,Zona Huesca,14.6,6.4,10.5,2.4,0.0,23.8
2020-03-24,22125 Huesca,Zona Huesca,13.8,6.1,10.0,6.7,0.0,17.6
2020-03-25,22125 Huesca,Zona Huesca,8.1,5.2,6.6,4.9,0.0,16.2
2020-03-26,22125 Huesca,Zona Huesca,12.0,1.9,6.7,2.1,0.0,23.2
2020-03-27,22125 Huesca,Zona Huesca,12.4,0.4,6.4,0.4,0.0,12.9
2020-03-28,22125 Huesca,Zona Huesca,15.3,3.8,9.3,0.0,0.0,18.6
2020-03-29,22125 Huesca,Zona Huesca,17.9,4.9,10.4,0.0,0.0,21.7
2020-03-30,22125 Huesca,Zona Huesca,9.2,3.5,6.3,0.0,0.0,16.6
2020-03-31,22125 Huesca,Zona Huesca,9.6,2.1,6.6,11.5,0.21,20.7
2020-04-01,22125 Huesca,Zona Huesca,11.5,8.2,9.4,21.7,0.0,18.4
2020-04-02,22125 Huesca,Zona Huesca,12.3,5.2,9.0,4.7,0.0,8.0
2020-04-03,22125 Huesca,Zona Huesca,14.9,4.1,9.0,0.1,0.0,13.2
2020-04-04,22125 Huesca,Zona Huesca,16.5,4.9,10.4,0.0,0.0,20.4
2020-04-05,22125 Huesca,Zona Huesca,15.6,7.5,11.4,0.0,0.0,23.6
2020-04-06,22125 Huesca,Zona Huesca,15.7,8.9,11.9,0.8,0.0,20.5
2020-04-07,22125 Huesca,Zona Huesca,12.9,9.1,10.5,6.8,0.0,17.8
2020-04-08,22125 Huesca,Zona Huesca,17.4,7.8,12.3,0.2,0.0,12.7
2020-04-09,22125 Huesca,Zona Huesca,18.8,7.7,13.2,0.0,0.0,17.0
2020-04-10,22125 Huesca,Zona Huesca,18.4,8.9,13.6,0.1,0.0,17.6
2020-04-11,22125 Huesca,Zona Huesca,16.5,9.9,13.0,1.9,0.0,14.6
2020-04-12,22125 Huesca,Zona Huesca,15.9,9.9,12.9,1.5,0.0,17.1
2020-04-13,22125 Huesca,Zona Huesca,16.7,9.1,12.7,0.0,0.0,15.5
2020-04-14,22125 Huesca,Zona Huesca,18.7,9.3,13.5,0.2,0.0,16.9
2020-04-15,22125 Huesca,Zona Huesca,16.7,10.6,13.2,2.2,0.0,26.4
2020-04-16,22125 Huesca,Zona Huesca,19.0,11.2,14.4,1.2,0.0,19.7
2020-04-17,22125 Huesca,Zona Huesca,19.5,11.1,14.8,3.2,0.0,19.2
2020-04-18,22125 Huesca,Zona Huesca,20.4,10.9,15.6,7.2,0.0,12.6
2020-04-19,22125 Huesca,Zona Huesca,18.6,11.7,14.9,6.8,0.0,11.5
2020-04-20,22125 Huesca,Zona Huesca,19.8,11.4,14.9,0.0,0.0,17.2
2020-04-21,22125 Huesca,Zona Huesca,14.4,11.2,12.6,18.3,0.0,21.0
2020-04-22,22125 Huesca,Zona Huesca,19.5,8.7,14.1,0.1,0.0,18.6
2020-04-23,22125 Huesca,Zona Huesca,18.0,9.5,13.6,0.2,0.0,16.9
2020-04-24,22125 Huesca,Zona Huesca,20.8,12.3,16.0,0.8,0.0,14.1
2020-04-25,22125 Huesca,Zona Huesca,21.2,11.2,15.9,0.0,0.0,12.7
2020-04-26,22125 Huesca,Zona Huesca,19.1,10.2,15.1,1.2,0.0,8.1
2020-04-27,22125 Huesca,Zona Huesca,16.5,11.4,13.6,8.4,0.0,10.7
2020-04-28,22125 Huesca,Zona Huesca,17.0,8.2,12.7,0.6,0.0,23.5
2020-04-29,22125 Huesca,Zona Huesca,19.0,7.7,13.7,0.0,0.0,17.6
2020-04-30,22125 Huesca,Zona Huesca,18.4,11.2,14.4,0.2,0.0,30.1
2020-05-01,22125 Huesca,Zona Huesca,22.0,10.8,16.1,1.8,0.0,30.1
2020-05-02,22125 Huesca,Zona Huesca,24.0,12.8,18.4,0.0,0.0,23.4
2020-05-03,22125 Huesca,Zona Huesca,25.2,11.2,18.8,0.0,0.0,13.0
2020-05-04,22125 Huesca,Zona Huesca,27.9,15.2,21.1,0.2,0.0,23.2
2020-05-05,22125 Huesca,Zona Huesca,24.5,14.2,19.8,0.0,0.0,18.1
2020-05-06,22125 Huesca,Zona Huesca,25.6,12.2,19.6,0.0,0.0,14.2
2020-05-07,22125 Huesca,Zona Huesca,26.1,15.3,20.6,0.0,0.0,19.8
2020-05-08,22125 Huesca,Zona Huesca,25.4,14.7,20.0,0.1,0.0,19.7
2020-05-09,22125 Huesca,Zona Huesca,23.1,13.7,18.4,4.7,0.0,19.8
2020-05-10,22125 Huesca,Zona Huesca,16.8,12.3,14.2,26.1,0.0,25.1
2020-05-11,22125 Huesca,Zona Huesca,19.5,10.2,14.5,1.8,0.0,25.8
2020-05-12,22125 Huesca,Zona Huesca,19.5,9.4,14.3,3.3,0.0,15.0
2020-05-13,22125 Huesca,Zona Huesca,18.1,10.8,14.4,13.1,0.0,17.6
2020-05-14,22125 Huesca,Zona Huesca,16.6,10.9,13.6,11.7,0.0,11.4
2020-05-15,22125 Huesca,Zona Huesca,16.9,11.2,13.8,8.1,0.0,8.4
2020-05-16,22125 Huesca,Zona Huesca,18.4,11.1,14.2,5.7,0.0,16.5
2020-05-17,22125 Huesca,Zona Huesca,21.3,8.8,15.3,0.0,0.0,19.6
2020-05-18,22125 Huesca,Zona Huesca,23.5,10.1,16.7,0.0,0.0,12.7
2020-05-19,22125 Huesca,Zona Huesca,26.2,10.4,18.3,0.0,0.0,13.6
2020-05-20,22125 Huesca,Zona Huesca,27.4,12.6,20.4,0.0,0.0,9.2
2020-05-21,22125 Huesca,Zona Huesca,27.5,14.2,20.9,0.0,0.0,11.3
2020-05-22,22125 Huesca,Zona Huesca,29.5,16.4,23.5,0.0,0.0,16.5
2020-05-23,22125 Huesca,Zona Huesca,27.9,17.0,22.3,0.0,0.0,19.1
2020-05-24,22125 Huesca,Zona Huesca,24.6,12.7,18.3,0.0,0.0,12.7
2020-05-25,22125 Huesca,Zona Huesca,24.0,16.5,19.7,2.0,0.0,13.7
2020-05-26,22125 Huesca,Zona Huesca,25.6,15.6,20.5,2.1,0.0,10.1
2020-05-27,22125 Huesca,Zona Huesca,25.8,18.2,21.7,0.3,0.0,18.0
2020-05-28,22125 Huesca,Zona Huesca,27.0,16.3,21.7,0.0,0.0,13.4
2020-05-29,22125 Huesca,Zona Huesca,29.4,15.5,22.3,0.0,0.0,22.4
2020-05-30,22125 Huesca,Zona Huesca,27.6,16.1,21.6,0.0,0.0,20.9
2020-05-31,22125 Huesca,Zona Huesca,27.9,15.8,20.8,1.1,0.0,18.9
2020-06-01,22125 Huesca,Zona Huesca,25.3,15.2,19.5,4.7,0.0,14.0
2020-06-02,22125 Huesca,Zona Huesca,26.6,15.6,20.8,0.0,0.0,17.1
2020-06-03,22125 Huesca,Zona Huesca,23.8,16.9,19.3,13.5,0.0,15.3
2020-06-04,22125 Huesca,Zona Huesca,20.0,13.6,16.3,0.5,0.0,32.6
2020-06-05,22125 Huesca,Zona Huesca,21.7,11.9,16.8,0.0,0.0,29.0
2020-06-06,22125 Huesca,Zona Huesca,25.0,12.8,18.9,4.1,0.0,12.6
2020-06-07,22125 Huesca,Zona Huesca,22.0,12.7,16.8,12.6,0.0,22.2
2020-06-08,22125 Huesca,Zona Huesca,20.7,9.4,14.8,0.0,0.0,25.4
2020-06-09,22125 Huesca,Zona Huesca,20.8,9.3,15.2,0.1,0.0,26.2
2020-06-10,22125 Huesca,Zona Huesca,22.0,10.1,16.0,0.0,0.0,23.6
2020-06-11,22125 Huesca,Zona Huesca,19.7,13.6,16.2,6.6,0.0,19.1
2020-06-12,22125 Huesca,Zona Huesca,19.6,12.2,15.9,1.9,0.0,18.4
2020-06-13,22125 Huesca,Zona Huesca,21.2,10.6,16.5,0.1,0.0,22.5
2020-06-14,22125 Huesca,Zona Huesca,24.2,11.3,18.4,0.0,0.0,17.4
2020-06-15,22125 Huesca,Zona Huesca,24.6,13.4,19.2,0.0,0.0,21.5
2020-06-16,22125 Huesca,Zona Huesca,21.6,14.4,17.2,2.7,0.0,17.7
2020-06-17,22125 Huesca,Zona Huesca,22.1,12.1,17.2,0.0,0.0,19.5
2020-06-18,22125 Huesca,Zona Huesca,22.3,13.3,17.1,1.5,0.0,14.0
2020-06-19,22125 Huesca,Zona Huesca,23.7,14.9,19.1,2.0,0.0,15.1
2020-06-20,22125 Huesca,Zona Huesca,28.9,16.0,21.5,0.2,0.0,15.3
2020-06-21,22125 Huesca,Zona Huesca,31.1,15.4,22.9,0.0,0.0,21.4
2020-06-22,22125 Huesca,Zona Huesca,31.0,15.0,23.3,0.0,0.0,12.5
2020-06-23,22125 Huesca,Zona Huesca,32.3,18.3,25.3,0.0,0.0,18.5
2020-06-24,22125 Huesca,Zona Huesca,33.0,20.3,25.7,0.1,0.0,16.7
2020-06-25,22125 Huesca,Zona Huesca,33.1,20.0,25.3,6.1,0.0,17.0
2020-06-26,22125 Huesca,Zona Huesca,30.9,19.7,24.6,0.6,0.0,27.5
2020-06-27,22125 Huesca,Zona Huesca,30.7,20.0,25.1,0.0,0.0,15.6
2020-06-28,22125 Huesca,Zona Huesca,31.7,20.6,25.9,0.1,0.0,16.2
2020-06-29,22125 Huesca,Zona Huesca,33.0,20.9,26.6,0.0,0.0,15.0
2020-06-30,22125 Huesca,Zona Huesca,32.7,20.2,25.7,0.7,0.0,23.0
2020-07-01,22125 Huesca,Zona Huesca,32.9,21.8,26.9,0.0,0.0,19.7
2020-07-02,22125 Huesca,Zona Huesca,30.0,19.5,24.3,1.5,0.0,19.0
2020-07-03,22125 Huesca,Zona Huesca,28.1,15.4,21.7,0.0,0.0,21.9
2020-07-04,22125 Huesca,Zona Huesca,31.2,12.4,21.5,0.0,0.0,12.2
2020-07-05,22125 Huesca,Zona Huesca,33.5,18.0,25.7,0.0,0.0,11.3
2020-07-06,22125 Huesca,Zona Huesca,33.8,19.2,26.3,0.0,0.0,23.0
2020-07-07,22125 Huesca,Zona Huesca,32.6,14.6,23.4,0.0,0.0,12.5
2020-07-08,22125 Huesca,Zona Huesca,33.5,18.9,26.3,0.0,0.0,20.2
2020-07-09,22125 Huesca,Zona Huesca,32.3,20.5,26.4,1.0,0.0,18.0
2020-07-10,22125 Huesca,Zona Huesca,31.1,19.3,24.9,4.4,0.0,15.2
2020-07-11,22125 Huesca,Zona Huesca,31.2,16.9,24.2,0.0,0.0,8.0
2020-07-12,22125 Huesca,Zona Huesca,30.5,20.3,24.3,3.3,0.0,20.3
2020-07-13,22125 Huesca,Zona Huesca,31.0,19.6,25.2,2.7,0.0,17.7
2020-07-14,22125 Huesca,Zona Huesca,27.0,18.8,22.6,0.1,0.0,13.6
2020-07-15,22125 Huesca,Zona Huesca,26.5,16.6,21.5,0.0,0.0,26.5
2020-07-16,22125 Huesca,Zona Huesca,31.0,15.9,23.0,0.0,0.0,16.2
2020-07-17,22125 Huesca,Zona Huesca,29.5,16.9,23.2,0.0,0.0,15.4
2020-07-18,22125 Huesca,Zona Huesca,32.5,16.7,24.3,0.0,0.0,10.8
2020-07-19,22125 Huesca,Zona Huesca,34.2,20.0,27.2,0.0,0.0,21.3
2020-07-20,22125 Huesca,Zona Huesca,32.7,21.2,26.9,0.2,0.0,19.7
2020-07-21,22125 Huesca,Zona Huesca,35.1,20.9,27.9,0.0,0.0,18.4
2020-07-22,22125 Huesca,Zona Huesca,33.2,20.8,27.7,0.0,0.0,20.8
2020-07-23,22125 Huesca,Zona Huesca,34.3,20.4,28.2,0.0,0.0,20.2
2020-07-24,22125 Huesca,Zona Huesca,33.2,20.7,26.7,0.0,0.0,22.7
2020-07-25,22125 Huesca,Zona Huesca,33.0,18.0,25.5,0.0,0.0,11.6
2020-07-26,22125 Huesca,Zona Huesca,34.5,20.4,27.7,0.0,0.0,13.6
2020-07-27,22125 Huesca,Zona Huesca,37.3,21.8,29.5,0.0,0.0,18.5
2020-07-28,22125 Huesca,Zona Huesca,35.5,25.0,30.1,0.0,0.0,19.8
2020-07-29,22125 Huesca,Zona Huesca,34.3,22.1,28.5,0.0,0.0,20.7
2020-07-30,22125 Huesca,Zona Huesca,37.6,24.1,30.6,0.0,0.0,20.1
2020-07-31,22125 Huesca,Zona Huesca,37.8,24.5,31.5,0.0,0.0,17.9
2020-08-01,22125 Huesca,Zona Huesca,36.2,24.1,29.3,0.0,0.0,24.9
2020-08-02,22125 Huesca,Zona Huesca,31.4,18.7,24.8,0.0,0.0,26.1
2020-08-03,22125 Huesca,Zona Huesca,29.8,17.1,23.1,0.0,0.0,28.1
2020-08-04,22125 Huesca,Zona Huesca,30.6,16.6,23.3,0.0,0.0,18.3
2020-08-05,22125 Huesca,Zona Huesca,32.6,16.0,24.3,0.0,0.0,8.9
2020-08-06,22125 Huesca,Zona Huesca,35.5,20.4,27.8,0.0,0.0,15.6
2020-08-07,22125 Huesca,Zona Huesca,38.5,24.4,30.7,0.0,0.0,17.7
2020-08-08,22125 Huesca,Zona Huesca,37.9,23.1,30.9,0.0,0.0,20.2
2020-08-09,22125 Huesca,Zona Huesca,36.4,24.2,30.1,0.5,0.0,22.3
2020-08-10,22125 Huesca,Zona Huesca,33.2,23.8,28.3,0.0,0.0,22.1
2020-08-11,22125 Huesca,Zona Huesca,32.6,23.1,27.9,0.0,0.0,22.9
2020-08-12,22125 Huesca,Zona Huesca,28.8,19.5,24.7,0.4,0.0,17.7
2020-08-13,22125 Huesca,Zona Huesca,30.4,19.5,24.8,0.0,0.0,13.9
2020-08-14,22125 Huesca,Zona Huesca,30.5,19.6,25.1,0.0,0.0,18.9
2020-08-15,22125 Huesca,Zona Huesca,31.5,21.4,25.6,0.0,0.0,24.5
2020-08-16,22125 Huesca,Zona Huesca,28.2,18.2,23.6,0.0,0.0,19.9
2020-08-17,22125 Huesca,Zona Huesca,29.2,17.1,23.0,0.4,0.0,21.3
2020-08-18,22125 Huesca,Zona Huesca,25.9,19.1,22.3,0.0,0.0,13.6
2020-08-19,22125 Huesca,Zona Huesca,33.5,18.1,25.6,0.0,0.0,19.1
2020-08-20,22125 Huesca,Zona Huesca,35.3,22.1,27.7,0.0,0.0,29.0
2020-08-21,22125 Huesca,Zona Huesca,34.7,22.3,28.1,0.0,0.0,23.7
2020-08-22,22125 Huesca,Zona Huesca,32.5,20.4,26.5,0.0,0.0,22.0
2020-08-23,22125 Huesca,Zona Huesca,30.6,16.1,23.4,0.0,0.0,21.3
2020-08-24,22125 Huesca,Zona Huesca,30.4,14.9,22.7,0.0,0.0,19.0
2020-08-25,22125 Huesca,Zona Huesca,34.3,18.3,25.9,0.0,0.0,12.9
2020-08-26,22125 Huesca,Zona Huesca,34.0,20.4,27.2,0.0,0.0,15.0
2020-08-27,22125 Huesca,Zona Huesca,34.5,21.0,27.7,0.0,0.0,18.0
2020-08-28,22125 Huesca,Zona Huesca,28.4,18.9,23.5,6.6,0.0,23.2
2020-08-29,22125 Huesca,Zona Huesca,23.1,14.9,18.7,0.0,0.0,27.1
2020-08-30,22125 Huesca,Zona Huesca,22.5,12.2,17.1,0.0,0.0,25.2
2020-08-31,22125 Huesca,Zona Huesca,24.2,10.4,17.2,0.0,0.0,16.1
2020-09-01,22125 Huesca,Zona Huesca,26.3,13.1,19.6,0.0,0.0,19.0
2020-09-02,22125 Huesca,Zona Huesca,27.0,14.0,19.7,0.0,0.0,15.5
2020-09-03,22125 Huesca,Zona Huesca,28.8,13.8,21.0,0.0,0.0,14.8
2020-09-04,22125 Huesca,Zona Huesca,30.5,17.4,23.8,0.0,0.0,15.5
2020-09-05,22125 Huesca,Zona Huesca,31.5,18.5,24.3,0.0,0.0,18.8
2020-09-06,22125 Huesca,Zona Huesca,28.4,16.0,21.5,0.0,0.0,24.0
2020-09-07,22125 Huesca,Zona Huesca,24.8,13.1,19.2,0.0,0.0,17.4
2020-09-08,22125 Huesca,Zona Huesca,26.9,12.9,19.8,0.0,0.0,12.3
2020-09-09,22125 Huesca,Zona Huesca,26.9,15.1,21.0,0.0,0.0,20.9
2020-09-10,22125 Huesca,Zona Huesca,28.7,15.5,22.1,0.0,0.0,16.7
2020-09-11,22125 Huesca,Zona Huesca,30.0,16.8,23.3,0.0,0.0,14.0
2020-09-12,22125 Huesca,Zona Huesca,31.0,16.7,24.0,0.0,0.0,22.0
2020-09-13,22125 Huesca,Zona Huesca,31.5,18.5,25.2,0.0,0.0,16.3
2020-09-14,22125 Huesca,Zona Huesca,30.9,20.1,25.4,0.0,0.0,19.2
2020-09-15,22125 Huesca,Zona Huesca,30.5,19.6,24.7,0.1,0.0,17.3
2020-09-16,22125 Huesca,Zona Huesca,31.4,19.7,25.6,0.0,0.0,15.5
2020-09-17,22125 Huesca,Zona Huesca,28.9,21.2,24.8,0.0,0.0,19.6
2020-09-18,22125 Huesca,Zona Huesca,24.5,16.6,21.0,16.3,0.0,25.2
2020-09-19,22125 Huesca,Zona Huesca,21.7,16.5,18.6,17.3,0.0,18.2
2020-09-20,22125 Huesca,Zona Huesca,24.0,14.6,18.8,0.0,0.0,17.7
2020-09-21,22125 Huesca,Zona Huesca,24.3,14.7,18.7,0.1,0.0,17.7
2020-09-22,22125 Huesca,Zona Huesca,23.2,12.3,17.8,0.0,0.0,14.0
2020-09-23,22125 Huesca,Zona Huesca,24.1,14.6,19.2,0.0,0.0,11.6
2020-09-24,22125 Huesca,Zona Huesca,22.0,14.0,18.1,0.2,0.0,18.2
2020-09-25,22125 Huesca,Zona Huesca,17.0,10.1,12.6,2.3,0.0,38.7
2020-09-26,22125 Huesca,Zona Huesca,18.5,9.8,13.6,4.0,0.0,33.9
2020-09-27,22125 Huesca,Zona Huesca,16.6,7.6,12.3,2.2,0.0,35.1
2020-09-28,22125 Huesca,Zona Huesca,21.4,10.2,14.6,0.0,0.0,26.2
2020-09-29,22125 Huesca,Zona Huesca,20.5,7.6,13.8,0.0,0.0,9.9
2020-09-30,22125 Huesca,Zona Huesca,23.5,11.0,17.0,0.0,0.0,10.1
2020-10-01,22125 Huesca,Zona Huesca,22.2,11.4,16.8,0.0,0.0,21.5
2020-10-02,22125 Huesca,Zona Huesca,14.6,7.9,11.7,14.6,0.0,35.1
2020-10-03,22125 Huesca,Zona Huesca,13.6,6.7,10.2,2.3,0.0,34.0
2020-10-04,22125 Huesca,Zona Huesca,13.9,7.6,10.3,4.6,0.0,30.1
2020-10-05,22125 Huesca,Zona Huesca,17.0,7.4,11.6,0.0,0.0,23.6
2020-10-06,22125 Huesca,Zona Huesca,22.3,9.2,15.4,0.0,0.0,22.5
2020-10-07,22125 Huesca,Zona Huesca,22.5,13.7,17.7,0.0,0.0,30.1
2020-10-08,22125 Huesca,Zona Huesca,21.1,9.7,15.5,0.0,0.0,12.8
2020-10-09,22125 Huesca,Zona Huesca,23.4,13.9,17.7,0.0,0.0,11.9
2020-10-10,22125 Huesca,Zona Huesca,21.4,11.8,15.2,0.0,0.0,27.8
2020-10-11,22125 Huesca,Zona Huesca,16.3,8.4,11.8,0.0,0.0,29.1
2020-10-12,22125 Huesca,Zona Huesca,16.4,8.1,11.4,0.0,0.0,25.7
2020-10-13,22125 Huesca,Zona Huesca,17.2,9.1,12.6,1.5,0.0,30.8
2020-10-14,22125 Huesca,Zona Huesca,13.7,7.6,10.3,0.2,0.0,30.0
2020-10-15,22125 Huesca,Zona Huesca,14.8,6.1,9.3,0.0,0.0,26.8
2020-10-16,22125 Huesca,Zona Huesca,14.1,2.3,7.5,0.0,0.0,10.8
2020-10-17,22125 Huesca,Zona Huesca,16.1,3.0,9.0,0.0,0.0,15.7
2020-10-18,22125 Huesca,Zona Huesca,17.2,5.3,10.8,0.0,0.0,8.8
2020-10-19,22125 Huesca,Zona Huesca,19.1,8.8,13.5,0.0,0.0,25.9
2020-10-20,22125 Huesca,Zona Huesca,14.9,13.8,14.4,8.6,0.0,34.8
2020-10-21,22125 Huesca,Zona Huesca,21.9,14.3,17.4,0.7,0.0,32.8
2020-10-22,22125 Huesca,Zona Huesca,18.5,14.1,15.6,11.1,0.0,19.7
2020-10-23,22125 Huesca,Zona Huesca,16.6,10.6,13.6,5.7,0.0,17.4
2020-10-24,22125 Huesca,Zona Huesca,17.2,7.6,11.8,0.0,0.0,12.8
2020-10-25,22125 Huesca,Zona Huesca,14.9,6.8,11.6,8.6,0.0,11.1
2020-10-26,22125 Huesca,Zona Huesca,12.7,6.7,9.8,2.2,0.0,30.4
2020-10-27,22125 Huesca,Zona Huesca,14.8,5.9,10.3,0.0,0.0,18.4
2020-10-28,22125 Huesca,Zona Huesca,17.6,7.8,12.0,0.0,0.0,15.9
2020-10-29,22125 Huesca,Zona Huesca,18.0,6.9,12.2,0.0,0.0,11.5
2020-10-30,22125 Huesca,Zona Huesca,18.1,9.2,12.9,0.0,0.0,8.7
2020-10-31,22125 Huesca,Zona Huesca,20.4,9.8,14.3,0.0,0.0,11.2
2020-11-01,22125 Huesca,Zona Huesca,20.8,10.4,14.6,0.0,0.0,11.6
2020-11-02,22125 Huesca,Zona Huesca,20.5,11.7,15.5,0.0,0.0,8.3
2020-11-03,22125 Huesca,Zona Huesca,14.4,10.7,12.8,10.3,0.0,11.5
2020-11-04,22125 Huesca,Zona Huesca,10.3,7.9,9.2,12.9,0.0,17.1
2020-11-05,22125 Huesca,Zona Huesca,15.1,7.8,11.3,0.7,0.0,20.6
2020-11-06,22125 Huesca,Zona Huesca,17.2,11.7,14.4,7.4,0.0,31.0
2020-11-07,22125 Huesca,Zona Huesca,15.1,11.2,13.7,20.7,0.0,39.5
2020-11-08,22125 Huesca,Zona Huesca,15.2,8.4,11.4,0.0,0.0,9.7
2020-11-09,22125 Huesca,Zona Huesca,16.0,8.1,11.6,0.0,0.0,9.0
2020-11-10,22125 Huesca,Zona Huesca,15.7,5.2,10.2,0.0,0.0,9.7
2020-11-11,22125 Huesca,Zona Huesca,14.4,6.8,9.9,0.0,0.0,8.7
2020-11-12,22125 Huesca,Zona Huesca,13.8,7.7,10.4,0.0,0.0,8.7
2020-11-13,22125 Huesca,Zona Huesca,14.0,7.8,10.6,1.0,0.0,9.4
2020-11-14,22125 Huesca,Zona Huesca,15.2,8.0,11.3,0.0,0.0,12.9
2020-11-15,22125 Huesca,Zona Huesca,15.8,9.8,12.7,0.3,0.0,9.2
2020-11-16,22125 Huesca,Zona Huesca,16.9,7.3,12.6,0.1,0.0,23.7
2020-11-17,22125 Huesca,Zona Huesca,14.2,5.6,9.8,0.0,0.0,9.8
2020-11-18,22125 Huesca,Zona Huesca,15.5,6.6,10.5,0.0,0.0,11.3
2020-11-19,22125 Huesca,Zona Huesca,20.0,5.8,11.6,0.0,0.0,27.0
2020-11-20,22125 Huesca,Zona Huesca,15.8,4.4,8.8,0.0,0.0,14.8
2020-11-21,22125 Huesca,Zona Huesca,11.6,1.5,6.7,0.0,0.0,8.9
2020-11-22,22125 Huesca,Zona Huesca,11.3,3.1,7.0,0.0,0.0,9.6
2020-11-23,22125 Huesca,Zona Huesca,10.6,1.0,6.4,0.0,0.0,9.8
2020-11-24,22125 Huesca,Zona Huesca,12.1,2.2,6.8,0.0,0.0,13.4
2020-11-25,22125 Huesca,Zona Huesca,12.9,4.3,8.4,0.0,0.0,17.9
2020-11-26,22125 Huesca,Zona Huesca,13.5,8.8,11.0,1.3,0.0,24.3
2020-11-27,22125 Huesca,Zona Huesca,14.8,8.1,11.7,2.0,0.0,20.0
2020-11-28,22125 Huesca,Zona Huesca,14.1,6.7,10.1,0.7,0.0,18.5
2020-11-29,22125 Huesca,Zona Huesca,14.9,7.5,10.4,0.0,0.0,9.8
2020-11-30,22125 Huesca,Zona Huesca,14.1,5.6,9.0,0.0,0.0,9.3
2020-12-01,22125 Huesca,Zona Huesca,13.9,4.8,8.4,0.0,0.0,25.4
2020-12-02,22125 Huesca,Zona Huesca,10.5,2.0,5.8,0.0,0.0,21.7
2020-12-03,22125 Huesca,Zona Huesca,10.4,0.3,4.7,0.0,0.0,13.3
2020-12-04,22125 Huesca,Zona Huesca,6.4,1.7,4.6,2.1,0.0,22.7
2020-12-05,22125 Huesca,Zona Huesca,6.8,-0.3,2.7,1.4,0.0,25.6
2020-12-06,22125 Huesca,Zona Huesca,7.4,2.8,4.7,1.4,0.0,30.9
2020-12-07,22125 Huesca,Zona Huesca,7.7,2.8,4.7,14.7,0.0,15.8
2020-12-08,22125 Huesca,Zona Huesca,8.2,2.5,4.6,1.0,0.0,32.1
2020-12-09,22125 Huesca,Zona Huesca,8.9,2.5,5.0,0.0,0.0,30.5
2020-12-10,22125 Huesca,Zona Huesca,10.6,2.7,6.7,5.9,0.0,27.6
2020-12-11,22125 Huesca,Zona Huesca,11.9,4.7,8.5,8.4,0.0,27.4
2020-12-12,22125 Huesca,Zona Huesca,11.4,7.2,8.9,2.3,0.0,30.3
2020-12-13,22125 Huesca,Zona Huesca,13.9,4.4,8.5,0.0,0.0,24.6
2020-12-14,22125 Huesca,Zona Huesca,11.6,5.2,8.6,1.2,0.0,13.3
2020-12-15,22125 Huesca,Zona Huesca,11.4,4.3,8.8,3.1,0.0,12.0
2020-12-16,22125 Huesca,Zona Huesca,11.9,3.6,7.2,0.0,0.0,17.3
2020-12-17,22125 Huesca,Zona Huesca,11.9,4.1,7.7,0.0,0.0,8.2
2020-12-18,22125 Huesca,Zona Huesca,10.1,4.2,7.0,0.0,0.0,9.7
2020-12-19,22125 Huesca,Zona Huesca,10.3,4.8,7.4,2.6,0.0,9.4
2020-12-20,22125 Huesca,Zona Huesca,12.9,3.3,7.9,2.7,0.0,15.3
2020-12-21,22125 Huesca,Zona Huesca,11.4,3.7,6.9,0.0,0.0,12.0
2020-12-22,22125 Huesca,Zona Huesca,11.8,5.0,8.0,0.0,0.0,8.7
2020-12-23,22125 Huesca,Zona Huesca,12.9,5.4,8.6,0.0,0.0,10.1
2020-12-24,22125 Huesca,Zona Huesca,10.4,5.0,8.0,0.0,0.0,22.6
2020-12-25,22125 Huesca,Zona Huesca,5.4,2.6,3.8,0.0,0.0,35.7
2020-12-26,22125 Huesca,Zona Huesca,8.5,-1.6,2.8,0.0,0.0,23.7
2020-12-27,22125 Huesca,Zona Huesca,3.2,-2.8,0.1,0.0,0.0,11.8
2020-12-28,22125 Huesca,Zona Huesca,7.7,0.3,4.2,4.0,0.14,25.6
2020-12-29,22125 Huesca,Zona Huesca,7.3,1.4,3.9,0.3,0.0,25.3
2020-12-30,22125 Huesca,Zona Huesca,7.4,1.5,3.8,0.1,0.0,29.3
2020-12-31,22125 Huesca,Zona Huesca,6.7,-0.2,3.2,1.9,0.0,11.5
2021-01-01,22125 Huesca,Zona Huesca,7.4,1.0,3.5,0.4,0.0,20.5
2021-01-02,22125 Huesca,Zona Huesca,6.6,-1.0,1.6,0.0,0.0,19.2
2021-01-03,22125 Huesca,Zona Huesca,7.1,-3.2,1.6,0.3,0.0,25.9
2021-01-04,22125 Huesca,Zona Huesca,3.6,-3.0,0.4,1.0,0.28,15.6
2021-01-05,22125 Huesca,Zona Huesca,6.2,-2.2,0.9,0.0,0.0,17.6
2021-01-06,22125 Huesca,Zona Huesca,3.6,-3.7,-0.7,0.0,0.0,7.6
2021-01-07,22125 Huesca,Zona Huesca,3.0,-3.7,-0.7,0.0,0.0,11.2
2021-01-08,22125 Huesca,Zona Huesca,1.9,-5.3,-1.5,0.0,0.0,7.4
2021-01-09,22125 Huesca,Zona Huesca,2.5,-2.2,0.4,18.2,8.12,10.0
2021-01-10,22125 Huesca,Zona Huesca,3.8,-0.3,1.2,7.7,1.47,14.0
2021-01-11,22125 Huesca,Zona Huesca,4.3,-5.4,-1.0,0.0,0.0,11.3
2021-01-12,22125 Huesca,Zona Huesca,8.2,-5.5,-0.4,0.0,0.0,14.3
2021-01-13,22125 Huesca,Zona Huesca,9.4,-2.4,2.3,0.0,0.0,16.3
2021-01-14,22125 Huesca,Zona Huesca,10.4,-3.2,2.3,0.0,0.0,23.5
2021-01-15,22125 Huesca,Zona Huesca,10.1,3.4,5.8,0.0,0.0,29.0
2021-01-16,22125 Huesca,Zona Huesca,11.7,0.3,4.9,0.0,0.0,21.3
2021-01-17,22125 Huesca,Zona Huesca,13.8,2.7,7.8,0.0,0.0,28.1
2021-01-18,22125 Huesca,Zona Huesca,10.1,-0.2,3.9,0.0,0.0,12.2
2021-01-19,22125 Huesca,Zona Huesca,8.8,0.4,3.6,0.0,0.0,11.7
2021-01-20,22125 Huesca,Zona Huesca,7.3,1.5,4.0,1.5,0.0,19.4
2021-01-21,22125 Huesca,Zona Huesca,10.6,3.8,6.8,1.5,0.0,11.1
2021-01-22,22125 Huesca,Zona Huesca,8.4,4.3,7.0,7.9,0.0,32.4
2021-01-23,22125 Huesca,Zona Huesca,8.1,2.3,4.9,6.8,0.0,18.3
2021-01-24,22125 Huesca,Zona Huesca,9.8,4.1,6.8,1.5,0.0,29.2
2021-01-25,22125 Huesca,Zona Huesca,10.4,4.8,7.6,3.9,0.0,21.1
2021-01-26,22125 Huesca,Zona Huesca,10.4,0.1,5.2,0.0,0.0,21.7
2021-01-27,22125 Huesca,Zona Huesca,17.5,7.2,11.6,1.0,0.0,27.2
2021-01-28,22125 Huesca,Zona Huesca,17.6,8.9,12.4,0.0,0.0,21.0
2021-01-29,22125 Huesca,Zona Huesca,16.5,8.4,12.0,0.0,0.0,24.6
2021-01-30,22125 Huesca,Zona Huesca,13.1,6.8,9.4,1.1,0.0,33.8
2021-01-31,22125 Huesca,Zona Huesca,13.4,6.6,9.1,1.5,0.0,35.4
2021-02-01,22125 Huesca,Zona Huesca,14.1,8.4,10.9,2.1,0.0,37.6
2021-02-02,22125 Huesca,Zona Huesca,15.5,6.4,11.2,0.0,0.0,18.9
2021-02-03,22125 Huesca,Zona Huesca,15.2,5.5,10.0,0.0,0.0,8.9
2021-02-04,22125 Huesca,Zona Huesca,15.6,8.4,11.8,0.0,0.0,21.1
2021-02-05,22125 Huesca,Zona Huesca,16.4,7.9,11.9,0.4,0.0,25.4
2021-02-06,22125 Huesca,Zona Huesca,11.8,6.6,9.6,3.6,0.0,19.0
2021-02-07,22125 Huesca,Zona Huesca,10.4,4.2,6.7,0.0,0.0,28.6
2021-02-08,22125 Huesca,Zona Huesca,10.1,3.5,6.3,1.5,0.0,20.0
2021-02-09,22125 Huesca,Zona Huesca,7.9,3.5,5.9,7.5,0.0,17.8
2021-02-10,22125 Huesca,Zona Huesca,10.9,3.2,6.6,5.9,0.0,33.0
2021-02-11,22125 Huesca,Zona Huesca,14.6,3.2,8.4,0.0,0.0,16.7
2021-02-12,22125 Huesca,Zona Huesca,12.2,8.1,9.9,3.2,0.0,28.2
2021-02-13,22125 Huesca,Zona Huesca,15.0,6.4,10.1,0.0,0.0,23.8
2021-02-14,22125 Huesca,Zona Huesca,9.9,4.0,7.1,0.2,0.0,23.8
2021-02-15,22125 Huesca,Zona Huesca,9.6,5.8,7.1,0.0,0.0,17.1
2021-02-16,22125 Huesca,Zona Huesca,13.3,5.3,8.4,0.0,0.0,15.9
2021-02-17,22125 Huesca,Zona Huesca,14.2,5.2,9.4,0.0,0.0,10.6
2021-02-18,22125 Huesca,Zona Huesca,15.2,6.8,10.5,0.0,0.0,11.5
2021-02-19,22125 Huesca,Zona Huesca,15.4,5.3,10.1,0.0,0.0,16.8
2021-02-20,22125 Huesca,Zona Huesca,15.4,8.4,11.4,0.0,0.0,29.0
2021-02-21,22125 Huesca,Zona Huesca,15.1,9.1,11.7,0.2,0.0,39.3
2021-02-22,22125 Huesca,Zona Huesca,11.9,8.4,9.9,21.9,0.0,34.1
2021-02-23,22125 Huesca,Zona Huesca,13.2,6.1,9.6,0.5,0.0,17.7
2021-02-24,22125 Huesca,Zona Huesca,15.4,7.7,10.9,0.0,0.0,17.2
2021-02-25,22125 Huesca,Zona Huesca,13.8,5.8,9.1,0.0,0.0,16.6
2021-02-26,22125 Huesca,Zona Huesca,15.1,6.8,10.2,0.0,0.0,7.9
2021-02-27,22125 Huesca,Zona Huesca,14.1,4.2,8.7,0.0,0.0,9.0
2021-02-28,22125 Huesca,Zona Huesca,10.6,5.4,8.4,7.7,0.0,22.6
2021-03-01,22125 Huesca,Zona Huesca,12.1,5.8,8.7,0.0,0.0,23.9
2021-03-02,22125 Huesca,Zona Huesca,13.0,6.4,9.7,1.2,0.0,19.5
2021-03-03,22125 Huesca,Zona Huesca,15.1,5.6,10.1,0.0,0.0,8.4
2021-03-04,22125 Huesca,Zona Huesca,13.4,6.7,9.5,0.0,0.0,9.5
2021-03-05,22125 Huesca,Zona Huesca,15.0,6.1,10.3,0.1,0.0,11.5
2021-03-06,22125 Huesca,Zona Huesca,12.1,7.8,9.6,4.6,0.0,13.6
2021-03-07,22125 Huesca,Zona Huesca,12.6,6.3,9.2,0.6,0.0,12.2
2021-03-08,22125 Huesca,Zona Huesca,13.1,4.8,8.6,0.2,0.0,13.1
2021-03-09,22125 Huesca,Zona Huesca,12.1,4.2,7.6,1.1,0.0,16.5
2021-03-10,22125 Huesca,Zona Huesca,13.3,0.5,6.4,0.0,0.0,13.0
2021-03-11,22125 Huesca,Zona Huesca,17.0,5.7,10.9,0.0,0.0,18.6
2021-03-12,22125 Huesca,Zona Huesca,13.4,6.6,9.6,0.0,0.0,28.9
2021-03-13,22125 Huesca,Zona Huesca,13.8,2.4,8.4,0.0,0.0,22.1
2021-03-14,22125 Huesca,Zona Huesca,13.6,5.8,9.1,0.0,0.0,33.2
2021-03-15,22125 Huesca,Zona Huesca,15.2,2.2,8.1,0.0,0.0,27.0
2021-03-16,22125 Huesca,Zona Huesca,18.8,5.3,10.9,0.0,0.0,17.7
2021-03-17,22125 Huesca,Zona Huesca,17.1,6.3,10.7,0.1,0.0,29.6
2021-03-18,22125 Huesca,Zona Huesca,14.8,4.3,9.1,0.0,0.0,27.7
2021-03-19,22125 Huesca,Zona Huesca,11.0,2.6,6.2,1.3,0.0,17.0
2021-03-20,22125 Huesca,Zona Huesca,12.5,-0.4,5.6,0.0,0.0,24.5
2021-03-21,22125 Huesca,Zona Huesca,14.9,0.4,6.9,0.0,0.0,24.0
2021-03-22,22125 Huesca,Zona Huesca,18.0,2.5,9.6,0.0,0.0,14.5
2021-03-23,22125 Huesca,Zona Huesca,16.6,1.1,8.7,0.0,0.0,8.5
2021-03-24,22125 Huesca,Zona Huesca,18.2,4.2,11.0,0.0,0.0,12.2
2021-03-25,22125 Huesca,Zona Huesca,18.9,6.7,12.1,0.0,0.0,8.9
2021-03-26,22125 Huesca,Zona Huesca,18.8,5.9,12.8,0.0,0.0,15.0
2021-03-27,22125 Huesca,Zona Huesca,16.4,4.8,11.4,0.0,0.0,13.2
2021-03-28,22125 Huesca,Zona Huesca,19.6,5.8,12.8,0.0,0.0,16.6
2021-03-29,22125 Huesca,Zona Huesca,21.5,7.8,14.6,0.0,0.0,21.7
2021-03-30,22125 Huesca,Zona Huesca,22.2,10.8,16.2,0.0,0.0,18.5
2021-03-31,22125 Huesca,Zona Huesca,22.0,8.9,15.3,0.0,0.0,19.1
2021-04-01,22125 Huesca,Zona Huesca,22.6,9.1,15.5,0.0,0.0,21.5
2021-04-02,22125 Huesca,Zona Huesca,22.9,8.2,16.0,0.0,0.0,16.3
2021-04-03,22125 Huesca,Zona Huesca,23.2,9.6,16.0,0.0,0.0,19.5
2021-04-04,22125 Huesca,Zona Huesca,18.8,6.2,12.3,0.0,0.0,10.0
2021-04-05,22125 Huesca,Zona Huesca,21.1,4.4,12.6,0.0,0.0,17.6
2021-04-06,22125 Huesca,Zona Huesca,17.5,5.8,10.8,0.0,0.0,32.8
2021-04-07,22125 Huesca,Zona Huesca,14.4,2.2,7.9,0.0,0.0,18.0
2021-04-08,22125 Huesca,Zona Huesca,15.8,5.5,10.1,0.0,0.0,19.2
2021-04-09,22125 Huesca,Zona Huesca,11.4,6.4,8.3,9.4,0.0,23.8
2021-04-10,22125 Huesca,Zona Huesca,15.2,7.3,11.3,0.0,0.0,15.0
2021-04-11,22125 Huesca,Zona Huesca,14.6,7.7,10.7,6.3,0.0,15.8
2021-04-12,22125 Huesca,Zona Huesca,15.6,2.8,9.1,0.0,0.0,20.1
2021-04-13,22125 Huesca,Zona Huesca,16.5,2.2,10.5,0.0,0.0,11.0
2021-04-14,22125 Huesca,Zona Huesca,18.2,7.3,12.7,0.0,0.0,14.2
2021-04-15,22125 Huesca,Zona Huesca,15.8,8.4,11.6,1.8,0.0,15.9
2021-04-16,22125 Huesca,Zona Huesca,13.1,7.4,9.8,1.2,0.0,22.6
2021-04-17,22125 Huesca,Zona Huesca,15.4,2.2,8.4,0.0,0.0,23.2
2021-04-18,22125 Huesca,Zona Huesca,17.9,1.2,9.4,0.0,0.0,18.7
2021-04-19,22125 Huesca,Zona Huesca,19.3,4.3,11.6,0.0,0.0,15.5
2021-04-20,22125 Huesca,Zona Huesca,15.6,9.8,12.2,1.2,0.0,17.7
2021-04-21,22125 Huesca,Zona Huesca,16.3,8.8,12.0,3.0,0.0,17.4
2021-04-22,22125 Huesca,Zona Huesca,15.1,8.9,11.2,1.1,0.0,19.0
2021-04-23,22125 Huesca,Zona Huesca,19.8,6.5,13.4,0.0,0.0,22.0
2021-04-24,22125 Huesca,Zona Huesca,20.0,9.1,13.8,0.1,0.0,23.8
2021-04-25,22125 Huesca,Zona Huesca,17.6,8.8,12.9,4.3,0.0,21.3
2021-04-26,22125 Huesca,Zona Huesca,13.4,10.4,11.9,1.9,0.0,18.0
2021-04-27,22125 Huesca,Zona Huesca,15.8,10.1,12.2,2.9,0.0,8.1
2021-04-28,22125 Huesca,Zona Huesca,18.8,10.9,14.1,0.5,0.0,11.6
2021-04-29,22125 Huesca,Zona Huesca,17.8,10.6,13.2,16.9,0.0,10.8
2021-04-30,22125 Huesca,Zona Huesca,16.9,7.9,12.6,1.0,0.0,10.5
2021-05-01,22125 Huesca,Zona Huesca,16.5,7.7,12.2,0.3,0.0,25.3
2021-05-02,22125 Huesca,Zona Huesca,16.9,3.2,10.5,0.0,0.0,14.0
2021-05-03,22125 Huesca,Zona Huesca,17.5,8.4,12.7,0.1,0.0,17.5
2021-05-04,22125 Huesca,Zona Huesca,20.5,8.8,14.6,0.1,0.0,12.1
2021-05-05,22125 Huesca,Zona Huesca,21.8,11.4,16.5,0.0,0.0,25.8
2021-05-06,22125 Huesca,Zona Huesca,24.2,10.1,17.0,0.0,0.0,19.5
2021-05-07,22125 Huesca,Zona Huesca,25.4,13.9,19.5,0.0,0.0,24.6
2021-05-08,22125 Huesca,Zona Huesca,27.5,13.9,20.0,0.0,0.0,28.9
2021-05-09,22125 Huesca,Zona Huesca,21.2,13.6,17.5,17.9,0.0,25.2
2021-05-10,22125 Huesca,Zona Huesca,18.5,9.3,14.2,3.1,0.0,15.3
2021-05-11,22125 Huesca,Zona Huesca,16.7,8.9,12.4,0.1,0.0,28.4
2021-05-12,22125 Huesca,Zona Huesca,19.0,8.2,13.3,0.4,0.0,27.6
2021-05-13,22125 Huesca,Zona Huesca,18.4,7.3,12.6,5.0,0.0,23.9
2021-05-14,22125 Huesca,Zona Huesca,17.9,7.9,13.3,0.5,0.0,29.8
2021-05-15,22125 Huesca,Zona Huesca,23.6,10.6,16.2,0.9,0.0,17.2
2021-05-16,22125 Huesca,Zona Huesca,23.2,14.1,18.1,0.0,0.0,30.7
2021-05-17,22125 Huesca,Zona Huesca,19.3,10.6,14.8,0.0,0.0,28.0
2021-05-18,22125 Huesca,Zona Huesca,23.9,9.4,15.8,0.0,0.0,29.6
2021-05-19,22125 Huesca,Zona Huesca,20.1,9.0,14.5,0.0,0.0,28.9
2021-05-20,22125 Huesca,Zona Huesca,24.5,8.2,16.1,0.0,0.0,11.9
2021-05-21,22125 Huesca,Zona Huesca,25.8,14.8,19.6,0.0,0.0,19.6
2021-05-22,22125 Huesca,Zona Huesca,18.9,11.6,15.2,0.0,0.0,20.1
2021-05-23,22125 Huesca,Zona Huesca,15.2,10.6,12.3,0.6,0.0,15.1
2021-05-24,22125 Huesca,Zona Huesca,20.4,6.9,14.2,0.0,0.0,27.4
2021-05-25,22125 Huesca,Zona Huesca,21.4,8.6,15.3,0.0,0.0,18.4
2021-05-26,22125 Huesca,Zona Huesca,22.5,10.7,16.2,0.0,0.0,12.8
2021-05-27,22125 Huesca,Zona Huesca,27.5,12.0,19.5,0.0,0.0,18.4
2021-05-28,22125 Huesca,Zona Huesca,27.7,16.0,22.2,0.0,0.0,20.2
2021-05-29,22125 Huesca,Zona Huesca,29.6,16.5,23.0,0.3,0.0,17.8
2021-05-30,22125 Huesca,Zona Huesca,27.6,16.1,21.2,1.2,0.0,17.3
2021-05-31,22125 Huesca,Zona Huesca,28.5,15.9,21.8,0.9,0.0,25.3
2021-06-01,22125 Huesca,Zona Huesca,23.9,15.6,18.7,8.5,0.0,19.8
2021-06-02,22125 Huesca,Zona Huesca,24.9,14.2,19.3,0.2,0.0,15.8
2021-06-03,22125 Huesca,Zona Huesca,27.0,16.6,21.1,0.2,0.0,20.9
2021-06-04,22125 Huesca,Zona Huesca,21.5,15.6,18.4,4.2,0.0,19.3
2021-06-05,22125 Huesca,Zona Huesca,24.2,12.6,18.3,0.0,0.0,11.6
2021-06-06,22125 Huesca,Zona Huesca,26.2,13.1,19.4,0.1,0.0,17.8
2021-06-07,22125 Huesca,Zona Huesca,28.5,12.1,20.2,0.0,0.0,21.5
2021-06-08,22125 Huesca,Zona Huesca,31.1,13.8,22.2,0.0,0.0,14.2
2021-06-09,22125 Huesca,Zona Huesca,30.9,17.1,23.7,0.0,0.0,19.7
2021-06-10,22125 Huesca,Zona Huesca,30.4,16.9,23.9,0.0,0.0,12.6
2021-06-11,22125 Huesca,Zona Huesca,29.3,19.2,24.1,0.0,0.0,14.1
2021-06-12,22125 Huesca,Zona Huesca,30.6,17.5,24.1,0.0,0.0,8.7
2021-06-13,22125 Huesca,Zona Huesca,33.5,20.0,27.1,0.0,0.0,14.4
2021-06-14,22125 Huesca,Zona Huesca,34.0,19.6,27.9,0.0,0.0,12.6
2021-06-15,22125 Huesca,Zona Huesca,33.5,21.9,26.8,0.0,0.0,22.6
2021-06-16,22125 Huesca,Zona Huesca,31.0,21.7,26.2,0.4,0.0,21.7
2021-06-17,22125 Huesca,Zona Huesca,23.7,16.8,20.6,15.4,0.0,30.6
2021-06-18,22125 Huesca,Zona Huesca,26.4,14.5,20.9,0.1,0.0,17.5
2021-06-19,22125 Huesca,Zona Huesca,25.4,17.0,21.3,2.1,0.0,18.3
2021-06-20,22125 Huesca,Zona Huesca,23.9,16.5,20.1,5.0,0.0,22.4
2021-06-21,22125 Huesca,Zona Huesca,23.7,13.9,19.3,0.0,0.0,21.2
2021-06-22,22125 Huesca,Zona Huesca,22.9,13.9,18.6,0.0,0.0,19.9
2021-06-23,22125 Huesca,Zona Huesca,21.2,13.9,17.1,1.7,0.0,17.6
2021-06-24,22125 Huesca,Zona Huesca,24.9,11.9,18.1,0.0,0.0,18.7
2021-06-25,22125 Huesca,Zona Huesca,27.5,13.1,20.1,0.0,0.0,8.0
2021-06-26,22125 Huesca,Zona Huesca,29.0,18.4,22.7,0.6,0.0,20.2
2021-06-27,22125 Huesca,Zona Huesca,28.8,18.5,23.3,0.0,0.0,24.7
2021-06-28,22125 Huesca,Zona Huesca,26.0,15.6,21.1,0.0,0.0,22.5
2021-06-29,22125 Huesca,Zona Huesca,25.2,14.5,20.0,0.0,0.0,21.7
2021-06-30,22125 Huesca,Zona Huesca,27.2,14.1,20.6,0.1,0.0,13.9
2021-07-01,22125 Huesca,Zona Huesca,30.2,18.9,23.8,0.0,0.0,17.1
2021-07-02,22125 Huesca,Zona Huesca,32.2,19.1,25.5,0.0,0.0,15.0
2021-07-03,22125 Huesca,Zona Huesca,32.0,19.5,25.8,0.0,0.0,18.6
2021-07-04,22125 Huesca,Zona Huesca,30.7,20.8,25.6,0.3,0.0,25.9
2021-07-05,22125 Huesca,Zona Huesca,33.7,18.8,26.0,0.0,0.0,19.1
2021-07-06,22125 Huesca,Zona Huesca,25.6,17.9,22.0,3.8,0.0,22.0
2021-07-07,22125 Huesca,Zona Huesca,26.0,15.2,20.4,0.3,0.0,23.7
2021-07-08,22125 Huesca,Zona Huesca,26.8,13.4,19.9,0.0,0.0,23.7
2021-07-09,22125 Huesca,Zona Huesca,29.5,12.4,21.4,0.0,0.0,12.4
2021-07-10,22125 Huesca,Zona Huesca,33.8,19.5,25.8,0.0,0.0,19.8
2021-07-11,22125 Huesca,Zona Huesca,33.8,19.0,26.1,0.0,0.0,25.1
2021-07-12,22125 Huesca,Zona Huesca,27.0,16.0,22.7,0.0,0.0,34.2
2021-07-13,22125 Huesca,Zona Huesca,22.7,13.1,17.7,0.0,0.0,32.8
2021-07-14,22125 Huesca,Zona Huesca,27.8,13.4,20.0,0.0,0.0,23.1
2021-07-15,22125 Huesca,Zona Huesca,28.3,14.1,21.2,0.0,0.0,22.0
2021-07-16,22125 Huesca,Zona Huesca,30.9,14.1,22.6,0.0,0.0,20.5
2021-07-17,22125 Huesca,Zona Huesca,32.8,16.8,24.8,0.0,0.0,19.5
2021-07-18,22125 Huesca,Zona Huesca,34.0,18.0,26.4,0.0,0.0,20.4
2021-07-19,22125 Huesca,Zona Huesca,34.5,21.0,27.7,0.0,0.0,20.5
2021-07-20,22125 Huesca,Zona Huesca,34.2,22.9,28.4,0.0,0.0,23.1
2021-07-21,22125 Huesca,Zona Huesca,35.3,21.1,28.6,0.0,0.0,17.9
2021-07-22,22125 Huesca,Zona Huesca,37.7,23.5,30.4,0.0,0.0,22.4
2021-07-23,22125 Huesca,Zona Huesca,36.6,24.5,30.0,0.0,0.0,25.8
2021-07-24,22125 Huesca,Zona Huesca,31.0,19.5,25.8,0.0,0.0,25.2
2021-07-25,22125 Huesca,Zona Huesca,29.0,18.3,24.4,0.0,0.0,18.9
2021-07-26,22125 Huesca,Zona Huesca,26.2,16.3,22.2,0.3,0.0,14.9
2021-07-27,22125 Huesca,Zona Huesca,30.6,17.6,24.4,0.0,0.0,13.7
2021-07-28,22125 Huesca,Zona Huesca,31.4,19.1,25.1,0.5,0.0,18.9
2021-07-29,22125 Huesca,Zona Huesca,32.8,20.0,26.0,0.0,0.0,17.3
2021-07-30,22125 Huesca,Zona Huesca,32.7,19.9,26.2,0.0,0.0,18.8
2021-07-31,22125 Huesca,Zona Huesca,26.0,17.0,21.9,2.0,0.0,18.2
2021-08-01,22125 Huesca,Zona Huesca,25.0,13.2,19.2,0.0,0.0,22.4
2021-08-02,22125 Huesca,Zona Huesca,28.5,13.6,21.7,0.0,0.0,19.5
2021-08-03,22125 Huesca,Zona Huesca,29.6,17.5,23.5,0.1,0.0,17.0
2021-08-04,22125 Huesca,Zona Huesca,27.5,19.4,23.1,1.8,0.0,27.7
2021-08-05,22125 Huesca,Zona Huesca,32.0,16.2,23.8,0.0,0.0,16.3
2021-08-06,22125 Huesca,Zona Huesca,31.3,18.3,25.0,0.0,0.0,20.1
2021-08-07,22125 Huesca,Zona Huesca,28.5,19.5,23.6,1.9,0.0,25.7
2021-08-08,22125 Huesca,Zona Huesca,28.4,15.7,22.3,0.0,0.0,18.6
2021-08-09,22125 Huesca,Zona Huesca,30.7,18.7,24.2,0.1,0.0,17.7
2021-08-10,22125 Huesca,Zona Huesca,32.8,18.9,26.4,0.0,0.0,16.5
2021-08-11,22125 Huesca,Zona Huesca,35.0,22.5,28.5,0.0,0.0,13.9
2021-08-12,22125 Huesca,Zona Huesca,38.7,21.8,30.4,0.8,0.0,17.3
2021-08-13,22125 Huesca,Zona Huesca,37.7,22.6,30.5,0.0,0.0,15.1
2021-08-14,22125 Huesca,Zona Huesca,40.5,24.4,32.2,0.0,0.0,19.2
2021-08-15,22125 Huesca,Zona Huesca,37.0,25.0,31.1,0.0,0.0,17.7
2021-08-16,22125 Huesca,Zona Huesca,32.5,18.3,24.5,0.0,0.0,28.4
2021-08-17,22125 Huesca,Zona Huesca,29.5,14.6,21.8,0.0,0.0,21.7
2021-08-18,22125 Huesca,Zona Huesca,29.4,13.6,21.1,0.0,0.0,12.7
2021-08-19,22125 Huesca,Zona Huesca,27.8,14.6,21.4,0.1,0.0,12.3
2021-08-20,22125 Huesca,Zona Huesca,31.1,18.2,24.8,0.0,0.0,19.4
2021-08-21,22125 Huesca,Zona Huesca,33.8,20.2,26.9,0.0,0.0,17.3
2021-08-22,22125 Huesca,Zona Huesca,33.4,19.4,26.7,0.0,0.0,13.1
2021-08-23,22125 Huesca,Zona Huesca,31.2,19.1,24.8,0.0,0.0,17.5
2021-08-24,22125 Huesca,Zona Huesca,29.5,17.3,23.2,0.0,0.0,13.7
2021-08-25,22125 Huesca,Zona Huesca,28.0,19.2,21.9,5.0,0.0,24.4
2021-08-26,22125 Huesca,Zona Huesca,32.2,17.8,24.4,0.0,0.0,18.2
2021-08-27,22125 Huesca,Zona Huesca,33.5,16.8,25.4,0.0,0.0,24.2
2021-08-28,22125 Huesca,Zona Huesca,32.2,17.3,23.7,0.0,0.0,21.1
2021-08-29,22125 Huesca,Zona Huesca,27.4,18.1,22.5,0.3,0.0,29.2
2021-08-30,22125 Huesca,Zona Huesca,26.0,18.7,21.8,1.4,0.0,15.8
2021-08-31,22125 Huesca,Zona Huesca,28.3,17.5,22.3,0.2,0.0,13.4
2021-09-01,22125 Huesca,Zona Huesca,25.0,18.9,20.5,37.7,0.0,19.7
2021-09-02,22125 Huesca,Zona Huesca,24.5,15.9,20.3,1.4,0.0,18.1
2021-09-03,22125 Huesca,Zona Huesca,24.0,17.1,20.2,9.8,0.0,13.7
2021-09-04,22125 Huesca,Zona Huesca,27.1,16.8,21.8,0.1,0.0,10.6
2021-09-05,22125 Huesca,Zona Huesca,29.3,18.0,23.2,0.0,0.0,14.0
2021-09-06,22125 Huesca,Zona Huesca,31.8,19.6,24.8,0.0,0.0,12.6
2021-09-07,22125 Huesca,Zona Huesca,29.2,20.2,24.4,0.0,0.0,26.3
2021-09-08,22125 Huesca,Zona Huesca,28.3,20.4,23.9,0.1,0.0,20.8
2021-09-09,22125 Huesca,Zona Huesca,26.4,17.6,22.0,0.3,0.0,19.9
2021-09-10,22125 Huesca,Zona Huesca,26.7,16.7,21.6,0.2,0.0,19.9
2021-09-11,22125 Huesca,Zona Huesca,26.4,16.5,21.4,0.4,0.0,13.4
2021-09-12,22125 Huesca,Zona Huesca,27.8,18.1,22.8,0.0,0.0,13.6
2021-09-13,22125 Huesca,Zona Huesca,28.0,20.0,23.3,2.1,0.0,19.2
2021-09-14,22125 Huesca,Zona Huesca,25.1,18.5,21.3,9.6,0.0,19.8
2021-09-15,22125 Huesca,Zona Huesca,25.2,15.9,20.6,2.1,0.0,10.1
2021-09-16,22125 Huesca,Zona Huesca,24.4,16.4,19.8,0.0,0.0,9.7
2021-09-17,22125 Huesca,Zona Huesca,26.2,13.6,19.4,0.0,0.0,14.3
2021-09-18,22125 Huesca,Zona Huesca,21.4,15.2,17.7,26.6,0.0,17.4
2021-09-19,22125 Huesca,Zona Huesca,23.6,11.4,16.8,0.0,0.0,23.5
2021-09-20,22125 Huesca,Zona Huesca,20.4,13.1,16.3,0.0,0.0,25.1
2021-09-21,22125 Huesca,Zona Huesca,21.4,9.8,14.8,0.0,0.0,17.1
2021-09-22,22125 Huesca,Zona Huesca,20.6,10.7,15.2,0.8,0.0,9.8
2021-09-23,22125 Huesca,Zona Huesca,20.7,12.4,16.8,0.0,0.0,15.2
2021-09-24,22125 Huesca,Zona Huesca,24.1,13.6,18.8,0.0,0.0,16.8
2021-09-25,22125 Huesca,Zona Huesca,22.9,16.1,19.3,17.7,0.0,15.3
2021-09-26,22125 Huesca,Zona Huesca,23.5,13.5,18.4,0.1,0.0,20.3
2021-09-27,22125 Huesca,Zona Huesca,26.0,14.1,19.5,0.0,0.0,18.8
2021-09-28,22125 Huesca,Zona Huesca,23.2,14.0,18.7,0.0,0.0,15.9
2021-09-29,22125 Huesca,Zona Huesca,24.0,14.8,18.5,0.0,0.0,22.9
2021-09-30,22125 Huesca,Zona Huesca,22.4,12.2,16.3,0.0,0.0,10.9
2021-10-01,22125 Huesca,Zona Huesca,23.9,11.8,17.4,0.2,0.0,18.4
2021-10-02,22125 Huesca,Zona Huesca,24.5,13.6,18.7,0.0,0.0,23.2
2021-10-03,22125 Huesca,Zona Huesca,18.8,13.7,17.0,6.7,0.0,21.2
2021-10-04,22125 Huesca,Zona Huesca,21.1,9.4,14.8,0.0,0.0,24.8
2021-10-05,22125 Huesca,Zona Huesca,20.3,10.2,14.4,0.0,0.0,25.7
2021-10-06,22125 Huesca,Zona Huesca,21.4,10.4,15.3,0.0,0.0,19.4
2021-10-07,22125 Huesca,Zona Huesca,22.3,9.1,14.7,0.0,0.0,10.6
2021-10-08,22125 Huesca,Zona Huesca,21.3,10.4,15.6,0.0,0.0,12.8
2021-10-09,22125 Huesca,Zona Huesca,20.0,10.7,15.0,0.0,0.0,14.1
2021-10-10,22125 Huesca,Zona Huesca,20.0,10.5,14.2,0.0,0.0,10.5
2021-10-11,22125 Huesca,Zona Huesca,21.6,8.7,14.5,0.0,0.0,11.2
2021-10-12,22125 Huesca,Zona Huesca,22.0,6.9,14.0,0.0,0.0,9.4
2021-10-13,22125 Huesca,Zona Huesca,22.0,8.8,14.8,0.0,0.0,10.5
2021-10-14,22125 Huesca,Zona Huesca,20.5,7.7,13.8,0.0,0.0,11.6
2021-10-15,22125 Huesca,Zona Huesca,24.0,9.9,15.6,0.0,0.0,19.2
2021-10-16,22125 Huesca,Zona Huesca,20.5,9.9,14.8,0.0,0.0,10.4
2021-10-17,22125 Huesca,Zona Huesca,19.1,11.6,14.7,0.1,0.0,13.4
2021-10-18,22125 Huesca,Zona Huesca,21.9,10.5,16.0,0.0,0.0,8.9
2021-10-19,22125 Huesca,Zona Huesca,22.5,13.6,17.5,0.0,0.0,16.3
2021-10-20,22125 Huesca,Zona Huesca,22.0,13.8,17.4,0.0,0.0,18.5
2021-10-21,22125 Huesca,Zona Huesca,20.8,12.9,16.2,0.0,0.0,23.5
2021-10-22,22125 Huesca,Zona Huesca,20.3,10.0,14.6,0.0,0.0,17.9
2021-10-23,22125 Huesca,Zona Huesca,18.1,6.7,11.6,0.0,0.0,13.1
2021-10-24,22125 Huesca,Zona Huesca,17.9,7.3,12.2,0.0,0.0,8.7
2021-10-25,22125 Huesca,Zona Huesca,18.9,7.7,12.7,0.0,0.0,9.8
2021-10-26,22125 Huesca,Zona Huesca,18.9,8.8,12.7,0.0,0.0,9.8
2021-10-27,22125 Huesca,Zona Huesca,18.6,7.2,13.0,0.0,0.0,9.5
2021-10-28,22125 Huesca,Zona Huesca,18.2,10.0,13.3,0.0,0.0,17.5
2021-10-29,22125 Huesca,Zona Huesca,15.7,11.9,13.1,9.9,0.0,17.7
2021-10-30,22125 Huesca,Zona Huesca,17.0,12.4,14.1,10.1,0.0,21.0
2021-10-31,22125 Huesca,Zona Huesca,20.4,12.1,15.3,8.2,0.0,9.0
2021-11-01,22125 Huesca,Zona Huesca,16.6,10.6,14.1,3.8,0.0,27.0
2021-11-02,22125 Huesca,Zona Huesca,14.2,8.2,10.9,1.8,0.0,16.3
2021-11-03,22125 Huesca,Zona Huesca,12.4,6.3,9.0,1.4,0.0,30.7
2021-11-04,22125 Huesca,Zona Huesca,12.8,4.8,8.0,0.0,0.0,19.6
2021-11-05,22125 Huesca,Zona Huesca,13.5,3.9,7.6,0.0,0.0,16.2
2021-11-06,22125 Huesca,Zona Huesca,15.4,0.0,6.7,0.0,0.0,19.1
2021-11-07,22125 Huesca,Zona Huesca,17.4,1.3,8.4,0.0,0.0,21.9
2021-11-08,22125 Huesca,Zona Huesca,16.6,7.8,11.4,0.0,0.0,21.0
2021-11-09,22125 Huesca,Zona Huesca,14.4,4.6,9.1,0.0,0.0,9.2
2021-11-10,22125 Huesca,Zona Huesca,16.8,4.6,9.9,0.0,0.0,21.0
2021-11-11,22125 Huesca,Zona Huesca,15.1,6.1,9.8,0.1,0.0,12.7
2021-11-12,22125 Huesca,Zona Huesca,15.9,4.4,9.9,0.0,0.0,11.7
2021-11-13,22125 Huesca,Zona Huesca,15.6,5.2,10.7,0.0,0.0,10.5
2021-11-14,22125 Huesca,Zona Huesca,17.1,6.5,10.3,0.0,0.0,25.5
2021-11-15,22125 Huesca,Zona Huesca,14.9,4.8,9.2,0.0,0.0,18.8
2021-11-16,22125 Huesca,Zona Huesca,15.1,3.1,8.0,0.0,0.0,13.2
2021-11-17,22125 Huesca,Zona Huesca,13.9,2.7,6.8,0.0,0.0,14.3
2021-11-18,22125 Huesca,Zona Huesca,12.7,4.2,7.7,0.0,0.0,7.8
2021-11-19,22125 Huesca,Zona Huesca,13.9,3.3,7.4,0.0,0.0,10.2
2021-11-20,22125 Huesca,Zona Huesca,13.1,4.3,8.3,0.0,0.0,9.7
2021-11-21,22125 Huesca,Zona Huesca,16.6,6.4,10.3,0.0,0.0,19.7
2021-11-22,22125 Huesca,Zona Huesca,10.9,3.5,7.3,1.6,0.0,18.6
2021-11-23,22125 Huesca,Zona Huesca,9.6,4.6,8.1,41.9,0.14,33.9
2021-11-24,22125 Huesca,Zona Huesca,10.6,3.0,6.5,11.9,0.0,18.6
2021-11-25,22125 Huesca,Zona Huesca,9.8,3.5,5.7,14.2,0.0,16.9
2021-11-26,22125 Huesca,Zona Huesca,10.6,2.2,5.2,0.0,0.0,26.5
2021-11-27,22125 Huesca,Zona Huesca,7.9,2.3,5.2,0.4,0.0,31.3
2021-11-28,22125 Huesca,Zona Huesca,7.2,1.4,3.1,5.9,0.49,30.6
2021-11-29,22125 Huesca,Zona Huesca,10.0,2.5,6.0,2.8,0.07,34.5
2021-11-30,22125 Huesca,Zona Huesca,12.6,4.1,7.2,0.0,0.0,16.8
2021-12-01,22125 Huesca,Zona Huesca,10.8,2.6,5.6,1.6,0.0,19.7
2021-12-02,22125 Huesca,Zona Huesca,8.9,3.0,5.5,0.0,0.0,30.8
2021-12-03,22125 Huesca,Zona Huesca,11.4,3.7,7.6,0.0,0.0,32.0
2021-12-04,22125 Huesca,Zona Huesca,11.4,5.1,7.9,1.8,0.0,27.9
2021-12-05,22125 Huesca,Zona Huesca,5.8,3.5,4.6,2.1,0.0,29.9
2021-12-06,22125 Huesca,Zona Huesca,10.5,3.8,7.2,0.0,0.0,34.1
2021-12-07,22125 Huesca,Zona Huesca,10.7,3.5,8.0,3.3,0.0,27.4
2021-12-08,22125 Huesca,Zona Huesca,8.4,3.2,5.9,2.3,0.0,33.6
2021-12-09,22125 Huesca,Zona Huesca,6.9,2.5,4.4,14.5,0.0,24.5
2021-12-10,22125 Huesca,Zona Huesca,11.4,6.4,9.0,8.5,0.0,37.1
2021-12-11,22125 Huesca,Zona Huesca,12.1,6.7,9.2,0.5,0.0,30.6
2021-12-12,22125 Huesca,Zona Huesca,11.9,4.3,8.3,0.0,0.0,20.6
2021-12-13,22125 Huesca,Zona Huesca,10.3,4.1,7.3,0.0,0.0,8.2
2021-12-14,22125 Huesca,Zona Huesca,7.4,0.6,4.2,0.0,0.0,10.6
2021-12-15,22125 Huesca,Zona Huesca,7.4,1.0,3.7,0.0,0.0,7.7
2021-12-16,22125 Huesca,Zona Huesca,8.7,1.5,5.3,0.0,0.0,8.0
2021-12-17,22125 Huesca,Zona Huesca,6.6,-0.3,3.1,0.0,0.0,7.8
2021-12-18,22125 Huesca,Zona Huesca,7.1,-0.7,3.4,0.0,0.0,9.2
2021-12-19,22125 Huesca,Zona Huesca,6.2,0.2,3.0,0.0,0.0,5.6
2021-12-20,22125 Huesca,Zona Huesca,6.6,-1.5,1.4,0.0,0.0,10.3
2021-12-21,22125 Huesca,Zona Huesca,7.2,1.0,4.6,0.0,0.0,8.8
2021-12-22,22125 Huesca,Zona Huesca,7.2,2.2,4.7,0.0,0.0,10.6
2021-12-23,22125 Huesca,Zona Huesca,8.5,2.5,5.0,0.0,0.0,11.6
2021-12-24,22125 Huesca,Zona Huesca,11.0,3.5,6.7,9.0,0.0,9.2
2021-12-25,22125 Huesca,Zona Huesca,11.6,4.8,7.5,3.6,0.0,10.0
2021-12-26,22125 Huesca,Zona Huesca,11.7,4.3,7.3,1.3,0.0,10.4
2021-12-27,22125 Huesca,Zona Huesca,14.6,6.8,10.1,2.7,0.0,22.7
2021-12-28,22125 Huesca,Zona Huesca,16.0,8.4,11.1,0.0,0.0,22.6
2021-12-29,22125 Huesca,Zona Huesca,17.6,8.2,11.4,0.0,0.0,19.5
2021-12-30,22125 Huesca,Zona Huesca,14.6,6.7,10.4,0.0,0.0,7.0
2021-12-31,22125 Huesca,Zona Huesca,13.7,6.2,10.2,0.0,0.0,10.2
2022-01-01,22125 Huesca,Zona Huesca,13.9,5.7,10.6,0.0,0.0,7.8
2022-01-02,22125 Huesca,Zona Huesca,14.3,7.7,10.3,0.0,0.0,9.9
2022-01-03,22125 Huesca,Zona Huesca,12.8,4.8,8.3,0.0,0.0,6.2
2022-01-04,22125 Huesca,Zona Huesca,14.2,4.6,8.9,2.1,0.0,28.2
2022-01-05,22125 Huesca,Zona Huesca,8.6,1.0,5.8,1.7,0.0,29.3
2022-01-06,22125 Huesca,Zona Huesca,7.8,-4.1,0.5,0.0,0.0,14.8
2022-01-07,22125 Huesca,Zona Huesca,10.6,-3.0,3.4,0.0,0.0,26.9
2022-01-08,22125 Huesca,Zona Huesca,10.1,4.2,6.6,0.0,0.0,25.3
2022-01-09,22125 Huesca,Zona Huesca,9.1,5.8,7.6,7.3,0.0,27.1
2022-01-10,22125 Huesca,Zona Huesca,14.9,9.2,12.1,1.4,0.0,38.0
2022-01-11,22125 Huesca,Zona Huesca,15.1,3.0,9.5,0.0,0.0,18.4
2022-01-12,22125 Huesca,Zona Huesca,8.6,0.7,3.8,0.0,0.0,10.5
2022-01-13,22125 Huesca,Zona Huesca,9.1,0.1,3.9,0.0,0.0,11.1
2022-01-14,22125 Huesca,Zona Huesca,8.6,-0.3,4.0,0.0,0.0,7.4
2022-01-15,22125 Huesca,Zona Huesca,8.2,-3.0,1.4,0.0,0.0,14.6
2022-01-16,22125 Huesca,Zona Huesca,6.7,-3.7,1.1,0.0,0.0,8.7
2022-01-17,22125 Huesca,Zona Huesca,7.1,-2.8,1.4,0.0,0.0,10.7
2022-01-18,22125 Huesca,Zona Huesca,7.5,-1.9,2.6,0.0,0.0,10.7
2022-01-19,22125 Huesca,Zona Huesca,6.7,-2.0,2.1,0.0,0.0,9.6
2022-01-20,22125 Huesca,Zona Huesca,11.2,-2.3,2.5,0.0,0.0,12.3
2022-01-21,22125 Huesca,Zona Huesca,8.8,-1.5,2.0,0.0,0.0,14.0
2022-01-22,22125 Huesca,Zona Huesca,5.6,-3.2,0.0,0.0,0.0,8.4
2022-01-23,22125 Huesca,Zona Huesca,7.6,-2.5,1.7,0.0,0.0,11.1
2022-01-24,22125 Huesca,Zona Huesca,8.6,-1.0,2.6,0.0,0.0,12.0
2022-01-25,22125 Huesca,Zona Huesca,9.9,0.1,5.0,0.0,0.0,9.5
2022-01-26,22125 Huesca,Zona Huesca,11.9,1.0,5.2,0.0,0.0,10.2
2022-01-27,22125 Huesca,Zona Huesca,10.6,0.3,4.2,0.0,0.0,11.1
2022-01-28,22125 Huesca,Zona Huesca,10.5,-1.9,3.9,0.0,0.0,11.3
2022-01-29,22125 Huesca,Zona Huesca,11.6,-1.0,4.4,0.0,0.0,11.5
2022-01-30,22125 Huesca,Zona Huesca,11.1,0.2,5.2,0.0,0.0,10.3
2022-01-31,22125 Huesca,Zona Huesca,14.9,-1.0,6.0,0.0,0.0,33.0
2022-02-01,22125 Huesca,Zona Huesca,14.5,2.0,7.2,0.0,0.0,31.0
2022-02-02,22125 Huesca,Zona Huesca,17.5,1.5,7.9,0.0,0.0,22.1
2022-02-03,22125 Huesca,Zona Huesca,14.6,6.3,10.3,0.0,0.0,13.4
2022-02-04,22125 Huesca,Zona Huesca,15.7,2.5,9.4,0.0,0.0,25.6
2022-02-05,22125 Huesca,Zona Huesca,13.1,4.0,8.0,0.0,0.0,15.1
2022-02-06,22125 Huesca,Zona Huesca,11.6,-0.9,4.8,0.0,0.0,17.4
2022-02-07,22125 Huesca,Zona Huesca,15.0,1.5,7.5,0.0,0.0,25.0
2022-02-08,22125 Huesca,Zona Huesca,13.6,3.5,7.4,0.0,0.0,10.0
2022-02-09,22125 Huesca,Zona Huesca,13.4,4.2,7.8,0.0,0.0,10.9
2022-02-10,22125 Huesca,Zona Huesca,13.1,3.8,7.8,0.0,0.0,11.6
2022-02-11,22125 Huesca,Zona Huesca,14.4,3.0,8.0,0.0,0.0,9.5
2022-02-12,22125 Huesca,Zona Huesca,12.9,2.9,7.8,0.0,0.0,13.8
2022-02-13,22125 Huesca,Zona Huesca,12.2,7.2,9.4,0.8,0.0,18.6
2022-02-14,22125 Huesca,Zona Huesca,11.1,5.2,8.0,1.7,0.0,28.4
2022-02-15,22125 Huesca,Zona Huesca,12.4,4.2,7.7,0.0,0.0,28.3
2022-02-16,22125 Huesca,Zona Huesca,14.0,6.8,10.1,0.0,0.0,28.4
2022-02-17,22125 Huesca,Zona Huesca,19.5,8.4,13.3,0.0,0.0,24.1
2022-02-18,22125 Huesca,Zona Huesca,19.1,6.4,12.3,0.0,0.0,23.0
2022-02-19,22125 Huesca,Zona Huesca,10.9,3.4,8.0,0.9,0.0,19.9
2022-02-20,22125 Huesca,Zona Huesca,15.9,-0.9,6.4,0.0,0.0,20.2
2022-02-21,22125 Huesca,Zona Huesca,14.9,7.1,10.0,0.0,0.0,33.6
2022-02-22,22125 Huesca,Zona Huesca,19.6,4.1,10.7,0.0,0.0,21.2
2022-02-23,22125 Huesca,Zona Huesca,15.4,3.2,9.6,0.0,0.0,12.3
2022-02-24,22125 Huesca,Zona Huesca,17.4,4.8,10.6,0.0,0.0,17.6
2022-02-25,22125 Huesca,Zona Huesca,13.4,4.3,8.2,0.0,0.0,15.3
2022-02-26,22125 Huesca,Zona Huesca,13.1,1.9,7.8,0.0,0.0,18.4
2022-02-27,22125 Huesca,Zona Huesca,13.5,6.9,9.5,0.0,0.0,18.4
2022-02-28,22125 Huesca,Zona Huesca,15.0,4.7,9.3,0.0,0.0,12.6
2022-03-01,22125 Huesca,Zona Huesca,16.0,3.7,10.0,0.0,0.0,18.6
2022-03-02,22125 Huesca,Zona Huesca,14.4,7.2,9.5,7.6,0.0,22.2
2022-03-03,22125 Huesca,Zona Huesca,14.4,2.5,8.4,0.8,0.0,14.8
2022-03-04,22125 Huesca,Zona Huesca,15.4,6.4,9.9,0.0,0.0,26.0
2022-03-05,22125 Huesca,Zona Huesca,12.2,3.2,7.4,0.0,0.0,10.6
2022-03-06,22125 Huesca,Zona Huesca,11.9,3.0,7.6,0.2,0.0,12.5
2022-03-07,22125 Huesca,Zona Huesca,10.5,2.5,6.7,0.4,0.0,17.4
2022-03-08,22125 Huesca,Zona Huesca,10.1,4.1,7.2,5.1,0.0,18.4
2022-03-09,22125 Huesca,Zona Huesca,13.6,1.0,7.5,0.0,0.0,14.5
2022-03-10,22125 Huesca,Zona Huesca,14.1,6.8,9.6,1.2,0.0,21.1
2022-03-11,22125 Huesca,Zona Huesca,10.1,7.8,8.8,10.9,0.0,22.8
2022-03-12,22125 Huesca,Zona Huesca,14.4,7.1,9.7,9.3,0.0,16.6
2022-03-13,22125 Huesca,Zona Huesca,13.6,6.9,9.4,11.6,0.0,20.5
2022-03-14,22125 Huesca,Zona Huesca,10.6,7.2,9.2,8.8,0.0,32.0
2022-03-15,22125 Huesca,Zona Huesca,18.1,10.9,14.1,0.2,0.0,32.1
2022-03-16,22125 Huesca,Zona Huesca,15.8,6.4,11.2,0.0,0.0,12.5
2022-03-17,22125 Huesca,Zona Huesca,16.1,9.8,11.7,3.6,0.0,18.4
2022-03-18,22125 Huesca,Zona Huesca,14.2,6.6,10.3,0.6,0.0,11.2
2022-03-19,22125 Huesca,Zona Huesca,14.1,5.2,9.5,0.0,0.0,17.7
2022-03-20,22125 Huesca,Zona Huesca,14.4,7.2,10.5,1.9,0.0,21.6
2022-03-21,22125 Huesca,Zona Huesca,13.1,8.1,10.1,1.7,0.0,36.6
2022-03-22,22125 Huesca,Zona Huesca,11.7,6.4,8.6,0.1,0.0,30.3
2022-03-23,22125 Huesca,Zona Huesca,13.6,5.2,8.7,0.0,0.0,25.2
2022-03-24,22125 Huesca,Zona Huesca,13.2,3.8,8.6,0.0,0.0,18.7
2022-03-25,22125 Huesca,Zona Huesca,16.4,5.6,11.0,0.1,0.0,18.1
2022-03-26,22125 Huesca,Zona Huesca,13.9,5.4,9.3,0.7,0.0,16.3
2022-03-27,22125 Huesca,Zona Huesca,15.3,4.3,10.0,0.0,0.0,12.2
2022-03-28,22125 Huesca,Zona Huesca,16.8,5.8,11.6,0.0,0.0,24.2
2022-03-29,22125 Huesca,Zona Huesca,16.5,7.2,11.1,2.6,0.0,15.8
2022-03-30,22125 Huesca,Zona Huesca,17.0,6.0,11.1,2.2,0.0,18.0
2022-03-31,22125 Huesca,Zona Huesca,14.6,6.4,9.9,0.0,0.0,30.5
2022-04-01,22125 Huesca,Zona Huesca,8.4,1.8,5.1,0.0,0.0,33.4
2022-04-02,22125 Huesca,Zona Huesca,8.5,1.6,4.4,0.0,0.0,30.3
2022-04-03,22125 Huesca,Zona Huesca,10.9,-1.5,4.5,0.0,0.0,14.5
2022-04-04,22125 Huesca,Zona Huesca,11.7,-0.6,5.3,0.0,0.0,13.5
2022-04-05,22125 Huesca,Zona Huesca,14.9,0.9,7.4,0.0,0.0,14.1
2022-04-06,22125 Huesca,Zona Huesca,18.6,2.8,10.1,0.0,0.0,25.0
2022-04-07,22125 Huesca,Zona Huesca,20.4,6.0,13.5,0.0,0.0,24.8
2022-04-08,22125 Huesca,Zona Huesca,20.5,7.8,13.7,0.0,0.0,32.2
2022-04-09,22125 Huesca,Zona Huesca,17.0,8.6,12.6,0.0,0.0,26.6
2022-04-10,22125 Huesca,Zona Huesca,18.5,5.8,11.7,0.0,0.0,27.1
2022-04-11,22125 Huesca,Zona Huesca,20.3,10.1,14.8,0.0,0.0,36.6
2022-04-12,22125 Huesca,Zona Huesca,13.1,10.6,11.8,14.8,0.0,26.8
2022-04-13,22125 Huesca,Zona Huesca,15.9,9.1,11.8,6.3,0.0,10.8
2022-04-14,22125 Huesca,Zona Huesca,20.5,8.6,13.9,0.0,0.0,18.4
2022-04-15,22125 Huesca,Zona Huesca,23.7,8.9,17.0,0.0,0.0,16.3
2022-04-16,22125 Huesca,Zona Huesca,25.2,11.0,17.6,0.0,0.0,9.7
2022-04-17,22125 Huesca,Zona Huesca,25.0,8.9,16.8,0.0,0.0,13.3
2022-04-18,22125 Huesca,Zona Huesca,22.3,10.9,16.3,0.0,0.0,11.5
2022-04-19,22125 Huesca,Zona Huesca,16.2,8.8,11.8,22.6,0.0,15.7
2022-04-20,22125 Huesca,Zona Huesca,16.0,8.6,10.8,20.0,0.0,20.4
2022-04-21,22125 Huesca,Zona Huesca,18.6,7.4,12.2,0.2,0.0,21.2
2022-04-22,22125 Huesca,Zona Huesca,16.5,6.3,11.6,0.2,0.0,17.2
2022-04-23,22125 Huesca,Zona Huesca,11.9,7.6,9.5,29.3,0.0,20.2
2022-04-24,22125 Huesca,Zona Huesca,18.1,7.6,12.2,1.2,0.0,29.7
2022-04-25,22125 Huesca,Zona Huesca,19.6,5.9,12.8,0.0,0.0,9.2
2022-04-26,22125 Huesca,Zona Huesca,21.5,9.9,15.6,0.0,0.0,15.3
2022-04-27,22125 Huesca,Zona Huesca,18.6,11.4,14.6,2.0,0.0,17.7
2022-04-28,22125 Huesca,Zona Huesca,20.6,11.4,15.5,1.0,0.0,14.0
2022-04-29,22125 Huesca,Zona Huesca,22.3,10.4,16.0,0.0,0.0,12.8
2022-04-30,22125 Huesca,Zona Huesca,24.1,10.6,16.3,0.0,0.0,12.1
2022-05-01,22125 Huesca,Zona Huesca,23.1,11.4,16.9,0.0,0.0,17.6
2022-05-02,22125 Huesca,Zona Huesca,16.8,11.3,13.7,5.9,0.0,23.9
2022-05-03,22125 Huesca,Zona Huesca,17.9,10.1,13.8,5.3,0.0,8.8
2022-05-04,22125 Huesca,Zona Huesca,19.4,8.2,13.9,0.2,0.0,17.8
2022-05-05,22125 Huesca,Zona Huesca,22.5,7.2,14.7,0.0,0.0,16.3
2022-05-06,22125 Huesca,Zona Huesca,21.9,8.1,15.0,0.0,0.0,16.2
2022-05-07,22125 Huesca,Zona Huesca,23.5,8.6,16.3,0.0,0.0,18.0
2022-05-08,22125 Huesca,Zona Huesca,23.7,11.6,17.6,0.0,0.0,14.8
2022-05-09,22125 Huesca,Zona Huesca,24.5,12.1,18.8,0.0,0.0,22.9
2022-05-10,22125 Huesca,Zona Huesca,26.5,13.3,20.2,0.0,0.0,14.8
2022-05-11,22125 Huesca,Zona Huesca,28.4,15.9,21.8,0.0,0.0,20.7
2022-05-12,22125 Huesca,Zona Huesca,26.2,16.1,20.9,0.0,0.0,22.5
2022-05-13,22125 Huesca,Zona Huesca,28.2,13.9,21.2,0.0,0.0,15.2
2022-05-14,22125 Huesca,Zona Huesca,29.4,15.5,22.6,0.0,0.0,21.1
2022-05-15,22125 Huesca,Zona Huesca,28.8,15.5,22.5,0.3,0.0,23.7
2022-05-16,22125 Huesca,Zona Huesca,28.4,15.4,22.4,0.0,0.0,14.5
2022-05-17,22125 Huesca,Zona Huesca,30.5,17.0,24.1,0.0,0.0,18.5
2022-05-18,22125 Huesca,Zona Huesca,31.9,18.6,25.5,0.0,0.0,21.9
2022-05-19,22125 Huesca,Zona Huesca,31.6,20.3,25.5,0.0,0.0,29.6
2022-05-20,22125 Huesca,Zona Huesca,31.6,20.7,25.6,0.0,0.0,26.0
2022-05-21,22125 Huesca,Zona Huesca,33.7,19.3,26.7,0.0,0.0,20.6
2022-05-22,22125 Huesca,Zona Huesca,33.7,19.5,26.2,3.5,0.0,26.3
2022-05-23,22125 Huesca,Zona Huesca,27.4,17.4,22.2,0.0,0.0,26.3
2022-05-24,22125 Huesca,Zona Huesca,22.1,12.8,17.1,1.6,0.0,22.2
2022-05-25,22125 Huesca,Zona Huesca,23.5,11.1,17.1,0.2,0.0,18.0
2022-05-26,22125 Huesca,Zona Huesca,27.8,9.8,18.5,0.0,0.0,18.4
2022-05-27,22125 Huesca,Zona Huesca,30.0,12.8,21.2,0.0,0.0,19.0
2022-05-28,22125 Huesca,Zona Huesca,31.8,13.6,23.1,0.0,0.0,21.9
2022-05-29,22125 Huesca,Zona Huesca,30.6,14.3,22.9,0.0,0.0,23.3
2022-05-30,22125 Huesca,Zona Huesca,29.1,15.1,22.3,0.0,0.0,21.0
2022-05-31,22125 Huesca,Zona Huesca,29.4,15.9,23.2,0.1,0.0,17.8
2022-06-01,22125 Huesca,Zona Huesca,32.3,18.8,25.1,0.4,0.0,26.6
2022-06-02,22125 Huesca,Zona Huesca,31.5,18.6,25.4,0.3,0.0,21.5
2022-06-03,22125 Huesca,Zona Huesca,32.0,18.4,25.4,0.2,0.0,22.2
2022-06-04,22125 Huesca,Zona Huesca,29.9,18.4,23.6,7.9,0.0,19.6
2022-06-05,22125 Huesca,Zona Huesca,29.0,15.4,22.7,0.0,0.0,19.4
2022-06-06,22125 Huesca,Zona Huesca,30.7,18.5,24.3,0.0,0.0,21.2
2022-06-07,22125 Huesca,Zona Huesca,31.0,18.6,24.8,0.0,0.0,21.4
2022-06-08,22125 Huesca,Zona Huesca,29.5,19.1,23.3,0.0,0.0,31.4
2022-06-09,22125 Huesca,Zona Huesca,30.2,16.8,23.0,0.0,0.0,34.9
2022-06-10,22125 Huesca,Zona Huesca,33.8,16.8,25.5,0.0,0.0,10.8
2022-06-11,22125 Huesca,Zona Huesca,35.0,20.6,27.3,0.0,0.0,19.1
2022-06-12,22125 Huesca,Zona Huesca,35.1,21.9,28.4,0.2,0.0,17.5
2022-06-13,22125 Huesca,Zona Huesca,35.2,21.6,29.0,0.0,0.0,16.1
2022-06-14,22125 Huesca,Zona Huesca,36.0,21.4,29.4,0.0,0.0,24.0
2022-06-15,22125 Huesca,Zona Huesca,40.2,23.9,31.6,0.0,0.0,22.0
2022-06-16,22125 Huesca,Zona Huesca,39.0,22.1,31.4,0.0,0.0,15.5
2022-06-17,22125 Huesca,Zona Huesca,39.1,25.5,32.2,0.0,0.0,17.8
2022-06-18,22125 Huesca,Zona Huesca,38.6,25.8,32.0,0.0,0.0,30.4
2022-06-19,22125 Huesca,Zona Huesca,33.1,22.8,27.5,0.5,0.0,28.1
2022-06-20,22125 Huesca,Zona Huesca,31.9,21.2,26.1,0.0,0.0,30.1
2022-06-21,22125 Huesca,Zona Huesca,32.2,20.7,24.2,5.2,0.0,22.1
2022-06-22,22125 Huesca,Zona Huesca,28.4,18.2,23.1,3.0,0.0,24.5
2022-06-23,22125 Huesca,Zona Huesca,28.5,18.2,23.4,0.0,0.0,18.8
2022-06-24,22125 Huesca,Zona Huesca,26.4,16.1,21.6,0.0,0.0,18.4
2022-06-25,22125 Huesca,Zona Huesca,28.4,19.0,23.6,0.0,0.0,20.5
2022-06-26,22125 Huesca,Zona Huesca,28.0,17.1,22.9,0.2,0.0,17.7
2022-06-27,22125 Huesca,Zona Huesca,25.9,15.6,20.4,1.9,0.0,13.7
2022-06-28,22125 Huesca,Zona Huesca,28.8,13.0,20.5,0.0,0.0,18.0
2022-06-29,22125 Huesca,Zona Huesca,30.4,17.8,23.6,0.0,0.0,18.4
2022-06-30,22125 Huesca,Zona Huesca,27.0,16.6,21.2,0.0,0.0,22.3
2022-07-01,22125 Huesca,Zona Huesca,28.8,11.7,21.0,0.0,0.0,15.5
2022-07-02,22125 Huesca,Zona Huesca,32.2,18.5,25.4,0.0,0.0,17.6
2022-07-03,22125 Huesca,Zona Huesca,35.4,19.1,26.8,0.6,0.0,23.3
2022-07-04,22125 Huesca,Zona Huesca,33.4,19.2,26.2,0.0,0.0,14.8
2022-07-05,22125 Huesca,Zona Huesca,33.8,16.5,25.4,0.0,0.0,16.0
2022-07-06,22125 Huesca,Zona Huesca,28.0,18.8,23.0,21.0,0.0,17.4
2022-07-07,22125 Huesca,Zona Huesca,29.8,15.3,23.0,0.0,0.0,20.0
2022-07-08,22125 Huesca,Zona Huesca,31.4,14.9,22.8,0.0,0.0,15.0
2022-07-09,22125 Huesca,Zona Huesca,32.8,17.4,25.2,0.0,0.0,14.8
2022-07-10,22125 Huesca,Zona Huesca,33.9,19.1,27.1,0.0,0.0,20.6
2022-07-11,22125 Huesca,Zona Huesca,35.5,21.0,28.7,0.0,0.0,17.0
2022-07-12,22125 Huesca,Zona Huesca,36.7,21.2,29.3,0.0,0.0,16.7
2022-07-13,22125 Huesca,Zona Huesca,39.0,21.3,30.0,0.0,0.0,18.6
2022-07-14,22125 Huesca,Zona Huesca,38.5,21.4,29.4,0.0,0.0,20.7
2022-07-15,22125 Huesca,Zona Huesca,38.0,23.2,30.6,0.0,0.0,16.2
2022-07-16,22125 Huesca,Zona Huesca,39.5,23.8,32.1,0.0,0.0,23.8
2022-07-17,22125 Huesca,Zona Huesca,39.8,24.1,32.3,0.0,0.0,21.7
2022-07-18,22125 Huesca,Zona Huesca,38.2,24.2,31.0,0.0,0.0,22.9
2022-07-19,22125 Huesca,Zona Huesca,37.3,24.1,30.1,0.2,0.0,24.1
2022-07-20,22125 Huesca,Zona Huesca,34.7,21.4,28.2,0.0,0.0,19.8
2022-07-21,22125 Huesca,Zona Huesca,35.2,21.5,28.5,0.0,0.0,21.1
2022-07-22,22125 Huesca,Zona Huesca,36.3,22.9,29.9,0.0,0.0,18.1
2022-07-23,22125 Huesca,Zona Huesca,34.2,18.3,26.6,0.0,0.0,10.6
2022-07-24,22125 Huesca,Zona Huesca,38.1,21.9,29.8,0.0,0.0,16.2
2022-07-25,22125 Huesca,Zona Huesca,36.0,23.5,29.2,0.0,0.0,24.3
2022-07-26,22125 Huesca,Zona Huesca,32.6,18.2,25.2,0.0,0.0,24.0
2022-07-27,22125 Huesca,Zona Huesca,31.6,16.0,23.6,0.0,0.0,15.6
2022-07-28,22125 Huesca,Zona Huesca,31.8,19.7,25.6,3.5,0.0,18.0
2022-07-29,22125 Huesca,Zona Huesca,29.1,19.3,23.8,18.0,0.0,18.8
2022-07-30,22125 Huesca,Zona Huesca,29.3,18.9,23.9,0.0,0.0,10.0
2022-07-31,22125 Huesca,Zona Huesca,31.1,20.6,25.9,0.0,0.0,11.5
2022-08-01,22125 Huesca,Zona Huesca,32.7,22.0,26.8,0.0,0.0,13.7
2022-08-02,22125 Huesca,Zona Huesca,34.0,21.1,27.6,0.0,0.0,13.4
2022-08-03,22125 Huesca,Zona Huesca,35.8,22.8,28.9,0.0,0.0,17.1
2022-08-04,22125 Huesca,Zona Huesca,34.7,22.5,28.4,0.2,0.0,21.6
2022-08-05,22125 Huesca,Zona Huesca,33.6,21.5,27.7,0.0,0.0,18.1
2022-08-06,22125 Huesca,Zona Huesca,33.5,19.1,27.1,0.0,0.0,7.6
2022-08-07,22125 Huesca,Zona Huesca,34.7,22.4,27.9,1.1,0.0,12.9
2022-08-08,22125 Huesca,Zona Huesca,33.4,20.5,27.3,0.0,0.0,12.3
2022-08-09,22125 Huesca,Zona Huesca,33.8,20.8,26.5,13.2,0.0,22.7
2022-08-10,22125 Huesca,Zona Huesca,35.5,21.0,28.7,0.0,0.0,14.2
2022-08-11,22125 Huesca,Zona Huesca,35.7,22.8,29.4,0.0,0.0,17.8
2022-08-12,22125 Huesca,Zona Huesca,36.8,22.5,29.9,0.0,0.0,17.6
2022-08-13,22125 Huesca,Zona Huesca,35.9,24.6,30.2,0.0,0.0,29.9
2022-08-14,22125 Huesca,Zona Huesca,31.7,20.0,26.2,0.0,0.0,22.0
2022-08-15,22125 Huesca,Zona Huesca,30.8,19.2,24.9,0.0,0.0,18.8
2022-08-16,22125 Huesca,Zona Huesca,31.2,21.1,25.4,0.2,0.0,20.0
2022-08-17,22125 Huesca,Zona Huesca,28.8,17.1,22.6,0.0,0.0,28.0
2022-08-18,22125 Huesca,Zona Huesca,26.3,15.5,20.4,0.0,0.0,30.8
2022-08-19,22125 Huesca,Zona Huesca,29.7,15.4,22.0,0.0,0.0,15.5
2022-08-20,22125 Huesca,Zona Huesca,33.3,17.5,24.6,0.0,0.0,16.0
2022-08-21,22125 Huesca,Zona Huesca,33.0,20.7,26.3,0.0,0.0,26.9
2022-08-22,22125 Huesca,Zona Huesca,32.0,17.7,24.6,0.0,0.0,25.1
2022-08-23,22125 Huesca,Zona Huesca,32.8,19.4,25.3,0.0,0.0,8.4
2022-08-24,22125 Huesca,Zona Huesca,35.0,21.9,27.6,0.0,0.0,15.8
2022-08-25,22125 Huesca,Zona Huesca,32.8,20.0,25.5,0.7,0.0,23.2
2022-08-26,22125 Huesca,Zona Huesca,31.2,19.0,24.7,0.0,0.0,17.7
2022-08-27,22125 Huesca,Zona Huesca,31.4,15.6,23.2,0.0,0.0,12.3
2022-08-28,22125 Huesca,Zona Huesca,33.0,20.0,26.6,0.0,0.0,16.3
2022-08-29,22125 Huesca,Zona Huesca,31.0,21.0,25.6,1.1,0.0,20.5
2022-08-30,22125 Huesca,Zona Huesca,32.7,19.6,26.0,0.0,0.0,16.4
2022-08-31,22125 Huesca,Zona Huesca,29.7,21.5,25.5,2.1,0.0,15.0
2022-09-01,22125 Huesca,Zona Huesca,29.9,18.5,24.2,0.0,0.0,13.7
2022-09-02,22125 Huesca,Zona Huesca,30.6,18.2,24.3,1.8,0.0,16.6
2022-09-03,22125 Huesca,Zona Huesca,27.1,16.9,22.2,1.0,0.0,14.4
2022-09-04,22125 Huesca,Zona Huesca,30.0,18.9,24.1,0.1,0.0,17.6
2022-09-05,22125 Huesca,Zona Huesca,31.4,20.9,25.3,0.1,0.0,17.8
2022-09-06,22125 Huesca,Zona Huesca,30.0,19.8,24.6,0.6,0.0,13.4
2022-09-07,22125 Huesca,Zona Huesca,27.9,18.5,23.5,0.0,0.0,15.4
2022-09-08,22125 Huesca,Zona Huesca,28.5,16.4,22.4,0.0,0.0,21.0
2022-09-09,22125 Huesca,Zona Huesca,28.6,18.1,22.9,0.0,0.0,21.9
2022-09-10,22125 Huesca,Zona Huesca,30.6,16.1,23.3,0.0,0.0,15.3
2022-09-11,22125 Huesca,Zona Huesca,33.0,19.9,25.8,0.0,0.0,19.4
2022-09-12,22125 Huesca,Zona Huesca,34.0,21.0,27.0,0.0,0.0,25.4
2022-09-13,22125 Huesca,Zona Huesca,25.5,19.5,22.7,10.0,0.0,29.8
2022-09-14,22125 Huesca,Zona Huesca,26.4,16.6,21.3,3.2,0.0,21.7
2022-09-15,22125 Huesca,Zona Huesca,26.9,16.6,21.7,0.2,0.0,15.6
2022-09-16,22125 Huesca,Zona Huesca,27.2,15.6,20.6,0.0,0.0,23.4
2022-09-17,22125 Huesca,Zona Huesca,24.9,13.1,18.4,0.0,0.0,10.2
2022-09-18,22125 Huesca,Zona Huesca,25.9,16.7,20.5,0.0,0.0,17.4
2022-09-19,22125 Huesca,Zona Huesca,28.1,15.8,21.2,0.0,0.0,19.5
2022-09-20,22125 Huesca,Zona Huesca,26.5,14.2,19.7,0.0,0.0,15.9
2022-09-21,22125 Huesca,Zona Huesca,26.0,11.8,18.6,0.0,0.0,12.6
2022-09-22,22125 Huesca,Zona Huesca,24.8,14.7,19.1,0.5,0.0,15.8
2022-09-23,22125 Huesca,Zona Huesca,25.2,16.4,19.1,14.8,0.0,20.2
2022-09-24,22125 Huesca,Zona Huesca,22.0,12.6,16.5,0.1,0.0,18.8
2022-09-25,22125 Huesca,Zona Huesca,19.5,8.5,14.5,0.0,0.0,12.5
2022-09-26,22125 Huesca,Zona Huesca,21.2,8.6,14.6,0.0,0.0,27.4
2022-09-27,22125 Huesca,Zona Huesca,21.0,12.4,15.7,0.0,0.0,35.0
2022-09-28,22125 Huesca,Zona Huesca,21.8,12.9,16.6,0.0,0.0,32.0
2022-09-29,22125 Huesca,Zona Huesca,17.9,12.2,14.5,0.0,0.0,29.2
2022-09-30,22125 Huesca,Zona Huesca,20.0,9.6,14.0,0.0,0.0,25.9
2022-10-01,22125 Huesca,Zona Huesca,23.4,8.0,15.2,0.0,0.0,16.8
2022-10-02,22125 Huesca,Zona Huesca,26.3,13.4,19.2,0.0,0.0,10.6
2022-10-03,22125 Huesca,Zona Huesca,27.8,13.6,20.2,0.0,0.0,10.9
2022-10-04,22125 Huesca,Zona Huesca,25.5,12.6,18.9,0.0,0.0,11.2
2022-10-05,22125 Huesca,Zona Huesca,24.8,14.4,19.3,0.0,0.0,14.1
2022-10-06,22125 Huesca,Zona Huesca,23.5,14.4,18.5,0.3,0.0,13.8
2022-10-07,22125 Huesca,Zona Huesca,22.4,15.4,18.3,0.0,0.0,12.8
2022-10-08,22125 Huesca,Zona Huesca,22.4,12.4,17.1,0.3,0.0,13.7
2022-10-09,22125 Huesca,Zona Huesca,23.2,13.2,17.2,0.6,0.0,12.0
2022-10-10,22125 Huesca,Zona Huesca,22.3,14.0,17.7,1.2,0.0,13.2
2022-10-11,22125 Huesca,Zona Huesca,20.1,14.1,16.1,7.0,0.0,11.6
2022-10-12,22125 Huesca,Zona Huesca,23.0,11.7,16.4,0.3,0.0,11.5
2022-10-13,22125 Huesca,Zona Huesca,23.2,11.6,17.2,0.0,0.0,20.5
2022-10-14,22125 Huesca,Zona Huesca,26.0,15.6,19.8,0.0,0.0,22.0
2022-10-15,22125 Huesca,Zona Huesca,25.5,13.8,19.2,0.0,0.0,13.3
2022-10-16,22125 Huesca,Zona Huesca,25.6,15.4,20.1,0.0,0.0,20.7
2022-10-17,22125 Huesca,Zona Huesca,24.2,18.4,20.2,0.7,0.0,24.5
2022-10-18,22125 Huesca,Zona Huesca,26.0,16.6,20.6,0.0,0.0,21.2
2022-10-19,22125 Huesca,Zona Huesca,25.0,17.0,20.3,8.1,0.0,17.4
2022-10-20,22125 Huesca,Zona Huesca,21.0,15.9,17.5,13.0,0.0,25.6
2022-10-21,22125 Huesca,Zona Huesca,20.1,14.9,16.8,9.5,0.0,17.0
2022-10-22,22125 Huesca,Zona Huesca,20.7,14.2,16.9,2.1,0.0,21.2
2022-10-23,22125 Huesca,Zona Huesca,21.0,14.4,17.6,0.6,0.0,23.3
2022-10-24,22125 Huesca,Zona Huesca,20.5,13.4,16.7,4.7,0.0,10.7
2022-10-25,22125 Huesca,Zona Huesca,22.5,13.8,18.1,0.0,0.0,20.8
2022-10-26,22125 Huesca,Zona Huesca,23.0,15.4,18.0,0.6,0.0,13.8
2022-10-27,22125 Huesca,Zona Huesca,25.7,16.9,20.7,0.0,0.0,21.6
2022-10-28,22125 Huesca,Zona Huesca,24.3,17.1,20.2,0.0,0.0,20.5
2022-10-29,22125 Huesca,Zona Huesca,22.6,15.1,18.4,0.0,0.0,24.4
2022-10-30,22125 Huesca,Zona Huesca,20.1,13.0,16.2,10.6,0.0,16.4
2022-10-31,22125 Huesca,Zona Huesca,18.9,14.4,16.2,6.7,0.0,26.5
2022-11-01,22125 Huesca,Zona Huesca,19.4,10.7,14.7,0.0,0.0,8.7
2022-11-02,22125 Huesca,Zona Huesca,19.5,10.9,14.8,0.0,0.0,14.8
2022-11-03,22125 Huesca,Zona Huesca,15.9,11.6,14.6,4.2,0.0,22.7
2022-11-04,22125 Huesca,Zona Huesca,13.5,8.0,10.5,0.3,0.0,32.1
2022-11-05,22125 Huesca,Zona Huesca,17.9,6.8,11.2,0.0,0.0,24.0
2022-11-06,22125 Huesca,Zona Huesca,17.8,7.6,11.9,0.0,0.0,15.2
2022-11-07,22125 Huesca,Zona Huesca,18.0,7.1,12.0,0.0,0.0,14.2
2022-11-08,22125 Huesca,Zona Huesca,17.2,10.2,13.8,0.0,0.0,13.4
2022-11-09,22125 Huesca,Zona Huesca,16.9,10.7,13.2,3.1,0.0,18.1
2022-11-10,22125 Huesca,Zona Huesca,16.4,6.2,11.0,0.0,0.0,12.4
2022-11-11,22125 Huesca,Zona Huesca,20.0,8.8,13.6,0.1,0.0,24.8
2022-11-12,22125 Huesca,Zona Huesca,18.1,10.8,14.8,0.1,0.0,23.6
2022-11-13,22125 Huesca,Zona Huesca,17.9,8.5,12.3,0.0,0.0,10.4
2022-11-14,22125 Huesca,Zona Huesca,14.5,10.7,12.4,3.4,0.0,11.2
2022-11-15,22125 Huesca,Zona Huesca,16.7,11.1,13.2,4.7,0.0,10.2
2022-11-16,22125 Huesca,Zona Huesca,15.4,7.4,11.5,0.0,0.0,16.0
2022-11-17,22125 Huesca,Zona Huesca,17.2,10.6,13.2,2.9,0.0,24.0
2022-11-18,22125 Huesca,Zona Huesca,13.9,7.6,10.2,0.0,0.0,24.4
2022-11-19,22125 Huesca,Zona Huesca,11.4,6.0,8.0,0.0,0.0,29.0
2022-11-20,22125 Huesca,Zona Huesca,14.9,5.2,8.8,0.0,0.0,29.3
2022-11-21,22125 Huesca,Zona Huesca,9.9,6.2,8.4,16.1,0.0,30.5
2022-11-22,22125 Huesca,Zona Huesca,9.8,3.6,6.6,1.8,0.0,27.8
2022-11-23,22125 Huesca,Zona Huesca,14.8,5.9,10.4,6.1,0.0,23.8
2022-11-24,22125 Huesca,Zona Huesca,11.9,5.2,8.4,9.3,0.0,12.1
2022-11-25,22125 Huesca,Zona Huesca,12.6,6.2,9.0,0.1,0.0,28.0
2022-11-26,22125 Huesca,Zona Huesca,11.3,3.5,7.1,0.0,0.0,13.8
2022-11-27,22125 Huesca,Zona Huesca,12.7,2.4,6.9,0.0,0.0,12.1
2022-11-28,22125 Huesca,Zona Huesca,12.2,5.5,8.9,0.7,0.0,30.7
2022-11-29,22125 Huesca,Zona Huesca,13.4,6.4,8.9,0.0,0.0,24.8
2022-11-30,22125 Huesca,Zona Huesca,10.4,3.1,6.4,0.0,0.0,13.7
2022-12-01,22125 Huesca,Zona Huesca,8.9,1.5,4.8,0.0,0.0,7.1
2022-12-02,22125 Huesca,Zona Huesca,7.0,0.4,3.8,0.0,0.0,8.0
2022-12-03,22125 Huesca,Zona Huesca,4.6,0.2,2.7,2.0,0.0,7.0
2022-12-04,22125 Huesca,Zona Huesca,6.6,-1.5,1.9,0.0,0.0,8.0
2022-12-05,22125 Huesca,Zona Huesca,9.4,0.3,5.1,0.2,0.0,11.9
2022-12-06,22125 Huesca,Zona Huesca,13.3,5.6,8.7,0.1,0.0,10.5
2022-12-07,22125 Huesca,Zona Huesca,9.6,3.3,6.2,0.0,0.0,6.6
2022-12-08,22125 Huesca,Zona Huesca,9.2,6.1,7.7,10.6,0.0,18.7
2022-12-09,22125 Huesca,Zona Huesca,12.1,5.6,9.2,7.5,0.0,16.2
2022-12-10,22125 Huesca,Zona Huesca,9.1,0.6,5.9,0.7,0.0,28.5
2022-12-11,22125 Huesca,Zona Huesca,3.8,0.2,2.7,3.0,0.14,17.3
2022-12-12,22125 Huesca,Zona Huesca,7.6,2.3,4.7,16.8,0.0,19.4
2022-12-13,22125 Huesca,Zona Huesca,13.1,6.5,9.1,11.9,0.0,12.4
2022-12-14,22125 Huesca,Zona Huesca,14.1,8.6,10.7,9.0,0.0,16.1
2022-12-15,22125 Huesca,Zona Huesca,12.4,7.3,9.9,9.8,0.0,16.4
2022-12-16,22125 Huesca,Zona Huesca,11.7,4.0,7.6,0.1,0.0,19.9
2022-12-17,22125 Huesca,Zona Huesca,9.6,2.9,5.8,0.0,0.0,15.2
2022-12-18,22125 Huesca,Zona Huesca,11.7,2.5,6.6,0.0,0.0,13.1
2022-12-19,22125 Huesca,Zona Huesca,11.4,6.2,8.3,0.0,0.0,23.2
2022-12-20,22125 Huesca,Zona Huesca,12.1,7.3,9.3,4.4,0.0,19.3
2022-12-21,22125 Huesca,Zona Huesca,13.8,6.4,9.5,0.1,0.0,14.3
2022-12-22,22125 Huesca,Zona Huesca,15.1,7.1,10.8,0.0,0.0,15.8
2022-12-23,22125 Huesca,Zona Huesca,14.7,7.2,10.1,0.0,0.0,14.1
2022-12-24,22125 Huesca,Zona Huesca,14.3,4.8,9.1,0.0,0.0,8.0
2022-12-25,22125 Huesca,Zona Huesca,16.0,6.2,10.1,0.0,0.0,10.4
2022-12-26,22125 Huesca,Zona Huesca,15.4,6.4,10.0,0.0,0.0,11.4
2022-12-27,22125 Huesca,Zona Huesca,14.0,5.8,9.1,0.0,0.0,6.8
2022-12-28,22125 Huesca,Zona Huesca,11.8,4.9,7.7,0.0,0.0,9.9
2022-12-29,22125 Huesca,Zona Huesca,12.2,5.5,8.7,0.8,0.0,10.0
2022-12-30,22125 Huesca,Zona Huesca,14.6,9.1,10.8,2.0,0.0,10.1
2022-12-31,22125 Huesca,Zona Huesca,15.2,6.9,9.8,0.0,0.0,11.2
2023-01-01,22125 Huesca,Zona Huesca,15.9,6.4,10.8,0.0,0.0,19.5
2023-01-02,22125 Huesca,Zona Huesca,13.6,6.7,10.6,0.8,0.0,20.3
2023-01-03,22125 Huesca,Zona Huesca,13.1,3.7,8.5,0.0,0.0,14.5
2023-01-04,22125 Huesca,Zona Huesca,9.1,1.6,5.0,0.0,0.0,8.4
2023-01-05,22125 Huesca,Zona Huesca,8.4,1.3,5.0,0.0,0.0,7.2
2023-01-06,22125 Huesca,Zona Huesca,6.2,0.1,3.0,0.0,0.0,9.7
2023-01-07,22125 Huesca,Zona Huesca,6.5,1.3,3.2,0.2,0.0,8.3
2023-01-08,22125 Huesca,Zona Huesca,8.8,3.5,6.8,25.2,0.0,11.7
2023-01-09,22125 Huesca,Zona Huesca,10.9,6.6,8.2,1.0,0.0,34.6
2023-01-10,22125 Huesca,Zona Huesca,12.1,3.2,7.0,0.0,0.0,20.9
2023-01-11,22125 Huesca,Zona Huesca,13.2,3.7,7.9,0.0,0.0,23.3
2023-01-12,22125 Huesca,Zona Huesca,10.6,0.4,4.7,0.0,0.0,13.2
2023-01-13,22125 Huesca,Zona Huesca,14.6,3.2,8.1,0.0,0.0,25.0
2023-01-14,22125 Huesca,Zona Huesca,10.2,1.8,6.1,0.0,0.0,5.8
2023-01-15,22125 Huesca,Zona Huesca,10.2,2.5,6.7,0.0,0.0,28.0
2023-01-16,22125 Huesca,Zona Huesca,6.2,1.5,4.2,16.5,0.0,12.9
2023-01-17,22125 Huesca,Zona Huesca,7.6,1.5,5.5,8.3,0.0,28.3
2023-01-18,22125 Huesca,Zona Huesca,7.3,1.1,3.2,0.7,0.49,28.8
2023-01-19,22125 Huesca,Zona Huesca,7.2,0.9,3.5,3.5,0.35,29.2
2023-01-20,22125 Huesca,Zona Huesca,8.8,0.1,4.9,0.2,0.0,32.6
2023-01-21,22125 Huesca,Zona Huesca,7.1,-4.9,0.6,0.0,0.0,27.9
2023-01-22,22125 Huesca,Zona Huesca,7.6,-3.0,1.2,0.0,0.0,30.4
2023-01-23,22125 Huesca,Zona Huesca,7.8,-2.0,2.1,0.0,0.0,16.3
2023-01-24,22125 Huesca,Zona Huesca,5.6,-3.0,0.6,0.0,0.0,14.4
2023-01-25,22125 Huesca,Zona Huesca,7.6,-2.3,1.8,0.0,0.0,18.5
2023-01-26,22125 Huesca,Zona Huesca,9.6,-1.6,2.7,0.0,0.0,20.7
2023-01-27,22125 Huesca,Zona Huesca,9.4,-1.9,2.5,0.0,0.0,15.3
2023-01-28,22125 Huesca,Zona Huesca,9.9,0.4,3.5,0.0,0.0,20.3
2023-01-29,22125 Huesca,Zona Huesca,6.1,-3.8,0.4,0.0,0.0,9.2
2023-01-30,22125 Huesca,Zona Huesca,8.1,-2.9,1.1,0.0,0.0,17.7
2023-01-31,22125 Huesca,Zona Huesca,8.3,-2.3,1.7,0.0,0.0,9.2
2023-02-01,22125 Huesca,Zona Huesca,8.6,-1.2,3.9,0.0,0.0,6.9
2023-02-02,22125 Huesca,Zona Huesca,10.4,-1.4,3.6,0.0,0.0,12.0
2023-02-03,22125 Huesca,Zona Huesca,11.4,-0.6,4.6,0.0,0.0,12.1
2023-02-04,22125 Huesca,Zona Huesca,12.9,-0.2,5.3,0.0,0.0,12.8
2023-02-05,22125 Huesca,Zona Huesca,11.9,-0.6,4.6,0.0,0.0,12.0
2023-02-06,22125 Huesca,Zona Huesca,10.4,-0.9,5.0,0.0,0.0,9.2
2023-02-07,22125 Huesca,Zona Huesca,5.4,-0.3,2.6,4.8,0.56,13.0
2023-02-08,22125 Huesca,Zona Huesca,9.1,0.3,5.1,0.8,0.0,13.5
2023-02-09,22125 Huesca,Zona Huesca,7.3,1.5,3.9,3.3,0.0,13.3
2023-02-10,22125 Huesca,Zona Huesca,7.8,-2.6,2.2,0.0,0.0,8.5
2023-02-11,22125 Huesca,Zona Huesca,9.1,-1.1,2.5,0.0,0.0,11.0
2023-02-12,22125 Huesca,Zona Huesca,9.1,-1.0,2.9,0.0,0.0,12.6
2023-02-13,22125 Huesca,Zona Huesca,11.6,-0.3,4.8,0.0,0.0,13.2
2023-02-14,22125 Huesca,Zona Huesca,11.2,2.0,6.3,0.0,0.0,17.4
2023-02-15,22125 Huesca,Zona Huesca,12.3,2.5,7.2,0.0,0.0,13.0
2023-02-16,22125 Huesca,Zona Huesca,12.1,2.4,6.6,0.0,0.0,7.5
2023-02-17,22125 Huesca,Zona Huesca,13.6,3.0,7.4,0.0,0.0,8.7
2023-02-18,22125 Huesca,Zona Huesca,15.1,2.7,8.5,0.0,0.0,7.6
2023-02-19,22125 Huesca,Zona Huesca,16.2,4.4,9.8,0.0,0.0,7.5
2023-02-20,22125 Huesca,Zona Huesca,18.3,5.8,12.0,0.0,0.0,16.2
2023-02-21,22125 Huesca,Zona Huesca,15.9,6.3,11.2,0.1,0.0,15.4
2023-02-22,22125 Huesca,Zona Huesca,15.9,5.5,9.8,0.4,0.0,14.2
2023-02-23,22125 Huesca,Zona Huesca,9.9,3.5,7.1,26.4,3.78,21.5
2023-02-24,22125 Huesca,Zona Huesca,9.0,0.8,4.6,0.1,0.0,12.2
2023-02-25,22125 Huesca,Zona Huesca,9.0,-2.0,3.7,0.0,0.0,15.5
2023-02-26,22125 Huesca,Zona Huesca,10.7,0.8,4.7,0.1,0.0,28.8
2023-02-27,22125 Huesca,Zona Huesca,7.0,-2.8,1.5,0.1,0.07,19.8
2023-02-28,22125 Huesca,Zona Huesca,9.0,-2.8,2.1,0.0,0.0,24.0
2023-03-01,22125 Huesca,Zona Huesca,6.8,-4.0,0.7,0.0,0.0,9.0
2023-03-02,22125 Huesca,Zona Huesca,10.1,-2.8,2.9,0.0,0.0,24.8
2023-03-03,22125 Huesca,Zona Huesca,11.2,-0.6,4.9,0.0,0.0,19.9
2023-03-04,22125 Huesca,Zona Huesca,11.6,-2.0,4.0,0.0,0.0,12.5
2023-03-05,22125 Huesca,Zona Huesca,12.2,-1.5,5.2,0.0,0.0,12.3
2023-03-06,22125 Huesca,Zona Huesca,13.8,3.0,7.7,0.0,0.0,22.7
2023-03-07,22125 Huesca,Zona Huesca,14.0,3.7,8.4,0.3,0.0,26.9
2023-03-08,22125 Huesca,Zona Huesca,18.1,5.8,11.3,2.2,0.0,17.4
2023-03-09,22125 Huesca,Zona Huesca,19.1,8.1,11.8,5.5,0.0,28.8
2023-03-10,22125 Huesca,Zona Huesca,17.5,9.0,12.6,0.0,0.0,35.7
2023-03-11,22125 Huesca,Zona Huesca,20.5,11.9,15.5,0.0,0.0,33.1
2023-03-12,22125 Huesca,Zona Huesca,21.1,12.2,15.8,0.0,0.0,22.1
2023-03-13,22125 Huesca,Zona Huesca,23.2,11.8,16.3,0.0,0.0,36.6
2023-03-14,22125 Huesca,Zona Huesca,13.9,8.4,11.0,0.0,0.0,35.3
2023-03-15,22125 Huesca,Zona Huesca,18.5,5.8,11.5,0.0,0.0,19.0
2023-03-16,22125 Huesca,Zona Huesca,20.4,8.7,13.5,0.0,0.0,26.0
2023-03-17,22125 Huesca,Zona Huesca,17.0,9.6,12.7,0.4,0.0,26.2
2023-03-18,22125 Huesca,Zona Huesca,16.1,6.2,11.5,0.4,0.0,15.9
2023-03-19,22125 Huesca,Zona Huesca,17.5,7.4,12.0,0.1,0.0,19.5
2023-03-20,22125 Huesca,Zona Huesca,21.2,4.9,12.0,0.0,0.0,15.5
2023-03-21,22125 Huesca,Zona Huesca,20.1,5.9,12.6,0.0,0.0,16.5
2023-03-22,22125 Huesca,Zona Huesca,19.6,6.8,13.1,0.0,0.0,12.4
2023-03-23,22125 Huesca,Zona Huesca,22.5,9.0,16.0,0.0,0.0,17.1
2023-03-24,22125 Huesca,Zona Huesca,19.3,10.3,14.9,0.0,0.0,20.3
2023-03-25,22125 Huesca,Zona Huesca,16.4,7.4,12.5,0.0,0.0,13.4
2023-03-26,22125 Huesca,Zona Huesca,17.5,8.8,12.8,0.0,0.0,32.2
2023-03-27,22125 Huesca,Zona Huesca,17.5,7.4,11.8,0.0,0.0,28.2
2023-03-28,22125 Huesca,Zona Huesca,18.6,5.5,11.9,0.0,0.0,14.4
2023-03-29,22125 Huesca,Zona Huesca,23.4,7.2,15.3,0.0,0.0,17.0
2023-03-30,22125 Huesca,Zona Huesca,22.8,9.1,16.4,0.0,0.0,17.3
2023-03-31,22125 Huesca,Zona Huesca,20.4,12.2,16.6,0.0,0.0,31.8
2023-04-01,22125 Huesca,Zona Huesca,16.5,7.4,11.8,1.9,0.0,30.9
2023-04-02,22125 Huesca,Zona Huesca,16.2,5.9,10.3,0.1,0.0,34.4
2023-04-03,22125 Huesca,Zona Huesca,19.2,5.2,11.9,0.0,0.0,20.0
2023-04-04,22125 Huesca,Zona Huesca,21.5,5.2,12.1,0.0,0.0,20.4
2023-04-05,22125 Huesca,Zona Huesca,19.3,3.2,11.2,0.0,0.0,11.5
2023-04-06,22125 Huesca,Zona Huesca,20.5,7.0,13.1,0.0,0.0,17.1
2023-04-07,22125 Huesca,Zona Huesca,22.6,6.2,14.4,0.0,0.0,21.4
2023-04-08,22125 Huesca,Zona Huesca,25.8,8.7,15.7,0.0,0.0,22.8
2023-04-09,22125 Huesca,Zona Huesca,26.0,9.0,16.3,0.0,0.0,19.6
2023-04-10,22125 Huesca,Zona Huesca,26.4,10.6,18.1,0.0,0.0,22.7
2023-04-11,22125 Huesca,Zona Huesca,23.8,10.9,17.4,0.0,0.0,11.6
2023-04-12,22125 Huesca,Zona Huesca,20.0,9.4,14.5,0.0,0.0,33.1
2023-04-13,22125 Huesca,Zona Huesca,14.4,5.1,9.4,0.3,0.0,33.2
2023-04-14,22125 Huesca,Zona Huesca,18.0,7.4,11.5,0.2,0.0,31.7
2023-04-15,22125 Huesca,Zona Huesca,17.0,8.7,12.6,0.0,0.0,38.5
2023-04-16,22125 Huesca,Zona Huesca,22.0,5.2,12.8,0.0,0.0,18.9
2023-04-17,22125 Huesca,Zona Huesca,21.0,7.3,14.2,0.0,0.0,17.4
2023-04-18,22125 Huesca,Zona Huesca,19.2,8.5,13.6,0.0,0.0,21.8
2023-04-19,22125 Huesca,Zona Huesca,21.7,9.6,15.3,0.0,0.0,19.8
2023-04-20,22125 Huesca,Zona Huesca,26.3,10.0,17.4,0.0,0.0,22.0
2023-04-21,22125 Huesca,Zona Huesca,25.8,10.5,17.8,1.1,0.0,26.5
2023-04-22,22125 Huesca,Zona Huesca,18.3,11.6,14.7,7.9,0.0,26.5
2023-04-23,22125 Huesca,Zona Huesca,21.5,9.8,15.2,0.0,0.0,24.3
2023-04-24,22125 Huesca,Zona Huesca,21.9,9.6,16.3,0.0,0.0,24.2
2023-04-25,22125 Huesca,Zona Huesca,24.4,13.3,18.9,0.0,0.0,24.0
2023-04-26,22125 Huesca,Zona Huesca,25.7,12.6,19.7,0.0,0.0,15.5
2023-04-27,22125 Huesca,Zona Huesca,28.1,12.5,20.3,0.0,0.0,15.9
2023-04-28,22125 Huesca,Zona Huesca,28.0,16.9,22.2,0.3,0.0,20.9
2023-04-29,22125 Huesca,Zona Huesca,28.6,15.4,21.3,0.5,0.0,25.6
2023-04-30,22125 Huesca,Zona Huesca,24.8,13.6,18.7,0.0,0.0,31.6
2023-05-01,22125 Huesca,Zona Huesca,24.5,10.2,17.5,0.0,0.0,27.1
2023-05-02,22125 Huesca,Zona Huesca,26.9,8.9,17.9,0.0,0.0,12.9
2023-05-03,22125 Huesca,Zona Huesca,28.9,12.6,20.4,0.0,0.0,25.2
2023-05-04,22125 Huesca,Zona Huesca,26.4,14.4,20.4,0.0,0.0,23.9
2023-05-05,22125 Huesca,Zona Huesca,26.6,14.1,20.3,0.0,0.0,16.9
2023-05-06,22125 Huesca,Zona Huesca,29.4,16.5,21.1,0.6,0.0,23.8
2023-05-07,22125 Huesca,Zona Huesca,25.5,12.1,19.0,0.1,0.0,27.1
2023-05-08,22125 Huesca,Zona Huesca,28.5,10.4,19.6,0.0,0.0,23.8
2023-05-09,22125 Huesca,Zona Huesca,24.6,14.4,18.9,0.0,0.0,29.4
2023-05-10,22125 Huesca,Zona Huesca,20.5,10.4,15.1,0.0,0.0,33.5
2023-05-11,22125 Huesca,Zona Huesca,20.5,8.2,14.1,0.0,0.0,30.8
2023-05-12,22125 Huesca,Zona Huesca,20.2,7.3,13.6,0.0,0.0,25.4
2023-05-13,22125 Huesca,Zona Huesca,21.2,8.6,14.5,0.0,0.0,26.6
2023-05-14,22125 Huesca,Zona Huesca,22.5,8.3,15.3,0.5,0.0,29.6
2023-05-15,22125 Huesca,Zona Huesca,22.8,9.9,15.9,0.0,0.0,32.5
2023-05-16,22125 Huesca,Zona Huesca,22.0,10.8,15.7,0.0,0.0,29.9
2023-05-17,22125 Huesca,Zona Huesca,25.0,6.9,15.4,0.2,0.0,20.9
2023-05-18,22125 Huesca,Zona Huesca,22.2,8.7,15.6,0.0,0.0,19.6
2023-05-19,22125 Huesca,Zona Huesca,22.1,9.6,16.1,0.4,0.0,19.6
2023-05-20,22125 Huesca,Zona Huesca,23.7,8.6,15.7,0.5,0.0,16.3
2023-05-21,22125 Huesca,Zona Huesca,24.9,9.6,17.6,0.0,0.0,29.0
2023-05-22,22125 Huesca,Zona Huesca,22.4,13.0,16.7,1.9,0.0,15.9
2023-05-23,22125 Huesca,Zona Huesca,24.2,12.7,18.2,0.1,0.0,18.7
2023-05-24,22125 Huesca,Zona Huesca,26.2,12.4,17.9,0.3,0.0,22.3
2023-05-25,22125 Huesca,Zona Huesca,23.0,11.1,15.9,9.6,0.0,24.9
2023-05-26,22125 Huesca,Zona Huesca,22.8,12.2,17.4,0.9,0.0,20.9
2023-05-27,22125 Huesca,Zona Huesca,26.0,13.7,19.8,0.0,0.0,14.3
2023-05-28,22125 Huesca,Zona Huesca,26.6,15.2,20.5,0.0,0.0,19.1
2023-05-29,22125 Huesca,Zona Huesca,26.4,15.2,20.5,0.0,0.0,17.7
2023-05-30,22125 Huesca,Zona Huesca,25.6,14.4,20.0,0.6,0.0,18.2
2023-05-31,22125 Huesca,Zona Huesca,25.4,15.1,19.9,0.5,0.0,16.3
2023-06-01,22125 Huesca,Zona Huesca,19.9,14.4,16.3,11.9,0.0,19.6
2023-06-02,22125 Huesca,Zona Huesca,25.0,12.9,19.1,0.2,0.0,14.6
2023-06-03,22125 Huesca,Zona Huesca,25.3,14.9,19.2,0.2,0.0,18.4
2023-06-04,22125 Huesca,Zona Huesca,25.0,13.0,19.2,0.2,0.0,14.8
2023-06-05,22125 Huesca,Zona Huesca,25.5,15.4,20.1,1.2,0.0,13.2
2023-06-06,22125 Huesca,Zona Huesca,26.9,16.1,21.1,0.1,0.0,16.6
2023-06-07,22125 Huesca,Zona Huesca,23.7,16.9,20.3,0.0,0.0,18.9
2023-06-08,22125 Huesca,Zona Huesca,25.1,16.0,20.0,0.0,0.0,18.9
2023-06-09,22125 Huesca,Zona Huesca,25.8,16.5,20.0,11.3,0.0,17.9
2023-06-10,22125 Huesca,Zona Huesca,28.4,15.7,22.3,0.0,0.0,14.7
2023-06-11,22125 Huesca,Zona Huesca,27.0,17.1,20.6,2.2,0.0,17.3
2023-06-12,22125 Huesca,Zona Huesca,26.5,14.9,20.5,0.5,0.0,15.9
2023-06-13,22125 Huesca,Zona Huesca,25.0,15.0,19.8,3.1,0.0,19.6
2023-06-14,22125 Huesca,Zona Huesca,27.9,15.1,21.4,0.0,0.0,22.2
2023-06-15,22125 Huesca,Zona Huesca,30.0,15.6,22.0,0.0,0.0,20.6
2023-06-16,22125 Huesca,Zona Huesca,30.8,16.6,23.7,0.0,0.0,14.8
2023-06-17,22125 Huesca,Zona Huesca,33.1,20.0,25.0,6.0,0.0,13.0
2023-06-18,22125 Huesca,Zona Huesca,26.0,17.5,22.0,3.7,0.0,22.5
2023-06-19,22125 Huesca,Zona Huesca,26.0,16.8,21.5,8.1,0.0,19.8
2023-06-20,22125 Huesca,Zona Huesca,27.9,18.1,22.9,1.4,0.0,16.7
2023-06-21,22125 Huesca,Zona Huesca,25.3,18.5,21.2,20.4,0.0,22.2
2023-06-22,22125 Huesca,Zona Huesca,27.0,15.9,21.4,4.5,0.0,24.5
2023-06-23,22125 Huesca,Zona Huesca,29.4,15.8,22.1,0.0,0.0,18.3
2023-06-24,22125 Huesca,Zona Huesca,29.6,16.1,23.1,0.0,0.0,8.3
2023-06-25,22125 Huesca,Zona Huesca,35.1,18.8,26.2,0.0,0.0,18.8
2023-06-26,22125 Huesca,Zona Huesca,31.2,18.8,24.6,0.0,0.0,13.0
2023-06-27,22125 Huesca,Zona Huesca,29.4,17.0,23.5,0.0,0.0,13.5
2023-06-28,22125 Huesca,Zona Huesca,30.1,17.4,23.6,0.0,0.0,13.8
2023-06-29,22125 Huesca,Zona Huesca,30.2,17.8,22.7,3.1,0.0,13.1
2023-06-30,22125 Huesca,Zona Huesca,24.1,15.2,19.5,0.0,0.0,26.0
2023-07-01,22125 Huesca,Zona Huesca,27.7,13.2,20.6,0.0,0.0,27.7
2023-07-02,22125 Huesca,Zona Huesca,29.8,15.0,22.4,0.0,0.0,20.8
2023-07-03,22125 Huesca,Zona Huesca,28.0,15.4,21.8,0.0,0.0,15.7
2023-07-04,22125 Huesca,Zona Huesca,28.5,18.6,23.0,0.9,0.0,12.5
2023-07-05,22125 Huesca,Zona Huesca,28.2,17.1,22.5,0.0,0.0,17.7
2023-07-06,22125 Huesca,Zona Huesca,26.2,17.0,21.5,15.1,0.0,22.6
2023-07-07,22125 Huesca,Zona Huesca,28.0,18.9,22.7,3.4,0.0,24.7
2023-07-08,22125 Huesca,Zona Huesca,30.5,18.7,25.0,0.0,0.0,15.3
2023-07-09,22125 Huesca,Zona Huesca,31.8,20.9,26.4,0.0,0.0,15.9
2023-07-10,22125 Huesca,Zona Huesca,31.9,21.5,26.7,0.0,0.0,15.6
2023-07-11,22125 Huesca,Zona Huesca,35.2,24.3,29.3,0.4,0.0,22.0
2023-07-12,22125 Huesca,Zona Huesca,31.4,18.5,24.5,0.0,0.0,18.1
2023-07-13,22125 Huesca,Zona Huesca,30.5,17.4,24.4,0.0,0.0,18.1
2023-07-14,22125 Huesca,Zona Huesca,33.2,20.8,26.2,0.0,0.0,22.7
2023-07-15,22125 Huesca,Zona Huesca,32.4,21.6,26.4,0.0,0.0,21.7
2023-07-16,22125 Huesca,Zona Huesca,30.4,17.3,23.7,0.0,0.0,16.2
2023-07-17,22125 Huesca,Zona Huesca,32.7,20.3,26.5,0.0,0.0,15.6
2023-07-18,22125 Huesca,Zona Huesca,37.2,23.4,30.2,0.0,0.0,21.0
2023-07-19,22125 Huesca,Zona Huesca,34.8,21.6,28.0,0.0,0.0,15.3
2023-07-20,22125 Huesca,Zona Huesca,32.0,17.0,25.0,0.0,0.0,14.7
2023-07-21,22125 Huesca,Zona Huesca,29.8,16.7,23.8,0.0,0.0,19.3
2023-07-22,22125 Huesca,Zona Huesca,29.8,16.1,23.3,0.0,0.0,13.7
2023-07-23,22125 Huesca,Zona Huesca,33.3,21.5,26.4,0.3,0.0,23.3
2023-07-24,22125 Huesca,Zona Huesca,31.5,19.8,25.4,0.0,0.0,24.0
2023-07-25,22125 Huesca,Zona Huesca,25.0,15.5,20.5,0.0,0.0,34.9
2023-07-26,22125 Huesca,Zona Huesca,30.2,13.6,21.5,0.0,0.0,19.8
2023-07-27,22125 Huesca,Zona Huesca,31.7,17.3,23.1,4.3,0.0,26.1
2023-07-28,22125 Huesca,Zona Huesca,30.5,16.6,23.4,0.0,0.0,11.0
2023-07-29,22125 Huesca,Zona Huesca,32.5,19.2,25.8,0.0,0.0,18.4
2023-07-30,22125 Huesca,Zona Huesca,32.0,19.1,25.1,0.0,0.0,14.5
2023-07-31,22125 Huesca,Zona Huesca,33.2,16.5,24.5,0.0,0.0,18.4
2023-08-01,22125 Huesca,Zona Huesca,29.6,18.0,24.4,0.0,0.0,29.9
2023-08-02,22125 Huesca,Zona Huesca,33.4,18.1,25.9,0.0,0.0,22.4
2023-08-03,22125 Huesca,Zona Huesca,25.8,16.8,21.7,0.0,0.0,35.4
2023-08-04,22125 Huesca,Zona Huesca,24.8,14.9,19.1,0.0,0.0,31.7
2023-08-05,22125 Huesca,Zona Huesca,29.5,11.3,20.5,0.0,0.0,32.4
2023-08-06,22125 Huesca,Zona Huesca,28.2,14.6,21.6,0.0,0.0,27.3
2023-08-07,22125 Huesca,Zona Huesca,27.9,13.4,20.4,0.0,0.0,13.4
2023-08-08,22125 Huesca,Zona Huesca,32.5,16.4,24.4,0.0,0.0,16.4
2023-08-09,22125 Huesca,Zona Huesca,36.0,18.5,27.1,0.0,0.0,14.8
2023-08-10,22125 Huesca,Zona Huesca,36.0,23.3,29.5,0.0,0.0,25.8
2023-08-11,22125 Huesca,Zona Huesca,35.4,20.7,27.5,0.0,0.0,16.1
2023-08-12,22125 Huesca,Zona Huesca,35.1,21.4,28.5,0.0,0.0,18.9
2023-08-13,22125 Huesca,Zona Huesca,34.3,22.1,27.6,0.0,0.0,24.3
2023-08-14,22125 Huesca,Zona Huesca,33.2,22.4,27.0,0.0,0.0,24.8
2023-08-15,22125 Huesca,Zona Huesca,32.9,22.0,27.2,0.0,0.0,22.4
2023-08-16,22125 Huesca,Zona Huesca,32.2,22.9,27.0,1.4,0.0,19.3
2023-08-17,22125 Huesca,Zona Huesca,34.0,20.1,27.5,0.0,0.0,13.8
2023-08-18,22125 Huesca,Zona Huesca,36.0,21.9,28.8,0.0,0.0,15.3
2023-08-19,22125 Huesca,Zona Huesca,36.8,21.6,29.5,0.0,0.0,11.1
2023-08-20,22125 Huesca,Zona Huesca,37.8,23.5,30.5,0.0,0.0,15.7
2023-08-21,22125 Huesca,Zona Huesca,38.2,26.0,32.1,0.0,0.0,14.8
2023-08-22,22125 Huesca,Zona Huesca,38.7,26.5,31.9,0.0,0.0,30.0
2023-08-23,22125 Huesca,Zona Huesca,38.9,26.0,32.6,0.0,0.0,12.8
2023-08-24,22125 Huesca,Zona Huesca,38.3,26.0,32.6,0.0,0.0,17.1
2023-08-25,22125 Huesca,Zona Huesca,35.4,24.1,29.7,0.0,0.0,21.6
2023-08-26,22125 Huesca,Zona Huesca,28.8,19.6,23.4,4.9,0.0,18.8
2023-08-27,22125 Huesca,Zona Huesca,23.9,15.4,18.9,0.1,0.0,35.1
2023-08-28,22125 Huesca,Zona Huesca,24.5,15.3,19.1,0.0,0.0,34.4
2023-08-29,22125 Huesca,Zona Huesca,24.9,13.9,19.4,0.0,0.0,30.6
2023-08-30,22125 Huesca,Zona Huesca,26.4,13.9,19.3,0.0,0.0,28.1
2023-08-31,22125 Huesca,Zona Huesca,27.0,11.2,19.2,0.0,0.0,14.2
2023-09-01,22125 Huesca,Zona Huesca,30.3,18.4,23.5,0.1,0.0,22.3
2023-09-02,22125 Huesca,Zona Huesca,21.2,17.7,19.1,30.0,0.0,24.1
2023-09-03,22125 Huesca,Zona Huesca,28.5,17.4,22.5,4.2,0.0,31.0
2023-09-04,22125 Huesca,Zona Huesca,32.4,21.8,26.3,0.0,0.0,38.0
2023-09-05,22125 Huesca,Zona Huesca,30.4,20.0,24.5,0.0,0.0,20.6
2023-09-06,22125 Huesca,Zona Huesca,29.4,19.4,24.0,0.0,0.0,15.3
2023-09-07,22125 Huesca,Zona Huesca,29.0,18.6,23.5,0.0,0.0,14.6
2023-09-08,22125 Huesca,Zona Huesca,29.6,18.8,23.7,0.0,0.0,14.8
2023-09-09,22125 Huesca,Zona Huesca,30.8,18.6,24.0,0.0,0.0,17.2
2023-09-10,22125 Huesca,Zona Huesca,30.0,18.0,24.0,0.0,0.0,15.9
2023-09-11,22125 Huesca,Zona Huesca,28.2,17.5,23.2,1.2,0.0,16.0
2023-09-12,22125 Huesca,Zona Huesca,24.4,16.3,20.2,1.1,0.0,16.1
2023-09-13,22125 Huesca,Zona Huesca,25.6,12.9,19.2,0.6,0.0,8.9
2023-09-14,22125 Huesca,Zona Huesca,26.0,17.4,21.3,0.1,0.0,14.3
2023-09-15,22125 Huesca,Zona Huesca,24.5,17.2,19.8,8.0,0.0,20.5
2023-09-16,22125 Huesca,Zona Huesca,25.0,15.8,20.1,0.1,0.0,17.7
2023-09-17,22125 Huesca,Zona Huesca,26.0,18.0,21.2,14.4,0.0,22.2
2023-09-18,22125 Huesca,Zona Huesca,23.1,14.4,18.6,0.2,0.0,20.2
2023-09-19,22125 Huesca,Zona Huesca,24.4,11.6,18.0,0.2,0.0,14.3
2023-09-20,22125 Huesca,Zona Huesca,23.7,15.4,19.5,0.9,0.0,11.9
2023-09-21,22125 Huesca,Zona Huesca,20.5,14.8,17.3,5.0,0.0,9.5
2023-09-22,22125 Huesca,Zona Huesca,19.9,10.9,15.1,0.0,0.0,25.0
2023-09-23,22125 Huesca,Zona Huesca,22.0,10.1,15.7,0.0,0.0,20.3
2023-09-24,22125 Huesca,Zona Huesca,24.1,10.1,16.9,0.0,0.0,9.2
2023-09-25,22125 Huesca,Zona Huesca,25.1,14.6,19.7,0.0,0.0,10.5
2023-09-26,22125 Huesca,Zona Huesca,26.1,13.9,20.0,0.0,0.0,13.1
2023-09-27,22125 Huesca,Zona Huesca,26.7,15.4,20.9,0.0,0.0,13.7
2023-09-28,22125 Huesca,Zona Huesca,27.0,16.8,21.2,0.0,0.0,9.6
2023-09-29,22125 Huesca,Zona Huesca,28.1,17.4,22.5,0.0,0.0,7.4
2023-09-30,22125 Huesca,Zona Huesca,29.7,17.2,23.0,0.0,0.0,13.2
2023-10-01,22125 Huesca,Zona Huesca,30.0,17.9,23.7,0.0,0.0,7.9
2023-10-02,22125 Huesca,Zona Huesca,27.5,17.7,22.3,0.0,0.0,13.7
2023-10-03,22125 Huesca,Zona Huesca,28.8,15.6,21.5,0.0,0.0,15.9
2023-10-04,22125 Huesca,Zona Huesca,25.6,17.5,20.7,0.2,0.0,14.2
2023-10-05,22125 Huesca,Zona Huesca,27.7,17.2,21.4,0.0,0.0,12.0
2023-10-06,22125 Huesca,Zona Huesca,29.0,16.5,22.1,0.0,0.0,18.3
2023-10-07,22125 Huesca,Zona Huesca,27.7,16.3,21.4,0.0,0.0,13.2
2023-10-08,22125 Huesca,Zona Huesca,27.5,16.5,21.5,0.0,0.0,9.2
2023-10-09,22125 Huesca,Zona Huesca,27.2,16.9,21.4,0.0,0.0,10.0
2023-10-10,22125 Huesca,Zona Huesca,26.6,16.0,21.0,0.0,0.0,11.8
2023-10-11,22125 Huesca,Zona Huesca,25.8,15.8,20.1,0.0,0.0,11.6
2023-10-12,22125 Huesca,Zona Huesca,25.8,14.4,19.6,0.0,0.0,10.6
2023-10-13,22125 Huesca,Zona Huesca,25.9,14.5,20.2,0.0,0.0,13.3
2023-10-14,22125 Huesca,Zona Huesca,23.2,15.6,19.6,0.0,0.0,15.6
2023-10-15,22125 Huesca,Zona Huesca,22.6,11.9,16.7,0.0,0.0,15.9
2023-10-16,22125 Huesca,Zona Huesca,19.2,15.4,16.9,4.5,0.0,9.6
2023-10-17,22125 Huesca,Zona Huesca,21.9,15.0,18.4,0.1,0.0,23.4
2023-10-18,22125 Huesca,Zona Huesca,23.4,16.6,19.1,4.5,0.0,22.1
2023-10-19,22125 Huesca,Zona Huesca,19.0,13.8,15.8,39.7,0.0,29.1
2023-10-20,22125 Huesca,Zona Huesca,17.5,8.7,13.2,0.7,0.0,31.7
2023-10-21,22125 Huesca,Zona Huesca,15.8,8.2,11.7,0.0,0.0,22.3
2023-10-22,22125 Huesca,Zona Huesca,17.1,6.8,12.1,0.4,0.0,22.1
2023-10-23,22125 Huesca,Zona Huesca,17.5,11.4,14.1,22.0,0.0,29.3
2023-10-24,22125 Huesca,Zona Huesca,15.9,9.9,12.8,6.8,0.0,18.0
2023-10-25,22125 Huesca,Zona Huesca,18.2,9.4,13.7,0.5,0.0,21.3
2023-10-26,22125 Huesca,Zona Huesca,20.5,13.5,15.4,6.0,0.0,24.4
2023-10-27,22125 Huesca,Zona Huesca,16.9,7.9,12.2,1.2,0.0,20.9
2023-10-28,22125 Huesca,Zona Huesca,18.1,8.3,12.7,0.2,0.0,10.4
2023-10-29,22125 Huesca,Zona Huesca,18.5,12.6,15.0,0.4,0.0,15.1
2023-10-30,22125 Huesca,Zona Huesca,15.5,9.1,12.4,19.9,0.0,18.2
2023-10-31,22125 Huesca,Zona Huesca,14.9,6.4,10.6,0.0,0.0,15.1
2023-11-01,22125 Huesca,Zona Huesca,15.4,6.8,11.1,0.9,0.0,12.5
2023-11-02,22125 Huesca,Zona Huesca,15.6,6.8,11.7,18.6,0.0,36.1
2023-11-03,22125 Huesca,Zona Huesca,11.8,4.9,8.4,0.7,0.0,28.9
2023-11-04,22125 Huesca,Zona Huesca,12.1,5.8,9.4,7.9,0.0,22.7
2023-11-05,22125 Huesca,Zona Huesca,14.9,6.2,10.4,0.0,0.0,24.9
2023-11-06,22125 Huesca,Zona Huesca,13.4,4.6,8.7,0.0,0.0,20.0
2023-11-07,22125 Huesca,Zona Huesca,11.5,3.2,6.6,0.0,0.0,14.8
2023-11-08,22125 Huesca,Zona Huesca,12.2,3.3,7.2,0.0,0.0,7.8
2023-11-09,22125 Huesca,Zona Huesca,14.6,7.6,10.4,5.9,0.0,26.0
2023-11-10,22125 Huesca,Zona Huesca,14.5,7.8,10.6,0.1,0.0,27.7
2023-11-11,22125 Huesca,Zona Huesca,17.6,10.1,12.4,2.2,0.0,17.6
2023-11-12,22125 Huesca,Zona Huesca,19.0,11.1,15.1,0.0,0.0,23.9
2023-11-13,22125 Huesca,Zona Huesca,19.2,10.7,14.0,0.0,0.0,12.4
2023-11-14,22125 Huesca,Zona Huesca,19.5,10.4,14.7,0.0,0.0,21.9
2023-11-15,22125 Huesca,Zona Huesca,19.4,10.2,13.9,0.0,0.0,20.9
2023-11-16,22125 Huesca,Zona Huesca,19.3,10.4,13.9,0.2,0.0,20.6
2023-11-17,22125 Huesca,Zona Huesca,16.8,7.1,11.4,0.0,0.0,23.7
2023-11-18,22125 Huesca,Zona Huesca,16.2,7.3,11.8,0.0,0.0,7.4
2023-11-19,22125 Huesca,Zona Huesca,16.1,8.2,12.3,0.0,0.0,9.9
2023-11-20,22125 Huesca,Zona Huesca,17.5,7.3,12.0,0.0,0.0,20.2
2023-11-21,22125 Huesca,Zona Huesca,13.5,8.2,10.2,0.7,0.0,31.1
2023-11-22,22125 Huesca,Zona Huesca,14.5,4.8,9.7,0.0,0.0,26.0
2023-11-23,22125 Huesca,Zona Huesca,14.0,0.3,6.3,0.0,0.0,16.2
2023-11-24,22125 Huesca,Zona Huesca,14.5,1.8,7.5,0.0,0.0,15.5
2023-11-25,22125 Huesca,Zona Huesca,15.0,4.1,8.2,0.0,0.0,17.6
2023-11-26,22125 Huesca,Zona Huesca,10.9,3.6,6.8,0.0,0.0,11.5
2023-11-27,22125 Huesca,Zona Huesca,12.1,2.6,7.9,0.7,0.0,24.2
2023-11-28,22125 Huesca,Zona Huesca,14.1,8.8,11.1,0.1,0.0,26.2
2023-11-29,22125 Huesca,Zona Huesca,12.8,7.5,10.4,0.0,0.0,11.0
2023-11-30,22125 Huesca,Zona Huesca,12.6,9.9,11.5,10.6,0.0,16.6
2023-12-01,22125 Huesca,Zona Huesca,11.6,6.2,8.8,6.4,0.0,24.7
2023-12-02,22125 Huesca,Zona Huesca,10.8,2.8,6.8,0.0,0.0,29.0
2023-12-03,22125 Huesca,Zona Huesca,8.2,-2.2,3.1,0.2,0.0,14.7
2023-12-04,22125 Huesca,Zona Huesca,9.4,4.7,6.3,3.5,0.07,16.3
2023-12-05,22125 Huesca,Zona Huesca,10.9,3.1,6.5,0.0,0.0,22.7
2023-12-06,22125 Huesca,Zona Huesca,9.0,2.5,5.3,0.0,0.0,7.3
2023-12-07,22125 Huesca,Zona Huesca,9.4,1.9,6.1,7.1,0.0,10.6
2023-12-08,22125 Huesca,Zona Huesca,11.5,5.9,8.6,2.4,0.0,29.7
2023-12-09,22125 Huesca,Zona Huesca,14.3,4.0,8.9,0.0,0.0,21.4
2023-12-10,22125 Huesca,Zona Huesca,16.4,8.2,11.9,0.0,0.0,20.7
2023-12-11,22125 Huesca,Zona Huesca,15.4,6.9,10.2,0.0,0.0,12.5
2023-12-12,22125 Huesca,Zona Huesca,14.9,7.8,11.0,0.2,0.0,15.5
2023-12-13,22125 Huesca,Zona Huesca,11.1,7.6,9.6,2.0,0.0,35.5
2023-12-14,22125 Huesca,Zona Huesca,10.1,5.9,8.1,0.5,0.0,31.9
2023-12-15,22125 Huesca,Zona Huesca,15.4,2.8,9.0,0.0,0.0,18.4
2023-12-16,22125 Huesca,Zona Huesca,9.5,0.9,4.8,0.0,0.0,9.2
2023-12-17,22125 Huesca,Zona Huesca,10.2,1.8,6.6,0.0,0.0,10.3
2023-12-18,22125 Huesca,Zona Huesca,10.0,2.6,6.2,0.0,0.0,9.3
2023-12-19,22125 Huesca,Zona Huesca,8.4,-0.4,3.2,0.0,0.0,11.1
2023-12-20,22125 Huesca,Zona Huesca,11.4,-1.9,7.2,0.0,0.0,26.1
2023-12-21,22125 Huesca,Zona Huesca,12.8,7.2,10.3,0.0,0.0,32.6
2023-12-22,22125 Huesca,Zona Huesca,14.6,8.6,11.3,0.0,0.0,32.4
2023-12-23,22125 Huesca,Zona Huesca,11.6,1.9,6.5,0.0,0.0,22.0
2023-12-24,22125 Huesca,Zona Huesca,9.8,2.2,5.7,0.0,0.0,10.6
2023-12-25,22125 Huesca,Zona Huesca,8.3,1.4,5.4,0.0,0.0,8.7
2023-12-26,22125 Huesca,Zona Huesca,7.1,-0.8,3.9,0.0,0.0,9.4
2023-12-27,22125 Huesca,Zona Huesca,10.1,2.1,5.8,0.0,0.0,9.4
2023-12-28,22125 Huesca,Zona Huesca,10.1,4.4,7.2,0.0,0.0,6.8
2023-12-29,22125 Huesca,Zona Huesca,9.4,3.3,6.0,0.0,0.0,9.4
2023-12-30,22125 Huesca,Zona Huesca,10.4,1.0,5.1,0.0,0.0,8.6
2023-12-31,22125 Huesca,Zona Huesca,11.0,4.1,6.8,0.1,0.0,19.9
2024-01-01,22125 Huesca,Zona Huesca,11.3,2.2,6.2,0.0,0.0,16.7
2024-01-02,22125 Huesca,Zona Huesca,8.4,1.5,5.3,0.0,0.0,9.5
2024-01-03,22125 Huesca,Zona Huesca,13.6,7.2,9.5,2.2,0.0,12.0
2024-01-04,22125 Huesca,Zona Huesca,10.2,1.9,6.8,0.3,0.0,12.0
2024-01-05,22125 Huesca,Zona Huesca,8.4,4.7,6.9,2.9,0.0,27.1
2024-01-06,22125 Huesca,Zona Huesca,8.9,4.0,5.6,0.0,0.0,31.9
2024-01-07,22125 Huesca,Zona Huesca,7.0,3.0,4.5,0.0,0.0,31.8
2024-01-08,22125 Huesca,Zona Huesca,7.2,-3.0,2.5,0.0,0.0,23.0
2024-01-09,22125 Huesca,Zona Huesca,6.1,-3.0,1.6,0.0,0.0,7.7
2024-01-10,22125 Huesca,Zona Huesca,4.6,0.8,3.6,6.5,0.91,11.5
2024-01-11,22125 Huesca,Zona Huesca,7.2,-2.3,1.5,0.0,0.0,11.2
2024-01-12,22125 Huesca,Zona Huesca,7.1,-2.6,1.6,0.0,0.0,9.1
2024-01-13,22125 Huesca,Zona Huesca,7.6,-1.2,4.1,0.0,0.0,8.9
2024-01-14,22125 Huesca,Zona Huesca,11.2,3.3,7.7,1.6,0.0,17.2
2024-01-15,22125 Huesca,Zona Huesca,13.6,5.7,9.3,0.2,0.0,21.2
2024-01-16,22125 Huesca,Zona Huesca,13.5,5.7,9.3,1.3,0.0,10.3
2024-01-17,22125 Huesca,Zona Huesca,13.6,7.9,10.5,8.4,0.0,17.5
2024-01-18,22125 Huesca,Zona Huesca,14.9,5.2,9.5,0.0,0.0,22.2
2024-01-19,22125 Huesca,Zona Huesca,7.7,4.1,5.1,18.3,0.0,11.9
2024-01-20,22125 Huesca,Zona Huesca,5.9,-2.8,1.5,0.5,0.0,12.9
2024-01-21,22125 Huesca,Zona Huesca,7.6,0.2,4.1,0.0,0.0,11.9
2024-01-22,22125 Huesca,Zona Huesca,12.8,0.6,6.2,0.0,0.0,16.6
2024-01-23,22125 Huesca,Zona Huesca,17.0,6.4,10.0,0.0,0.0,16.2
2024-01-24,22125 Huesca,Zona Huesca,15.5,6.1,10.4,0.0,0.0,9.4
2024-01-25,22125 Huesca,Zona Huesca,16.9,6.2,11.6,0.0,0.0,10.7
2024-01-26,22125 Huesca,Zona Huesca,13.6,4.3,9.4,0.0,0.0,5.9
2024-01-27,22125 Huesca,Zona Huesca,14.6,5.3,11.0,0.0,0.0,10.5
2024-01-28,22125 Huesca,Zona Huesca,14.7,5.2,9.3,0.0,0.0,19.9
2024-01-29,22125 Huesca,Zona Huesca,12.2,5.3,8.3,0.0,0.0,14.6
2024-01-30,22125 Huesca,Zona Huesca,10.7,4.6,7.5,0.0,0.0,8.7
2024-01-31,22125 Huesca,Zona Huesca,12.1,4.2,7.3,0.0,0.0,9.2
2024-02-01,22125 Huesca,Zona Huesca,12.1,3.2,7.6,0.0,0.0,7.5
2024-02-02,22125 Huesca,Zona Huesca,13.1,3.9,7.8,0.0,0.0,7.1
2024-02-03,22125 Huesca,Zona Huesca,12.4,4.3,8.4,0.0,0.0,7.6
2024-02-04,22125 Huesca,Zona Huesca,12.9,5.3,8.7,0.0,0.0,9.0
2024-02-05,22125 Huesca,Zona Huesca,13.7,4.1,8.9,0.0,0.0,8.6
2024-02-06,22125 Huesca,Zona Huesca,11.9,4.9,8.4,0.0,0.0,7.9
2024-02-07,22125 Huesca,Zona Huesca,14.2,1.3,7.4,0.0,0.0,17.7
2024-02-08,22125 Huesca,Zona Huesca,13.8,5.1,9.0,2.6,0.0,12.4
2024-02-09,22125 Huesca,Zona Huesca,11.4,8.0,9.2,25.4,0.0,19.4
2024-02-10,22125 Huesca,Zona Huesca,10.1,5.7,7.9,8.5,0.0,37.0
2024-02-11,22125 Huesca,Zona Huesca,10.1,2.3,6.0,0.1,0.0,28.1
2024-02-12,22125 Huesca,Zona Huesca,13.4,2.5,8.0,0.1,0.0,38.3
2024-02-13,22125 Huesca,Zona Huesca,16.4,2.5,9.2,0.0,0.0,15.3
2024-02-14,22125 Huesca,Zona Huesca,16.0,6.6,11.1,0.0,0.0,12.0
2024-02-15,22125 Huesca,Zona Huesca,17.0,9.8,13.2,0.3,0.0,22.9
2024-02-16,22125 Huesca,Zona Huesca,13.8,6.7,10.4,5.7,0.0,13.1
2024-02-17,22125 Huesca,Zona Huesca,15.1,2.8,8.1,0.0,0.0,12.6
2024-02-18,22125 Huesca,Zona Huesca,15.0,3.7,8.7,0.0,0.0,12.4
2024-02-19,22125 Huesca,Zona Huesca,18.4,5.7,10.2,3.5,0.0,12.7
2024-02-20,22125 Huesca,Zona Huesca,18.0,2.0,8.5,0.0,0.0,13.8
2024-02-21,22125 Huesca,Zona Huesca,13.7,7.2,10.2,0.0,0.0,15.9
2024-02-22,22125 Huesca,Zona Huesca,14.4,6.2,10.0,1.4,0.0,34.9
2024-02-23,22125 Huesca,Zona Huesca,9.8,4.0,6.3,1.5,0.0,28.0
2024-02-24,22125 Huesca,Zona Huesca,8.9,2.2,5.0,0.6,0.0,28.9
2024-02-25,22125 Huesca,Zona Huesca,7.6,2.3,5.5,18.1,0.0,11.9
2024-02-26,22125 Huesca,Zona Huesca,11.1,5.3,7.5,1.4,0.0,28.0
2024-02-27,22125 Huesca,Zona Huesca,10.9,3.8,6.7,0.2,0.0,33.2
2024-02-28,22125 Huesca,Zona Huesca,13.4,4.2,7.7,0.0,0.0,37.5
2024-02-29,22125 Huesca,Zona Huesca,15.6,-0.9,6.4,1.4,0.0,36.7
2024-03-01,22125 Huesca,Zona Huesca,11.9,3.5,7.3,1.3,0.0,33.9
2024-03-02,22125 Huesca,Zona Huesca,8.9,5.3,7.0,14.5,0.0,18.2
2024-03-03,22125 Huesca,Zona Huesca,8.5,3.4,5.4,1.9,0.0,35.6
2024-03-04,22125 Huesca,Zona Huesca,12.4,0.6,5.9,0.1,0.0,15.1
2024-03-05,22125 Huesca,Zona Huesca,11.7,4.2,7.7,0.0,0.0,24.3
2024-03-06,22125 Huesca,Zona Huesca,12.6,0.5,6.3,0.0,0.0,10.2
2024-03-07,22125 Huesca,Zona Huesca,13.4,6.3,8.8,0.1,0.0,31.1
2024-03-08,22125 Huesca,Zona Huesca,9.9,5.6,7.5,14.5,0.0,25.3
2024-03-09,22125 Huesca,Zona Huesca,9.1,2.9,6.1,17.6,0.21,26.9
2024-03-10,22125 Huesca,Zona Huesca,10.1,1.3,4.7,3.2,0.0,19.7
2024-03-11,22125 Huesca,Zona Huesca,11.2,4.4,7.5,0.4,0.0,31.7
2024-03-12,22125 Huesca,Zona Huesca,16.4,4.5,9.0,0.0,0.0,19.3
2024-03-13,22125 Huesca,Zona Huesca,15.8,4.1,9.8,0.0,0.0,11.5
2024-03-14,22125 Huesca,Zona Huesca,18.1,6.9,12.0,1.0,0.0,10.9
2024-03-15,22125 Huesca,Zona Huesca,18.5,8.1,12.9,1.2,0.0,21.6
2024-03-16,22125 Huesca,Zona Huesca,18.9,5.3,12.0,0.0,0.0,9.7
2024-03-17,22125 Huesca,Zona Huesca,20.2,10.0,14.5,0.0,0.0,11.2
2024-03-18,22125 Huesca,Zona Huesca,21.4,9.7,15.4,0.0,0.0,15.6
2024-03-19,22125 Huesca,Zona Huesca,21.4,11.0,15.6,0.0,0.0,16.0
2024-03-20,22125 Huesca,Zona Huesca,21.0,11.6,15.8,0.3,0.0,22.1
2024-03-21,22125 Huesca,Zona Huesca,21.2,8.8,14.9,0.0,0.0,10.1
2024-03-22,22125 Huesca,Zona Huesca,22.9,12.8,17.0,0.0,0.0,7.3
2024-03-23,22125 Huesca,Zona Huesca,20.5,8.8,14.7,0.0,0.0,19.8
2024-03-24,22125 Huesca,Zona Huesca,17.6,4.8,10.0,0.0,0.0,12.4
2024-03-25,22125 Huesca,Zona Huesca,10.1,8.2,9.2,17.0,0.0,22.9
2024-03-26,22125 Huesca,Zona Huesca,10.6,2.6,8.1,22.7,0.0,24.2
2024-03-27,22125 Huesca,Zona Huesca,12.2,0.3,6.0,25.3,0.0,22.7
2024-03-28,22125 Huesca,Zona Huesca,14.8,5.6,10.2,6.6,0.0,22.7
2024-03-29,22125 Huesca,Zona Huesca,17.5,8.4,12.3,24.8,0.0,22.0
2024-03-30,22125 Huesca,Zona Huesca,13.2,3.7,8.3,3.5,0.0,22.8
2024-03-31,22125 Huesca,Zona Huesca,11.7,5.7,8.3,16.7,0.0,26.4
2024-04-01,22125 Huesca,Zona Huesca,12.8,3.5,7.6,0.9,0.0,15.8
2024-04-02,22125 Huesca,Zona Huesca,13.4,2.3,8.0,1.1,0.0,13.9
2024-04-03,22125 Huesca,Zona Huesca,17.4,5.6,11.8,0.0,0.0,15.3
2024-04-04,22125 Huesca,Zona Huesca,19.5,8.1,13.7,0.0,0.0,13.5
2024-04-05,22125 Huesca,Zona Huesca,21.2,11.8,16.1,0.0,0.0,24.2
2024-04-06,22125 Huesca,Zona Huesca,23.5,13.1,17.5,0.0,0.0,32.0
2024-04-07,22125 Huesca,Zona Huesca,21.6,15.7,18.6,0.0,0.0,28.2
2024-04-08,22125 Huesca,Zona Huesca,22.0,10.6,16.0,4.6,0.0,36.6
2024-04-09,22125 Huesca,Zona Huesca,13.9,6.8,9.7,0.0,0.0,33.1
2024-04-10,22125 Huesca,Zona Huesca,17.0,4.1,10.4,0.0,0.0,27.1
2024-04-11,22125 Huesca,Zona Huesca,19.4,6.7,12.1,0.0,0.0,12.2
2024-04-12,22125 Huesca,Zona Huesca,22.4,10.1,15.8,0.0,0.0,7.4
2024-04-13,22125 Huesca,Zona Huesca,24.9,13.4,18.6,0.0,0.0,9.3
2024-04-14,22125 Huesca,Zona Huesca,25.0,12.9,18.8,0.0,0.0,11.8
2024-04-15,22125 Huesca,Zona Huesca,24.4,11.2,17.5,0.0,0.0,24.3
2024-04-16,22125 Huesca,Zona Huesca,17.2,8.3,12.0,0.0,0.0,34.1
2024-04-17,22125 Huesca,Zona Huesca,17.3,7.0,11.3,0.0,0.0,28.3
2024-04-18,22125 Huesca,Zona Huesca,16.8,4.2,10.2,0.0,0.0,27.7
2024-04-19,22125 Huesca,Zona Huesca,17.2,3.8,10.4,0.0,0.0,8.9
2024-04-20,22125 Huesca,Zona Huesca,21.9,6.8,14.0,0.0,0.0,12.0
2024-04-21,22125 Huesca,Zona Huesca,21.0,7.0,13.5,0.0,0.0,20.1
2024-04-22,22125 Huesca,Zona Huesca,17.5,4.7,10.4,0.0,0.0,27.4
2024-04-23,22125 Huesca,Zona Huesca,14.0,2.8,7.8,0.1,0.0,25.5
2024-04-24,22125 Huesca,Zona Huesca,16.5,2.3,9.0,0.0,0.0,31.5
2024-04-25,22125 Huesca,Zona Huesca,14.4,3.3,9.7,0.0,0.0,16.8
2024-04-26,22125 Huesca,Zona Huesca,16.6,5.2,11.2,0.1,0.0,22.7
2024-04-27,22125 Huesca,Zona Huesca,16.6,8.3,12.0,24.0,0.0,24.8
2024-04-28,22125 Huesca,Zona Huesca,16.9,6.1,11.7,0.3,0.0,10.0
2024-04-29,22125 Huesca,Zona Huesca,13.4,9.3,11.3,7.3,0.0,12.5
2024-04-30,22125 Huesca,Zona Huesca,18.0,9.4,13.2,1.9,0.0,9.6
2024-05-01,22125 Huesca,Zona Huesca,14.2,7.4,10.9,3.0,0.0,26.1
2024-05-02,22125 Huesca,Zona Huesca,15.5,5.7,10.3,0.0,0.0,25.5
2024-05-03,22125 Huesca,Zona Huesca,17.8,5.5,11.5,0.0,0.0,18.9
2024-05-04,22125 Huesca,Zona Huesca,21.7,10.5,15.8,0.2,0.0,12.4
2024-05-05,22125 Huesca,Zona Huesca,23.4,11.7,17.0,2.7,0.0,15.6
2024-05-06,22125 Huesca,Zona Huesca,18.9,10.6,14.5,4.8,0.0,25.2
2024-05-07,22125 Huesca,Zona Huesca,18.2,8.4,13.5,0.0,0.0,33.1
2024-05-08,22125 Huesca,Zona Huesca,22.5,6.2,15.1,0.0,0.0,20.2
2024-05-09,22125 Huesca,Zona Huesca,23.6,10.3,17.1,0.0,0.0,15.8
2024-05-10,22125 Huesca,Zona Huesca,25.0,13.6,19.1,0.0,0.0,18.1
2024-05-11,22125 Huesca,Zona Huesca,25.9,13.4,19.4,0.0,0.0,22.4
2024-05-12,22125 Huesca,Zona Huesca,24.2,12.8,18.8,0.0,0.0,16.7
2024-05-13,22125 Huesca,Zona Huesca,24.5,12.7,18.7,0.3,0.0,24.2
2024-05-14,22125 Huesca,Zona Huesca,19.4,12.2,16.0,8.4,0.0,21.6
2024-05-15,22125 Huesca,Zona Huesca,17.4,7.2,12.9,0.1,0.0,17.5
2024-05-16,22125 Huesca,Zona Huesca,17.5,7.2,12.2,1.8,0.0,17.1
2024-05-17,22125 Huesca,Zona Huesca,19.5,9.6,13.9,0.8,0.0,15.7
2024-05-18,22125 Huesca,Zona Huesca,19.9,8.5,14.5,0.8,0.0,8.7
2024-05-19,22125 Huesca,Zona Huesca,17.9,11.4,14.1,17.5,0.0,17.1
2024-05-20,22125 Huesca,Zona Huesca,18.6,7.6,13.6,2.5,0.0,20.2
2024-05-21,22125 Huesca,Zona Huesca,19.8,8.1,14.3,0.0,0.0,21.1
2024-05-22,22125 Huesca,Zona Huesca,19.2,7.6,14.4,0.0,0.0,18.1
2024-05-23,22125 Huesca,Zona Huesca,20.5,8.1,14.9,0.0,0.0,17.2
2024-05-24,22125 Huesca,Zona Huesca,20.2,11.9,15.7,2.6,0.0,13.3
2024-05-25,22125 Huesca,Zona Huesca,25.0,12.4,18.3,0.0,0.0,14.6
2024-05-26,22125 Huesca,Zona Huesca,26.5,13.9,20.0,0.0,0.0,13.8
2024-05-27,22125 Huesca,Zona Huesca,23.5,14.2,18.5,1.2,0.0,18.0
2024-05-28,22125 Huesca,Zona Huesca,27.1,10.1,18.1,0.0,0.0,14.1
2024-05-29,22125 Huesca,Zona Huesca,29.0,13.9,20.9,0.0,0.0,23.2
2024-05-30,22125 Huesca,Zona Huesca,25.7,14.2,19.9,0.0,0.0,32.1
2024-05-31,22125 Huesca,Zona Huesca,23.6,8.6,16.6,0.0,0.0,17.1
2024-06-01,22125 Huesca,Zona Huesca,24.5,10.4,17.2,0.0,0.0,19.1
2024-06-02,22125 Huesca,Zona Huesca,25.2,11.4,18.2,0.0,0.0,17.9
2024-06-03,22125 Huesca,Zona Huesca,26.5,10.4,18.7,0.0,0.0,11.2
2024-06-04,22125 Huesca,Zona Huesca,28.0,14.3,21.0,0.0,0.0,13.0
2024-06-05,22125 Huesca,Zona Huesca,31.3,15.6,23.2,0.0,0.0,17.4
2024-06-06,22125 Huesca,Zona Huesca,33.3,19.4,26.0,0.0,0.0,23.7
2024-06-07,22125 Huesca,Zona Huesca,33.5,21.6,27.1,0.1,0.0,24.5
2024-06-08,22125 Huesca,Zona Huesca,32.8,20.0,26.5,0.0,0.0,19.7
2024-06-09,22125 Huesca,Zona Huesca,27.5,16.5,21.6,17.6,0.0,27.7
2024-06-10,22125 Huesca,Zona Huesca,24.0,13.4,18.5,0.1,0.0,16.9
2024-06-11,22125 Huesca,Zona Huesca,23.1,13.3,17.6,2.2,0.0,18.2
2024-06-12,22125 Huesca,Zona Huesca,24.4,12.7,17.1,0.3,0.0,22.1
2024-06-13,22125 Huesca,Zona Huesca,25.3,10.2,18.0,0.0,0.0,10.1
2024-06-14,22125 Huesca,Zona Huesca,31.9,16.5,23.4,0.0,0.0,27.1
2024-06-15,22125 Huesca,Zona Huesca,26.3,16.8,21.8,0.1,0.0,22.4
2024-06-16,22125 Huesca,Zona Huesca,28.0,13.8,20.9,0.0,0.0,16.3
2024-06-17,22125 Huesca,Zona Huesca,31.9,16.9,23.8,0.0,0.0,24.8
2024-06-18,22125 Huesca,Zona Huesca,31.9,20.0,25.4,0.0,0.0,26.0
2024-06-19,22125 Huesca,Zona Huesca,28.0,18.0,22.9,4.1,0.0,13.5
2024-06-20,22125 Huesca,Zona Huesca,19.8,15.7,17.5,13.9,0.0,20.0
2024-06-21,22125 Huesca,Zona Huesca,24.5,12.6,18.6,0.0,0.0,25.0
2024-06-22,22125 Huesca,Zona Huesca,24.4,14.5,19.4,0.0,0.0,32.5
2024-06-23,22125 Huesca,Zona Huesca,29.5,12.9,21.0,0.0,0.0,22.6
2024-06-24,22125 Huesca,Zona Huesca,27.1,15.8,21.2,0.1,0.0,15.9
2024-06-25,22125 Huesca,Zona Huesca,30.5,18.2,24.3,0.0,0.0,17.5
2024-06-26,22125 Huesca,Zona Huesca,32.2,19.4,25.4,0.0,0.0,19.4
2024-06-27,22125 Huesca,Zona Huesca,33.9,19.6,27.1,0.0,0.0,19.6
2024-06-28,22125 Huesca,Zona Huesca,33.7,20.0,26.9,0.0,0.0,27.1
2024-06-29,22125 Huesca,Zona Huesca,25.0,17.2,21.3,8.1,0.0,24.5
2024-06-30,22125 Huesca,Zona Huesca,25.9,16.7,21.1,0.2,0.0,9.8
2024-07-01,22125 Huesca,Zona Huesca,27.4,15.6,20.9,0.2,0.0,28.6
2024-07-02,22125 Huesca,Zona Huesca,28.0,13.4,20.3,0.0,0.0,22.9
2024-07-03,22125 Huesca,Zona Huesca,30.0,12.2,21.1,0.0,0.0,28.0
2024-07-04,22125 Huesca,Zona Huesca,32.0,14.9,23.2,0.0,0.0,14.4
2024-07-05,22125 Huesca,Zona Huesca,32.6,18.5,25.1,0.3,0.0,18.5
2024-07-06,22125 Huesca,Zona Huesca,26.4,17.9,22.4,14.4,0.0,17.3
2024-07-07,22125 Huesca,Zona Huesca,26.8,13.1,20.1,0.5,0.0,12.0
2024-07-08,22125 Huesca,Zona Huesca,29.9,18.4,23.8,0.4,0.0,22.5
2024-07-09,22125 Huesca,Zona Huesca,31.4,19.2,25.3,0.0,0.0,22.8
2024-07-10,22125 Huesca,Zona Huesca,32.8,18.9,26.0,0.0,0.0,19.0
2024-07-11,22125 Huesca,Zona Huesca,35.3,23.1,28.9,0.0,0.0,16.6
2024-07-12,22125 Huesca,Zona Huesca,28.7,19.8,24.4,0.0,0.0,27.5
2024-07-13,22125 Huesca,Zona Huesca,27.2,14.1,20.9,0.0,0.0,16.3
2024-07-14,22125 Huesca,Zona Huesca,32.7,18.9,25.3,0.0,0.0,18.5
2024-07-15,22125 Huesca,Zona Huesca,32.5,20.4,26.4,0.0,0.0,18.0
2024-07-16,22125 Huesca,Zona Huesca,31.2,18.1,25.4,0.0,0.0,15.9
2024-07-17,22125 Huesca,Zona Huesca,32.9,19.0,25.6,0.0,0.0,19.2
2024-07-18,22125 Huesca,Zona Huesca,36.5,21.0,28.6,0.0,0.0,25.2
2024-07-19,22125 Huesca,Zona Huesca,37.3,22.9,30.2,0.0,0.0,23.4
2024-07-20,22125 Huesca,Zona Huesca,37.2,25.3,30.9,0.0,0.0,20.4
2024-07-21,22125 Huesca,Zona Huesca,29.0,18.1,22.7,0.1,0.0,33.8
2024-07-22,22125 Huesca,Zona Huesca,33.7,14.4,22.8,0.0,0.0,22.2
2024-07-23,22125 Huesca,Zona Huesca,37.0,18.9,27.5,0.0,0.0,17.5
2024-07-24,22125 Huesca,Zona Huesca,38.0,21.5,28.7,0.0,0.0,22.4
2024-07-25,22125 Huesca,Zona Huesca,35.9,20.9,28.3,0.0,0.0,18.7
2024-07-26,22125 Huesca,Zona Huesca,34.7,21.5,28.2,0.0,0.0,21.0
2024-07-27,22125 Huesca,Zona Huesca,36.0,22.9,29.3,0.0,0.0,20.5
2024-07-28,22125 Huesca,Zona Huesca,35.7,23.9,29.9,0.0,0.0,20.7
2024-07-29,22125 Huesca,Zona Huesca,37.8,23.2,30.4,0.0,0.0,13.9
2024-07-30,22125 Huesca,Zona Huesca,38.7,24.1,31.8,0.0,0.0,24.5
2024-07-31,22125 Huesca,Zona Huesca,38.3,25.6,32.0,0.0,0.0,22.3
2024-08-01,22125 Huesca,Zona Huesca,37.3,22.8,30.9,0.0,0.0,16.9
2024-08-02,22125 Huesca,Zona Huesca,32.5,20.6,27.2,0.0,0.0,15.1
2024-08-03,22125 Huesca,Zona Huesca,33.8,17.3,25.3,0.0,0.0,23.8
2024-08-04,22125 Huesca,Zona Huesca,35.7,17.1,26.2,0.0,0.0,17.4
2024-08-05,22125 Huesca,Zona Huesca,36.0,20.2,28.3,0.0,0.0,13.7
2024-08-06,22125 Huesca,Zona Huesca,36.5,22.6,28.8,0.0,0.0,19.4
2024-08-07,22125 Huesca,Zona Huesca,33.8,22.8,28.4,0.0,0.0,14.8
2024-08-08,22125 Huesca,Zona Huesca,36.5,22.0,29.0,0.0,0.0,15.7
2024-08-09,22125 Huesca,Zona Huesca,37.5,23.5,30.3,0.0,0.0,13.3
2024-08-10,22125 Huesca,Zona Huesca,37.9,23.0,30.8,0.0,0.0,15.8
2024-08-11,22125 Huesca,Zona Huesca,37.5,23.8,30.7,0.0,0.0,20.6
2024-08-12,22125 Huesca,Zona Huesca,37.0,23.5,29.9,0.0,0.0,21.3
2024-08-13,22125 Huesca,Zona Huesca,29.7,21.5,25.7,0.4,0.0,19.1
2024-08-14,22125 Huesca,Zona Huesca,27.4,19.4,22.2,1.0,0.0,25.3
2024-08-15,22125 Huesca,Zona Huesca,28.0,15.4,21.7,0.0,0.0,16.2
2024-08-16,22125 Huesca,Zona Huesca,30.0,16.4,22.9,0.0,0.0,16.2
2024-08-17,22125 Huesca,Zona Huesca,33.0,19.3,25.2,0.0,0.0,22.7
2024-08-18,22125 Huesca,Zona Huesca,30.7,19.8,24.6,0.0,0.0,29.8
2024-08-19,22125 Huesca,Zona Huesca,30.6,14.3,21.7,0.0,0.0,16.7
2024-08-20,22125 Huesca,Zona Huesca,33.7,15.9,23.9,0.0,0.0,23.4
2024-08-21,22125 Huesca,Zona Huesca,31.7,15.9,23.6,0.0,0.0,16.8
2024-08-22,22125 Huesca,Zona Huesca,35.9,20.0,27.3,0.0,0.0,19.6
2024-08-23,22125 Huesca,Zona Huesca,33.7,21.5,26.9,0.8,0.0,17.4
2024-08-24,22125 Huesca,Zona Huesca,33.8,22.4,27.8,0.1,0.0,19.7
2024-08-25,22125 Huesca,Zona Huesca,27.8,19.4,23.1,0.1,0.0,17.1
2024-08-26,22125 Huesca,Zona Huesca,29.1,16.7,22.9,0.0,0.0,10.4
2024-08-27,22125 Huesca,Zona Huesca,32.1,20.0,25.8,0.0,0.0,16.9
2024-08-28,22125 Huesca,Zona Huesca,33.0,21.6,26.7,0.0,0.0,19.3
2024-08-29,22125 Huesca,Zona Huesca,30.6,21.8,25.5,1.6,0.0,22.4
2024-08-30,22125 Huesca,Zona Huesca,28.5,18.5,23.5,6.3,0.0,17.7
2024-08-31,22125 Huesca,Zona Huesca,29.6,20.4,24.0,10.1,0.0,17.3
2024-09-01,22125 Huesca,Zona Huesca,26.5,18.7,22.2,3.9,0.0,14.3
2024-09-02,22125 Huesca,Zona Huesca,29.5,18.6,23.0,3.6,0.0,12.9
2024-09-03,22125 Huesca,Zona Huesca,23.4,17.9,20.3,20.3,0.0,11.2
2024-09-04,22125 Huesca,Zona Huesca,19.1,14.1,17.2,46.6,0.0,17.5
2024-09-05,22125 Huesca,Zona Huesca,20.7,12.6,16.6,0.0,0.0,19.3
2024-09-06,22125 Huesca,Zona Huesca,23.0,14.6,17.6,41.2,0.0,27.4
2024-09-07,22125 Huesca,Zona Huesca,23.5,15.9,19.2,2.4,0.0,27.1
2024-09-08,22125 Huesca,Zona Huesca,23.2,15.7,19.0,0.1,0.0,21.5
2024-09-09,22125 Huesca,Zona Huesca,24.0,12.7,17.7,0.0,0.0,28.8
2024-09-10,22125 Huesca,Zona Huesca,24.8,11.1,17.2,0.0,0.0,17.3
2024-09-11,22125 Huesca,Zona Huesca,23.6,10.6,16.6,0.0,0.0,27.7
2024-09-12,22125 Huesca,Zona Huesca,21.0,12.6,16.9,0.0,0.0,29.4
2024-09-13,22125 Huesca,Zona Huesca,20.0,7.8,13.8,0.0,0.0,17.0
2024-09-14,22125 Huesca,Zona Huesca,21.3,7.3,14.3,0.0,0.0,15.9
2024-09-15,22125 Huesca,Zona Huesca,23.5,9.1,16.0,0.0,0.0,12.2
2024-09-16,22125 Huesca,Zona Huesca,24.8,8.9,15.8,0.0,0.0,12.5
2024-09-17,22125 Huesca,Zona Huesca,23.7,9.4,16.1,0.0,0.0,16.5
2024-09-18,22125 Huesca,Zona Huesca,21.2,13.6,16.5,0.3,0.0,21.2
2024-09-19,22125 Huesca,Zona Huesca,23.0,14.4,17.3,5.7,0.0,18.7
2024-09-20,22125 Huesca,Zona Huesca,19.9,14.6,16.2,18.6,0.0,20.1
2024-09-21,22125 Huesca,Zona Huesca,16.4,14.9,15.5,61.3,0.0,23.2
2024-09-22,22125 Huesca,Zona Huesca,21.1,13.4,16.8,15.0,0.0,15.8
2024-09-23,22125 Huesca,Zona Huesca,21.1,10.9,15.5,0.0,0.0,18.9
2024-09-24,22125 Huesca,Zona Huesca,21.5,11.3,16.7,0.0,0.0,18.8
2024-09-25,22125 Huesca,Zona Huesca,21.6,12.8,17.2,0.0,0.0,11.4
2024-09-26,22125 Huesca,Zona Huesca,23.9,16.4,19.6,0.4,0.0,20.4
2024-09-27,22125 Huesca,Zona Huesca,18.4,11.4,14.8,0.0,0.0,28.5
2024-09-28,22125 Huesca,Zona Huesca,19.6,8.6,13.3,0.0,0.0,20.5
2024-09-29,22125 Huesca,Zona Huesca,19.1,7.3,13.0,0.0,0.0,9.8
2024-09-30,22125 Huesca,Zona Huesca,23.4,12.7,17.2,0.0,0.0,12.8
2024-10-01,22125 Huesca,Zona Huesca,23.0,13.7,18.1,0.0,0.0,12.3
2024-10-02,22125 Huesca,Zona Huesca,20.7,15.6,17.4,12.9,0.0,14.7
2024-10-03,22125 Huesca,Zona Huesca,20.0,8.9,14.7,0.4,0.0,25.3
2024-10-04,22125 Huesca,Zona Huesca,19.4,5.6,11.8,0.0,0.0,17.6
2024-10-05,22125 Huesca,Zona Huesca,18.4,8.6,13.5,0.0,0.0,9.3
2024-10-06,22125 Huesca,Zona Huesca,21.6,14.0,17.5,1.6,0.0,10.0
2024-10-07,22125 Huesca,Zona Huesca,22.8,15.6,18.4,10.2,0.0,20.1
2024-10-08,22125 Huesca,Zona Huesca,19.0,11.1,15.3,2.5,0.0,20.6
2024-10-09,22125 Huesca,Zona Huesca,20.3,13.8,16.1,9.8,0.0,24.2
2024-10-10,22125 Huesca,Zona Huesca,18.2,11.6,14.6,0.0,0.0,24.7
2024-10-11,22125 Huesca,Zona Huesca,18.1,6.8,12.9,0.0,0.0,15.9
2024-10-12,22125 Huesca,Zona Huesca,16.1,12.5,14.8,12.5,0.0,19.5
2024-10-13,22125 Huesca,Zona Huesca,22.2,10.9,16.3,0.0,0.0,8.6
2024-10-14,22125 Huesca,Zona Huesca,23.0,15.1,19.0,0.0,0.0,21.4
2024-10-15,22125 Huesca,Zona Huesca,21.0,14.9,17.5,35.8,0.0,25.0
2024-10-16,22125 Huesca,Zona Huesca,19.4,14.6,16.5,28.2,0.0,24.6
2024-10-17,22125 Huesca,Zona Huesca,15.6,11.2,13.8,47.5,0.0,29.1
2024-10-18,22125 Huesca,Zona Huesca,16.2,8.8,12.5,0.4,0.0,25.7
2024-10-19,22125 Huesca,Zona Huesca,20.5,5.8,13.0,0.8,0.0,21.2
2024-10-20,22125 Huesca,Zona Huesca,21.5,11.6,16.1,0.0,0.0,10.2
2024-10-21,22125 Huesca,Zona Huesca,20.5,13.9,16.6,0.1,0.0,16.2
2024-10-22,22125 Huesca,Zona Huesca,18.5,14.1,15.9,5.5,0.0,8.0
2024-10-23,22125 Huesca,Zona Huesca,18.1,13.2,15.2,0.3,0.0,9.7
2024-10-24,22125 Huesca,Zona Huesca,19.0,12.1,15.1,0.0,0.0,13.6
2024-10-25,22125 Huesca,Zona Huesca,17.0,13.0,14.2,17.3,0.0,19.9
2024-10-26,22125 Huesca,Zona Huesca,12.9,7.7,11.4,18.5,0.0,15.5
2024-10-27,22125 Huesca,Zona Huesca,13.3,7.0,10.0,2.3,0.0,10.9
2024-10-28,22125 Huesca,Zona Huesca,18.4,9.6,13.5,3.7,0.0,13.2
2024-10-29,22125 Huesca,Zona Huesca,20.4,10.6,15.4,0.0,0.0,19.6
2024-10-30,22125 Huesca,Zona Huesca,19.2,12.4,15.6,6.7,0.0,24.1
2024-10-31,22125 Huesca,Zona Huesca,19.4,10.6,14.9,0.8,0.0,22.4
2024-11-01,22125 Huesca,Zona Huesca,18.6,10.5,14.1,0.0,0.0,9.3
2024-11-02,22125 Huesca,Zona Huesca,18.8,9.6,13.8,4.7,0.0,7.9
2024-11-03,22125 Huesca,Zona Huesca,17.8,10.9,14.0,0.2,0.0,16.3
2024-11-04,22125 Huesca,Zona Huesca,17.8,11.1,14.3,1.2,0.0,19.7
2024-11-05,22125 Huesca,Zona Huesca,18.4,11.9,14.7,5.2,0.0,14.5
2024-11-06,22125 Huesca,Zona Huesca,17.9,9.9,13.2,0.5,0.0,11.9
2024-11-07,22125 Huesca,Zona Huesca,16.6,10.4,13.1,0.5,0.0,13.4
2024-11-08,22125 Huesca,Zona Huesca,16.9,9.4,12.7,0.0,0.0,10.6
2024-11-09,22125 Huesca,Zona Huesca,17.6,9.2,12.7,0.0,0.0,20.2
2024-11-10,22125 Huesca,Zona Huesca,16.6,6.1,10.4,0.0,0.0,8.1
2024-11-11,22125 Huesca,Zona Huesca,16.5,6.6,10.5,0.0,0.0,11.0
2024-11-12,22125 Huesca,Zona Huesca,15.6,3.0,8.6,0.3,0.0,12.9
2024-11-13,22125 Huesca,Zona Huesca,14.7,3.2,8.2,4.0,0.0,14.6
2024-11-14,22125 Huesca,Zona Huesca,15.8,7.2,10.9,0.0,0.0,11.5
2024-11-15,22125 Huesca,Zona Huesca,13.5,9.2,10.8,0.0,0.0,12.1
2024-11-16,22125 Huesca,Zona Huesca,15.4,8.4,10.9,0.0,0.0,11.1
2024-11-17,22125 Huesca,Zona Huesca,16.1,5.6,10.2,0.0,0.0,12.2
2024-11-18,22125 Huesca,Zona Huesca,15.9,6.1,9.8,0.0,0.0,15.2
2024-11-19,22125 Huesca,Zona Huesca,17.0,6.1,10.7,0.0,0.0,17.8
2024-11-20,22125 Huesca,Zona Huesca,14.4,10.0,11.8,0.0,0.0,30.9
2024-11-21,22125 Huesca,Zona Huesca,16.0,8.8,12.3,0.0,0.0,26.3
2024-11-22,22125 Huesca,Zona Huesca,12.8,4.1,8.9,1.9,0.0,34.7
2024-11-23,22125 Huesca,Zona Huesca,11.6,3.1,7.5,0.0,0.0,17.8
2024-11-24,22125 Huesca,Zona Huesca,15.9,10.0,12.7,0.5,0.0,28.3
2024-11-25,22125 Huesca,Zona Huesca,16.1,9.4,13.3,7.8,0.0,29.7
2024-11-26,22125 Huesca,Zona Huesca,12.1,4.7,8.2,0.0,0.0,16.9
2024-11-27,22125 Huesca,Zona Huesca,11.9,3.3,7.6,0.0,0.0,5.7
2024-11-28,22125 Huesca,Zona Huesca,12.6,5.9,8.4,0.0,0.0,4.0
2024-11-29,22125 Huesca,Zona Huesca,15.0,4.9,9.4,0.0,0.0,12.4
2024-11-30,22125 Huesca,Zona Huesca,13.6,5.0,8.7,0.0,0.0,7.2
2024-12-01,22125 Huesca,Zona Huesca,13.8,6.6,9.3,0.0,0.0,7.2
2024-12-02,22125 Huesca,Zona Huesca,16.0,6.9,10.2,0.2,0.0,17.6
2024-12-03,22125 Huesca,Zona Huesca,13.4,4.8,8.6,0.7,0.0,21.2
2024-12-04,22125 Huesca,Zona Huesca,14.4,3.0,7.6,0.0,0.0,14.0
2024-12-05,22125 Huesca,Zona Huesca,16.5,2.5,7.8,0.0,0.0,14.0
2024-12-06,22125 Huesca,Zona Huesca,18.5,6.7,12.8,0.3,0.0,25.2
2024-12-07,22125 Huesca,Zona Huesca,12.7,5.2,9.8,1.3,0.0,36.4
2024-12-08,22125 Huesca,Zona Huesca,7.4,4.2,5.2,4.7,0.0,37.1
2024-12-09,22125 Huesca,Zona Huesca,8.4,2.8,4.8,0.3,0.0,27.8
2024-12-10,22125 Huesca,Zona Huesca,8.1,-1.6,2.9,0.0,0.0,20.1
2024-12-11,22125 Huesca,Zona Huesca,5.9,0.3,3.2,0.0,0.0,16.0
2024-12-12,22125 Huesca,Zona Huesca,9.7,1.9,5.2,1.5,0.0,10.1
2024-12-13,22125 Huesca,Zona Huesca,9.7,2.2,6.2,1.2,0.0,8.7
2024-12-14,22125 Huesca,Zona Huesca,10.3,1.5,5.1,0.0,0.0,22.6
2024-12-15,22125 Huesca,Zona Huesca,11.1,0.8,5.7,0.0,0.0,18.4
2024-12-16,22125 Huesca,Zona Huesca,9.1,0.5,4.0,0.0,0.0,8.5
2024-12-17,22125 Huesca,Zona Huesca,9.6,2.3,5.0,0.0,0.0,5.6
2024-12-18,22125 Huesca,Zona Huesca,12.9,3.7,7.5,0.0,0.0,7.1
2024-12-19,22125 Huesca,Zona Huesca,13.2,6.2,8.8,0.2,0.0,29.6
2024-12-20,22125 Huesca,Zona Huesca,10.9,3.2,6.9,0.0,0.0,26.8
2024-12-21,22125 Huesca,Zona Huesca,12.9,-1.1,5.6,0.0,0.0,21.8
2024-12-22,22125 Huesca,Zona Huesca,13.6,8.1,10.1,0.0,0.0,36.7
2024-12-23,22125 Huesca,Zona Huesca,9.3,5.2,7.3,0.0,0.0,34.3
2024-12-24,22125 Huesca,Zona Huesca,13.9,5.3,9.0,0.0,0.0,28.8
2024-12-25,22125 Huesca,Zona Huesca,12.1,3.8,7.3,0.0,0.0,7.0
2024-12-26,22125 Huesca,Zona Huesca,10.7,5.4,8.0,0.2,0.0,12.4
2024-12-27,22125 Huesca,Zona Huesca,10.3,5.1,7.0,0.0,0.0,6.3
2024-12-28,22125 Huesca,Zona Huesca,9.8,3.9,5.8,0.0,0.0,7.0
2024-12-29,22125 Huesca,Zona Huesca,6.7,0.6,3.1,0.0,0.0,4.2
2024-12-30,22125 Huesca,Zona Huesca,5.7,-0.1,1.7,0.0,0.0,4.2
2024-12-31,22125 Huesca,Zona Huesca,5.9,-1.0,1.2,0.0,0.0,4.0
2025-01-01,22125 Huesca,Zona Huesca,7.3,0.2,2.7,0.0,0.0,3.8
2025-01-02,22125 Huesca,Zona Huesca,6.6,0.0,2.6,0.0,0.0,12.6
2025-01-03,22125 Huesca,Zona Huesca,10.8,1.9,5.4,1.6,0.0,19.1
2025-01-04,22125 Huesca,Zona Huesca,13.3,4.8,7.8,0.0,0.0,12.5
2025-01-05,22125 Huesca,Zona Huesca,10.7,3.0,6.4,0.0,0.0,13.5
2025-01-06,22125 Huesca,Zona Huesca,10.7,4.8,7.8,6.0,0.0,18.5
2025-01-07,22125 Huesca,Zona Huesca,8.8,2.3,5.6,0.0,0.0,18.8
2025-01-08,22125 Huesca,Zona Huesca,11.1,4.8,7.8,0.0,0.0,7.2
2025-01-09,22125 Huesca,Zona Huesca,15.1,5.2,9.2,0.0,0.0,24.9
2025-01-10,22125 Huesca,Zona Huesca,15.1,6.6,10.0,0.0,0.0,22.9
2025-01-11,22125 Huesca,Zona Huesca,14.2,8.6,11.1,0.2,0.0,34.1
2025-01-12,22125 Huesca,Zona Huesca,12.1,-0.6,7.2,0.0,0.0,39.0
2025-01-13,22125 Huesca,Zona Huesca,6.8,-2.6,0.8,0.0,0.0,11.7
2025-01-14,22125 Huesca,Zona Huesca,7.2,-2.0,0.8,0.0,0.0,12.8
2025-01-15,22125 Huesca,Zona Huesca,6.7,-1.9,1.2,0.0,0.0,10.0
2025-01-16,22125 Huesca,Zona Huesca,8.1,-0.4,2.6,0.0,0.0,18.3
2025-01-17,22125 Huesca,Zona Huesca,10.1,-1.5,3.2,0.0,0.0,15.6
2025-01-18,22125 Huesca,Zona Huesca,6.5,-1.8,1.3,0.0,0.0,7.6
2025-01-19,22125 Huesca,Zona Huesca,7.5,0.3,2.6,0.0,0.0,8.4
2025-01-20,22125 Huesca,Zona Huesca,8.2,1.9,4.7,0.0,0.0,10.7
2025-01-21,22125 Huesca,Zona Huesca,8.9,2.0,6.3,1.0,0.0,12.3
2025-01-22,22125 Huesca,Zona Huesca,11.7,6.3,8.5,4.5,0.0,14.1
2025-01-23,22125 Huesca,Zona Huesca,15.8,5.5,9.3,1.3,0.0,16.2
2025-01-24,22125 Huesca,Zona Huesca,13.3,5.2,8.6,0.0,0.0,11.3
2025-01-25,22125 Huesca,Zona Huesca,11.1,4.9,8.7,5.3,0.0,12.7
2025-01-26,22125 Huesca,Zona Huesca,9.9,1.5,6.3,0.0,0.0,19.8
2025-01-27,22125 Huesca,Zona Huesca,13.9,7.4,10.3,9.3,0.0,21.1
2025-01-28,22125 Huesca,Zona Huesca,9.6,2.8,6.4,0.2,0.0,27.8
2025-01-29,22125 Huesca,Zona Huesca,7.7,2.0,5.0,1.9,0.0,17.0
2025-01-30,22125 Huesca,Zona Huesca,7.8,2.6,5.0,4.0,0.0,23.8
2025-01-31,22125 Huesca,Zona Huesca,11.4,-0.2,5.0,0.0,0.0,20.4
2025-02-01,22125 Huesca,Zona Huesca,6.6,-1.1,1.7,2.1,1.33,9.5
2025-02-02,22125 Huesca,Zona Huesca,8.9,0.3,3.3,0.0,0.0,9.2
2025-02-03,22125 Huesca,Zona Huesca,11.4,-0.2,4.6,0.0,0.0,11.1
2025-02-04,22125 Huesca,Zona Huesca,11.9,1.2,5.4,0.0,0.0,14.2
2025-02-05,22125 Huesca,Zona Huesca,11.4,0.3,4.8,0.0,0.0,7.9
2025-02-06,22125 Huesca,Zona Huesca,9.4,1.6,4.4,0.0,0.0,6.2
2025-02-07,22125 Huesca,Zona Huesca,9.4,1.1,4.5,8.4,0.0,24.4
2025-02-08,22125 Huesca,Zona Huesca,9.8,0.8,5.0,2.5,0.0,23.3
2025-02-09,22125 Huesca,Zona Huesca,9.3,-0.5,4.4,0.0,0.0,9.1
2025-02-10,22125 Huesca,Zona Huesca,11.1,4.1,7.4,4.5,0.0,17.3
2025-02-11,22125 Huesca,Zona Huesca,11.9,7.0,8.6,1.5,0.0,18.6
2025-02-12,22125 Huesca,Zona Huesca,10.4,7.1,8.4,7.0,0.0,14.0
2025-02-13,22125 Huesca,Zona Huesca,14.0,1.6,7.7,0.0,0.0,15.3
2025-02-14,22125 Huesca,Zona Huesca,18.2,6.5,10.7,0.0,0.0,15.4
2025-02-15,22125 Huesca,Zona Huesca,13.9,5.4,8.9,0.0,0.0,18.2
2025-02-16,22125 Huesca,Zona Huesca,15.8,5.4,9.3,0.0,0.0,15.2
2025-02-17,22125 Huesca,Zona Huesca,15.4,6.8,10.3,0.0,0.0,8.5
2025-02-18,22125 Huesca,Zona Huesca,14.5,6.2,9.9,0.0,0.0,18.6
2025-02-19,22125 Huesca,Zona Huesca,14.5,6.2,9.8,0.0,0.0,12.8
2025-02-20,22125 Huesca,Zona Huesca,13.5,6.0,9.5,0.0,0.0,9.4
2025-02-21,22125 Huesca,Zona Huesca,13.1,8.2,10.2,0.4,0.0,24.7
2025-02-22,22125 Huesca,Zona Huesca,14.4,4.8,10.3,4.2,0.0,25.4
2025-02-23,22125 Huesca,Zona Huesca,14.1,3.0,7.7,0.0,0.0,9.2
2025-02-24,22125 Huesca,Zona Huesca,12.7,5.4,8.6,0.0,0.0,7.1
2025-02-25,22125 Huesca,Zona Huesca,12.9,6.0,9.0,0.1,0.0,26.7
2025-02-26,22125 Huesca,Zona Huesca,13.2,2.5,7.3,0.0,0.0,19.7
2025-02-27,22125 Huesca,Zona Huesca,11.4,1.2,6.0,0.0,0.0,11.2
2025-02-28,22125 Huesca,Zona Huesca,13.1,2.0,7.3,0.0,0.0,10.1
2025-03-01,22125 Huesca,Zona Huesca,9.4,5.8,7.4,4.4,0.0,13.8
2025-03-02,22125 Huesca,Zona Huesca,9.9,4.5,6.6,3.3,0.0,21.2
2025-03-03,22125 Huesca,Zona Huesca,13.1,6.2,8.6,8.8,0.0,19.7
2025-03-04,22125 Huesca,Zona Huesca,14.2,7.8,10.6,3.9,0.0,20.7
2025-03-05,22125 Huesca,Zona Huesca,14.9,6.9,10.5,0.0,0.0,21.7
2025-03-06,22125 Huesca,Zona Huesca,14.1,8.0,10.3,0.1,0.0,26.2
2025-03-07,22125 Huesca,Zona Huesca,12.5,7.1,9.8,1.1,0.0,22.7
2025-03-08,22125 Huesca,Zona Huesca,12.9,9.0,10.3,16.0,0.0,35.8
2025-03-09,22125 Huesca,Zona Huesca,12.1,5.8,8.7,11.0,0.0,35.8
2025-03-10,22125 Huesca,Zona Huesca,12.6,4.8,8.0,4.2,0.0,11.4
2025-03-11,22125 Huesca,Zona Huesca,11.9,7.3,8.9,8.7,0.0,17.6
2025-03-12,22125 Huesca,Zona Huesca,13.6,5.1,8.7,0.0,0.0,23.3
2025-03-13,22125 Huesca,Zona Huesca,10.6,3.8,7.2,0.4,0.0,10.6
2025-03-14,22125 Huesca,Zona Huesca,7.1,2.2,5.2,5.3,0.0,6.2
2025-03-15,22125 Huesca,Zona Huesca,10.4,-1.5,4.0,0.0,0.0,21.7
2025-03-16,22125 Huesca,Zona Huesca,7.2,-1.9,2.9,1.2,0.0,10.1
2025-03-17,22125 Huesca,Zona Huesca,10.1,-1.8,4.2,0.0,0.0,13.3
2025-03-18,22125 Huesca,Zona Huesca,10.9,4.2,6.9,6.3,0.0,23.7
2025-03-19,22125 Huesca,Zona Huesca,13.1,7.2,10.1,7.1,0.0,26.1
2025-03-20,22125 Huesca,Zona Huesca,15.8,10.1,12.7,0.8,0.0,33.4
2025-03-21,22125 Huesca,Zona Huesca,12.9,9.6,11.3,26.2,0.0,32.5
2025-03-22,22125 Huesca,Zona Huesca,12.3,6.6,9.4,11.4,0.0,18.1
2025-03-23,22125 Huesca,Zona Huesca,8.8,4.4,6.8,12.1,0.0,11.1
2025-03-24,22125 Huesca,Zona Huesca,11.6,0.8,6.1,0.1,0.0,18.3
2025-03-25,22125 Huesca,Zona Huesca,16.0,1.9,8.2,0.0,0.0,15.8
2025-03-26,22125 Huesca,Zona Huesca,14.9,3.0,8.5,0.0,0.0,17.5
2025-03-27,22125 Huesca,Zona Huesca,14.9,4.2,8.5,0.0,0.0,14.9
2025-03-28,22125 Huesca,Zona Huesca,15.1,1.9,8.6,0.0,0.0,28.2
2025-03-29,22125 Huesca,Zona Huesca,11.1,6.3,9.1,0.0,0.0,33.8
2025-03-30,22125 Huesca,Zona Huesca,15.8,-0.6,7.5,0.0,0.0,17.6
2025-03-31,22125 Huesca,Zona Huesca,19.5,4.6,11.0,0.0,0.0,9.3
2025-04-01,22125 Huesca,Zona Huesca,19.0,9.3,13.6,0.0,0.0,19.3
2025-04-02,22125 Huesca,Zona Huesca,10.5,8.4,9.7,10.5,0.0,28.7
2025-04-03,22125 Huesca,Zona Huesca,12.8,8.2,10.3,5.4,0.0,25.8
2025-04-04,22125 Huesca,Zona Huesca,17.3,9.4,12.5,1.6,0.0,24.8
2025-04-05,22125 Huesca,Zona Huesca,17.5,8.4,12.6,4.5,0.0,19.8
2025-04-06,22125 Huesca,Zona Huesca,19.5,7.2,12.4,0.0,0.0,16.2
2025-04-07,22125 Huesca,Zona Huesca,19.5,7.8,13.4,0.0,0.0,12.1
2025-04-08,22125 Huesca,Zona Huesca,19.8,9.1,14.3,0.0,0.0,14.8
2025-04-09,22125 Huesca,Zona Huesca,20.5,10.1,14.8,0.0,0.0,22.8
2025-04-10,22125 Huesca,Zona Huesca,19.2,10.5,14.0,0.8,0.0,18.0
2025-04-11,22125 Huesca,Zona Huesca,17.2,9.4,13.2,0.1,0.0,20.8
2025-04-12,22125 Huesca,Zona Huesca,18.1,9.1,13.6,3.4,0.0,15.7
2025-04-13,22125 Huesca,Zona Huesca,18.6,10.4,13.9,7.5,0.0,15.7
2025-04-14,22125 Huesca,Zona Huesca,16.0,11.2,13.0,11.2,0.0,15.2
2025-04-15,22125 Huesca,Zona Huesca,14.9,6.9,10.8,4.0,0.0,21.3
2025-04-16,22125 Huesca,Zona Huesca,13.1,4.8,8.7,0.1,0.0,24.5
2025-04-17,22125 Huesca,Zona Huesca,14.8,5.3,9.5,0.0,0.0,26.7
2025-04-18,22125 Huesca,Zona Huesca,17.7,6.5,11.9,2.8,0.0,18.1
2025-04-19,22125 Huesca,Zona Huesca,11.6,5.1,9.6,29.7,0.0,21.4
2025-04-20,22125 Huesca,Zona Huesca,13.2,5.4,9.3,2.9,0.0,17.1
2025-04-21,22125 Huesca,Zona Huesca,16.5,4.7,11.1,0.0,0.0,19.8
2025-04-22,22125 Huesca,Zona Huesca,16.3,8.4,11.7,8.0,0.0,17.2
2025-04-23,22125 Huesca,Zona Huesca,19.2,3.6,11.4,0.0,0.0,26.0
2025-04-24,22125 Huesca,Zona Huesca,21.9,9.2,14.9,0.0,0.0,21.4
2025-04-25,22125 Huesca,Zona Huesca,21.4,9.4,15.2,0.0,0.0,8.7
2025-04-26,22125 Huesca,Zona Huesca,17.8,9.6,13.9,1.6,0.0,28.5
2025-04-27,22125 Huesca,Zona Huesca,18.6,9.3,13.7,0.3,0.0,20.6
2025-04-28,22125 Huesca,Zona Huesca,19.2,8.5,13.8,0.0,0.0,16.9
2025-04-29,22125 Huesca,Zona Huesca,19.3,10.9,14.7,0.0,0.0,20.7
2025-04-30,22125 Huesca,Zona Huesca,19.9,10.4,15.0,0.0,0.0,26.9
2025-05-01,22125 Huesca,Zona Huesca,22.0,11.7,16.3,2.7,0.0,25.7
2025-05-02,22125 Huesca,Zona Huesca,17.9,14.4,15.9,16.6,0.0,28.7
2025-05-03,22125 Huesca,Zona Huesca,21.5,11.9,16.6,4.3,0.0,14.0
2025-05-04,22125 Huesca,Zona Huesca,18.6,10.6,14.4,12.3,0.0,18.6
2025-05-05,22125 Huesca,Zona Huesca,18.4,9.1,13.7,0.0,0.0,29.6
2025-05-06,22125 Huesca,Zona Huesca,16.1,7.2,11.1,0.3,0.0,24.3
2025-05-07,22125 Huesca,Zona Huesca,16.9,4.1,10.3,0.0,0.0,10.8
2025-05-08,22125 Huesca,Zona Huesca,18.0,7.7,12.5,0.8,0.0,14.8
2025-05-09,22125 Huesca,Zona Huesca,18.2,7.8,12.8,12.5,0.0,18.3
2025-05-10,22125 Huesca,Zona Huesca,16.4,11.2,12.8,47.0,0.0,26.6
2025-05-11,22125 Huesca,Zona Huesca,16.5,9.4,12.6,17.5,0.0,13.5
2025-05-12,22125 Huesca,Zona Huesca,17.3,7.1,12.6,0.0,0.0,12.9
2025-05-13,22125 Huesca,Zona Huesca,18.9,8.1,13.6,5.2,0.0,14.9
2025-05-14,22125 Huesca,Zona Huesca,19.5,9.9,14.6,0.1,0.0,15.0
2025-05-15,22125 Huesca,Zona Huesca,20.0,9.2,14.7,0.1,0.0,21.5
2025-05-16,22125 Huesca,Zona Huesca,21.9,9.8,15.8,0.0,0.0,22.3
2025-05-17,22125 Huesca,Zona Huesca,20.9,8.5,14.6,0.0,0.0,7.6
2025-05-18,22125 Huesca,Zona Huesca,24.5,12.3,18.1,0.3,0.0,15.0
2025-05-19,22125 Huesca,Zona Huesca,21.6,12.5,16.8,0.4,0.0,28.0
2025-05-20,22125 Huesca,Zona Huesca,21.6,12.1,16.0,0.0,0.0,25.3
2025-05-21,22125 Huesca,Zona Huesca,23.1,9.1,15.6,0.0,0.0,24.5
2025-05-22,22125 Huesca,Zona Huesca,21.0,11.6,16.0,0.0,0.0,26.1
2025-05-23,22125 Huesca,Zona Huesca,21.0,7.2,13.9,0.0,0.0,16.9
2025-05-24,22125 Huesca,Zona Huesca,23.2,8.0,15.0,0.0,0.0,16.8
2025-05-25,22125 Huesca,Zona Huesca,26.9,10.9,18.2,0.0,0.0,19.8
2025-05-26,22125 Huesca,Zona Huesca,25.9,11.4,18.5,0.0,0.0,16.4
2025-05-27,22125 Huesca,Zona Huesca,26.6,9.2,17.6,0.0,0.0,15.1
2025-05-28,22125 Huesca,Zona Huesca,29.9,13.4,21.1,0.0,0.0,22.5
2025-05-29,22125 Huesca,Zona Huesca,31.9,14.8,23.0,0.0,0.0,13.6
2025-05-30,22125 Huesca,Zona Huesca,33.0,18.3,25.6,0.0,0.0,21.7
2025-05-31,22125 Huesca,Zona Huesca,32.3,18.6,25.6,0.0,0.0,17.9
2025-06-01,22125 Huesca,Zona Huesca,31.3,19.5,24.6,0.8,0.0,16.4
2025-06-02,22125 Huesca,Zona Huesca,24.6,16.8,20.6,7.7,0.0,21.7
2025-06-03,22125 Huesca,Zona Huesca,26.0,15.8,20.6,1.0,0.0,23.5
2025-06-04,22125 Huesca,Zona Huesca,23.8,14.2,18.7,3.1,0.0,17.2
2025-06-05,22125 Huesca,Zona Huesca,25.0,13.6,19.4,0.0,0.0,10.9
2025-06-06,22125 Huesca,Zona Huesca,29.2,17.5,23.0,0.0,0.0,13.6
2025-06-07,22125 Huesca,Zona Huesca,28.1,16.4,22.7,0.0,0.0,18.4
2025-06-08,22125 Huesca,Zona Huesca,27.6,14.9,21.8,0.0,0.0,12.0
2025-06-09,22125 Huesca,Zona Huesca,30.8,15.9,23.2,0.0,0.0,11.0
2025-06-10,22125 Huesca,Zona Huesca,33.9,20.0,27.0,0.0,0.0,16.6
2025-06-11,22125 Huesca,Zona Huesca,33.2,20.2,27.1,5.6,0.0,17.7
2025-06-12,22125 Huesca,Zona Huesca,31.9,20.5,26.3,0.0,0.0,15.4
2025-06-13,22125 Huesca,Zona Huesca,32.5,19.5,25.9,1.7,0.0,22.6
2025-06-14,22125 Huesca,Zona Huesca,33.0,21.7,27.0,0.0,0.0,18.4
2025-06-15,22125 Huesca,Zona Huesca,30.5,17.7,24.5,0.2,0.0,14.7
2025-06-16,22125 Huesca,Zona Huesca,30.9,16.1,23.3,0.0,0.0,10.2
2025-06-17,22125 Huesca,Zona Huesca,35.2,19.1,26.7,0.0,0.0,21.8
2025-06-18,22125 Huesca,Zona Huesca,33.5,18.9,26.3,0.0,0.0,21.0
2025-06-19,22125 Huesca,Zona Huesca,35.3,20.4,27.4,0.0,0.0,25.4
2025-06-20,22125 Huesca,Zona Huesca,35.5,21.3,28.2,0.0,0.0,17.1
2025-06-21,22125 Huesca,Zona Huesca,35.4,22.1,29.2,0.1,0.0,18.2
2025-06-22,22125 Huesca,Zona Huesca,34.4,22.9,28.2,0.8,0.0,14.9
2025-06-23,22125 Huesca,Zona Huesca,35.2,21.5,27.9,0.5,0.0,15.2
2025-06-24,22125 Huesca,Zona Huesca,35.2,23.1,29.1,0.0,0.0,17.0
2025-06-25,22125 Huesca,Zona Huesca,34.0,22.1,27.3,0.8,0.0,19.9
2025-06-26,22125 Huesca,Zona Huesca,30.9,18.3,25.4,0.0,0.0,15.1
2025-06-27,22125 Huesca,Zona Huesca,34.8,17.9,26.1,0.0,0.0,19.3
2025-06-28,22125 Huesca,Zona Huesca,37.0,20.4,28.3,0.0,0.0,15.7
2025-06-29,22125 Huesca,Zona Huesca,36.9,21.9,29.3,0.0,0.0,15.3
2025-06-30,22125 Huesca,Zona Huesca,38.8,22.5,30.4,0.0,0.0,21.5
2025-07-01,22125 Huesca,Zona Huesca,37.3,24.9,30.5,1.2,0.0,24.6
2025-07-02,22125 Huesca,Zona Huesca,34.9,23.4,29.5,0.0,0.0,15.5
2025-07-03,22125 Huesca,Zona Huesca,32.8,20.1,26.1,0.6,0.0,19.4
2025-07-04,22125 Huesca,Zona Huesca,33.8,20.6,27.6,1.8,0.0,12.1
2025-07-05,22125 Huesca,Zona Huesca,33.3,23.6,27.7,1.2,0.0,20.0
2025-07-06,22125 Huesca,Zona Huesca,31.8,18.7,25.1,0.0,0.0,23.6
2025-07-07,22125 Huesca,Zona Huesca,26.5,16.9,21.9,0.0,0.0,33.2
2025-07-08,22125 Huesca,Zona Huesca,29.6,12.4,21.3,0.0,0.0,22.0
2025-07-09,22125 Huesca,Zona Huesca,30.9,14.6,23.1,0.0,0.0,13.7
2025-07-10,22125 Huesca,Zona Huesca,33.0,21.1,26.5,0.1,0.0,19.7
2025-07-11,22125 Huesca,Zona Huesca,31.1,20.9,25.5,1.4,0.0,19.9
2025-07-12,22125 Huesca,Zona Huesca,22.9,18.2,20.3,33.4,0.0,18.2
2025-07-13,22125 Huesca,Zona Huesca,28.5,15.4,22.0,0.0,0.0,11.6
2025-07-14,22125 Huesca,Zona Huesca,30.5,18.5,24.8,0.0,0.0,15.5
2025-07-15,22125 Huesca,Zona Huesca,31.4,18.8,24.8,0.0,0.0,19.1
2025-07-16,22125 Huesca,Zona Huesca,35.8,15.9,24.6,0.0,0.0,20.5
2025-07-17,22125 Huesca,Zona Huesca,36.0,19.7,27.7,0.0,0.0,20.7
2025-07-18,22125 Huesca,Zona Huesca,34.2,20.9,27.6,0.0,0.0,18.6
2025-07-19,22125 Huesca,Zona Huesca,29.5,19.1,24.9,0.4,0.0,19.5
2025-07-20,22125 Huesca,Zona Huesca,29.0,19.5,24.6,0.0,0.0,18.3
2025-07-21,22125 Huesca,Zona Huesca,27.4,15.2,22.0,0.0,0.0,20.9
2025-07-22,22125 Huesca,Zona Huesca,30.0,14.8,22.6,0.0,0.0,13.0
2025-07-23,22125 Huesca,Zona Huesca,28.1,18.4,23.0,1.9,0.0,22.8
2025-07-24,22125 Huesca,Zona Huesca,27.1,14.3,20.7,0.0,0.0,18.1
2025-07-25,22125 Huesca,Zona Huesca,27.9,14.4,21.0,0.0,0.0,21.7
2025-07-26,22125 Huesca,Zona Huesca,28.7,13.9,21.3,0.0,0.0,19.0
2025-07-27,22125 Huesca,Zona Huesca,30.6,15.2,22.4,0.0,0.0,27.1
2025-07-28,22125 Huesca,Zona Huesca,29.0,16.5,23.1,0.0,0.0,29.1
2025-07-29,22125 Huesca,Zona Huesca,28.5,13.3,21.3,0.0,0.0,18.5
2025-07-30,22125 Huesca,Zona Huesca,29.8,13.9,21.9,0.0,0.0,18.5
2025-07-31,22125 Huesca,Zona Huesca,30.2,16.4,23.1,0.0,0.0,13.5
2025-08-01,22125 Huesca,Zona Huesca,30.4,15.6,22.8,0.0,0.0,20.7
2025-08-02,22125 Huesca,Zona Huesca,32.0,13.5,23.0,0.0,0.0,21.0
2025-08-03,22125 Huesca,Zona Huesca,32.0,16.9,23.6,0.0,0.0,19.4
2025-08-04,22125 Huesca,Zona Huesca,33.9,18.8,25.8,0.0,0.0,18.4
2025-08-05,22125 Huesca,Zona Huesca,36.0,20.5,27.6,0.0,0.0,20.5
2025-08-06,22125 Huesca,Zona Huesca,32.7,18.9,25.9,0.0,0.0,13.3
2025-08-07,22125 Huesca,Zona Huesca,35.8,20.1,27.9,0.0,0.0,17.9
2025-08-08,22125 Huesca,Zona Huesca,36.7,21.1,29.1,0.0,0.0,18.4
2025-08-09,22125 Huesca,Zona Huesca,37.8,22.0,29.9,0.0,0.0,17.3
2025-08-10,22125 Huesca,Zona Huesca,38.0,24.0,30.8,0.0,0.0,13.4
2025-08-11,22125 Huesca,Zona Huesca,39.8,25.5,32.4,0.0,0.0,14.7
2025-08-12,22125 Huesca,Zona Huesca,37.2,25.7,31.4,0.0,0.0,16.0
2025-08-13,22125 Huesca,Zona Huesca,35.2,23.0,29.1,0.1,0.0,20.3
2025-08-14,22125 Huesca,Zona Huesca,35.0,22.6,28.6,0.0,0.0,13.1
2025-08-15,22125 Huesca,Zona Huesca,36.5,23.5,30.0,0.0,0.0,12.6
2025-08-16,22125 Huesca,Zona Huesca,37.2,24.1,30.6,0.0,0.0,13.5
2025-08-17,22125 Huesca,Zona Huesca,39.9,23.8,31.6,0.0,0.0,24.8
2025-08-18,22125 Huesca,Zona Huesca,35.2,24.8,28.4,1.5,0.0,16.2
2025-08-19,22125 Huesca,Zona Huesca,26.9,19.2,22.6,22.2,0.0,15.7
2025-08-20,22125 Huesca,Zona Huesca,26.2,16.2,20.8,0.5,0.0,26.4
2025-08-21,22125 Huesca,Zona Huesca,26.4,16.2,20.6,0.0,0.0,27.9
2025-08-22,22125 Huesca,Zona Huesca,27.5,13.6,20.3,0.0,0.0,14.8
2025-08-23,22125 Huesca,Zona Huesca,28.8,13.4,20.8,0.0,0.0,9.0
2025-08-24,22125 Huesca,Zona Huesca,32.4,17.8,24.8,0.2,0.0,14.2
2025-08-25,22125 Huesca,Zona Huesca,30.5,20.4,25.6,0.0,0.0,14.3
2025-08-26,22125 Huesca,Zona Huesca,33.3,22.4,27.6,0.3,0.0,16.0
2025-08-27,22125 Huesca,Zona Huesca,27.2,19.4,22.8,16.1,0.0,18.5
2025-08-28,22125 Huesca,Zona Huesca,24.4,16.3,20.1,14.0,0.0,26.9
2025-08-29,22125 Huesca,Zona Huesca,24.1,11.9,17.9,0.0,0.0,28.0
2025-08-30,22125 Huesca,Zona Huesca,27.6,15.9,21.3,0.0,0.0,17.6
2025-08-31,22125 Huesca,Zona Huesca,28.5,16.0,21.8,3.9,0.0,22.9
2025-09-01,22125 Huesca,Zona Huesca,23.0,13.0,18.1,0.1,0.0,26.3
2025-09-02,22125 Huesca,Zona Huesca,24.1,12.2,17.9,0.0,0.0,12.8
2025-09-03,22125 Huesca,Zona Huesca,27.8,14.8,21.1,0.0,0.0,11.5
2025-09-04,22125 Huesca,Zona Huesca,28.0,17.6,22.4,0.0,0.0,21.8
2025-09-05,22125 Huesca,Zona Huesca,27.0,12.2,19.7,0.0,0.0,15.4
2025-09-06,22125 Huesca,Zona Huesca,29.1,17.4,22.6,0.0,0.0,25.3
2025-09-07,22125 Huesca,Zona Huesca,30.5,19.6,24.5,0.0,0.0,20.8
2025-09-08,22125 Huesca,Zona Huesca,28.5,17.8,23.2,0.3,0.0,11.0
2025-09-09,22125 Huesca,Zona Huesca,25.5,14.6,19.9,0.1,0.0,17.3
2025-09-10,22125 Huesca,Zona Huesca,24.8,12.8,18.5,0.0,0.0,22.7
2025-09-11,22125 Huesca,Zona Huesca,26.1,15.1,20.3,0.0,0.0,24.2
2025-09-12,22125 Huesca,Zona Huesca,26.2,15.8,20.7,0.0,0.0,15.2
2025-09-13,22125 Huesca,Zona Huesca,27.1,17.6,21.1,30.7,0.0,16.7
2025-09-14,22125 Huesca,Zona Huesca,29.2,14.4,21.8,0.0,0.0,18.7
2025-09-15,22125 Huesca,Zona Huesca,30.3,17.1,23.4,0.0,0.0,14.2
2025-09-16,22125 Huesca,Zona Huesca,27.9,18.6,22.3,0.1,0.0,11.2
2025-09-17,22125 Huesca,Zona Huesca,30.8,17.6,23.5,0.0,0.0,11.9
2025-09-18,22125 Huesca,Zona Huesca,31.7,18.3,24.8,0.0,0.0,17.0
2025-09-19,22125 Huesca,Zona Huesca,29.6,18.4,23.8,0.0,0.0,18.8
2025-09-20,22125 Huesca,Zona Huesca,28.8,18.8,22.9,31.9,0.0,20.9
2025-09-21,22125 Huesca,Zona Huesca,22.8,13.6,18.5,38.7,0.0,19.2
2025-09-22,22125 Huesca,Zona Huesca,19.0,9.6,14.1,0.0,0.0,23.7
2025-09-23,22125 Huesca,Zona Huesca,20.1,6.8,12.8,0.0,0.0,25.0
2025-09-24,22125 Huesca,Zona Huesca,19.5,6.3,12.7,0.0,0.0,24.8
2025-09-25,22125 Huesca,Zona Huesca,20.7,6.6,12.6,0.0,0.0,16.7
2025-09-26,22125 Huesca,Zona Huesca,21.0,6.2,12.6,0.0,0.0,15.9
2025-09-27,22125 Huesca,Zona Huesca,23.9,7.7,16.2,0.0,0.0,11.9
2025-09-28,22125 Huesca,Zona Huesca,25.5,15.9,19.1,2.9,0.0,17.9
2025-09-29,22125 Huesca,Zona Huesca,21.1,12.9,16.5,0.3,0.0,7.4
2025-09-30,22125 Huesca,Zona Huesca,22.8,11.1,16.7,0.0,0.0,16.0
2025-10-01,22125 Huesca,Zona Huesca,23.0,10.1,16.0,0.0,0.0,9.4
2025-10-02,22125 Huesca,Zona Huesca,22.9,11.9,16.9,0.0,0.0,7.9
2025-10-03,22125 Huesca,Zona Huesca,24.0,13.2,16.9,0.0,0.0,10.7
2025-10-04,22125 Huesca,Zona Huesca,26.8,11.8,18.7,0.0,0.0,24.2
2025-10-05,22125 Huesca,Zona Huesca,20.5,10.1,15.4,0.0,0.0,25.2
2025-10-06,22125 Huesca,Zona Huesca,19.9,7.1,12.9,0.0,0.0,6.2
2025-10-07,22125 Huesca,Zona Huesca,21.8,10.6,15.6,0.0,0.0,8.2
2025-10-08,22125 Huesca,Zona Huesca,24.5,12.1,17.3,0.0,0.0,11.7
2025-10-09,22125 Huesca,Zona Huesca,22.1,13.0,17.2,0.0,0.0,7.0
2025-10-10,22125 Huesca,Zona Huesca,22.1,10.9,16.2,0.0,0.0,10.6
2025-10-11,22125 Huesca,Zona Huesca,23.8,12.6,17.4,0.0,0.0,16.6
2025-10-12,22125 Huesca,Zona Huesca,23.4,13.1,17.5,0.0,0.0,13.9
2025-10-13,22125 Huesca,Zona Huesca,21.4,13.6,16.3,5.5,0.0,11.9
2025-10-14,22125 Huesca,Zona Huesca,21.5,12.4,16.2,1.2,0.0,11.4
2025-10-15,22125 Huesca,Zona Huesca,20.8,12.1,15.7,0.0,0.0,7.4
2025-10-16,22125 Huesca,Zona Huesca,20.6,13.4,16.2,0.0,0.0,13.6
2025-10-17,22125 Huesca,Zona Huesca,20.6,11.9,15.7,0.0,0.0,11.6
2025-10-18,22125 Huesca,Zona Huesca,20.8,11.9,15.5,0.0,0.0,9.5
2025-10-19,22125 Huesca,Zona Huesca,20.2,11.9,16.3,0.0,0.0,17.8
2025-10-20,22125 Huesca,Zona Huesca,20.6,13.1,16.3,7.4,0.0,19.5
2025-10-21,22125 Huesca,Zona Huesca,22.6,11.2,16.1,0.0,0.0,18.7
2025-10-22,22125 Huesca,Zona Huesca,23.0,13.7,17.7,0.0,0.0,22.7
2025-10-23,22125 Huesca,Zona Huesca,17.9,12.1,15.6,0.3,0.0,37.5
2025-10-24,22125 Huesca,Zona Huesca,16.7,7.1,11.8,0.4,0.0,17.5
2025-10-25,22125 Huesca,Zona Huesca,17.2,11.4,13.5,3.4,0.0,17.0
2025-10-26,22125 Huesca,Zona Huesca,16.5,7.8,12.2,0.0,0.0,27.2
2025-10-27,22125 Huesca,Zona Huesca,18.7,3.0,9.8,0.0,0.0,21.8
2025-10-28,22125 Huesca,Zona Huesca,16.6,5.5,10.3,0.0,0.0,10.9
2025-10-29,22125 Huesca,Zona Huesca,14.1,11.0,12.3,10.9,0.0,20.8
2025-10-30,22125 Huesca,Zona Huesca,19.0,8.6,13.1,0.7,0.0,8.8
2025-10-31,22125 Huesca,Zona Huesca,17.6,9.9,13.4,0.0,0.0,10.2
2025-11-01,22125 Huesca,Zona Huesca,18.0,12.1,14.7,0.1,0.0,8.8
2025-11-02,22125 Huesca,Zona Huesca,17.3,11.4,14.1,0.0,0.0,26.5
2025-11-03,22125 Huesca,Zona Huesca,17.0,6.6,11.6,0.0,0.0,17.1
2025-11-04,22125 Huesca,Zona Huesca,17.9,8.1,12.5,0.0,0.0,16.1
2025-11-05,22125 Huesca,Zona Huesca,17.6,11.2,14.1,3.0,0.0,29.3
2025-11-06,22125 Huesca,Zona Huesca,14.6,9.8,12.5,20.7,0.0,27.3
2025-11-07,22125 Huesca,Zona Huesca,14.9,7.3,10.9,0.0,0.0,17.1
2025-11-08,22125 Huesca,Zona Huesca,15.4,9.1,11.3,5.8,0.0,24.4
2025-11-09,22125 Huesca,Zona Huesca,14.6,3.0,8.7,0.0,0.0,14.8
2025-11-10,22125 Huesca,Zona Huesca,15.9,5.8,10.0,0.0,0.0,13.2
2025-11-11,22125 Huesca,Zona Huesca,16.2,7.0,10.7,0.0,0.0,12.7
2025-11-12,22125 Huesca,Zona Huesca,18.6,10.1,13.7,0.0,0.0,27.0
2025-11-13,22125 Huesca,Zona Huesca,20.4,13.6,16.3,0.0,0.0,30.9
2025-11-14,22125 Huesca,Zona Huesca,16.9,11.9,14.4,20.6,0.0,30.1
2025-11-15,22125 Huesca,Zona Huesca,15.6,9.0,11.9,8.0,0.0,22.2
2025-11-16,22125 Huesca,Zona Huesca,14.9,7.4,10.9,10.4,0.0,22.1
2025-11-17,22125 Huesca,Zona Huesca,16.5,6.2,10.0,0.0,0.0,12.8
2025-11-18,22125 Huesca,Zona Huesca,11.4,3.0,6.2,0.0,0.0,10.6
2025-11-19,22125 Huesca,Zona Huesca,11.6,-1.1,4.6,0.0,0.0,25.5
2025-11-20,22125 Huesca,Zona Huesca,9.6,2.6,5.4,1.7,0.98,23.9
2025-11-21,22125 Huesca,Zona Huesca,6.2,1.0,3.0,0.0,0.0,27.4
2025-11-22,22125 Huesca,Zona Huesca,9.7,0.6,4.0,0.0,0.0,21.8
2025-11-23,22125 Huesca,Zona Huesca,12.9,3.0,7.8,0.1,0.0,21.3
2025-11-24,22125 Huesca,Zona Huesca,12.7,7.7,9.7,2.7,0.0,26.4
2025-11-25,22125 Huesca,Zona Huesca,10.4,5.9,7.7,0.0,0.0,29.9
2025-11-26,22125 Huesca,Zona Huesca,10.0,1.9,5.5,0.0,0.0,19.7
2025-11-27,22125 Huesca,Zona Huesca,10.6,-2.5,3.1,0.0,0.0,12.4
2025-11-28,22125 Huesca,Zona Huesca,10.2,1.8,5.4,0.0,0.0,5.7
2025-11-29,22125 Huesca,Zona Huesca,9.9,2.0,5.4,0.0,0.0,3.4
2025-11-30,22125 Huesca,Zona Huesca,11.3,2.5,5.9,0.0,0.0,9.3
2025-12-01,22125 Huesca,Zona Huesca,8.9,0.6,4.3,0.0,0.0,6.0
2025-12-02,22125 Huesca,Zona Huesca,7.4,2.0,4.6,1.2,0.0,12.0
2025-12-03,22125 Huesca,Zona Huesca,10.6,1.0,5.1,0.0,0.0,23.1
2025-12-04,22125 Huesca,Zona Huesca,9.6,3.2,5.9,2.0,0.0,24.2
2025-12-05,22125 Huesca,Zona Huesca,12.6,4.8,7.4,0.6,0.0,21.6
2025-12-06,22125 Huesca,Zona Huesca,15.7,4.6,9.4,0.0,0.0,13.0
2025-12-07,22125 Huesca,Zona Huesca,15.2,7.0,10.6,0.0,0.0,11.9
2025-12-08,22125 Huesca,Zona Huesca,13.4,4.6,8.0,0.0,0.0,7.7
2025-12-09,22125 Huesca,Zona Huesca,14.4,5.7,8.9,0.0,0.0,7.3
2025-12-10,22125 Huesca,Zona Huesca,11.1,6.3,8.8,1.1,0.0,8.2
2025-12-11,22125 Huesca,Zona Huesca,12.4,5.2,7.8,0.0,0.0,11.3
2025-12-12,22125 Huesca,Zona Huesca,12.2,5.1,7.6,0.0,0.0,12.7
2025-12-13,22125 Huesca,Zona Huesca,11.9,5.3,7.7,0.0,0.0,7.4
2025-12-14,22125 Huesca,Zona Huesca,10.9,3.6,6.8,0.0,0.0,9.9
2025-12-15,22125 Huesca,Zona Huesca,12.0,7.1,9.2,11.0,0.0,19.7
2025-12-16,22125 Huesca,Zona Huesca,12.6,6.7,9.3,2.5,0.0,18.7
2025-12-17,22125 Huesca,Zona Huesca,13.1,6.2,9.1,0.1,0.0,7.7
2025-12-18,22125 Huesca,Zona Huesca,12.5,6.9,9.0,0.0,0.0,15.6
2025-12-19,22125 Huesca,Zona Huesca,10.9,6.8,8.8,0.0,0.0,11.6
2025-12-20,22125 Huesca,Zona Huesca,11.2,5.9,7.7,0.0,0.0,7.1
2025-12-21,22125 Huesca,Zona Huesca,8.0,2.9,6.1,11.1,0.0,19.1
2025-12-22,22125 Huesca,Zona Huesca,7.7,1.2,4.0,0.0,0.0,21.6
2025-12-23,22125 Huesca,Zona Huesca,11.0,2.4,5.9,0.1,0.0,20.4
2025-12-24,22125 Huesca,Zona Huesca,10.1,1.6,4.4,0.0,0.0,13.7
2025-12-25,22125 Huesca,Zona Huesca,3.7,1.3,2.5,4.0,0.07,17.0
2025-12-26,22125 Huesca,Zona Huesca,7.6,2.3,5.3,13.6,0.0,18.0
2025-12-27,22125 Huesca,Zona Huesca,11.6,5.3,7.7,4.3,0.0,14.5
2025-12-28,22125 Huesca,Zona Huesca,12.1,5.4,8.0,0.1,0.0,16.0
2025-12-29,22125 Huesca,Zona Huesca,11.0,4.8,7.4,0.1,0.0,8.7
2025-12-30,22125 Huesca,Zona Huesca,11.9,1.0,4.7,0.0,0.0,13.1
2025-12-31,22125 Huesca,Zona Huesca,4.7,-0.5,1.4,0.0,0.0,9.0
2018-01-01,22130 Jaca,Candanchu/Astun,2.3,-3.3,-0.3,11.4,7.98,22.6
2018-01-02,22130 Jaca,Candanchu/Astun,5.7,0.7,3.4,3.6,0.14,16.4
2018-01-03,22130 Jaca,Candanchu/Astun,6.5,3.9,5.2,0.7,0.0,17.1
2018-01-04,22130 Jaca,Candanchu/Astun,7.1,3.0,5.1,0.3,0.0,15.5
2018-01-05,22130 Jaca,Candanchu/Astun,4.3,0.4,2.3,7.0,0.98,8.0
2018-01-06,22130 Jaca,Candanchu/Astun,2.1,0.2,1.3,33.2,20.3,14.8
2018-01-07,22130 Jaca,Candanchu/Astun,1.9,-1.7,0.6,6.5,3.57,15.5
2018-01-08,22130 Jaca,Candanchu/Astun,2.9,-4.7,-0.2,0.0,0.0,8.7
2018-01-09,22130 Jaca,Candanchu/Astun,2.5,-5.3,-1.1,2.0,1.4,9.7
2018-01-10,22130 Jaca,Candanchu/Astun,1.9,-2.6,-0.7,6.5,4.55,7.9
2018-01-11,22130 Jaca,Candanchu/Astun,-0.1,-4.3,-2.0,1.9,1.33,16.5
2018-01-12,22130 Jaca,Candanchu/Astun,1.1,-5.6,-2.2,0.0,0.0,17.2
2018-01-13,22130 Jaca,Candanchu/Astun,1.8,-4.7,-1.6,0.2,0.14,10.8
2018-01-14,22130 Jaca,Candanchu/Astun,1.0,-3.0,-1.5,5.0,3.5,8.5
2018-01-15,22130 Jaca,Candanchu/Astun,1.8,-4.1,-1.5,0.5,0.35,9.0
2018-01-16,22130 Jaca,Candanchu/Astun,5.0,0.2,3.1,4.7,0.77,17.1
2018-01-17,22130 Jaca,Candanchu/Astun,4.2,-1.1,1.3,4.6,1.47,26.3
2018-01-18,22130 Jaca,Candanchu/Astun,7.2,-2.2,1.1,0.0,0.0,11.8
2018-01-19,22130 Jaca,Candanchu/Astun,4.0,-0.2,2.2,1.5,0.28,16.2
2018-01-20,22130 Jaca,Candanchu/Astun,3.8,-0.8,1.7,11.9,0.56,20.3
2018-01-21,22130 Jaca,Candanchu/Astun,6.4,3.6,4.5,18.8,0.0,21.6
2018-01-22,22130 Jaca,Candanchu/Astun,8.1,4.0,5.0,0.8,0.0,19.4
2018-01-23,22130 Jaca,Candanchu/Astun,9.1,0.9,4.2,0.6,0.0,16.9
2018-01-24,22130 Jaca,Candanchu/Astun,11.1,1.4,5.8,0.0,0.0,11.6
2018-01-25,22130 Jaca,Candanchu/Astun,5.3,0.4,2.3,8.1,4.9,18.6
2018-01-26,22130 Jaca,Candanchu/Astun,0.3,-1.8,-0.7,5.5,3.85,23.7
2018-01-27,22130 Jaca,Candanchu/Astun,0.1,-4.5,-2.2,0.3,0.21,23.3
2018-01-28,22130 Jaca,Candanchu/Astun,6.9,-5.0,2.7,0.0,0.0,6.6
2018-01-29,22130 Jaca,Candanchu/Astun,7.3,-4.8,1.9,0.0,0.0,6.3
2018-01-30,22130 Jaca,Candanchu/Astun,8.9,-2.0,5.5,0.0,0.0,5.5
2018-01-31,22130 Jaca,Candanchu/Astun,6.7,-2.1,3.6,0.0,0.0,5.9
2018-02-01,22130 Jaca,Candanchu/Astun,1.6,-4.9,-1.3,2.9,2.03,14.0
2018-02-02,22130 Jaca,Candanchu/Astun,-3.6,-6.2,-4.9,0.3,0.21,25.1
2018-02-03,22130 Jaca,Candanchu/Astun,-0.8,-5.4,-2.9,8.2,5.67,22.3
2018-02-04,22130 Jaca,Candanchu/Astun,0.7,-5.1,-2.0,3.7,2.52,8.4
2018-02-05,22130 Jaca,Candanchu/Astun,0.3,-4.8,-2.5,7.0,4.9,8.9
2018-02-06,22130 Jaca,Candanchu/Astun,-2.9,-6.4,-4.8,0.4,0.28,23.9
2018-02-07,22130 Jaca,Candanchu/Astun,-4.3,-8.0,-6.8,0.0,0.0,22.4
2018-02-08,22130 Jaca,Candanchu/Astun,-4.9,-9.1,-7.1,1.5,1.05,14.7
2018-02-09,22130 Jaca,Candanchu/Astun,0.7,-9.3,-4.0,1.7,1.19,25.3
2018-02-10,22130 Jaca,Candanchu/Astun,-2.5,-8.0,-5.1,2.8,1.89,30.6
2018-02-11,22130 Jaca,Candanchu/Astun,5.4,-2.3,1.2,8.8,1.61,14.8
2018-02-12,22130 Jaca,Candanchu/Astun,-0.1,-8.0,-3.3,0.5,0.35,17.4
2018-02-13,22130 Jaca,Candanchu/Astun,-3.6,-12.7,-5.6,6.9,4.83,8.2
2018-02-14,22130 Jaca,Candanchu/Astun,2.5,-3.4,-0.0,17.5,8.19,8.4
2018-02-15,22130 Jaca,Candanchu/Astun,8.7,1.1,4.2,0.8,0.0,9.3
2018-02-16,22130 Jaca,Candanchu/Astun,8.4,3.0,6.5,1.0,0.0,6.6
2018-02-17,22130 Jaca,Candanchu/Astun,5.9,-1.0,2.4,3.8,0.0,21.5
2018-02-18,22130 Jaca,Candanchu/Astun,4.8,-3.3,0.3,0.9,0.49,18.7
2018-02-19,22130 Jaca,Candanchu/Astun,5.3,0.5,1.9,10.2,5.74,14.2
2018-02-20,22130 Jaca,Candanchu/Astun,3.1,1.0,1.8,19.9,12.6,30.9
2018-02-21,22130 Jaca,Candanchu/Astun,1.2,-4.4,-1.9,3.7,2.59,23.5
2018-02-22,22130 Jaca,Candanchu/Astun,-3.7,-6.9,-5.3,0.0,0.0,26.9
2018-02-23,22130 Jaca,Candanchu/Astun,0.0,-9.5,-4.9,0.0,0.0,9.5
2018-02-24,22130 Jaca,Candanchu/Astun,1.8,-6.0,-2.4,0.0,0.0,8.2
2018-02-25,22130 Jaca,Candanchu/Astun,6.3,-6.7,0.1,0.0,0.0,15.0
2018-02-26,22130 Jaca,Candanchu/Astun,3.0,-7.8,-3.0,0.0,0.0,17.4
2018-02-27,22130 Jaca,Candanchu/Astun,-2.8,-13.7,-8.2,0.0,0.0,15.8
2018-02-28,22130 Jaca,Candanchu/Astun,1.2,-10.0,-2.8,40.0,27.58,19.4
2018-03-01,22130 Jaca,Candanchu/Astun,2.9,1.3,2.0,29.5,8.75,18.7
2018-03-02,22130 Jaca,Candanchu/Astun,2.6,-6.2,-1.3,17.1,9.45,16.9
2018-03-03,22130 Jaca,Candanchu/Astun,2.6,-2.0,0.7,22.5,15.33,12.6
2018-03-04,22130 Jaca,Candanchu/Astun,4.4,-3.5,1.3,24.0,15.47,12.4
2018-03-05,22130 Jaca,Candanchu/Astun,1.8,-2.1,0.2,9.9,6.93,13.8
2018-03-06,22130 Jaca,Candanchu/Astun,0.7,-3.5,-1.2,7.2,5.04,9.8
2018-03-07,22130 Jaca,Candanchu/Astun,1.3,-4.7,-1.7,0.9,0.63,15.3
2018-03-08,22130 Jaca,Candanchu/Astun,3.0,-2.5,0.5,0.0,0.0,13.5
2018-03-09,22130 Jaca,Candanchu/Astun,7.2,3.0,4.8,11.3,0.0,12.3
2018-03-10,22130 Jaca,Candanchu/Astun,7.3,2.6,4.7,44.4,1.26,15.1
2018-03-11,22130 Jaca,Candanchu/Astun,3.1,-0.8,1.6,14.1,5.25,13.4
2018-03-12,22130 Jaca,Candanchu/Astun,3.0,-1.1,0.4,5.9,3.78,14.0
2018-03-13,22130 Jaca,Candanchu/Astun,2.6,-1.4,0.5,2.2,1.33,8.2
2018-03-14,22130 Jaca,Candanchu/Astun,5.2,-0.8,2.6,17.1,0.77,19.5
2018-03-15,22130 Jaca,Candanchu/Astun,2.6,-2.7,0.5,34.0,16.59,12.3
2018-03-16,22130 Jaca,Candanchu/Astun,2.2,-4.1,-0.5,3.5,2.38,8.0
2018-03-17,22130 Jaca,Candanchu/Astun,0.4,-4.3,-1.8,3.4,2.38,10.9
2018-03-18,22130 Jaca,Candanchu/Astun,1.4,-4.8,-1.9,1.1,0.77,14.0
2018-03-19,22130 Jaca,Candanchu/Astun,0.1,-5.8,-3.0,10.2,7.07,17.7
2018-03-20,22130 Jaca,Candanchu/Astun,-2.7,-7.0,-4.9,1.8,1.26,32.9
2018-03-21,22130 Jaca,Candanchu/Astun,-3.6,-6.9,-5.2,2.5,1.75,37.6
2018-03-22,22130 Jaca,Candanchu/Astun,2.0,-5.4,-3.0,0.1,0.07,32.4
2018-03-23,22130 Jaca,Candanchu/Astun,5.5,-2.6,1.0,0.8,0.14,14.0
2018-03-24,22130 Jaca,Candanchu/Astun,2.1,-2.0,0.1,15.5,9.17,15.9
2018-03-25,22130 Jaca,Candanchu/Astun,2.3,-2.2,-0.1,4.2,2.94,9.7
2018-03-26,22130 Jaca,Candanchu/Astun,2.1,-1.0,0.3,5.5,3.92,15.9
2018-03-27,22130 Jaca,Candanchu/Astun,6.0,-1.2,2.8,2.0,0.35,15.3
2018-03-28,22130 Jaca,Candanchu/Astun,9.5,1.1,4.9,0.3,0.0,14.0
2018-03-29,22130 Jaca,Candanchu/Astun,4.3,-0.8,1.7,3.2,0.84,10.2
2018-03-30,22130 Jaca,Candanchu/Astun,2.4,-3.8,-0.4,10.9,7.63,11.3
2018-03-31,22130 Jaca,Candanchu/Astun,0.4,-3.9,-1.6,11.1,7.77,17.1
2018-04-01,22130 Jaca,Candanchu/Astun,5.6,-4.2,1.1,0.0,0.0,11.6
2018-04-02,22130 Jaca,Candanchu/Astun,7.7,2.8,4.9,0.1,0.0,16.3
2018-04-03,22130 Jaca,Candanchu/Astun,6.8,1.8,4.3,11.8,1.96,14.4
2018-04-04,22130 Jaca,Candanchu/Astun,4.1,-1.5,2.1,24.9,10.85,13.0
2018-04-05,22130 Jaca,Candanchu/Astun,8.2,0.7,3.3,0.4,0.0,11.2
2018-04-06,22130 Jaca,Candanchu/Astun,11.6,2.7,6.3,0.9,0.0,16.6
2018-04-07,22130 Jaca,Candanchu/Astun,7.2,4.1,5.5,21.2,0.14,18.8
2018-04-08,22130 Jaca,Candanchu/Astun,5.1,0.3,2.4,35.1,17.08,11.2
2018-04-09,22130 Jaca,Candanchu/Astun,4.4,-2.1,1.1,10.9,6.72,13.6
2018-04-10,22130 Jaca,Candanchu/Astun,0.9,-0.9,-0.1,27.1,18.97,19.2
2018-04-11,22130 Jaca,Candanchu/Astun,3.9,-0.4,1.1,23.3,15.89,18.3
2018-04-12,22130 Jaca,Candanchu/Astun,5.5,-1.0,1.7,0.5,0.21,9.6
2018-04-13,22130 Jaca,Candanchu/Astun,4.4,-0.4,2.1,5.7,2.45,10.9
2018-04-14,22130 Jaca,Candanchu/Astun,7.2,-1.2,2.9,0.1,0.0,7.0
2018-04-15,22130 Jaca,Candanchu/Astun,9.7,-0.7,5.1,0.2,0.0,10.7
2018-04-16,22130 Jaca,Candanchu/Astun,8.6,2.0,4.5,18.2,0.98,12.3
2018-04-17,22130 Jaca,Candanchu/Astun,14.6,3.9,8.9,0.0,0.0,5.5
2018-04-18,22130 Jaca,Candanchu/Astun,14.4,4.2,9.8,0.0,0.0,12.6
2018-04-19,22130 Jaca,Candanchu/Astun,13.8,3.3,7.6,0.0,0.0,13.8
2018-04-20,22130 Jaca,Candanchu/Astun,12.9,2.7,6.9,0.0,0.0,10.5
2018-04-21,22130 Jaca,Candanchu/Astun,13.6,4.6,8.3,0.0,0.0,11.7
2018-04-22,22130 Jaca,Candanchu/Astun,15.3,5.1,10.3,0.8,0.0,10.9
2018-04-23,22130 Jaca,Candanchu/Astun,13.8,4.5,9.9,0.7,0.0,8.7
2018-04-24,22130 Jaca,Candanchu/Astun,15.9,3.5,9.9,0.0,0.0,7.4
2018-04-25,22130 Jaca,Candanchu/Astun,16.1,4.1,10.7,0.2,0.0,8.2
2018-04-26,22130 Jaca,Candanchu/Astun,14.3,4.2,8.6,0.0,0.0,13.2
2018-04-27,22130 Jaca,Candanchu/Astun,13.0,3.2,8.9,0.8,0.0,9.8
2018-04-28,22130 Jaca,Candanchu/Astun,9.6,5.2,7.1,26.2,0.0,15.5
2018-04-29,22130 Jaca,Candanchu/Astun,6.0,-1.1,3.0,20.4,3.92,14.3
2018-04-30,22130 Jaca,Candanchu/Astun,2.8,-2.0,0.2,6.5,4.41,7.2
2018-05-01,22130 Jaca,Candanchu/Astun,4.6,-2.3,0.5,0.0,0.0,13.9
2018-05-02,22130 Jaca,Candanchu/Astun,6.7,-7.5,0.9,1.0,0.0,11.8
2018-05-03,22130 Jaca,Candanchu/Astun,5.4,1.0,3.0,3.4,0.42,26.7
2018-05-04,22130 Jaca,Candanchu/Astun,8.7,2.0,4.9,1.0,0.28,25.7
2018-05-05,22130 Jaca,Candanchu/Astun,13.0,4.1,8.3,0.3,0.0,15.5
2018-05-06,22130 Jaca,Candanchu/Astun,15.4,4.0,10.2,0.2,0.0,6.9
2018-05-07,22130 Jaca,Candanchu/Astun,16.2,6.2,11.4,3.3,0.0,8.1
2018-05-08,22130 Jaca,Candanchu/Astun,14.3,4.8,9.5,0.0,0.0,16.9
2018-05-09,22130 Jaca,Candanchu/Astun,13.1,4.4,8.3,0.0,0.0,18.7
2018-05-10,22130 Jaca,Candanchu/Astun,11.8,4.4,7.3,0.0,0.0,19.1
2018-05-11,22130 Jaca,Candanchu/Astun,15.4,3.5,9.7,0.0,0.0,10.4
2018-05-12,22130 Jaca,Candanchu/Astun,10.3,0.8,7.7,14.8,0.7,21.0
2018-05-13,22130 Jaca,Candanchu/Astun,5.2,-1.7,1.7,1.7,1.12,19.2
2018-05-14,22130 Jaca,Candanchu/Astun,5.5,-0.5,2.1,2.3,0.98,19.5
2018-05-15,22130 Jaca,Candanchu/Astun,8.5,2.3,5.2,1.0,0.21,18.9
2018-05-16,22130 Jaca,Candanchu/Astun,13.6,1.1,8.5,1.0,0.0,13.7
2018-05-17,22130 Jaca,Candanchu/Astun,14.5,4.2,9.6,1.5,0.0,10.0
2018-05-18,22130 Jaca,Candanchu/Astun,12.9,5.7,9.6,5.2,0.0,9.5
2018-05-19,22130 Jaca,Candanchu/Astun,14.1,5.1,9.8,0.1,0.0,10.8
2018-05-20,22130 Jaca,Candanchu/Astun,13.0,5.2,9.7,3.6,0.0,8.4
2018-05-21,22130 Jaca,Candanchu/Astun,13.6,6.7,10.0,2.6,0.0,9.4
2018-05-22,22130 Jaca,Candanchu/Astun,14.6,5.5,10.4,1.7,0.0,9.2
2018-05-23,22130 Jaca,Candanchu/Astun,14.8,6.9,10.9,5.0,0.0,9.4
2018-05-24,22130 Jaca,Candanchu/Astun,15.8,8.6,11.8,14.8,0.0,13.1
2018-05-25,22130 Jaca,Candanchu/Astun,16.3,8.8,12.6,4.4,0.0,15.0
2018-05-26,22130 Jaca,Candanchu/Astun,14.0,8.4,10.6,14.9,0.0,18.4
2018-05-27,22130 Jaca,Candanchu/Astun,16.0,7.1,12.6,1.7,0.0,10.1
2018-05-28,22130 Jaca,Candanchu/Astun,13.4,7.7,10.5,15.8,0.0,9.2
2018-05-29,22130 Jaca,Candanchu/Astun,13.6,7.1,10.1,8.6,0.0,8.3
2018-05-30,22130 Jaca,Candanchu/Astun,13.3,6.6,9.7,9.8,0.0,11.7
2018-05-31,22130 Jaca,Candanchu/Astun,14.3,5.8,10.3,5.0,0.0,8.4
2018-06-01,22130 Jaca,Candanchu/Astun,15.7,8.4,11.9,2.7,0.0,9.7
2018-06-02,22130 Jaca,Candanchu/Astun,16.2,7.6,12.1,0.9,0.0,11.9
2018-06-03,22130 Jaca,Candanchu/Astun,15.2,7.8,11.9,3.5,0.0,9.7
2018-06-04,22130 Jaca,Candanchu/Astun,13.1,8.5,11.0,6.9,0.0,8.0
2018-06-05,22130 Jaca,Candanchu/Astun,12.8,6.7,9.8,11.4,0.0,9.0
2018-06-06,22130 Jaca,Candanchu/Astun,11.8,3.3,8.3,10.4,0.0,6.0
2018-06-07,22130 Jaca,Candanchu/Astun,14.4,5.5,10.1,4.3,0.0,10.1
2018-06-08,22130 Jaca,Candanchu/Astun,14.5,7.9,12.2,4.3,0.0,11.4
2018-06-09,22130 Jaca,Candanchu/Astun,15.7,9.5,12.1,19.0,0.0,14.3
2018-06-10,22130 Jaca,Candanchu/Astun,12.9,9.3,10.8,18.8,0.0,14.3
2018-06-11,22130 Jaca,Candanchu/Astun,13.0,5.5,9.8,5.6,0.0,11.3
2018-06-12,22130 Jaca,Candanchu/Astun,10.7,4.9,8.1,26.8,0.0,18.6
2018-06-13,22130 Jaca,Candanchu/Astun,13.2,8.1,10.0,6.5,0.0,21.8
2018-06-14,22130 Jaca,Candanchu/Astun,16.8,8.2,11.7,0.0,0.0,18.9
2018-06-15,22130 Jaca,Candanchu/Astun,18.6,7.4,12.9,0.3,0.0,18.4
2018-06-16,22130 Jaca,Candanchu/Astun,18.8,8.8,13.9,0.0,0.0,13.9
2018-06-17,22130 Jaca,Candanchu/Astun,19.0,7.5,13.5,0.0,0.0,16.3
2018-06-18,22130 Jaca,Candanchu/Astun,20.2,10.0,14.5,0.0,0.0,15.4
2018-06-19,22130 Jaca,Candanchu/Astun,21.1,10.6,16.1,0.1,0.0,12.9
2018-06-20,22130 Jaca,Candanchu/Astun,20.7,12.1,17.2,0.6,0.0,9.8
2018-06-21,22130 Jaca,Candanchu/Astun,21.4,13.6,18.8,1.1,0.0,10.3
2018-06-22,22130 Jaca,Candanchu/Astun,22.0,12.1,17.2,0.0,0.0,16.2
2018-06-23,22130 Jaca,Candanchu/Astun,21.2,13.3,17.3,1.0,0.0,11.3
2018-06-24,22130 Jaca,Candanchu/Astun,22.3,12.2,17.3,0.1,0.0,10.3
2018-06-25,22130 Jaca,Candanchu/Astun,22.6,12.5,17.8,0.0,0.0,10.9
2018-06-26,22130 Jaca,Candanchu/Astun,22.9,12.8,18.6,0.0,0.0,9.7
2018-06-27,22130 Jaca,Candanchu/Astun,22.7,13.6,18.9,1.5,0.0,7.3
2018-06-28,22130 Jaca,Candanchu/Astun,21.8,13.6,17.3,5.2,0.0,8.8
2018-06-29,22130 Jaca,Candanchu/Astun,20.1,12.9,15.8,4.5,0.0,15.0
2018-06-30,22130 Jaca,Candanchu/Astun,22.3,13.4,17.5,1.3,0.0,15.0
2018-07-01,22130 Jaca,Candanchu/Astun,21.6,13.2,17.9,1.0,0.0,11.6
2018-07-02,22130 Jaca,Candanchu/Astun,19.0,11.9,16.0,12.9,0.0,9.4
2018-07-03,22130 Jaca,Candanchu/Astun,19.1,13.6,17.6,1.9,0.0,11.9
2018-07-04,22130 Jaca,Candanchu/Astun,21.3,13.2,16.8,9.6,0.0,18.1
2018-07-05,22130 Jaca,Candanchu/Astun,16.9,11.2,13.7,0.0,0.0,15.5
2018-07-06,22130 Jaca,Candanchu/Astun,19.0,7.7,14.2,0.4,0.0,14.2
2018-07-07,22130 Jaca,Candanchu/Astun,19.7,12.2,16.3,2.5,0.0,8.5
2018-07-08,22130 Jaca,Candanchu/Astun,20.8,13.4,17.6,2.2,0.0,10.0
2018-07-09,22130 Jaca,Candanchu/Astun,21.7,10.8,16.6,0.1,0.0,14.7
2018-07-10,22130 Jaca,Candanchu/Astun,21.5,11.6,16.5,1.0,0.0,13.8
2018-07-11,22130 Jaca,Candanchu/Astun,21.3,12.8,16.8,0.6,0.0,13.0
2018-07-12,22130 Jaca,Candanchu/Astun,18.7,11.6,15.6,3.6,0.0,7.8
2018-07-13,22130 Jaca,Candanchu/Astun,20.7,11.9,16.1,13.6,0.0,9.2
2018-07-14,22130 Jaca,Candanchu/Astun,21.3,14.0,17.8,4.8,0.0,8.9
2018-07-15,22130 Jaca,Candanchu/Astun,21.7,13.7,18.5,1.2,0.0,11.6
2018-07-16,22130 Jaca,Candanchu/Astun,16.4,10.8,13.9,20.3,0.0,22.2
2018-07-17,22130 Jaca,Candanchu/Astun,20.8,8.6,15.5,0.0,0.0,13.7
2018-07-18,22130 Jaca,Candanchu/Astun,21.6,12.7,16.9,5.4,0.0,13.5
2018-07-19,22130 Jaca,Candanchu/Astun,22.5,11.9,17.7,0.0,0.0,9.4
2018-07-20,22130 Jaca,Candanchu/Astun,19.6,12.3,15.7,7.0,0.0,17.6
2018-07-21,22130 Jaca,Candanchu/Astun,17.4,9.7,13.7,1.3,0.0,15.5
2018-07-22,22130 Jaca,Candanchu/Astun,17.9,9.4,14.0,3.6,0.0,11.2
2018-07-23,22130 Jaca,Candanchu/Astun,22.3,10.0,17.1,0.0,0.0,9.8
2018-07-24,22130 Jaca,Candanchu/Astun,22.6,14.4,18.9,4.7,0.0,13.1
2018-07-25,22130 Jaca,Candanchu/Astun,22.6,12.9,18.4,1.2,0.0,8.0
2018-07-26,22130 Jaca,Candanchu/Astun,24.4,15.3,20.1,0.2,0.0,8.4
2018-07-27,22130 Jaca,Candanchu/Astun,24.0,15.7,20.7,0.4,0.0,14.0
2018-07-28,22130 Jaca,Candanchu/Astun,22.8,14.8,19.2,0.1,0.0,13.8
2018-07-29,22130 Jaca,Candanchu/Astun,22.5,13.8,18.5,0.4,0.0,11.5
2018-07-30,22130 Jaca,Candanchu/Astun,23.1,14.9,19.4,0.8,0.0,10.1
2018-07-31,22130 Jaca,Candanchu/Astun,24.4,15.7,20.3,0.2,0.0,12.1
2018-08-01,22130 Jaca,Candanchu/Astun,25.2,16.1,20.7,0.3,0.0,10.5
2018-08-02,22130 Jaca,Candanchu/Astun,26.6,16.1,22.4,0.1,0.0,9.4
2018-08-03,22130 Jaca,Candanchu/Astun,27.1,15.6,21.3,0.0,0.0,16.4
2018-08-04,22130 Jaca,Candanchu/Astun,26.5,12.1,20.4,0.0,0.0,16.8
2018-08-05,22130 Jaca,Candanchu/Astun,26.6,14.6,20.9,0.5,0.0,13.5
2018-08-06,22130 Jaca,Candanchu/Astun,27.0,15.8,21.6,0.0,0.0,10.1
2018-08-07,22130 Jaca,Candanchu/Astun,25.9,15.7,19.4,1.1,0.0,15.6
2018-08-08,22130 Jaca,Candanchu/Astun,19.4,14.3,16.7,6.6,0.0,16.4
2018-08-09,22130 Jaca,Candanchu/Astun,18.4,12.1,15.2,13.8,0.0,16.5
2018-08-10,22130 Jaca,Candanchu/Astun,16.9,10.5,14.0,1.9,0.0,10.4
2018-08-11,22130 Jaca,Candanchu/Astun,19.6,10.9,16.1,1.7,0.0,7.9
2018-08-12,22130 Jaca,Candanchu/Astun,22.0,14.2,17.6,4.3,0.0,10.0
2018-08-13,22130 Jaca,Candanchu/Astun,19.5,13.4,16.6,0.9,0.0,12.9
2018-08-14,22130 Jaca,Candanchu/Astun,19.8,10.1,14.6,0.0,0.0,17.1
2018-08-15,22130 Jaca,Candanchu/Astun,21.7,9.4,16.2,0.0,0.0,14.0
2018-08-16,22130 Jaca,Candanchu/Astun,20.7,14.7,18.0,0.3,0.0,6.8
2018-08-17,22130 Jaca,Candanchu/Astun,18.6,11.6,14.7,0.4,0.0,20.8
2018-08-18,22130 Jaca,Candanchu/Astun,19.1,7.9,13.9,0.0,0.0,12.9
2018-08-19,22130 Jaca,Candanchu/Astun,21.3,9.3,15.6,0.1,0.0,12.4
2018-08-20,22130 Jaca,Candanchu/Astun,21.9,10.8,16.8,0.2,0.0,12.6
2018-08-21,22130 Jaca,Candanchu/Astun,21.7,11.1,17.2,1.5,0.0,11.8
2018-08-22,22130 Jaca,Candanchu/Astun,22.1,14.0,19.2,0.2,0.0,6.5
2018-08-23,22130 Jaca,Candanchu/Astun,21.3,14.1,18.2,1.5,0.0,12.9
2018-08-24,22130 Jaca,Candanchu/Astun,19.6,10.5,14.9,0.0,0.0,19.5
2018-08-25,22130 Jaca,Candanchu/Astun,18.1,8.3,12.6,0.0,0.0,16.6
2018-08-26,22130 Jaca,Candanchu/Astun,20.0,6.8,13.8,0.0,0.0,12.6
2018-08-27,22130 Jaca,Candanchu/Astun,23.4,11.5,18.2,0.0,0.0,8.3
2018-08-28,22130 Jaca,Candanchu/Astun,24.0,13.7,18.7,8.9,0.0,14.0
2018-08-29,22130 Jaca,Candanchu/Astun,21.0,13.0,16.5,6.0,0.0,12.7
2018-08-30,22130 Jaca,Candanchu/Astun,20.2,11.0,15.7,0.1,0.0,12.5
2018-08-31,22130 Jaca,Candanchu/Astun,20.7,10.8,15.1,0.3,0.0,14.7
2018-09-01,22130 Jaca,Candanchu/Astun,21.8,9.3,15.4,0.0,0.0,13.2
2018-09-02,22130 Jaca,Candanchu/Astun,22.0,9.4,16.2,0.0,0.0,10.9
2018-09-03,22130 Jaca,Candanchu/Astun,21.7,11.7,17.6,1.1,0.0,11.3
2018-09-04,22130 Jaca,Candanchu/Astun,20.2,12.5,15.2,9.4,0.0,10.0
2018-09-05,22130 Jaca,Candanchu/Astun,18.0,11.4,14.4,15.7,0.0,11.6
2018-09-06,22130 Jaca,Candanchu/Astun,16.6,9.0,12.8,2.7,0.0,14.5
2018-09-07,22130 Jaca,Candanchu/Astun,17.7,8.2,13.4,0.4,0.0,11.6
2018-09-08,22130 Jaca,Candanchu/Astun,18.5,9.9,14.8,1.3,0.0,10.2
2018-09-09,22130 Jaca,Candanchu/Astun,17.6,11.3,14.5,6.5,0.0,8.9
2018-09-10,22130 Jaca,Candanchu/Astun,19.5,8.8,14.1,0.6,0.0,10.1
2018-09-11,22130 Jaca,Candanchu/Astun,17.8,10.7,15.1,2.4,0.0,9.3
2018-09-12,22130 Jaca,Candanchu/Astun,17.0,11.3,14.0,11.9,0.0,8.7
2018-09-13,22130 Jaca,Candanchu/Astun,20.6,10.0,15.2,0.0,0.0,11.1
2018-09-14,22130 Jaca,Candanchu/Astun,20.4,10.2,15.5,0.1,0.0,11.0
2018-09-15,22130 Jaca,Candanchu/Astun,19.6,9.9,15.1,0.0,0.0,9.8
2018-09-16,22130 Jaca,Candanchu/Astun,20.6,10.1,15.8,0.2,0.0,9.4
2018-09-17,22130 Jaca,Candanchu/Astun,19.9,12.4,16.2,2.2,0.0,10.3
2018-09-18,22130 Jaca,Candanchu/Astun,19.5,10.2,15.4,0.7,0.0,8.6
2018-09-19,22130 Jaca,Candanchu/Astun,20.7,10.0,15.2,0.2,0.0,8.8
2018-09-20,22130 Jaca,Candanchu/Astun,21.2,11.8,17.5,0.5,0.0,7.5
2018-09-21,22130 Jaca,Candanchu/Astun,20.8,12.1,17.6,0.0,0.0,14.2
2018-09-22,22130 Jaca,Candanchu/Astun,22.2,11.2,16.3,0.0,0.0,12.2
2018-09-23,22130 Jaca,Candanchu/Astun,23.0,13.1,17.4,0.0,0.0,14.8
2018-09-24,22130 Jaca,Candanchu/Astun,18.5,10.1,14.2,0.0,0.0,17.5
2018-09-25,22130 Jaca,Candanchu/Astun,16.7,7.8,12.2,0.0,0.0,10.6
2018-09-26,22130 Jaca,Candanchu/Astun,17.0,8.5,12.0,0.0,0.0,16.9
2018-09-27,22130 Jaca,Candanchu/Astun,20.5,8.9,14.3,0.0,0.0,8.1
2018-09-28,22130 Jaca,Candanchu/Astun,21.2,8.8,14.2,0.0,0.0,13.9
2018-09-29,22130 Jaca,Candanchu/Astun,18.8,10.3,14.0,0.6,0.0,14.0
2018-09-30,22130 Jaca,Candanchu/Astun,17.2,7.2,11.8,0.0,0.0,13.7
2018-10-01,22130 Jaca,Candanchu/Astun,8.8,4.1,6.5,0.0,0.0,22.3
2018-10-02,22130 Jaca,Candanchu/Astun,16.2,2.7,8.4,0.0,0.0,22.2
2018-10-03,22130 Jaca,Candanchu/Astun,19.7,6.1,12.2,0.0,0.0,13.0
2018-10-04,22130 Jaca,Candanchu/Astun,17.8,8.5,13.7,0.0,0.0,10.0
2018-10-05,22130 Jaca,Candanchu/Astun,17.1,8.3,12.1,0.0,0.0,10.8
2018-10-06,22130 Jaca,Candanchu/Astun,16.4,7.9,13.0,4.1,0.0,12.1
2018-10-07,22130 Jaca,Candanchu/Astun,7.6,3.7,5.2,8.0,0.0,18.9
2018-10-08,22130 Jaca,Candanchu/Astun,9.9,3.4,6.9,9.0,0.0,7.9
2018-10-09,22130 Jaca,Candanchu/Astun,11.1,3.5,7.7,2.7,0.0,18.8
2018-10-10,22130 Jaca,Candanchu/Astun,12.6,7.2,8.8,22.7,0.0,15.9
2018-10-11,22130 Jaca,Candanchu/Astun,13.9,7.6,10.5,13.3,0.0,15.1
2018-10-12,22130 Jaca,Candanchu/Astun,15.3,9.7,12.5,5.1,0.0,18.1
2018-10-13,22130 Jaca,Candanchu/Astun,15.9,9.5,12.8,1.8,0.0,13.7
2018-10-14,22130 Jaca,Candanchu/Astun,12.9,4.6,10.5,52.4,0.0,20.9
2018-10-15,22130 Jaca,Candanchu/Astun,11.7,4.1,7.6,29.6,0.7,14.9
2018-10-16,22130 Jaca,Candanchu/Astun,13.0,3.7,8.2,0.4,0.0,9.8
2018-10-17,22130 Jaca,Candanchu/Astun,13.5,4.8,8.9,5.6,0.0,7.5
2018-10-18,22130 Jaca,Candanchu/Astun,14.0,4.0,9.4,0.5,0.0,10.8
2018-10-19,22130 Jaca,Candanchu/Astun,15.3,8.4,11.2,0.9,0.0,12.6
2018-10-20,22130 Jaca,Candanchu/Astun,14.2,7.7,10.6,13.3,0.0,8.6
2018-10-21,22130 Jaca,Candanchu/Astun,16.8,7.6,12.3,0.0,0.0,12.6
2018-10-22,22130 Jaca,Candanchu/Astun,16.8,6.2,10.8,0.0,0.0,13.7
2018-10-23,22130 Jaca,Candanchu/Astun,15.9,5.2,9.3,0.0,0.0,9.2
2018-10-24,22130 Jaca,Candanchu/Astun,18.5,5.5,11.5,0.0,0.0,14.3
2018-10-25,22130 Jaca,Candanchu/Astun,19.2,8.1,12.8,0.0,0.0,9.0
2018-10-26,22130 Jaca,Candanchu/Astun,15.5,8.8,12.7,0.0,0.0,6.2
2018-10-27,22130 Jaca,Candanchu/Astun,7.9,-0.2,3.3,2.3,0.7,19.5
2018-10-28,22130 Jaca,Candanchu/Astun,-0.1,-4.0,-1.6,2.0,1.4,19.0
2018-10-29,22130 Jaca,Candanchu/Astun,-0.4,-4.7,-2.1,1.3,0.91,23.9
2018-10-30,22130 Jaca,Candanchu/Astun,2.8,-4.1,-0.4,1.4,0.91,16.5
2018-10-31,22130 Jaca,Candanchu/Astun,3.3,0.0,1.9,11.9,3.85,14.1
2018-11-01,22130 Jaca,Candanchu/Astun,5.1,-5.1,0.5,5.4,3.71,8.4
2018-11-02,22130 Jaca,Candanchu/Astun,5.4,-1.3,2.3,1.1,0.07,14.3
2018-11-03,22130 Jaca,Candanchu/Astun,7.6,-3.5,2.2,0.0,0.0,19.1
2018-11-04,22130 Jaca,Candanchu/Astun,9.6,3.7,7.2,0.0,0.0,10.8
2018-11-05,22130 Jaca,Candanchu/Astun,6.0,0.6,4.4,24.7,8.47,21.9
2018-11-06,22130 Jaca,Candanchu/Astun,3.6,-2.4,0.5,11.6,8.05,8.6
2018-11-07,22130 Jaca,Candanchu/Astun,5.0,-0.7,2.4,5.9,0.14,11.0
2018-11-08,22130 Jaca,Candanchu/Astun,5.0,-2.5,3.2,1.2,0.0,20.4
2018-11-09,22130 Jaca,Candanchu/Astun,5.3,-2.4,2.5,9.4,0.28,14.8
2018-11-10,22130 Jaca,Candanchu/Astun,6.7,2.1,5.1,11.9,0.0,9.6
2018-11-11,22130 Jaca,Candanchu/Astun,8.9,4.1,6.7,1.9,0.0,17.4
2018-11-12,22130 Jaca,Candanchu/Astun,9.3,5.5,7.3,5.2,0.0,16.8
2018-11-13,22130 Jaca,Candanchu/Astun,12.2,3.2,7.7,0.7,0.0,9.0
2018-11-14,22130 Jaca,Candanchu/Astun,11.1,4.5,8.3,0.0,0.0,12.8
2018-11-15,22130 Jaca,Candanchu/Astun,10.9,3.7,6.8,0.0,0.0,13.5
2018-11-16,22130 Jaca,Candanchu/Astun,10.0,4.5,7.9,0.0,0.0,11.5
2018-11-17,22130 Jaca,Candanchu/Astun,9.1,4.4,6.2,3.4,0.0,8.0
2018-11-18,22130 Jaca,Candanchu/Astun,5.1,2.2,3.1,11.1,1.05,15.1
2018-11-19,22130 Jaca,Candanchu/Astun,6.6,-2.7,2.4,0.0,0.0,9.7
2018-11-20,22130 Jaca,Candanchu/Astun,2.2,-2.8,0.7,10.2,7.14,8.7
2018-11-21,22130 Jaca,Candanchu/Astun,2.5,-0.0,1.1,7.9,4.62,6.9
2018-11-22,22130 Jaca,Candanchu/Astun,3.9,-0.0,1.7,1.1,0.14,13.4
2018-11-23,22130 Jaca,Candanchu/Astun,3.6,-2.5,0.9,10.1,5.6,9.3
2018-11-24,22130 Jaca,Candanchu/Astun,3.5,-4.8,0.6,0.0,0.0,11.4
2018-11-25,22130 Jaca,Candanchu/Astun,3.0,-2.8,0.5,5.9,3.99,11.0
2018-11-26,22130 Jaca,Candanchu/Astun,2.9,-2.8,0.4,5.0,3.43,16.2
2018-11-27,22130 Jaca,Candanchu/Astun,4.6,-2.1,0.5,0.5,0.35,18.1
2018-11-28,22130 Jaca,Candanchu/Astun,11.4,-0.4,7.5,0.0,0.0,9.0
2018-11-29,22130 Jaca,Candanchu/Astun,10.0,-1.5,4.6,0.0,0.0,15.2
2018-11-30,22130 Jaca,Candanchu/Astun,2.7,1.0,1.9,6.5,3.22,17.1
2018-12-01,22130 Jaca,Candanchu/Astun,4.1,-2.5,0.9,0.3,0.07,10.1
2018-12-02,22130 Jaca,Candanchu/Astun,8.9,1.4,4.7,0.6,0.0,8.0
2018-12-03,22130 Jaca,Candanchu/Astun,10.2,0.8,5.9,1.7,0.0,9.2
2018-12-04,22130 Jaca,Candanchu/Astun,12.0,3.7,7.0,0.0,0.0,11.0
2018-12-05,22130 Jaca,Candanchu/Astun,14.1,4.1,11.1,0.0,0.0,11.7
2018-12-06,22130 Jaca,Candanchu/Astun,7.9,2.5,5.5,0.0,0.0,14.1
2018-12-07,22130 Jaca,Candanchu/Astun,11.0,0.7,5.9,0.3,0.0,16.9
2018-12-08,22130 Jaca,Candanchu/Astun,6.1,-0.5,3.0,0.4,0.07,17.3
2018-12-09,22130 Jaca,Candanchu/Astun,5.5,1.6,4.1,0.1,0.0,22.7
2018-12-10,22130 Jaca,Candanchu/Astun,8.5,1.1,3.6,0.0,0.0,19.8
2018-12-11,22130 Jaca,Candanchu/Astun,9.8,1.2,5.7,0.0,0.0,7.2
2018-12-12,22130 Jaca,Candanchu/Astun,6.2,1.4,3.7,0.0,0.0,17.8
2018-12-13,22130 Jaca,Candanchu/Astun,3.7,1.0,2.1,16.3,8.96,22.3
2018-12-14,22130 Jaca,Candanchu/Astun,2.5,0.9,1.7,8.6,4.97,19.7
2018-12-15,22130 Jaca,Candanchu/Astun,7.3,-0.2,2.8,0.6,0.0,10.0
2018-12-16,22130 Jaca,Candanchu/Astun,5.1,0.2,2.6,25.3,2.66,12.0
2018-12-17,22130 Jaca,Candanchu/Astun,2.4,-4.1,-0.4,0.2,0.14,16.6
2018-12-18,22130 Jaca,Candanchu/Astun,5.6,-4.6,0.8,0.7,0.49,13.0
2018-12-19,22130 Jaca,Candanchu/Astun,2.5,-3.2,0.9,1.7,0.7,9.2
2018-12-20,22130 Jaca,Candanchu/Astun,3.7,-3.8,-0.1,0.0,0.0,8.3
2018-12-21,22130 Jaca,Candanchu/Astun,7.0,-0.8,3.4,0.0,0.0,6.9
2018-12-22,22130 Jaca,Candanchu/Astun,9.4,0.7,3.8,0.0,0.0,10.5
2018-12-23,22130 Jaca,Candanchu/Astun,11.5,1.8,8.6,0.0,0.0,5.5
2018-12-24,22130 Jaca,Candanchu/Astun,12.4,2.3,6.6,0.0,0.0,9.4
2018-12-25,22130 Jaca,Candanchu/Astun,13.1,3.5,9.1,0.0,0.0,5.2
2018-12-26,22130 Jaca,Candanchu/Astun,10.6,6.9,9.7,0.0,0.0,3.9
2018-12-27,22130 Jaca,Candanchu/Astun,10.0,2.1,7.5,0.0,0.0,6.2
2018-12-28,22130 Jaca,Candanchu/Astun,8.5,0.3,3.5,0.0,0.0,15.3
2018-12-29,22130 Jaca,Candanchu/Astun,9.7,-0.5,3.2,0.0,0.0,16.5
2018-12-30,22130 Jaca,Candanchu/Astun,12.0,-0.1,3.9,0.0,0.0,10.5
2018-12-31,22130 Jaca,Candanchu/Astun,12.0,0.4,4.5,0.0,0.0,10.9
2019-01-01,22130 Jaca,Candanchu/Astun,11.2,0.6,4.7,0.0,0.0,7.6
2019-01-02,22130 Jaca,Candanchu/Astun,11.7,1.6,4.7,0.0,0.0,14.0
2019-01-03,22130 Jaca,Candanchu/Astun,9.0,-1.5,2.7,0.0,0.0,12.4
2019-01-04,22130 Jaca,Candanchu/Astun,9.3,-1.7,2.0,0.0,0.0,10.8
2019-01-05,22130 Jaca,Candanchu/Astun,9.6,-1.6,2.7,0.0,0.0,15.0
2019-01-06,22130 Jaca,Candanchu/Astun,10.6,2.0,4.8,0.0,0.0,18.8
2019-01-07,22130 Jaca,Candanchu/Astun,9.8,-1.1,3.8,0.0,0.0,14.9
2019-01-08,22130 Jaca,Candanchu/Astun,9.0,-1.4,2.6,0.1,0.07,22.3
2019-01-09,22130 Jaca,Candanchu/Astun,1.9,-4.4,-0.5,1.0,0.7,32.8
2019-01-10,22130 Jaca,Candanchu/Astun,-3.0,-6.0,-5.1,0.3,0.21,31.2
2019-01-11,22130 Jaca,Candanchu/Astun,1.0,-7.0,-3.8,0.0,0.0,18.7
2019-01-12,22130 Jaca,Candanchu/Astun,4.7,-2.4,-0.0,0.0,0.0,19.1
2019-01-13,22130 Jaca,Candanchu/Astun,5.8,-0.9,1.5,0.0,0.0,27.1
2019-01-14,22130 Jaca,Candanchu/Astun,5.0,0.3,2.1,0.0,0.0,23.4
2019-01-15,22130 Jaca,Candanchu/Astun,10.2,0.5,6.3,0.0,0.0,14.7
2019-01-16,22130 Jaca,Candanchu/Astun,7.8,-1.0,5.1,0.0,0.0,9.7
2019-01-17,22130 Jaca,Candanchu/Astun,1.5,-2.0,-0.4,0.6,0.42,17.8
2019-01-18,22130 Jaca,Candanchu/Astun,1.6,-5.3,-2.0,0.3,0.21,12.2
2019-01-19,22130 Jaca,Candanchu/Astun,2.3,-4.2,-1.0,0.8,0.56,9.7
2019-01-20,22130 Jaca,Candanchu/Astun,2.4,-2.2,-0.5,2.1,1.47,15.0
2019-01-21,22130 Jaca,Candanchu/Astun,-0.3,-5.5,-2.6,0.0,0.0,18.9
2019-01-22,22130 Jaca,Candanchu/Astun,0.4,-5.7,-2.9,10.5,7.35,21.7
2019-01-23,22130 Jaca,Candanchu/Astun,0.1,-3.3,-2.2,59.5,41.72,16.3
2019-01-24,22130 Jaca,Candanchu/Astun,-3.7,-8.5,-6.1,12.6,8.82,25.2
2019-01-25,22130 Jaca,Candanchu/Astun,2.6,-3.6,0.5,14.5,9.94,33.1
2019-01-26,22130 Jaca,Candanchu/Astun,7.9,0.2,2.3,0.0,0.0,24.1
2019-01-27,22130 Jaca,Candanchu/Astun,2.7,-3.0,-0.5,9.0,6.23,21.9
2019-01-28,22130 Jaca,Candanchu/Astun,0.0,-2.9,-1.7,44.9,31.36,21.9
2019-01-29,22130 Jaca,Candanchu/Astun,-0.6,-2.3,-1.3,14.4,10.08,20.2
2019-01-30,22130 Jaca,Candanchu/Astun,-1.1,-4.5,-2.6,10.6,7.49,20.7
2019-01-31,22130 Jaca,Candanchu/Astun,2.6,-2.1,0.4,32.9,12.6,6.1
2019-02-01,22130 Jaca,Candanchu/Astun,2.2,-2.6,0.2,33.0,14.07,12.6
2019-02-02,22130 Jaca,Candanchu/Astun,-1.1,-5.2,-3.0,16.5,11.55,31.0
2019-02-03,22130 Jaca,Candanchu/Astun,-5.0,-7.8,-6.6,0.6,0.42,31.7
2019-02-04,22130 Jaca,Candanchu/Astun,5.0,-6.8,-1.4,1.2,0.0,28.6
2019-02-05,22130 Jaca,Candanchu/Astun,5.5,1.0,3.1,3.5,0.0,13.7
2019-02-06,22130 Jaca,Candanchu/Astun,7.7,-0.2,2.8,0.0,0.0,9.6
2019-02-07,22130 Jaca,Candanchu/Astun,4.4,-1.3,1.7,0.0,0.0,11.5
2019-02-08,22130 Jaca,Candanchu/Astun,6.1,-1.4,2.8,0.0,0.0,9.3
2019-02-09,22130 Jaca,Candanchu/Astun,6.1,-0.8,2.4,0.0,0.0,7.7
2019-02-10,22130 Jaca,Candanchu/Astun,3.5,-1.1,1.3,2.5,1.26,18.1
2019-02-11,22130 Jaca,Candanchu/Astun,1.1,-2.2,-0.8,0.4,0.28,19.2
2019-02-12,22130 Jaca,Candanchu/Astun,5.7,-3.0,0.9,0.0,0.0,10.0
2019-02-13,22130 Jaca,Candanchu/Astun,6.8,-1.1,4.4,0.0,0.0,8.7
2019-02-14,22130 Jaca,Candanchu/Astun,7.9,0.3,4.1,0.0,0.0,12.4
2019-02-15,22130 Jaca,Candanchu/Astun,9.9,0.9,7.3,0.0,0.0,9.9
2019-02-16,22130 Jaca,Candanchu/Astun,10.6,1.5,6.7,0.0,0.0,12.7
2019-02-17,22130 Jaca,Candanchu/Astun,7.6,0.4,3.5,0.0,0.0,13.6
2019-02-18,22130 Jaca,Candanchu/Astun,6.8,-1.4,1.9,0.0,0.0,12.7
2019-02-19,22130 Jaca,Candanchu/Astun,6.1,-0.7,3.4,0.0,0.0,10.5
2019-02-20,22130 Jaca,Candanchu/Astun,7.3,-0.9,4.4,0.0,0.0,6.5
2019-02-21,22130 Jaca,Candanchu/Astun,8.0,-0.6,5.7,0.0,0.0,5.4
2019-02-22,22130 Jaca,Candanchu/Astun,13.6,0.8,5.7,0.0,0.0,11.5
2019-02-23,22130 Jaca,Candanchu/Astun,17.2,2.7,10.8,0.0,0.0,13.4
2019-02-24,22130 Jaca,Candanchu/Astun,9.9,1.1,6.7,0.0,0.0,6.2
2019-02-25,22130 Jaca,Candanchu/Astun,11.1,1.4,8.4,0.0,0.0,6.4
2019-02-26,22130 Jaca,Candanchu/Astun,11.9,2.1,8.4,0.0,0.0,10.8
2019-02-27,22130 Jaca,Candanchu/Astun,14.4,3.8,10.9,0.0,0.0,9.4
2019-02-28,22130 Jaca,Candanchu/Astun,10.7,1.2,4.6,0.0,0.0,13.8
2019-03-01,22130 Jaca,Candanchu/Astun,11.4,-0.3,3.9,0.0,0.0,12.4
2019-03-02,22130 Jaca,Candanchu/Astun,6.7,0.4,3.2,0.0,0.0,20.4
2019-03-03,22130 Jaca,Candanchu/Astun,11.3,1.5,7.0,0.0,0.0,13.0
2019-03-04,22130 Jaca,Candanchu/Astun,5.4,0.1,2.8,2.6,0.56,12.9
2019-03-05,22130 Jaca,Candanchu/Astun,6.0,-0.9,2.6,0.0,0.07,14.4
2019-03-06,22130 Jaca,Candanchu/Astun,5.8,-0.8,3.8,22.8,1.47,24.9
2019-03-07,22130 Jaca,Candanchu/Astun,2.9,-3.2,0.3,2.4,1.68,11.0
2019-03-08,22130 Jaca,Candanchu/Astun,4.9,-1.9,2.2,0.1,0.0,10.1
2019-03-09,22130 Jaca,Candanchu/Astun,8.3,-1.6,3.7,0.0,0.0,10.6
2019-03-10,22130 Jaca,Candanchu/Astun,8.3,2.1,4.8,0.0,0.0,17.3
2019-03-11,22130 Jaca,Candanchu/Astun,6.3,-1.5,2.2,0.0,0.0,22.2
2019-03-12,22130 Jaca,Candanchu/Astun,9.4,-1.3,6.1,0.3,0.0,11.7
2019-03-13,22130 Jaca,Candanchu/Astun,3.3,-1.8,0.1,2.6,1.54,20.9
2019-03-14,22130 Jaca,Candanchu/Astun,2.3,-0.9,0.4,1.4,0.98,19.9
2019-03-15,22130 Jaca,Candanchu/Astun,12.4,0.6,4.7,0.0,0.0,17.6
2019-03-16,22130 Jaca,Candanchu/Astun,13.5,1.0,6.9,0.0,0.0,11.4
2019-03-17,22130 Jaca,Candanchu/Astun,10.4,-2.7,3.0,0.1,0.0,20.7
2019-03-18,22130 Jaca,Candanchu/Astun,2.7,-3.1,-0.6,0.1,0.07,19.1
2019-03-19,22130 Jaca,Candanchu/Astun,1.8,-3.7,-0.9,2.1,1.54,13.8
2019-03-20,22130 Jaca,Candanchu/Astun,4.7,-3.6,-0.3,0.0,0.0,13.7
2019-03-21,22130 Jaca,Candanchu/Astun,5.5,-4.0,1.9,0.0,0.0,8.7
2019-03-22,22130 Jaca,Candanchu/Astun,8.9,-1.3,5.3,0.0,0.0,8.3
2019-03-23,22130 Jaca,Candanchu/Astun,12.2,-0.8,7.0,0.0,0.0,8.6
2019-03-24,22130 Jaca,Candanchu/Astun,11.7,0.3,8.5,0.0,0.0,14.0
2019-03-25,22130 Jaca,Candanchu/Astun,8.8,-0.1,3.7,0.0,0.0,26.1
2019-03-26,22130 Jaca,Candanchu/Astun,8.7,-1.8,2.7,0.0,0.0,23.0
2019-03-27,22130 Jaca,Candanchu/Astun,10.0,-2.3,3.1,0.0,0.0,15.4
2019-03-28,22130 Jaca,Candanchu/Astun,10.1,-0.5,4.7,0.0,0.0,11.4
2019-03-29,22130 Jaca,Candanchu/Astun,8.8,0.3,4.5,0.0,0.0,15.9
2019-03-30,22130 Jaca,Candanchu/Astun,9.2,-1.2,3.7,0.0,0.0,11.5
2019-03-31,22130 Jaca,Candanchu/Astun,9.4,-0.2,5.4,2.2,0.0,9.4
2019-04-01,22130 Jaca,Candanchu/Astun,6.9,3.0,4.6,7.8,0.0,8.0
2019-04-02,22130 Jaca,Candanchu/Astun,7.9,1.1,4.8,1.6,0.0,11.8
2019-04-03,22130 Jaca,Candanchu/Astun,3.4,-2.9,0.7,2.3,1.47,13.6
2019-04-04,22130 Jaca,Candanchu/Astun,2.4,-4.7,-1.2,0.0,0.0,10.5
2019-04-05,22130 Jaca,Candanchu/Astun,3.4,-0.7,0.5,20.8,14.21,15.4
2019-04-06,22130 Jaca,Candanchu/Astun,1.6,-1.7,-0.3,15.8,11.06,10.7
2019-04-07,22130 Jaca,Candanchu/Astun,2.8,-3.4,-0.3,1.3,0.7,11.8
2019-04-08,22130 Jaca,Candanchu/Astun,4.9,-3.0,1.5,3.4,1.68,10.2
2019-04-09,22130 Jaca,Candanchu/Astun,5.4,-2.8,1.8,1.2,0.49,10.5
2019-04-10,22130 Jaca,Candanchu/Astun,4.0,-0.9,1.5,0.3,0.14,19.1
2019-04-11,22130 Jaca,Candanchu/Astun,4.5,-0.0,1.7,0.6,0.35,20.5
2019-04-12,22130 Jaca,Candanchu/Astun,7.5,0.2,3.0,0.4,0.21,19.6
2019-04-13,22130 Jaca,Candanchu/Astun,11.4,-2.3,4.7,0.0,0.0,14.3
2019-04-14,22130 Jaca,Candanchu/Astun,10.9,2.1,7.0,0.1,0.0,15.5
2019-04-15,22130 Jaca,Candanchu/Astun,13.1,2.1,9.0,7.9,0.0,16.3
2019-04-16,22130 Jaca,Candanchu/Astun,11.2,2.1,6.8,3.9,0.0,12.4
2019-04-17,22130 Jaca,Candanchu/Astun,14.3,2.9,8.6,0.0,0.0,16.9
2019-04-18,22130 Jaca,Candanchu/Astun,14.2,5.3,9.1,1.3,0.0,14.8
2019-04-19,22130 Jaca,Candanchu/Astun,16.0,4.2,9.5,0.9,0.14,13.0
2019-04-20,22130 Jaca,Candanchu/Astun,12.5,2.3,7.1,17.2,0.0,11.5
2019-04-21,22130 Jaca,Candanchu/Astun,7.4,3.0,5.3,2.8,0.0,7.3
2019-04-22,22130 Jaca,Candanchu/Astun,9.7,2.6,6.5,2.0,0.0,7.4
2019-04-23,22130 Jaca,Candanchu/Astun,9.0,3.0,6.2,14.5,0.07,14.2
2019-04-24,22130 Jaca,Candanchu/Astun,2.8,-0.2,1.3,22.9,10.78,21.7
2019-04-25,22130 Jaca,Candanchu/Astun,3.8,-1.9,2.3,48.7,8.4,21.4
2019-04-26,22130 Jaca,Candanchu/Astun,4.3,-1.4,1.5,6.8,4.62,12.8
2019-04-27,22130 Jaca,Candanchu/Astun,7.8,0.7,3.7,0.0,0.0,14.8
2019-04-28,22130 Jaca,Candanchu/Astun,12.4,1.1,6.3,0.0,0.0,15.8
2019-04-29,22130 Jaca,Candanchu/Astun,12.3,1.1,6.6,0.0,0.0,15.3
2019-04-30,22130 Jaca,Candanchu/Astun,13.3,0.5,6.9,0.0,0.0,13.5
2019-05-01,22130 Jaca,Candanchu/Astun,14.2,3.6,9.9,3.5,0.0,9.7
2019-05-02,22130 Jaca,Candanchu/Astun,11.4,3.9,7.0,0.5,0.0,13.4
2019-05-03,22130 Jaca,Candanchu/Astun,5.7,2.6,3.8,4.1,2.1,18.3
2019-05-04,22130 Jaca,Candanchu/Astun,7.6,1.4,4.0,1.4,0.35,20.0
2019-05-05,22130 Jaca,Candanchu/Astun,4.8,-3.4,1.0,0.7,0.49,22.1
2019-05-06,22130 Jaca,Candanchu/Astun,12.5,-3.0,5.1,0.0,0.0,13.0
2019-05-07,22130 Jaca,Candanchu/Astun,14.4,4.8,11.1,3.6,0.0,14.2
2019-05-08,22130 Jaca,Candanchu/Astun,10.4,5.9,8.4,18.4,0.0,15.9
2019-05-09,22130 Jaca,Candanchu/Astun,11.3,0.4,6.7,2.3,0.0,14.2
2019-05-10,22130 Jaca,Candanchu/Astun,14.3,7.5,10.5,18.7,0.0,11.0
2019-05-11,22130 Jaca,Candanchu/Astun,9.3,2.7,7.1,0.0,0.0,20.9
2019-05-12,22130 Jaca,Candanchu/Astun,13.1,1.2,6.5,0.0,0.0,19.2
2019-05-13,22130 Jaca,Candanchu/Astun,15.0,2.2,8.3,0.0,0.0,18.9
2019-05-14,22130 Jaca,Candanchu/Astun,18.4,4.1,12.2,0.0,0.0,10.0
2019-05-15,22130 Jaca,Candanchu/Astun,17.7,7.4,11.8,0.0,0.0,14.2
2019-05-16,22130 Jaca,Candanchu/Astun,16.1,7.2,11.6,2.4,0.0,7.6
2019-05-17,22130 Jaca,Candanchu/Astun,8.9,2.2,5.0,25.9,3.5,18.5
2019-05-18,22130 Jaca,Candanchu/Astun,6.5,0.9,3.4,3.9,1.89,13.5
2019-05-19,22130 Jaca,Candanchu/Astun,6.8,0.3,3.2,8.0,3.71,17.7
2019-05-20,22130 Jaca,Candanchu/Astun,10.1,1.8,5.4,0.0,0.0,13.7
2019-05-21,22130 Jaca,Candanchu/Astun,13.2,2.0,8.2,0.0,0.0,12.9
2019-05-22,22130 Jaca,Candanchu/Astun,14.6,4.3,9.9,1.7,0.0,11.0
2019-05-23,22130 Jaca,Candanchu/Astun,16.6,8.2,13.5,0.9,0.0,9.8
2019-05-24,22130 Jaca,Candanchu/Astun,10.9,6.1,8.3,11.6,0.0,19.1
2019-05-25,22130 Jaca,Candanchu/Astun,11.8,5.7,8.1,1.5,0.0,21.4
2019-05-26,22130 Jaca,Candanchu/Astun,13.0,4.3,8.5,0.0,0.0,17.7
2019-05-27,22130 Jaca,Candanchu/Astun,14.2,5.7,9.4,0.0,0.0,19.2
2019-05-28,22130 Jaca,Candanchu/Astun,8.2,3.2,5.7,0.9,0.0,24.1
2019-05-29,22130 Jaca,Candanchu/Astun,10.0,3.1,6.1,0.7,0.0,22.5
2019-05-30,22130 Jaca,Candanchu/Astun,18.7,4.5,11.6,0.0,0.0,12.9
2019-05-31,22130 Jaca,Candanchu/Astun,20.1,7.2,15.2,0.2,0.0,9.4
2019-06-01,22130 Jaca,Candanchu/Astun,20.7,14.3,17.5,0.0,0.0,7.4
2019-06-02,22130 Jaca,Candanchu/Astun,22.2,15.4,18.8,0.0,0.0,9.0
2019-06-03,22130 Jaca,Candanchu/Astun,21.0,12.0,16.9,0.0,0.0,12.7
2019-06-04,22130 Jaca,Candanchu/Astun,20.7,12.7,16.4,3.3,0.0,18.7
2019-06-05,22130 Jaca,Candanchu/Astun,12.6,4.7,8.3,27.0,0.28,15.9
2019-06-06,22130 Jaca,Candanchu/Astun,13.2,2.8,8.3,0.0,0.0,21.8
2019-06-07,22130 Jaca,Candanchu/Astun,11.0,4.8,8.0,12.6,0.0,20.7
2019-06-08,22130 Jaca,Candanchu/Astun,15.7,3.3,10.3,0.0,0.0,14.2
2019-06-09,22130 Jaca,Candanchu/Astun,16.5,9.5,12.4,1.9,0.0,14.0
2019-06-10,22130 Jaca,Candanchu/Astun,13.7,5.9,9.5,2.7,0.0,15.8
2019-06-11,22130 Jaca,Candanchu/Astun,7.3,2.6,5.4,4.5,0.98,15.6
2019-06-12,22130 Jaca,Candanchu/Astun,10.5,0.3,5.8,0.0,0.0,13.9
2019-06-13,22130 Jaca,Candanchu/Astun,15.7,5.3,10.5,2.4,0.0,19.8
2019-06-14,22130 Jaca,Candanchu/Astun,15.5,8.9,12.5,3.5,0.0,11.0
2019-06-15,22130 Jaca,Candanchu/Astun,14.9,7.7,11.1,10.1,0.0,11.6
2019-06-16,22130 Jaca,Candanchu/Astun,17.8,5.6,12.6,0.0,0.0,10.1
2019-06-17,22130 Jaca,Candanchu/Astun,20.4,11.4,17.4,0.0,0.0,9.4
2019-06-18,22130 Jaca,Candanchu/Astun,21.3,13.9,17.3,1.2,0.0,19.5
2019-06-19,22130 Jaca,Candanchu/Astun,18.7,11.1,15.3,0.0,0.0,13.7
2019-06-20,22130 Jaca,Candanchu/Astun,16.8,10.5,13.4,6.2,0.0,9.7
2019-06-21,22130 Jaca,Candanchu/Astun,14.6,9.8,11.9,11.6,0.0,8.7
2019-06-22,22130 Jaca,Candanchu/Astun,18.5,7.6,13.5,0.0,0.0,8.5
2019-06-23,22130 Jaca,Candanchu/Astun,22.5,12.8,18.2,0.2,0.0,13.2
2019-06-24,22130 Jaca,Candanchu/Astun,22.9,15.3,19.0,0.0,0.0,17.6
2019-06-25,22130 Jaca,Candanchu/Astun,24.6,13.5,19.4,0.0,0.0,14.8
2019-06-26,22130 Jaca,Candanchu/Astun,26.9,18.2,22.4,0.0,0.0,20.4
2019-06-27,22130 Jaca,Candanchu/Astun,29.2,20.4,24.8,0.0,0.0,16.3
2019-06-28,22130 Jaca,Candanchu/Astun,29.1,20.2,25.9,0.0,0.0,11.3
2019-06-29,22130 Jaca,Candanchu/Astun,28.9,19.7,26.3,0.0,0.0,9.8
2019-06-30,22130 Jaca,Candanchu/Astun,28.0,17.1,23.1,0.0,0.0,13.8
2019-07-01,22130 Jaca,Candanchu/Astun,25.5,15.7,20.4,0.0,0.0,14.0
2019-07-02,22130 Jaca,Candanchu/Astun,21.7,14.1,18.5,0.8,0.0,13.6
2019-07-03,22130 Jaca,Candanchu/Astun,23.2,14.5,18.8,0.0,0.0,11.0
2019-07-04,22130 Jaca,Candanchu/Astun,24.6,14.3,19.8,0.2,0.0,13.2
2019-07-05,22130 Jaca,Candanchu/Astun,24.9,14.3,20.3,0.0,0.0,13.0
2019-07-06,22130 Jaca,Candanchu/Astun,25.4,16.1,20.9,0.0,0.0,14.4
2019-07-07,22130 Jaca,Candanchu/Astun,24.5,15.7,20.6,0.0,0.0,12.0
2019-07-08,22130 Jaca,Candanchu/Astun,21.6,13.4,16.8,7.8,0.0,13.9
2019-07-09,22130 Jaca,Candanchu/Astun,18.3,10.6,14.5,2.9,0.0,11.9
2019-07-10,22130 Jaca,Candanchu/Astun,21.9,10.5,16.7,0.1,0.0,12.8
2019-07-11,22130 Jaca,Candanchu/Astun,24.1,12.8,19.1,0.0,0.0,11.0
2019-07-12,22130 Jaca,Candanchu/Astun,25.7,15.1,20.6,0.0,0.0,11.5
2019-07-13,22130 Jaca,Candanchu/Astun,26.1,16.2,21.6,0.0,0.0,11.0
2019-07-14,22130 Jaca,Candanchu/Astun,20.3,12.8,16.6,8.9,0.0,18.1
2019-07-15,22130 Jaca,Candanchu/Astun,21.6,10.6,15.6,0.0,0.0,17.1
2019-07-16,22130 Jaca,Candanchu/Astun,21.9,10.6,17.6,0.0,0.0,12.1
2019-07-17,22130 Jaca,Candanchu/Astun,20.0,14.1,17.3,2.2,0.0,8.5
2019-07-18,22130 Jaca,Candanchu/Astun,21.9,12.0,16.8,0.0,0.0,9.9
2019-07-19,22130 Jaca,Candanchu/Astun,23.3,12.2,18.5,0.1,0.0,8.7
2019-07-20,22130 Jaca,Candanchu/Astun,24.3,15.6,19.7,0.0,0.0,12.9
2019-07-21,22130 Jaca,Candanchu/Astun,24.3,14.8,20.1,0.1,0.0,10.4
2019-07-22,22130 Jaca,Candanchu/Astun,27.2,16.8,22.0,0.0,0.0,11.8
2019-07-23,22130 Jaca,Candanchu/Astun,27.9,17.2,22.7,0.0,0.0,14.0
2019-07-24,22130 Jaca,Candanchu/Astun,27.5,19.2,23.7,0.0,0.0,12.7
2019-07-25,22130 Jaca,Candanchu/Astun,27.4,17.2,22.3,0.3,0.0,14.6
2019-07-26,22130 Jaca,Candanchu/Astun,19.3,14.7,17.5,6.5,0.0,9.7
2019-07-27,22130 Jaca,Candanchu/Astun,14.2,9.5,12.7,8.0,0.0,19.8
2019-07-28,22130 Jaca,Candanchu/Astun,18.3,7.6,12.7,0.1,0.0,19.5
2019-07-29,22130 Jaca,Candanchu/Astun,21.7,9.7,17.3,0.0,0.0,9.3
2019-07-30,22130 Jaca,Candanchu/Astun,18.3,10.5,14.4,1.5,0.0,15.5
2019-07-31,22130 Jaca,Candanchu/Astun,21.1,8.7,15.4,0.0,0.0,11.8
2019-08-01,22130 Jaca,Candanchu/Astun,21.8,13.7,16.5,13.3,0.0,15.1
2019-08-02,22130 Jaca,Candanchu/Astun,23.2,12.9,18.3,0.0,0.0,11.2
2019-08-03,22130 Jaca,Candanchu/Astun,24.5,11.9,19.2,0.0,0.0,9.6
2019-08-04,22130 Jaca,Candanchu/Astun,25.4,16.3,21.0,0.0,0.0,12.1
2019-08-05,22130 Jaca,Candanchu/Astun,25.3,15.1,20.4,0.0,0.0,11.8
2019-08-06,22130 Jaca,Candanchu/Astun,24.6,14.4,19.9,0.3,0.0,13.6
2019-08-07,22130 Jaca,Candanchu/Astun,22.6,14.6,18.8,3.7,0.0,13.9
2019-08-08,22130 Jaca,Candanchu/Astun,24.4,13.6,19.5,0.1,0.0,13.3
2019-08-09,22130 Jaca,Candanchu/Astun,26.2,17.7,21.1,0.5,0.0,13.9
2019-08-10,22130 Jaca,Candanchu/Astun,22.1,14.6,18.0,0.4,0.0,11.5
2019-08-11,22130 Jaca,Candanchu/Astun,18.1,13.2,16.0,35.2,0.0,16.1
2019-08-12,22130 Jaca,Candanchu/Astun,14.4,9.3,12.3,0.1,0.0,20.9
2019-08-13,22130 Jaca,Candanchu/Astun,17.5,7.9,12.3,0.2,0.0,16.5
2019-08-14,22130 Jaca,Candanchu/Astun,20.6,8.4,14.6,0.0,0.0,12.6
2019-08-15,22130 Jaca,Candanchu/Astun,21.0,12.1,15.9,0.0,0.0,12.1
2019-08-16,22130 Jaca,Candanchu/Astun,22.7,11.3,17.3,0.0,0.0,11.5
2019-08-17,22130 Jaca,Candanchu/Astun,24.8,14.2,20.1,0.0,0.0,11.0
2019-08-18,22130 Jaca,Candanchu/Astun,25.0,15.2,20.0,0.0,0.0,14.6
2019-08-19,22130 Jaca,Candanchu/Astun,17.5,13.5,15.5,8.3,0.0,12.6
2019-08-20,22130 Jaca,Candanchu/Astun,17.0,12.0,14.5,28.4,0.0,13.6
2019-08-21,22130 Jaca,Candanchu/Astun,20.2,9.8,15.3,0.0,0.0,8.7
2019-08-22,22130 Jaca,Candanchu/Astun,21.5,9.3,15.8,0.0,0.0,11.1
2019-08-23,22130 Jaca,Candanchu/Astun,21.3,12.6,17.8,0.0,0.0,10.5
2019-08-24,22130 Jaca,Candanchu/Astun,23.1,13.1,19.2,0.0,0.0,7.8
2019-08-25,22130 Jaca,Candanchu/Astun,23.1,14.1,18.8,0.0,0.0,8.9
2019-08-26,22130 Jaca,Candanchu/Astun,20.2,14.0,17.0,0.1,0.0,14.1
2019-08-27,22130 Jaca,Candanchu/Astun,17.9,13.3,15.4,0.6,0.0,11.6
2019-08-28,22130 Jaca,Candanchu/Astun,21.6,10.4,15.7,0.3,0.0,11.4
2019-08-29,22130 Jaca,Candanchu/Astun,22.8,13.2,18.4,0.7,0.0,8.1
2019-08-30,22130 Jaca,Candanchu/Astun,22.8,14.9,19.5,2.0,0.0,11.5
2019-08-31,22130 Jaca,Candanchu/Astun,22.5,14.7,19.1,6.2,0.0,8.4
2019-09-01,22130 Jaca,Candanchu/Astun,19.2,12.5,16.4,0.1,0.0,15.8
2019-09-02,22130 Jaca,Candanchu/Astun,18.4,10.2,13.5,0.0,0.0,17.1
2019-09-03,22130 Jaca,Candanchu/Astun,21.6,8.9,15.3,0.0,0.0,15.3
2019-09-04,22130 Jaca,Candanchu/Astun,21.3,12.4,16.9,0.0,0.0,15.5
2019-09-05,22130 Jaca,Candanchu/Astun,14.6,7.2,10.9,0.0,0.0,26.1
2019-09-06,22130 Jaca,Candanchu/Astun,17.0,5.2,10.2,0.0,0.0,18.5
2019-09-07,22130 Jaca,Candanchu/Astun,17.3,4.6,10.7,0.0,0.0,17.4
2019-09-08,22130 Jaca,Candanchu/Astun,17.5,6.9,11.6,0.0,0.0,12.7
2019-09-09,22130 Jaca,Candanchu/Astun,16.2,8.1,13.3,0.0,0.0,9.4
2019-09-10,22130 Jaca,Candanchu/Astun,11.6,4.7,8.2,1.7,0.0,27.9
2019-09-11,22130 Jaca,Candanchu/Astun,18.0,7.8,12.0,0.0,0.0,27.5
2019-09-12,22130 Jaca,Candanchu/Astun,21.6,6.5,14.3,0.0,0.0,8.0
2019-09-13,22130 Jaca,Candanchu/Astun,21.9,12.3,16.6,0.0,0.0,16.5
2019-09-14,22130 Jaca,Candanchu/Astun,20.9,12.1,15.9,1.3,0.0,13.4
2019-09-15,22130 Jaca,Candanchu/Astun,20.7,12.2,15.2,9.9,0.0,16.4
2019-09-16,22130 Jaca,Candanchu/Astun,20.2,12.1,15.9,1.2,0.0,12.8
2019-09-17,22130 Jaca,Candanchu/Astun,20.8,12.7,17.7,0.2,0.0,6.5
2019-09-18,22130 Jaca,Candanchu/Astun,19.1,11.6,16.0,2.4,0.0,11.0
2019-09-19,22130 Jaca,Candanchu/Astun,17.7,10.8,14.8,0.5,0.0,7.9
2019-09-20,22130 Jaca,Candanchu/Astun,18.2,10.9,14.0,3.1,0.0,15.3
2019-09-21,22130 Jaca,Candanchu/Astun,15.6,11.4,12.9,5.4,0.0,16.6
2019-09-22,22130 Jaca,Candanchu/Astun,13.2,7.6,11.7,17.0,0.0,11.9
2019-09-23,22130 Jaca,Candanchu/Astun,14.8,4.9,10.0,0.0,0.0,11.6
2019-09-24,22130 Jaca,Candanchu/Astun,18.1,11.1,14.5,0.2,0.0,13.6
2019-09-25,22130 Jaca,Candanchu/Astun,14.9,8.7,11.6,0.1,0.0,13.1
2019-09-26,22130 Jaca,Candanchu/Astun,18.0,8.0,12.9,0.0,0.0,10.4
2019-09-27,22130 Jaca,Candanchu/Astun,17.9,9.7,15.0,0.0,0.0,9.5
2019-09-28,22130 Jaca,Candanchu/Astun,17.5,9.0,13.6,0.0,0.0,10.4
2019-09-29,22130 Jaca,Candanchu/Astun,19.8,11.3,16.3,0.0,0.0,10.5
2019-09-30,22130 Jaca,Candanchu/Astun,19.7,10.2,15.4,0.0,0.0,10.0
2019-10-01,22130 Jaca,Candanchu/Astun,18.2,9.4,15.5,0.3,0.0,16.4
2019-10-02,22130 Jaca,Candanchu/Astun,11.8,7.1,9.4,1.4,0.0,18.8
2019-10-03,22130 Jaca,Candanchu/Astun,19.4,4.8,11.3,0.0,0.0,15.5
2019-10-04,22130 Jaca,Candanchu/Astun,17.4,8.2,12.7,0.0,0.0,13.4
2019-10-05,22130 Jaca,Candanchu/Astun,18.8,7.3,12.6,0.0,0.0,13.9
2019-10-06,22130 Jaca,Candanchu/Astun,15.3,7.8,11.3,0.0,0.0,18.9
2019-10-07,22130 Jaca,Candanchu/Astun,16.8,5.7,10.5,0.1,0.0,21.3
2019-10-08,22130 Jaca,Candanchu/Astun,19.4,10.0,14.2,0.0,0.0,10.3
2019-10-09,22130 Jaca,Candanchu/Astun,14.6,7.4,11.9,0.1,0.0,13.5
2019-10-10,22130 Jaca,Candanchu/Astun,15.3,4.8,9.4,0.0,0.0,7.6
2019-10-11,22130 Jaca,Candanchu/Astun,19.1,6.4,13.9,0.0,0.0,9.5
2019-10-12,22130 Jaca,Candanchu/Astun,16.5,11.9,13.7,9.8,0.0,16.3
2019-10-13,22130 Jaca,Candanchu/Astun,15.0,10.3,12.5,2.3,0.0,19.6
2019-10-14,22130 Jaca,Candanchu/Astun,12.7,7.0,10.7,38.6,0.0,20.0
2019-10-15,22130 Jaca,Candanchu/Astun,7.5,2.1,4.8,3.3,0.0,18.6
2019-10-16,22130 Jaca,Candanchu/Astun,11.4,4.1,7.6,0.0,0.0,8.5
2019-10-17,22130 Jaca,Candanchu/Astun,11.8,6.6,9.2,1.8,0.0,9.5
2019-10-18,22130 Jaca,Candanchu/Astun,11.1,7.4,9.3,11.2,0.0,11.4
2019-10-19,22130 Jaca,Candanchu/Astun,10.2,7.5,9.1,5.1,0.0,17.4
2019-10-20,22130 Jaca,Candanchu/Astun,8.8,4.0,6.8,35.9,0.0,18.2
2019-10-21,22130 Jaca,Candanchu/Astun,6.8,2.9,4.7,6.6,0.21,8.7
2019-10-22,22130 Jaca,Candanchu/Astun,10.7,1.2,4.5,15.1,0.0,20.9
2019-10-23,22130 Jaca,Candanchu/Astun,10.5,4.8,7.5,28.6,0.0,19.6
2019-10-24,22130 Jaca,Candanchu/Astun,9.6,3.3,5.9,1.1,0.0,14.9
2019-10-25,22130 Jaca,Candanchu/Astun,16.7,3.7,9.2,0.0,0.0,10.0
2019-10-26,22130 Jaca,Candanchu/Astun,15.4,6.1,13.0,0.0,0.0,9.0
2019-10-27,22130 Jaca,Candanchu/Astun,14.5,8.8,12.1,0.2,0.0,8.2
2019-10-28,22130 Jaca,Candanchu/Astun,14.9,8.7,12.9,0.0,0.0,6.3
2019-10-29,22130 Jaca,Candanchu/Astun,14.4,7.9,11.8,0.3,0.0,9.4
2019-10-30,22130 Jaca,Candanchu/Astun,13.4,6.4,10.1,0.0,0.0,8.1
2019-10-31,22130 Jaca,Candanchu/Astun,10.8,6.1,8.9,1.1,0.0,14.7
2019-11-01,22130 Jaca,Candanchu/Astun,13.0,4.6,9.7,11.8,0.0,11.2
2019-11-02,22130 Jaca,Candanchu/Astun,10.4,6.8,8.7,27.1,0.0,13.8
2019-11-03,22130 Jaca,Candanchu/Astun,6.6,3.1,4.8,27.7,1.33,17.9
2019-11-04,22130 Jaca,Candanchu/Astun,8.1,4.4,6.3,14.8,0.0,12.7
2019-11-05,22130 Jaca,Candanchu/Astun,3.8,-0.2,1.6,10.2,5.74,14.2
2019-11-06,22130 Jaca,Candanchu/Astun,4.5,0.9,2.7,5.2,1.54,15.6
2019-11-07,22130 Jaca,Candanchu/Astun,3.4,-2.6,1.6,9.4,2.59,10.9
2019-11-08,22130 Jaca,Candanchu/Astun,-0.5,-7.8,-2.6,17.4,12.18,12.7
2019-11-09,22130 Jaca,Candanchu/Astun,2.5,-1.6,0.3,14.1,9.38,11.7
2019-11-10,22130 Jaca,Candanchu/Astun,1.0,-2.2,-0.7,5.0,3.5,26.9
2019-11-11,22130 Jaca,Candanchu/Astun,3.6,-2.5,0.2,2.8,1.26,22.1
2019-11-12,22130 Jaca,Candanchu/Astun,3.3,-0.3,1.2,2.4,1.33,19.2
2019-11-13,22130 Jaca,Candanchu/Astun,3.2,-1.6,1.1,0.2,0.0,13.8
2019-11-14,22130 Jaca,Candanchu/Astun,2.2,-5.9,-0.9,17.1,11.55,10.8
2019-11-15,22130 Jaca,Candanchu/Astun,-1.4,-6.8,-4.0,4.6,3.22,13.8
2019-11-16,22130 Jaca,Candanchu/Astun,-1.4,-7.1,-3.5,14.8,10.36,13.0
2019-11-17,22130 Jaca,Candanchu/Astun,1.1,-2.4,-0.9,9.7,6.72,8.4
2019-11-18,22130 Jaca,Candanchu/Astun,-0.8,-3.5,-1.8,1.1,0.77,20.2
2019-11-19,22130 Jaca,Candanchu/Astun,3.6,-5.8,-2.7,0.0,0.0,19.3
2019-11-20,22130 Jaca,Candanchu/Astun,2.8,-4.9,-1.2,0.0,0.0,11.6
2019-11-21,22130 Jaca,Candanchu/Astun,1.5,-0.8,0.1,4.0,2.66,7.4
2019-11-22,22130 Jaca,Candanchu/Astun,2.6,0.1,1.1,27.8,13.79,22.6
2019-11-23,22130 Jaca,Candanchu/Astun,1.9,0.1,1.1,27.1,13.86,16.4
2019-11-24,22130 Jaca,Candanchu/Astun,2.9,-0.9,0.8,3.9,2.66,12.6
2019-11-25,22130 Jaca,Candanchu/Astun,6.9,1.2,3.2,1.6,0.35,7.9
2019-11-26,22130 Jaca,Candanchu/Astun,9.5,2.8,6.4,4.5,0.0,9.2
2019-11-27,22130 Jaca,Candanchu/Astun,4.3,1.8,3.2,23.5,0.28,11.5
2019-11-28,22130 Jaca,Candanchu/Astun,4.4,1.6,2.9,22.1,0.56,8.2
2019-11-29,22130 Jaca,Candanchu/Astun,6.2,-1.5,3.1,3.5,0.0,10.1
2019-11-30,22130 Jaca,Candanchu/Astun,7.3,2.3,4.4,21.4,0.0,9.8
2019-12-01,22130 Jaca,Candanchu/Astun,3.7,-1.6,1.2,2.8,0.07,9.8
2019-12-02,22130 Jaca,Candanchu/Astun,3.9,-0.4,1.0,0.0,0.0,12.0
2019-12-03,22130 Jaca,Candanchu/Astun,3.1,-3.0,-0.6,0.0,0.0,10.0
2019-12-04,22130 Jaca,Candanchu/Astun,6.3,-1.4,2.8,0.3,0.0,10.9
2019-12-05,22130 Jaca,Candanchu/Astun,7.3,-1.0,2.3,2.1,0.63,6.2
2019-12-06,22130 Jaca,Candanchu/Astun,6.9,-0.5,3.7,0.0,0.0,6.6
2019-12-07,22130 Jaca,Candanchu/Astun,7.9,0.1,3.1,0.0,0.0,8.2
2019-12-08,22130 Jaca,Candanchu/Astun,7.8,0.2,4.8,4.9,0.0,12.6
2019-12-09,22130 Jaca,Candanchu/Astun,2.6,-0.6,1.2,8.4,5.74,26.4
2019-12-10,22130 Jaca,Candanchu/Astun,7.7,0.3,2.6,0.0,0.0,26.8
2019-12-11,22130 Jaca,Candanchu/Astun,9.9,-0.8,3.1,6.5,4.27,14.7
2019-12-12,22130 Jaca,Candanchu/Astun,1.4,-0.4,0.0,40.5,28.35,12.7
2019-12-13,22130 Jaca,Candanchu/Astun,6.0,1.6,4.4,59.7,5.6,23.8
2019-12-14,22130 Jaca,Candanchu/Astun,5.9,0.8,3.6,0.4,0.07,16.2
2019-12-15,22130 Jaca,Candanchu/Astun,6.2,-0.2,3.0,0.0,0.0,9.3
2019-12-16,22130 Jaca,Candanchu/Astun,6.5,2.9,4.3,1.0,0.42,16.6
2019-12-17,22130 Jaca,Candanchu/Astun,4.3,2.1,3.4,13.4,0.49,15.1
2019-12-18,22130 Jaca,Candanchu/Astun,5.2,1.7,3.3,2.1,0.0,12.5
2019-12-19,22130 Jaca,Candanchu/Astun,4.4,2.4,3.7,10.1,0.14,22.0
2019-12-20,22130 Jaca,Candanchu/Astun,4.7,1.5,2.8,55.1,5.81,24.8
2019-12-21,22130 Jaca,Candanchu/Astun,4.3,0.6,2.8,23.7,1.47,25.2
2019-12-22,22130 Jaca,Candanchu/Astun,3.6,1.0,1.8,10.7,4.62,25.1
2019-12-23,22130 Jaca,Candanchu/Astun,4.1,0.3,2.2,1.6,1.19,17.7
2019-12-24,22130 Jaca,Candanchu/Astun,8.9,2.5,4.8,0.0,0.0,11.0
2019-12-25,22130 Jaca,Candanchu/Astun,14.1,1.9,9.0,0.0,0.0,8.5
2019-12-26,22130 Jaca,Candanchu/Astun,13.7,1.9,6.0,0.1,0.0,21.9
2019-12-27,22130 Jaca,Candanchu/Astun,11.5,1.1,5.2,0.0,0.0,8.7
2019-12-28,22130 Jaca,Candanchu/Astun,12.2,1.2,5.2,0.0,0.0,8.2
2019-12-29,22130 Jaca,Candanchu/Astun,11.2,3.6,8.1,0.0,0.0,7.1
2019-12-30,22130 Jaca,Candanchu/Astun,11.7,2.9,8.7,0.0,0.0,4.0
2019-12-31,22130 Jaca,Candanchu/Astun,10.0,2.2,7.5,0.0,0.0,5.4
2020-01-01,22130 Jaca,Candanchu/Astun,10.9,3.2,8.3,0.0,0.0,5.9
2020-01-02,22130 Jaca,Candanchu/Astun,11.0,3.7,9.0,0.0,0.0,5.6
2020-01-03,22130 Jaca,Candanchu/Astun,9.6,2.1,6.3,0.0,0.0,13.8
2020-01-04,22130 Jaca,Candanchu/Astun,6.7,0.1,2.5,0.2,0.0,14.2
2020-01-05,22130 Jaca,Candanchu/Astun,11.9,2.1,6.1,0.0,0.0,11.3
2020-01-06,22130 Jaca,Candanchu/Astun,11.6,1.4,7.5,0.0,0.0,11.8
2020-01-07,22130 Jaca,Candanchu/Astun,11.5,1.0,5.0,0.0,0.0,11.9
2020-01-08,22130 Jaca,Candanchu/Astun,10.3,1.9,5.2,0.0,0.0,9.2
2020-01-09,22130 Jaca,Candanchu/Astun,7.4,1.9,4.9,0.0,0.0,10.3
2020-01-10,22130 Jaca,Candanchu/Astun,3.0,-0.7,1.0,1.3,0.77,15.9
2020-01-11,22130 Jaca,Candanchu/Astun,7.4,-4.3,1.3,0.0,0.0,15.2
2020-01-12,22130 Jaca,Candanchu/Astun,9.7,-0.8,5.0,0.0,0.0,4.8
2020-01-13,22130 Jaca,Candanchu/Astun,8.4,5.6,7.0,0.0,0.0,6.3
2020-01-14,22130 Jaca,Candanchu/Astun,8.0,0.1,5.2,0.0,0.0,10.8
2020-01-15,22130 Jaca,Candanchu/Astun,6.4,-1.1,2.6,0.0,0.0,12.9
2020-01-16,22130 Jaca,Candanchu/Astun,6.6,1.2,4.3,0.3,0.0,11.3
2020-01-17,22130 Jaca,Candanchu/Astun,4.0,-1.5,1.4,8.8,4.55,14.3
2020-01-18,22130 Jaca,Candanchu/Astun,3.4,-7.8,-0.3,4.2,2.94,14.1
2020-01-19,22130 Jaca,Candanchu/Astun,0.8,-4.8,-1.4,16.5,11.55,39.5
2020-01-20,22130 Jaca,Candanchu/Astun,3.5,-8.4,-3.3,0.0,0.0,32.8
2020-01-21,22130 Jaca,Candanchu/Astun,7.5,-3.2,1.2,1.0,0.42,8.4
2020-01-22,22130 Jaca,Candanchu/Astun,5.7,-1.6,1.3,18.3,12.6,10.4
2020-01-23,22130 Jaca,Candanchu/Astun,1.8,-0.8,0.7,29.8,19.04,9.0
2020-01-24,22130 Jaca,Candanchu/Astun,3.2,-1.7,0.4,0.0,0.0,10.0
2020-01-25,22130 Jaca,Candanchu/Astun,2.1,-0.8,1.2,1.9,1.26,11.7
2020-01-26,22130 Jaca,Candanchu/Astun,3.6,-4.3,0.6,4.0,2.66,7.9
2020-01-27,22130 Jaca,Candanchu/Astun,3.5,-1.5,1.5,2.5,1.47,6.5
2020-01-28,22130 Jaca,Candanchu/Astun,3.5,-2.7,1.6,4.5,0.0,10.9
2020-01-29,22130 Jaca,Candanchu/Astun,6.1,-4.3,1.1,1.3,0.0,11.5
2020-01-30,22130 Jaca,Candanchu/Astun,7.2,1.9,4.8,8.4,0.0,7.9
2020-01-31,22130 Jaca,Candanchu/Astun,9.5,2.3,5.4,2.4,0.07,8.3
2020-02-01,22130 Jaca,Candanchu/Astun,10.2,4.0,7.2,3.5,0.0,12.2
2020-02-02,22130 Jaca,Candanchu/Astun,13.6,3.8,8.3,0.0,0.0,9.2
2020-02-03,22130 Jaca,Candanchu/Astun,15.0,4.8,9.3,0.0,0.0,10.5
2020-02-04,22130 Jaca,Candanchu/Astun,6.5,-0.4,4.2,0.0,0.0,29.7
2020-02-05,22130 Jaca,Candanchu/Astun,7.8,-1.6,2.3,0.0,0.0,17.4
2020-02-06,22130 Jaca,Candanchu/Astun,7.8,1.1,4.1,0.0,0.0,14.8
2020-02-07,22130 Jaca,Candanchu/Astun,7.8,1.5,5.6,0.0,0.0,8.7
2020-02-08,22130 Jaca,Candanchu/Astun,6.6,2.1,4.6,0.0,0.0,9.7
2020-02-09,22130 Jaca,Candanchu/Astun,6.7,0.2,3.9,0.0,0.0,8.9
2020-02-10,22130 Jaca,Candanchu/Astun,11.5,2.8,6.6,0.0,0.0,10.0
2020-02-11,22130 Jaca,Candanchu/Astun,7.6,3.2,5.2,0.3,0.0,17.5
2020-02-12,22130 Jaca,Candanchu/Astun,7.8,2.1,4.5,0.0,0.0,14.2
2020-02-13,22130 Jaca,Candanchu/Astun,7.0,4.4,5.3,1.8,0.0,10.8
2020-02-14,22130 Jaca,Candanchu/Astun,10.7,2.3,6.0,0.0,0.0,11.9
2020-02-15,22130 Jaca,Candanchu/Astun,11.6,6.8,8.9,0.0,0.0,10.0
2020-02-16,22130 Jaca,Candanchu/Astun,12.5,3.6,8.0,0.0,0.0,12.8
2020-02-17,22130 Jaca,Candanchu/Astun,9.4,1.0,6.6,0.0,0.0,17.8
2020-02-18,22130 Jaca,Candanchu/Astun,7.0,-3.2,1.6,0.0,0.0,16.5
2020-02-19,22130 Jaca,Candanchu/Astun,9.2,-1.9,2.5,0.0,0.0,15.3
2020-02-20,22130 Jaca,Candanchu/Astun,11.6,0.9,7.1,0.0,0.0,9.0
2020-02-21,22130 Jaca,Candanchu/Astun,11.6,0.4,5.9,0.0,0.0,12.6
2020-02-22,22130 Jaca,Candanchu/Astun,14.9,1.8,7.3,0.0,0.0,8.7
2020-02-23,22130 Jaca,Candanchu/Astun,15.8,3.9,11.0,0.0,0.0,7.4
2020-02-24,22130 Jaca,Candanchu/Astun,15.9,3.9,11.5,0.0,0.0,9.0
2020-02-25,22130 Jaca,Candanchu/Astun,8.2,2.2,4.8,0.8,0.07,17.7
2020-02-26,22130 Jaca,Candanchu/Astun,2.9,-0.3,1.0,3.5,2.45,20.9
2020-02-27,22130 Jaca,Candanchu/Astun,5.3,-0.2,2.5,4.7,0.42,19.4
2020-02-28,22130 Jaca,Candanchu/Astun,9.8,3.8,5.8,1.1,0.0,14.0
2020-02-29,22130 Jaca,Candanchu/Astun,5.3,3.2,4.0,5.6,0.21,13.9
2020-03-01,22130 Jaca,Candanchu/Astun,5.7,0.4,2.5,3.6,1.26,11.0
2020-03-02,22130 Jaca,Candanchu/Astun,3.4,-2.9,0.9,37.0,10.22,17.9
2020-03-03,22130 Jaca,Candanchu/Astun,3.0,-2.3,-0.3,15.4,10.08,23.8
2020-03-04,22130 Jaca,Candanchu/Astun,9.0,-0.2,4.2,7.3,0.07,17.0
2020-03-05,22130 Jaca,Candanchu/Astun,6.5,-1.4,4.0,16.9,1.26,17.9
2020-03-06,22130 Jaca,Candanchu/Astun,-0.2,-3.3,-1.4,14.2,9.94,18.0
2020-03-07,22130 Jaca,Candanchu/Astun,1.4,-2.0,-0.3,6.7,4.69,30.0
2020-03-08,22130 Jaca,Candanchu/Astun,7.1,-3.5,1.9,0.1,0.0,13.0
2020-03-09,22130 Jaca,Candanchu/Astun,2.5,-0.5,1.0,5.4,3.5,24.4
2020-03-10,22130 Jaca,Candanchu/Astun,12.4,1.1,6.0,1.3,0.0,21.2
2020-03-11,22130 Jaca,Candanchu/Astun,15.9,4.5,9.8,0.0,0.0,11.5
2020-03-12,22130 Jaca,Candanchu/Astun,15.8,8.0,13.6,0.8,0.0,10.1
2020-03-13,22130 Jaca,Candanchu/Astun,9.5,4.6,7.5,12.6,0.0,15.2
2020-03-14,22130 Jaca,Candanchu/Astun,11.6,0.1,6.2,0.0,0.0,8.4
2020-03-15,22130 Jaca,Candanchu/Astun,10.4,1.9,6.9,10.3,0.0,15.3
2020-03-16,22130 Jaca,Candanchu/Astun,7.5,1.5,3.8,37.1,12.6,16.3
2020-03-17,22130 Jaca,Candanchu/Astun,9.2,3.8,6.2,3.8,0.0,9.7
2020-03-18,22130 Jaca,Candanchu/Astun,11.6,3.0,7.4,9.2,0.0,7.2
2020-03-19,22130 Jaca,Candanchu/Astun,11.4,3.5,7.9,0.0,0.0,13.6
2020-03-20,22130 Jaca,Candanchu/Astun,9.9,1.4,4.9,0.0,0.0,12.3
2020-03-21,22130 Jaca,Candanchu/Astun,10.1,1.1,5.9,0.6,0.0,7.9
2020-03-22,22130 Jaca,Candanchu/Astun,8.0,1.7,4.9,6.6,0.14,6.8
2020-03-23,22130 Jaca,Candanchu/Astun,9.2,2.6,5.3,1.0,0.0,14.3
2020-03-24,22130 Jaca,Candanchu/Astun,8.6,0.3,4.5,6.9,0.0,8.7
2020-03-25,22130 Jaca,Candanchu/Astun,3.6,0.7,1.7,12.4,5.88,10.0
2020-03-26,22130 Jaca,Candanchu/Astun,3.0,-4.0,-0.7,0.4,0.28,19.6
2020-03-27,22130 Jaca,Candanchu/Astun,7.3,-4.4,1.2,0.0,0.0,9.2
2020-03-28,22130 Jaca,Candanchu/Astun,9.1,-0.8,5.2,0.1,0.0,12.6
2020-03-29,22130 Jaca,Candanchu/Astun,9.1,-0.9,3.8,0.0,0.0,21.1
2020-03-30,22130 Jaca,Candanchu/Astun,1.7,-4.0,-0.8,0.2,0.14,21.0
2020-03-31,22130 Jaca,Candanchu/Astun,4.7,-1.3,1.8,9.2,4.06,13.5
2020-04-01,22130 Jaca,Candanchu/Astun,7.2,1.5,3.8,7.5,0.63,15.3
2020-04-02,22130 Jaca,Candanchu/Astun,8.6,2.0,4.2,3.0,0.84,16.0
2020-04-03,22130 Jaca,Candanchu/Astun,10.4,-0.5,4.3,0.0,0.0,13.4
2020-04-04,22130 Jaca,Candanchu/Astun,11.7,0.3,6.6,0.0,0.0,13.2
2020-04-05,22130 Jaca,Candanchu/Astun,10.0,0.2,5.2,0.0,0.0,17.2
2020-04-06,22130 Jaca,Candanchu/Astun,9.6,4.3,6.8,4.1,0.0,13.4
2020-04-07,22130 Jaca,Candanchu/Astun,8.5,3.6,6.4,4.2,0.0,11.5
2020-04-08,22130 Jaca,Candanchu/Astun,11.0,3.1,7.3,5.8,0.0,10.5
2020-04-09,22130 Jaca,Candanchu/Astun,12.5,3.3,8.4,1.5,0.0,10.6
2020-04-10,22130 Jaca,Candanchu/Astun,12.4,4.2,8.1,0.1,0.0,13.0
2020-04-11,22130 Jaca,Candanchu/Astun,9.5,4.2,7.0,2.1,0.0,11.4
2020-04-12,22130 Jaca,Candanchu/Astun,10.5,3.7,6.8,0.1,0.0,14.2
2020-04-13,22130 Jaca,Candanchu/Astun,11.0,2.6,7.3,3.9,0.0,9.7
2020-04-14,22130 Jaca,Candanchu/Astun,11.1,2.2,6.9,4.4,0.0,8.0
2020-04-15,22130 Jaca,Candanchu/Astun,11.1,5.6,7.5,4.2,0.0,24.4
2020-04-16,22130 Jaca,Candanchu/Astun,12.2,5.8,8.2,5.6,0.0,20.3
2020-04-17,22130 Jaca,Candanchu/Astun,10.4,6.6,8.3,16.8,0.0,17.1
2020-04-18,22130 Jaca,Candanchu/Astun,12.8,6.2,9.1,12.2,0.0,8.9
2020-04-19,22130 Jaca,Candanchu/Astun,11.2,6.4,8.8,9.2,0.0,7.6
2020-04-20,22130 Jaca,Candanchu/Astun,12.9,5.8,8.4,1.1,0.0,12.4
2020-04-21,22130 Jaca,Candanchu/Astun,8.0,4.9,6.8,11.7,0.0,17.4
2020-04-22,22130 Jaca,Candanchu/Astun,12.4,5.4,8.5,1.3,0.0,19.1
2020-04-23,22130 Jaca,Candanchu/Astun,10.9,6.9,8.5,5.3,0.0,8.6
2020-04-24,22130 Jaca,Candanchu/Astun,12.4,6.4,9.2,5.1,0.0,8.9
2020-04-25,22130 Jaca,Candanchu/Astun,12.6,5.3,9.5,8.6,0.0,8.9
2020-04-26,22130 Jaca,Candanchu/Astun,11.8,4.3,8.7,4.1,0.0,9.7
2020-04-27,22130 Jaca,Candanchu/Astun,9.3,5.2,7.4,9.1,0.0,9.8
2020-04-28,22130 Jaca,Candanchu/Astun,7.9,1.3,5.1,5.1,0.07,11.7
2020-04-29,22130 Jaca,Candanchu/Astun,9.9,2.9,6.4,2.7,0.0,12.7
2020-04-30,22130 Jaca,Candanchu/Astun,8.1,4.5,6.1,6.1,0.0,16.3
2020-05-01,22130 Jaca,Candanchu/Astun,12.8,6.5,8.9,10.2,0.0,12.0
2020-05-02,22130 Jaca,Candanchu/Astun,15.2,7.6,11.2,0.7,0.0,15.3
2020-05-03,22130 Jaca,Candanchu/Astun,17.5,5.0,11.8,0.0,0.0,13.2
2020-05-04,22130 Jaca,Candanchu/Astun,21.1,10.4,16.4,2.2,0.0,15.1
2020-05-05,22130 Jaca,Candanchu/Astun,15.9,9.1,13.4,0.4,0.0,10.5
2020-05-06,22130 Jaca,Candanchu/Astun,17.1,6.8,13.2,0.0,0.0,10.7
2020-05-07,22130 Jaca,Candanchu/Astun,17.9,8.6,13.6,0.0,0.0,11.3
2020-05-08,22130 Jaca,Candanchu/Astun,17.0,9.3,13.3,0.2,0.0,16.6
2020-05-09,22130 Jaca,Candanchu/Astun,15.4,8.1,11.5,8.0,0.0,15.0
2020-05-10,22130 Jaca,Candanchu/Astun,9.6,6.3,8.0,51.6,0.0,12.1
2020-05-11,22130 Jaca,Candanchu/Astun,9.4,5.5,6.7,17.6,0.0,15.2
2020-05-12,22130 Jaca,Candanchu/Astun,13.3,3.7,8.0,10.1,0.0,13.0
2020-05-13,22130 Jaca,Candanchu/Astun,10.1,5.1,7.8,19.9,0.0,13.9
2020-05-14,22130 Jaca,Candanchu/Astun,11.7,5.0,7.9,9.5,0.0,7.2
2020-05-15,22130 Jaca,Candanchu/Astun,11.3,5.7,8.1,6.9,0.0,10.4
2020-05-16,22130 Jaca,Candanchu/Astun,11.9,5.4,8.2,0.4,0.0,18.9
2020-05-17,22130 Jaca,Candanchu/Astun,15.8,5.7,9.6,0.0,0.0,19.7
2020-05-18,22130 Jaca,Candanchu/Astun,17.2,5.7,10.9,0.0,0.0,17.6
2020-05-19,22130 Jaca,Candanchu/Astun,18.4,6.7,12.4,0.0,0.0,16.5
2020-05-20,22130 Jaca,Candanchu/Astun,20.3,5.4,14.1,0.0,0.0,13.6
2020-05-21,22130 Jaca,Candanchu/Astun,20.9,8.9,15.3,0.1,0.0,8.5
2020-05-22,22130 Jaca,Candanchu/Astun,21.0,11.8,18.6,0.0,0.0,9.0
2020-05-23,22130 Jaca,Candanchu/Astun,18.7,10.4,15.3,0.3,0.0,16.5
2020-05-24,22130 Jaca,Candanchu/Astun,18.3,9.1,13.6,0.1,0.0,14.7
2020-05-25,22130 Jaca,Candanchu/Astun,17.1,10.7,14.0,12.1,0.0,10.2
2020-05-26,22130 Jaca,Candanchu/Astun,18.7,10.8,14.9,3.0,0.0,9.8
2020-05-27,22130 Jaca,Candanchu/Astun,17.2,10.9,14.4,13.3,0.0,9.4
2020-05-28,22130 Jaca,Candanchu/Astun,17.6,9.7,13.9,0.4,0.0,7.6
2020-05-29,22130 Jaca,Candanchu/Astun,20.5,10.8,16.0,0.6,0.0,11.5
2020-05-30,22130 Jaca,Candanchu/Astun,18.5,9.8,14.6,0.4,0.0,8.7
2020-05-31,22130 Jaca,Candanchu/Astun,18.6,9.4,14.2,3.0,0.0,7.9
2020-06-01,22130 Jaca,Candanchu/Astun,17.6,10.2,13.3,10.1,0.0,8.7
2020-06-02,22130 Jaca,Candanchu/Astun,18.8,9.7,14.4,1.6,0.0,10.9
2020-06-03,22130 Jaca,Candanchu/Astun,15.7,10.0,12.4,8.4,0.0,7.6
2020-06-04,22130 Jaca,Candanchu/Astun,10.8,6.3,8.6,3.4,0.0,19.1
2020-06-05,22130 Jaca,Candanchu/Astun,13.9,4.7,8.9,0.5,0.0,18.9
2020-06-06,22130 Jaca,Candanchu/Astun,15.9,8.2,12.1,4.3,0.0,8.7
2020-06-07,22130 Jaca,Candanchu/Astun,11.1,5.0,9.1,4.4,0.0,17.0
2020-06-08,22130 Jaca,Candanchu/Astun,11.7,4.2,7.3,0.3,0.0,18.0
2020-06-09,22130 Jaca,Candanchu/Astun,11.9,4.7,7.5,0.1,0.0,18.1
2020-06-10,22130 Jaca,Candanchu/Astun,14.3,5.5,9.0,1.7,0.0,12.3
2020-06-11,22130 Jaca,Candanchu/Astun,9.8,6.9,8.0,15.0,0.0,15.1
2020-06-12,22130 Jaca,Candanchu/Astun,9.6,5.1,7.4,16.9,0.0,14.8
2020-06-13,22130 Jaca,Candanchu/Astun,11.4,6.1,8.5,3.2,0.0,10.6
2020-06-14,22130 Jaca,Candanchu/Astun,13.5,5.6,9.9,1.5,0.0,10.4
2020-06-15,22130 Jaca,Candanchu/Astun,14.4,6.4,11.0,0.1,0.0,12.2
2020-06-16,22130 Jaca,Candanchu/Astun,12.2,6.8,9.8,4.8,0.0,10.8
2020-06-17,22130 Jaca,Candanchu/Astun,11.9,3.7,8.5,0.6,0.0,12.0
2020-06-18,22130 Jaca,Candanchu/Astun,12.8,5.2,9.2,3.1,0.0,10.1
2020-06-19,22130 Jaca,Candanchu/Astun,16.1,5.8,11.5,3.3,0.0,8.8
2020-06-20,22130 Jaca,Candanchu/Astun,18.4,8.4,13.7,0.8,0.0,11.2
2020-06-21,22130 Jaca,Candanchu/Astun,20.9,10.7,15.5,0.1,0.0,19.0
2020-06-22,22130 Jaca,Candanchu/Astun,21.6,9.9,16.2,0.0,0.0,15.5
2020-06-23,22130 Jaca,Candanchu/Astun,22.7,13.9,18.5,0.0,0.0,8.3
2020-06-24,22130 Jaca,Candanchu/Astun,23.5,13.3,18.5,3.4,0.0,7.6
2020-06-25,22130 Jaca,Candanchu/Astun,21.8,12.7,18.3,2.6,0.0,15.0
2020-06-26,22130 Jaca,Candanchu/Astun,19.7,12.6,16.0,4.9,0.0,14.4
2020-06-27,22130 Jaca,Candanchu/Astun,20.1,11.7,15.8,0.0,0.0,10.6
2020-06-28,22130 Jaca,Candanchu/Astun,19.9,12.6,17.0,2.0,0.0,9.3
2020-06-29,22130 Jaca,Candanchu/Astun,21.2,13.2,18.1,0.0,0.0,9.6
2020-06-30,22130 Jaca,Candanchu/Astun,21.7,12.5,17.2,1.0,0.0,10.0
2020-07-01,22130 Jaca,Candanchu/Astun,21.5,14.8,18.1,2.9,0.0,10.4
2020-07-02,22130 Jaca,Candanchu/Astun,18.3,11.7,15.3,3.9,0.0,15.2
2020-07-03,22130 Jaca,Candanchu/Astun,18.3,9.3,13.3,0.0,0.0,15.0
2020-07-04,22130 Jaca,Candanchu/Astun,21.7,8.3,15.5,0.0,0.0,13.4
2020-07-05,22130 Jaca,Candanchu/Astun,23.8,12.7,18.5,0.2,0.0,11.4
2020-07-06,22130 Jaca,Candanchu/Astun,23.0,13.8,18.0,0.0,0.0,17.5
2020-07-07,22130 Jaca,Candanchu/Astun,23.1,10.5,17.6,0.0,0.0,16.9
2020-07-08,22130 Jaca,Candanchu/Astun,25.2,14.1,20.7,0.0,0.0,11.6
2020-07-09,22130 Jaca,Candanchu/Astun,22.4,14.9,19.3,5.5,0.0,8.2
2020-07-10,22130 Jaca,Candanchu/Astun,21.7,13.0,17.4,8.6,0.0,10.6
2020-07-11,22130 Jaca,Candanchu/Astun,21.4,14.2,18.4,2.1,0.0,9.4
2020-07-12,22130 Jaca,Candanchu/Astun,22.1,13.7,17.1,2.4,0.0,11.2
2020-07-13,22130 Jaca,Candanchu/Astun,20.1,12.0,15.9,2.0,0.0,17.7
2020-07-14,22130 Jaca,Candanchu/Astun,18.3,10.9,14.4,4.3,0.0,11.3
2020-07-15,22130 Jaca,Candanchu/Astun,15.8,10.5,13.0,0.0,0.0,19.9
2020-07-16,22130 Jaca,Candanchu/Astun,22.0,9.6,15.8,0.0,0.0,15.8
2020-07-17,22130 Jaca,Candanchu/Astun,21.2,10.0,15.5,0.0,0.0,17.1
2020-07-18,22130 Jaca,Candanchu/Astun,24.2,9.4,17.3,0.0,0.0,14.9
2020-07-19,22130 Jaca,Candanchu/Astun,24.9,14.0,20.1,0.0,0.0,9.4
2020-07-20,22130 Jaca,Candanchu/Astun,23.6,15.6,19.7,0.9,0.0,11.9
2020-07-21,22130 Jaca,Candanchu/Astun,25.4,15.1,20.3,0.2,0.0,12.1
2020-07-22,22130 Jaca,Candanchu/Astun,24.8,15.5,20.7,0.1,0.0,13.0
2020-07-23,22130 Jaca,Candanchu/Astun,23.5,14.4,19.9,0.1,0.0,11.2
2020-07-24,22130 Jaca,Candanchu/Astun,23.2,12.7,18.3,0.0,0.0,12.7
2020-07-25,22130 Jaca,Candanchu/Astun,24.4,12.3,18.4,0.0,0.0,10.2
2020-07-26,22130 Jaca,Candanchu/Astun,25.1,16.1,21.0,0.0,0.0,11.6
2020-07-27,22130 Jaca,Candanchu/Astun,28.6,16.2,22.8,0.6,0.0,11.9
2020-07-28,22130 Jaca,Candanchu/Astun,26.6,18.2,22.7,0.2,0.0,14.6
2020-07-29,22130 Jaca,Candanchu/Astun,25.9,16.0,21.4,0.1,0.0,14.0
2020-07-30,22130 Jaca,Candanchu/Astun,29.2,16.9,23.0,0.1,0.0,13.3
2020-07-31,22130 Jaca,Candanchu/Astun,28.5,18.9,23.8,0.0,0.0,13.7
2020-08-01,22130 Jaca,Candanchu/Astun,26.7,16.9,21.8,0.0,0.0,15.1
2020-08-02,22130 Jaca,Candanchu/Astun,23.7,12.5,17.7,0.0,0.0,19.4
2020-08-03,22130 Jaca,Candanchu/Astun,20.6,10.8,15.0,0.0,0.0,20.9
2020-08-04,22130 Jaca,Candanchu/Astun,23.0,10.7,16.0,0.0,0.0,17.8
2020-08-05,22130 Jaca,Candanchu/Astun,26.1,13.6,20.1,0.0,0.0,11.3
2020-08-06,22130 Jaca,Candanchu/Astun,27.6,17.0,22.9,0.0,0.0,10.3
2020-08-07,22130 Jaca,Candanchu/Astun,30.6,18.1,24.1,0.3,0.0,11.1
2020-08-08,22130 Jaca,Candanchu/Astun,29.9,18.0,23.7,0.1,0.0,13.2
2020-08-09,22130 Jaca,Candanchu/Astun,26.1,17.9,22.5,0.4,0.0,14.0
2020-08-10,22130 Jaca,Candanchu/Astun,26.0,17.9,21.2,1.0,0.0,17.3
2020-08-11,22130 Jaca,Candanchu/Astun,25.5,16.8,20.4,1.6,0.0,18.4
2020-08-12,22130 Jaca,Candanchu/Astun,19.5,13.0,16.4,5.3,0.0,18.5
2020-08-13,22130 Jaca,Candanchu/Astun,18.7,12.7,15.6,2.9,0.0,9.2
2020-08-14,22130 Jaca,Candanchu/Astun,20.7,12.1,16.5,0.8,0.0,11.6
2020-08-15,22130 Jaca,Candanchu/Astun,21.3,13.6,17.1,15.8,0.0,13.7
2020-08-16,22130 Jaca,Candanchu/Astun,18.6,11.8,14.6,10.0,0.0,12.4
2020-08-17,22130 Jaca,Candanchu/Astun,19.1,10.6,14.9,5.9,0.0,12.0
2020-08-18,22130 Jaca,Candanchu/Astun,18.0,11.1,14.3,1.0,0.0,8.5
2020-08-19,22130 Jaca,Candanchu/Astun,23.3,12.0,18.5,0.0,0.0,14.5
2020-08-20,22130 Jaca,Candanchu/Astun,25.1,14.8,20.0,0.0,0.0,18.9
2020-08-21,22130 Jaca,Candanchu/Astun,24.8,13.6,20.1,0.0,0.0,12.7
2020-08-22,22130 Jaca,Candanchu/Astun,23.4,14.3,18.5,0.2,0.0,12.6
2020-08-23,22130 Jaca,Candanchu/Astun,22.2,12.4,16.6,0.0,0.0,14.7
2020-08-24,22130 Jaca,Candanchu/Astun,22.1,9.8,15.8,0.0,0.0,12.6
2020-08-25,22130 Jaca,Candanchu/Astun,25.0,17.1,20.9,0.0,0.0,10.5
2020-08-26,22130 Jaca,Candanchu/Astun,25.8,17.1,22.1,0.0,0.0,12.4
2020-08-27,22130 Jaca,Candanchu/Astun,26.0,13.9,20.6,0.0,0.0,13.6
2020-08-28,22130 Jaca,Candanchu/Astun,20.5,10.9,15.8,14.5,0.0,14.7
2020-08-29,22130 Jaca,Candanchu/Astun,13.6,7.1,10.2,0.2,0.0,18.4
2020-08-30,22130 Jaca,Candanchu/Astun,13.2,4.7,8.6,0.7,0.0,19.4
2020-08-31,22130 Jaca,Candanchu/Astun,17.8,5.4,11.5,0.0,0.0,15.9
2020-09-01,22130 Jaca,Candanchu/Astun,19.3,9.2,13.9,0.0,0.0,15.3
2020-09-02,22130 Jaca,Candanchu/Astun,20.0,6.8,13.2,0.0,0.0,13.5
2020-09-03,22130 Jaca,Candanchu/Astun,23.1,10.4,17.5,0.0,0.0,11.0
2020-09-04,22130 Jaca,Candanchu/Astun,24.2,16.7,19.8,0.0,0.0,9.1
2020-09-05,22130 Jaca,Candanchu/Astun,24.6,11.7,18.4,0.0,0.0,12.7
2020-09-06,22130 Jaca,Candanchu/Astun,22.2,10.7,15.5,0.8,0.0,19.7
2020-09-07,22130 Jaca,Candanchu/Astun,16.0,7.6,10.7,0.0,0.0,25.0
2020-09-08,22130 Jaca,Candanchu/Astun,20.5,5.3,13.2,0.0,0.0,16.3
2020-09-09,22130 Jaca,Candanchu/Astun,20.5,9.4,15.1,0.2,0.0,12.4
2020-09-10,22130 Jaca,Candanchu/Astun,21.1,9.6,15.0,0.6,0.0,14.1
2020-09-11,22130 Jaca,Candanchu/Astun,22.9,8.6,16.1,0.6,0.0,11.0
2020-09-12,22130 Jaca,Candanchu/Astun,23.7,11.8,17.7,0.0,0.0,11.5
2020-09-13,22130 Jaca,Candanchu/Astun,23.9,12.4,18.0,0.0,0.0,11.0
2020-09-14,22130 Jaca,Candanchu/Astun,23.7,12.7,18.2,0.0,0.0,13.4
2020-09-15,22130 Jaca,Candanchu/Astun,21.8,14.2,16.9,3.5,0.0,12.4
2020-09-16,22130 Jaca,Candanchu/Astun,23.4,14.1,19.3,0.2,0.0,7.7
2020-09-17,22130 Jaca,Candanchu/Astun,21.7,13.7,17.7,0.1,0.0,16.7
2020-09-18,22130 Jaca,Candanchu/Astun,16.2,12.3,14.4,13.4,0.0,21.5
2020-09-19,22130 Jaca,Candanchu/Astun,12.8,10.2,11.4,53.1,0.0,17.6
2020-09-20,22130 Jaca,Candanchu/Astun,16.2,8.1,11.9,0.2,0.0,12.3
2020-09-21,22130 Jaca,Candanchu/Astun,15.8,8.8,11.9,6.9,0.0,12.1
2020-09-22,22130 Jaca,Candanchu/Astun,14.8,9.3,11.7,3.8,0.0,9.7
2020-09-23,22130 Jaca,Candanchu/Astun,15.7,9.6,12.2,2.2,0.0,11.6
2020-09-24,22130 Jaca,Candanchu/Astun,13.1,8.3,10.8,9.3,0.0,12.3
2020-09-25,22130 Jaca,Candanchu/Astun,7.6,2.7,3.9,23.9,5.74,19.8
2020-09-26,22130 Jaca,Candanchu/Astun,8.7,3.0,5.3,21.2,0.35,19.5
2020-09-27,22130 Jaca,Candanchu/Astun,6.9,1.2,3.8,1.9,0.0,33.9
2020-09-28,22130 Jaca,Candanchu/Astun,14.4,3.9,7.9,0.0,0.0,13.7
2020-09-29,22130 Jaca,Candanchu/Astun,15.4,6.5,12.0,0.0,0.0,6.8
2020-09-30,22130 Jaca,Candanchu/Astun,16.5,7.4,12.1,0.0,0.0,7.4
2020-10-01,22130 Jaca,Candanchu/Astun,14.3,7.6,10.7,0.2,0.0,11.0
2020-10-02,22130 Jaca,Candanchu/Astun,8.8,1.1,5.0,44.1,2.73,17.6
2020-10-03,22130 Jaca,Candanchu/Astun,2.8,0.4,1.7,29.2,17.64,11.7
2020-10-04,22130 Jaca,Candanchu/Astun,4.3,0.2,2.6,8.3,2.38,10.0
2020-10-05,22130 Jaca,Candanchu/Astun,6.6,0.9,3.1,2.1,0.0,12.5
2020-10-06,22130 Jaca,Candanchu/Astun,12.2,0.4,8.7,4.8,0.0,10.4
2020-10-07,22130 Jaca,Candanchu/Astun,12.3,7.9,10.3,1.1,0.0,15.9
2020-10-08,22130 Jaca,Candanchu/Astun,16.2,5.8,12.6,0.0,0.0,8.9
2020-10-09,22130 Jaca,Candanchu/Astun,16.3,8.7,13.9,0.1,0.0,11.1
2020-10-10,22130 Jaca,Candanchu/Astun,11.9,4.8,8.0,0.0,0.0,21.9
2020-10-11,22130 Jaca,Candanchu/Astun,5.2,1.7,3.1,5.4,2.87,23.8
2020-10-12,22130 Jaca,Candanchu/Astun,5.2,2.1,3.2,2.1,0.21,18.4
2020-10-13,22130 Jaca,Candanchu/Astun,7.2,3.5,5.4,2.9,0.0,17.6
2020-10-14,22130 Jaca,Candanchu/Astun,4.0,1.2,2.5,5.5,1.89,17.2
2020-10-15,22130 Jaca,Candanchu/Astun,4.0,-0.2,1.5,0.5,0.42,18.7
2020-10-16,22130 Jaca,Candanchu/Astun,7.8,-2.8,2.1,0.0,0.0,15.8
2020-10-17,22130 Jaca,Candanchu/Astun,9.5,0.8,5.3,0.0,0.0,8.5
2020-10-18,22130 Jaca,Candanchu/Astun,13.3,1.1,7.0,0.0,0.0,6.8
2020-10-19,22130 Jaca,Candanchu/Astun,13.1,3.7,10.0,0.0,0.0,15.8
2020-10-20,22130 Jaca,Candanchu/Astun,10.4,8.4,9.2,10.7,0.0,23.4
2020-10-21,22130 Jaca,Candanchu/Astun,11.4,8.3,9.6,11.8,0.0,25.5
2020-10-22,22130 Jaca,Candanchu/Astun,11.3,8.4,9.4,33.6,0.0,18.1
2020-10-23,22130 Jaca,Candanchu/Astun,8.6,4.7,6.9,20.3,0.0,12.3
2020-10-24,22130 Jaca,Candanchu/Astun,10.2,2.7,6.5,0.0,0.0,8.8
2020-10-25,22130 Jaca,Candanchu/Astun,7.7,3.5,5.7,25.2,0.0,15.6
2020-10-26,22130 Jaca,Candanchu/Astun,4.4,1.1,2.6,3.6,0.77,17.3
2020-10-27,22130 Jaca,Candanchu/Astun,7.6,1.8,4.6,1.1,0.21,12.0
2020-10-28,22130 Jaca,Candanchu/Astun,9.6,4.3,7.1,0.4,0.0,9.8
2020-10-29,22130 Jaca,Candanchu/Astun,13.1,2.6,7.3,0.0,0.0,8.7
2020-10-30,22130 Jaca,Candanchu/Astun,16.4,7.8,13.9,0.0,0.0,7.0
2020-10-31,22130 Jaca,Candanchu/Astun,16.6,6.5,13.7,0.0,0.0,8.9
2020-11-01,22130 Jaca,Candanchu/Astun,15.7,10.6,13.5,0.0,0.0,6.8
2020-11-02,22130 Jaca,Candanchu/Astun,14.8,9.4,12.4,0.0,0.0,9.5
2020-11-03,22130 Jaca,Candanchu/Astun,11.6,3.5,7.8,5.3,0.0,20.1
2020-11-04,22130 Jaca,Candanchu/Astun,5.9,2.1,3.6,1.4,0.0,16.3
2020-11-05,22130 Jaca,Candanchu/Astun,10.9,1.9,6.5,0.0,0.0,14.3
2020-11-06,22130 Jaca,Candanchu/Astun,10.7,7.0,8.8,4.8,0.0,22.5
2020-11-07,22130 Jaca,Candanchu/Astun,9.4,6.3,8.0,28.2,0.0,24.9
2020-11-08,22130 Jaca,Candanchu/Astun,9.9,3.7,6.6,1.1,0.0,14.5
2020-11-09,22130 Jaca,Candanchu/Astun,9.6,2.5,6.4,0.2,0.0,9.7
2020-11-10,22130 Jaca,Candanchu/Astun,10.7,1.2,5.7,0.1,0.0,9.7
2020-11-11,22130 Jaca,Candanchu/Astun,9.3,2.2,7.0,0.0,0.0,9.8
2020-11-12,22130 Jaca,Candanchu/Astun,11.2,4.2,7.9,0.0,0.0,9.3
2020-11-13,22130 Jaca,Candanchu/Astun,10.3,3.4,7.1,1.1,0.14,10.2
2020-11-14,22130 Jaca,Candanchu/Astun,9.4,3.0,6.0,0.3,0.0,11.2
2020-11-15,22130 Jaca,Candanchu/Astun,10.6,5.0,7.5,7.7,0.0,8.0
2020-11-16,22130 Jaca,Candanchu/Astun,10.8,3.2,7.1,2.7,0.0,13.8
2020-11-17,22130 Jaca,Candanchu/Astun,13.8,3.9,10.8,0.0,0.0,5.8
2020-11-18,22130 Jaca,Candanchu/Astun,14.3,6.5,11.7,0.0,0.0,7.4
2020-11-19,22130 Jaca,Candanchu/Astun,11.5,2.1,7.2,0.1,0.0,22.9
2020-11-20,22130 Jaca,Candanchu/Astun,7.9,1.2,3.2,0.0,0.0,21.9
2020-11-21,22130 Jaca,Candanchu/Astun,9.8,0.3,4.5,0.0,0.0,16.3
2020-11-22,22130 Jaca,Candanchu/Astun,11.8,6.3,9.5,0.0,0.0,4.4
2020-11-23,22130 Jaca,Candanchu/Astun,10.1,5.7,8.2,0.0,0.0,3.6
2020-11-24,22130 Jaca,Candanchu/Astun,9.7,2.0,7.3,0.0,0.0,9.8
2020-11-25,22130 Jaca,Candanchu/Astun,6.1,0.4,3.0,0.0,0.0,17.1
2020-11-26,22130 Jaca,Candanchu/Astun,7.5,1.8,4.5,1.1,0.0,20.2
2020-11-27,22130 Jaca,Candanchu/Astun,8.6,3.6,5.6,1.2,0.0,11.8
2020-11-28,22130 Jaca,Candanchu/Astun,8.3,1.5,5.2,0.7,0.0,8.5
2020-11-29,22130 Jaca,Candanchu/Astun,8.0,2.2,5.6,0.0,0.0,7.0
2020-11-30,22130 Jaca,Candanchu/Astun,10.9,1.6,7.7,0.0,0.0,10.0
2020-12-01,22130 Jaca,Candanchu/Astun,6.7,0.8,3.1,0.9,0.21,16.2
2020-12-02,22130 Jaca,Candanchu/Astun,2.1,-3.9,-1.9,0.2,0.07,29.8
2020-12-03,22130 Jaca,Candanchu/Astun,4.0,-2.7,0.6,1.2,0.84,17.0
2020-12-04,22130 Jaca,Candanchu/Astun,-0.6,-5.1,-2.5,18.4,12.88,11.3
2020-12-05,22130 Jaca,Candanchu/Astun,-1.9,-9.1,-4.0,6.8,4.76,9.5
2020-12-06,22130 Jaca,Candanchu/Astun,-1.0,-2.9,-2.2,13.5,9.52,12.8
2020-12-07,22130 Jaca,Candanchu/Astun,0.1,-2.7,-1.2,24.1,16.94,10.7
2020-12-08,22130 Jaca,Candanchu/Astun,-0.7,-3.3,-1.9,14.5,10.08,20.7
2020-12-09,22130 Jaca,Candanchu/Astun,-0.3,-3.6,-2.1,2.3,1.61,18.4
2020-12-10,22130 Jaca,Candanchu/Astun,2.3,-2.3,0.8,23.7,15.61,12.8
2020-12-11,22130 Jaca,Candanchu/Astun,5.0,0.0,3.0,33.9,0.28,11.8
2020-12-12,22130 Jaca,Candanchu/Astun,2.4,0.0,1.3,16.0,10.29,20.4
2020-12-13,22130 Jaca,Candanchu/Astun,8.3,0.6,4.5,0.0,0.0,15.8
2020-12-14,22130 Jaca,Candanchu/Astun,9.6,4.4,5.7,4.1,0.0,9.4
2020-12-15,22130 Jaca,Candanchu/Astun,4.2,-2.6,2.1,7.5,0.07,8.6
2020-12-16,22130 Jaca,Candanchu/Astun,5.2,-2.5,1.3,0.0,0.0,12.4
2020-12-17,22130 Jaca,Candanchu/Astun,6.4,-0.4,4.4,0.0,0.0,9.3
2020-12-18,22130 Jaca,Candanchu/Astun,5.4,0.2,3.1,0.0,0.0,10.6
2020-12-19,22130 Jaca,Candanchu/Astun,3.9,2.0,2.9,4.3,0.0,10.2
2020-12-20,22130 Jaca,Candanchu/Astun,4.6,-2.1,1.7,2.1,0.35,9.5
2020-12-21,22130 Jaca,Candanchu/Astun,7.2,-0.4,4.5,1.7,0.0,9.7
2020-12-22,22130 Jaca,Candanchu/Astun,11.4,2.5,7.6,0.0,0.0,11.5
2020-12-23,22130 Jaca,Candanchu/Astun,7.3,3.3,5.4,0.4,0.0,13.1
2020-12-24,22130 Jaca,Candanchu/Astun,3.1,-0.5,0.8,0.3,0.21,13.1
2020-12-25,22130 Jaca,Candanchu/Astun,-0.3,-7.5,-4.3,2.4,1.68,24.7
2020-12-26,22130 Jaca,Candanchu/Astun,-1.9,-7.1,-4.9,0.0,0.0,30.8
2020-12-27,22130 Jaca,Candanchu/Astun,4.2,-4.8,-1.1,0.4,0.35,10.4
2020-12-28,22130 Jaca,Candanchu/Astun,-2.4,-4.4,-3.2,37.3,26.18,12.4
2020-12-29,22130 Jaca,Candanchu/Astun,-2.3,-5.3,-3.5,8.3,5.81,10.7
2020-12-30,22130 Jaca,Candanchu/Astun,-1.0,-4.5,-3.1,7.4,5.18,13.5
2020-12-31,22130 Jaca,Candanchu/Astun,-1.2,-2.6,-1.9,7.7,5.32,5.1
2021-01-01,22130 Jaca,Candanchu/Astun,-1.8,-5.7,-3.6,1.4,0.98,11.9
2021-01-02,22130 Jaca,Candanchu/Astun,-4.3,-8.0,-6.0,0.0,0.0,25.8
2021-01-03,22130 Jaca,Candanchu/Astun,-3.3,-7.4,-5.6,1.9,1.33,22.5
2021-01-04,22130 Jaca,Candanchu/Astun,-4.7,-10.3,-6.6,4.5,3.22,6.9
2021-01-05,22130 Jaca,Candanchu/Astun,-4.3,-9.9,-7.1,0.0,0.0,10.0
2021-01-06,22130 Jaca,Candanchu/Astun,-2.4,-10.7,-7.8,0.0,0.0,6.0
2021-01-07,22130 Jaca,Candanchu/Astun,-2.8,-11.6,-6.3,0.0,0.0,7.6
2021-01-08,22130 Jaca,Candanchu/Astun,-1.5,-11.3,-7.9,0.0,0.0,6.3
2021-01-09,22130 Jaca,Candanchu/Astun,-2.5,-8.7,-5.3,8.1,5.67,6.8
2021-01-10,22130 Jaca,Candanchu/Astun,-0.0,-6.6,-3.6,2.7,1.89,15.0
2021-01-11,22130 Jaca,Candanchu/Astun,-1.8,-9.0,-6.4,0.0,0.0,17.3
2021-01-12,22130 Jaca,Candanchu/Astun,1.8,-7.0,-3.6,0.0,0.0,17.4
2021-01-13,22130 Jaca,Candanchu/Astun,4.6,-0.8,0.7,0.0,0.0,19.0
2021-01-14,22130 Jaca,Candanchu/Astun,3.8,-0.8,1.1,0.2,0.0,22.7
2021-01-15,22130 Jaca,Candanchu/Astun,1.2,-2.7,-0.4,1.1,0.77,35.0
2021-01-16,22130 Jaca,Candanchu/Astun,4.5,-4.1,-0.2,0.0,0.0,34.9
2021-01-17,22130 Jaca,Candanchu/Astun,4.4,-0.7,2.2,3.6,0.0,16.6
2021-01-18,22130 Jaca,Candanchu/Astun,6.0,-2.3,0.6,0.0,0.0,11.5
2021-01-19,22130 Jaca,Candanchu/Astun,5.1,-2.3,2.8,0.0,0.0,11.9
2021-01-20,22130 Jaca,Candanchu/Astun,2.6,-0.4,1.1,8.3,5.74,18.2
2021-01-21,22130 Jaca,Candanchu/Astun,2.1,0.4,1.5,12.5,4.69,11.2
2021-01-22,22130 Jaca,Candanchu/Astun,2.1,-2.1,0.2,28.9,13.58,17.5
2021-01-23,22130 Jaca,Candanchu/Astun,0.3,-1.8,-1.0,22.4,15.61,15.5
2021-01-24,22130 Jaca,Candanchu/Astun,1.2,-2.0,-0.1,10.4,7.07,13.7
2021-01-25,22130 Jaca,Candanchu/Astun,3.7,-2.6,0.8,6.3,4.13,15.9
2021-01-26,22130 Jaca,Candanchu/Astun,6.0,-3.2,0.5,0.0,0.0,13.0
2021-01-27,22130 Jaca,Candanchu/Astun,8.1,3.3,5.6,2.9,0.0,12.8
2021-01-28,22130 Jaca,Candanchu/Astun,10.0,2.3,5.4,0.0,0.0,10.8
2021-01-29,22130 Jaca,Candanchu/Astun,7.7,1.3,4.7,3.5,0.0,10.8
2021-01-30,22130 Jaca,Candanchu/Astun,6.2,-0.1,2.5,17.0,5.53,14.0
2021-01-31,22130 Jaca,Candanchu/Astun,4.6,-0.1,2.2,23.5,14.14,17.0
2021-02-01,22130 Jaca,Candanchu/Astun,4.1,2.1,3.0,24.3,4.41,20.8
2021-02-02,22130 Jaca,Candanchu/Astun,7.5,2.5,4.1,0.3,0.0,11.5
2021-02-03,22130 Jaca,Candanchu/Astun,5.6,1.9,3.8,3.1,0.0,12.0
2021-02-04,22130 Jaca,Candanchu/Astun,8.1,4.0,5.1,0.5,0.0,12.5
2021-02-05,22130 Jaca,Candanchu/Astun,9.4,3.5,6.1,2.1,0.0,14.0
2021-02-06,22130 Jaca,Candanchu/Astun,6.0,0.3,3.0,13.4,4.2,12.1
2021-02-07,22130 Jaca,Candanchu/Astun,1.1,-2.5,-0.8,0.7,0.56,15.9
2021-02-08,22130 Jaca,Candanchu/Astun,1.3,-2.3,0.1,6.5,4.41,7.7
2021-02-09,22130 Jaca,Candanchu/Astun,1.0,-0.3,0.3,21.2,14.7,15.9
2021-02-10,22130 Jaca,Candanchu/Astun,1.2,-0.9,0.2,5.9,4.13,14.8
2021-02-11,22130 Jaca,Candanchu/Astun,7.7,-1.2,2.1,0.0,0.0,9.0
2021-02-12,22130 Jaca,Candanchu/Astun,7.7,2.5,4.1,13.7,0.21,21.5
2021-02-13,22130 Jaca,Candanchu/Astun,6.4,0.8,2.8,0.4,0.0,16.4
2021-02-14,22130 Jaca,Candanchu/Astun,6.1,-1.6,2.5,0.0,0.0,11.6
2021-02-15,22130 Jaca,Candanchu/Astun,5.8,-0.8,1.6,0.0,0.0,10.1
2021-02-16,22130 Jaca,Candanchu/Astun,8.7,0.0,4.0,0.0,0.0,10.9
2021-02-17,22130 Jaca,Candanchu/Astun,7.1,2.3,5.2,0.6,0.14,9.8
2021-02-18,22130 Jaca,Candanchu/Astun,8.1,2.5,5.4,0.1,0.0,16.6
2021-02-19,22130 Jaca,Candanchu/Astun,6.8,0.6,4.0,0.0,0.0,12.9
2021-02-20,22130 Jaca,Candanchu/Astun,9.0,2.8,5.9,0.0,0.0,16.8
2021-02-21,22130 Jaca,Candanchu/Astun,7.9,3.4,5.2,0.3,0.0,20.4
2021-02-22,22130 Jaca,Candanchu/Astun,5.4,2.2,3.3,21.3,0.98,18.7
2021-02-23,22130 Jaca,Candanchu/Astun,6.2,0.9,3.3,0.3,0.0,17.6
2021-02-24,22130 Jaca,Candanchu/Astun,9.0,1.1,5.4,0.0,0.0,19.8
2021-02-25,22130 Jaca,Candanchu/Astun,8.1,-0.3,3.6,0.0,0.0,13.0
2021-02-26,22130 Jaca,Candanchu/Astun,9.3,0.9,7.2,0.0,0.0,7.2
2021-02-27,22130 Jaca,Candanchu/Astun,10.0,0.6,3.9,0.0,0.0,13.2
2021-02-28,22130 Jaca,Candanchu/Astun,5.4,-1.1,1.6,8.3,4.76,13.7
2021-03-01,22130 Jaca,Candanchu/Astun,6.7,-0.4,2.7,0.0,0.0,13.2
2021-03-02,22130 Jaca,Candanchu/Astun,6.6,0.3,3.3,0.2,0.0,14.3
2021-03-03,22130 Jaca,Candanchu/Astun,7.9,0.2,4.4,0.8,0.0,9.7
2021-03-04,22130 Jaca,Candanchu/Astun,6.8,0.5,5.1,0.1,0.0,6.2
2021-03-05,22130 Jaca,Candanchu/Astun,7.7,-0.2,2.8,0.0,0.0,8.7
2021-03-06,22130 Jaca,Candanchu/Astun,3.5,-1.0,1.6,5.5,0.35,8.3
2021-03-07,22130 Jaca,Candanchu/Astun,4.1,-0.5,1.8,0.5,0.0,10.1
2021-03-08,22130 Jaca,Candanchu/Astun,4.8,-0.7,1.4,0.0,0.0,10.3
2021-03-09,22130 Jaca,Candanchu/Astun,3.4,-1.3,0.6,0.0,0.0,13.4
2021-03-10,22130 Jaca,Candanchu/Astun,6.1,-5.4,1.8,0.0,0.0,9.0
2021-03-11,22130 Jaca,Candanchu/Astun,9.3,3.1,5.8,0.2,0.0,9.9
2021-03-12,22130 Jaca,Candanchu/Astun,3.2,-1.7,1.8,0.3,0.0,15.5
2021-03-13,22130 Jaca,Candanchu/Astun,5.4,-4.7,0.2,0.0,0.0,12.3
2021-03-14,22130 Jaca,Candanchu/Astun,2.6,-1.4,0.8,3.3,2.24,22.6
2021-03-15,22130 Jaca,Candanchu/Astun,3.8,-1.8,0.6,0.0,0.0,19.4
2021-03-16,22130 Jaca,Candanchu/Astun,5.7,-1.7,2.1,0.2,0.14,19.5
2021-03-17,22130 Jaca,Candanchu/Astun,5.7,0.2,3.0,0.3,0.07,34.6
2021-03-18,22130 Jaca,Candanchu/Astun,3.0,-2.9,-0.5,1.1,0.77,22.7
2021-03-19,22130 Jaca,Candanchu/Astun,-0.4,-4.0,-2.1,4.6,3.22,16.5
2021-03-20,22130 Jaca,Candanchu/Astun,-0.7,-7.7,-3.7,0.5,0.35,21.3
2021-03-21,22130 Jaca,Candanchu/Astun,0.3,-6.2,-2.7,0.0,0.0,22.8
2021-03-22,22130 Jaca,Candanchu/Astun,4.4,-2.7,-0.1,0.0,0.0,16.4
2021-03-23,22130 Jaca,Candanchu/Astun,10.5,-5.6,2.5,0.0,0.0,12.8
2021-03-24,22130 Jaca,Candanchu/Astun,11.1,2.3,7.8,0.0,0.0,6.0
2021-03-25,22130 Jaca,Candanchu/Astun,10.7,1.3,7.1,0.0,0.0,7.9
2021-03-26,22130 Jaca,Candanchu/Astun,10.3,2.6,6.3,0.0,0.0,16.9
2021-03-27,22130 Jaca,Candanchu/Astun,9.4,0.8,4.7,0.0,0.0,17.3
2021-03-28,22130 Jaca,Candanchu/Astun,12.4,0.2,7.0,0.0,0.0,10.6
2021-03-29,22130 Jaca,Candanchu/Astun,13.8,2.5,8.1,0.0,0.0,15.1
2021-03-30,22130 Jaca,Candanchu/Astun,14.3,5.8,9.4,0.0,0.0,13.4
2021-03-31,22130 Jaca,Candanchu/Astun,14.9,5.6,10.5,0.0,0.0,11.5
2021-04-01,22130 Jaca,Candanchu/Astun,14.7,4.1,9.3,0.0,0.0,14.7
2021-04-02,22130 Jaca,Candanchu/Astun,14.0,5.6,10.3,0.0,0.0,11.0
2021-04-03,22130 Jaca,Candanchu/Astun,11.9,1.2,6.4,0.0,0.0,20.9
2021-04-04,22130 Jaca,Candanchu/Astun,11.4,0.4,5.7,0.0,0.0,18.7
2021-04-05,22130 Jaca,Candanchu/Astun,12.3,1.8,7.7,0.0,0.0,14.2
2021-04-06,22130 Jaca,Candanchu/Astun,6.5,-1.3,2.7,0.0,0.0,19.0
2021-04-07,22130 Jaca,Candanchu/Astun,8.0,-2.9,2.1,0.0,0.0,14.4
2021-04-08,22130 Jaca,Candanchu/Astun,10.3,-2.3,3.5,0.0,0.0,9.5
2021-04-09,22130 Jaca,Candanchu/Astun,8.2,1.8,3.4,10.4,6.23,18.3
2021-04-10,22130 Jaca,Candanchu/Astun,8.6,2.1,5.2,4.3,0.0,9.0
2021-04-11,22130 Jaca,Candanchu/Astun,4.9,0.0,3.6,14.2,0.28,19.2
2021-04-12,22130 Jaca,Candanchu/Astun,7.2,-2.9,1.5,0.0,0.0,18.9
2021-04-13,22130 Jaca,Candanchu/Astun,9.9,-2.0,5.4,0.0,0.0,8.9
2021-04-14,22130 Jaca,Candanchu/Astun,10.8,0.3,6.1,0.1,0.0,10.1
2021-04-15,22130 Jaca,Candanchu/Astun,9.2,1.6,5.0,0.8,0.0,15.1
2021-04-16,22130 Jaca,Candanchu/Astun,3.6,-2.4,0.8,0.0,0.0,24.5
2021-04-17,22130 Jaca,Candanchu/Astun,3.1,-3.1,-0.8,0.0,0.0,22.9
2021-04-18,22130 Jaca,Candanchu/Astun,7.9,-1.3,2.4,0.0,0.0,16.6
2021-04-19,22130 Jaca,Candanchu/Astun,11.4,-0.6,5.3,0.0,0.0,8.9
2021-04-20,22130 Jaca,Candanchu/Astun,8.5,3.3,6.1,4.7,0.0,10.1
2021-04-21,22130 Jaca,Candanchu/Astun,8.3,1.2,5.0,5.2,0.0,12.2
2021-04-22,22130 Jaca,Candanchu/Astun,8.5,2.8,5.5,1.6,0.0,12.0
2021-04-23,22130 Jaca,Candanchu/Astun,12.9,2.8,7.7,0.0,0.0,16.5
2021-04-24,22130 Jaca,Candanchu/Astun,13.4,2.9,8.0,2.7,0.0,17.8
2021-04-25,22130 Jaca,Candanchu/Astun,13.3,4.6,8.3,3.6,0.0,16.6
2021-04-26,22130 Jaca,Candanchu/Astun,7.9,6.2,7.1,9.5,0.0,13.4
2021-04-27,22130 Jaca,Candanchu/Astun,8.4,4.1,5.8,15.5,0.0,7.4
2021-04-28,22130 Jaca,Candanchu/Astun,9.8,5.3,6.9,4.0,0.0,9.2
2021-04-29,22130 Jaca,Candanchu/Astun,8.6,4.7,6.4,21.8,0.0,11.4
2021-04-30,22130 Jaca,Candanchu/Astun,8.2,3.9,5.8,10.5,0.0,9.7
2021-05-01,22130 Jaca,Candanchu/Astun,6.9,0.2,3.7,1.3,0.0,16.7
2021-05-02,22130 Jaca,Candanchu/Astun,7.9,-2.7,2.9,0.7,0.28,13.3
2021-05-03,22130 Jaca,Candanchu/Astun,9.4,1.0,4.9,2.3,0.0,9.9
2021-05-04,22130 Jaca,Candanchu/Astun,11.9,4.3,7.7,1.7,0.0,10.6
2021-05-05,22130 Jaca,Candanchu/Astun,12.3,5.1,8.0,0.0,0.0,14.8
2021-05-06,22130 Jaca,Candanchu/Astun,14.6,4.5,10.5,0.0,0.0,14.5
2021-05-07,22130 Jaca,Candanchu/Astun,15.2,7.1,11.1,1.0,0.0,15.3
2021-05-08,22130 Jaca,Candanchu/Astun,18.6,8.5,13.8,0.0,0.0,17.7
2021-05-09,22130 Jaca,Candanchu/Astun,12.0,7.0,10.0,41.8,0.0,21.5
2021-05-10,22130 Jaca,Candanchu/Astun,9.5,3.8,6.6,10.8,0.0,17.2
2021-05-11,22130 Jaca,Candanchu/Astun,7.1,1.0,4.1,6.0,1.82,16.1
2021-05-12,22130 Jaca,Candanchu/Astun,8.5,0.6,4.6,7.3,0.63,16.3
2021-05-13,22130 Jaca,Candanchu/Astun,8.8,-0.0,4.6,8.6,0.07,13.7
2021-05-14,22130 Jaca,Candanchu/Astun,8.6,0.8,5.1,2.4,0.42,20.0
2021-05-15,22130 Jaca,Candanchu/Astun,12.1,5.8,8.9,7.7,0.0,13.4
2021-05-16,22130 Jaca,Candanchu/Astun,12.6,6.4,9.9,7.5,0.0,13.6
2021-05-17,22130 Jaca,Candanchu/Astun,10.1,3.4,6.4,0.0,0.0,18.9
2021-05-18,22130 Jaca,Candanchu/Astun,12.1,4.0,8.6,2.2,0.0,16.2
2021-05-19,22130 Jaca,Candanchu/Astun,10.5,2.5,6.2,0.0,0.0,19.5
2021-05-20,22130 Jaca,Candanchu/Astun,16.1,3.4,10.4,0.0,0.0,13.7
2021-05-21,22130 Jaca,Candanchu/Astun,15.5,7.7,12.0,1.4,0.0,12.3
2021-05-22,22130 Jaca,Candanchu/Astun,10.4,4.1,7.5,0.1,0.0,14.2
2021-05-23,22130 Jaca,Candanchu/Astun,9.2,2.8,6.2,0.0,0.0,10.8
2021-05-24,22130 Jaca,Candanchu/Astun,9.3,2.0,6.0,0.5,0.0,14.0
2021-05-25,22130 Jaca,Candanchu/Astun,12.6,1.8,7.3,0.0,0.0,13.8
2021-05-26,22130 Jaca,Candanchu/Astun,14.4,3.5,9.6,1.1,0.0,7.9
2021-05-27,22130 Jaca,Candanchu/Astun,18.6,5.8,12.4,0.0,0.0,7.3
2021-05-28,22130 Jaca,Candanchu/Astun,16.2,10.6,13.9,4.4,0.0,9.9
2021-05-29,22130 Jaca,Candanchu/Astun,18.6,11.3,14.4,5.4,0.0,10.9
2021-05-30,22130 Jaca,Candanchu/Astun,16.0,8.9,13.0,2.3,0.0,8.7
2021-05-31,22130 Jaca,Candanchu/Astun,18.0,8.9,14.0,4.3,0.0,9.2
2021-06-01,22130 Jaca,Candanchu/Astun,16.7,10.0,12.9,10.5,0.0,11.3
2021-06-02,22130 Jaca,Candanchu/Astun,15.8,6.9,12.2,1.3,0.0,12.2
2021-06-03,22130 Jaca,Candanchu/Astun,17.5,9.4,13.1,3.5,0.0,12.6
2021-06-04,22130 Jaca,Candanchu/Astun,13.4,9.0,11.4,24.3,0.0,12.6
2021-06-05,22130 Jaca,Candanchu/Astun,16.9,4.6,11.8,0.3,0.0,10.8
2021-06-06,22130 Jaca,Candanchu/Astun,16.9,9.3,12.8,0.0,0.0,17.3
2021-06-07,22130 Jaca,Candanchu/Astun,18.0,7.2,12.7,0.0,0.0,13.8
2021-06-08,22130 Jaca,Candanchu/Astun,20.9,7.8,15.9,0.0,0.0,11.2
2021-06-09,22130 Jaca,Candanchu/Astun,20.7,11.1,16.5,0.6,0.0,12.0
2021-06-10,22130 Jaca,Candanchu/Astun,19.8,10.4,16.0,0.8,0.0,8.2
2021-06-11,22130 Jaca,Candanchu/Astun,19.3,11.3,15.2,8.3,0.0,10.8
2021-06-12,22130 Jaca,Candanchu/Astun,19.8,11.1,15.7,0.4,0.0,9.9
2021-06-13,22130 Jaca,Candanchu/Astun,23.1,13.2,19.5,0.1,0.0,7.9
2021-06-14,22130 Jaca,Candanchu/Astun,23.6,16.1,21.0,1.5,0.0,8.8
2021-06-15,22130 Jaca,Candanchu/Astun,22.8,13.4,19.6,1.8,0.0,10.8
2021-06-16,22130 Jaca,Candanchu/Astun,21.5,14.4,17.5,6.9,0.0,20.2
2021-06-17,22130 Jaca,Candanchu/Astun,16.1,10.5,13.9,5.8,0.0,20.6
2021-06-18,22130 Jaca,Candanchu/Astun,19.3,8.2,14.2,0.4,0.0,12.0
2021-06-19,22130 Jaca,Candanchu/Astun,17.8,11.8,13.9,14.6,0.0,19.5
2021-06-20,22130 Jaca,Candanchu/Astun,14.6,10.5,11.9,8.9,0.0,16.8
2021-06-21,22130 Jaca,Candanchu/Astun,14.1,7.7,11.0,10.1,0.0,15.0
2021-06-22,22130 Jaca,Candanchu/Astun,13.3,5.6,9.5,0.8,0.0,11.6
2021-06-23,22130 Jaca,Candanchu/Astun,11.8,6.8,9.2,13.8,0.0,10.7
2021-06-24,22130 Jaca,Candanchu/Astun,15.9,6.1,10.9,0.7,0.0,10.6
2021-06-25,22130 Jaca,Candanchu/Astun,18.3,7.4,14.0,0.0,0.0,7.3
2021-06-26,22130 Jaca,Candanchu/Astun,21.0,11.3,15.4,3.9,0.0,13.1
2021-06-27,22130 Jaca,Candanchu/Astun,19.7,12.3,15.4,14.8,0.0,16.9
2021-06-28,22130 Jaca,Candanchu/Astun,16.0,9.8,12.8,2.8,0.0,13.0
2021-06-29,22130 Jaca,Candanchu/Astun,14.8,7.2,11.2,0.0,0.0,13.8
2021-06-30,22130 Jaca,Candanchu/Astun,18.6,7.2,13.6,0.2,0.0,10.2
2021-07-01,22130 Jaca,Candanchu/Astun,21.3,11.2,16.5,0.6,0.0,9.4
2021-07-02,22130 Jaca,Candanchu/Astun,23.0,13.3,19.1,0.3,0.0,10.6
2021-07-03,22130 Jaca,Candanchu/Astun,20.8,15.0,17.8,0.9,0.0,12.2
2021-07-04,22130 Jaca,Candanchu/Astun,19.9,12.9,15.9,6.2,0.0,13.7
2021-07-05,22130 Jaca,Candanchu/Astun,23.1,12.5,18.6,0.4,0.0,16.8
2021-07-06,22130 Jaca,Candanchu/Astun,17.9,11.2,15.1,1.4,0.0,8.0
2021-07-07,22130 Jaca,Candanchu/Astun,14.9,7.8,11.3,3.7,0.0,12.7
2021-07-08,22130 Jaca,Candanchu/Astun,17.5,6.5,11.4,0.0,0.0,13.6
2021-07-09,22130 Jaca,Candanchu/Astun,20.1,8.1,14.5,0.0,0.0,10.1
2021-07-10,22130 Jaca,Candanchu/Astun,21.8,12.0,17.2,0.3,0.0,13.4
2021-07-11,22130 Jaca,Candanchu/Astun,26.0,12.6,20.0,0.0,0.0,13.8
2021-07-12,22130 Jaca,Candanchu/Astun,17.8,7.1,14.2,0.3,0.0,19.2
2021-07-13,22130 Jaca,Candanchu/Astun,11.8,6.1,8.7,1.4,0.0,20.5
2021-07-14,22130 Jaca,Candanchu/Astun,17.1,7.4,11.3,0.1,0.0,18.8
2021-07-15,22130 Jaca,Candanchu/Astun,19.9,7.1,13.4,0.0,0.0,15.2
2021-07-16,22130 Jaca,Candanchu/Astun,21.8,9.9,16.1,0.0,0.0,15.3
2021-07-17,22130 Jaca,Candanchu/Astun,24.1,10.3,17.4,0.0,0.0,15.0
2021-07-18,22130 Jaca,Candanchu/Astun,23.9,10.0,17.8,0.0,0.0,18.5
2021-07-19,22130 Jaca,Candanchu/Astun,25.3,11.9,18.9,0.0,0.0,14.2
2021-07-20,22130 Jaca,Candanchu/Astun,25.0,14.7,19.1,3.1,0.0,11.9
2021-07-21,22130 Jaca,Candanchu/Astun,25.4,14.4,21.2,0.0,0.0,9.4
2021-07-22,22130 Jaca,Candanchu/Astun,27.4,16.5,22.2,0.0,0.0,13.8
2021-07-23,22130 Jaca,Candanchu/Astun,26.3,17.2,22.1,0.5,0.0,19.5
2021-07-24,22130 Jaca,Candanchu/Astun,21.1,13.8,17.7,0.0,0.0,13.9
2021-07-25,22130 Jaca,Candanchu/Astun,19.5,9.7,14.9,0.1,0.0,14.3
2021-07-26,22130 Jaca,Candanchu/Astun,20.1,11.0,15.5,0.3,0.0,11.1
2021-07-27,22130 Jaca,Candanchu/Astun,20.7,9.6,15.7,1.9,0.0,12.4
2021-07-28,22130 Jaca,Candanchu/Astun,20.7,13.4,16.6,14.6,0.0,8.7
2021-07-29,22130 Jaca,Candanchu/Astun,22.5,13.7,17.6,3.8,0.0,13.9
2021-07-30,22130 Jaca,Candanchu/Astun,22.2,14.6,18.4,1.4,0.0,13.0
2021-07-31,22130 Jaca,Candanchu/Astun,14.2,8.8,12.6,17.8,0.0,18.0
2021-08-01,22130 Jaca,Candanchu/Astun,15.2,6.1,10.6,0.1,0.0,17.7
2021-08-02,22130 Jaca,Candanchu/Astun,17.6,6.9,12.6,0.2,0.0,9.7
2021-08-03,22130 Jaca,Candanchu/Astun,19.2,10.2,14.6,2.4,0.0,11.2
2021-08-04,22130 Jaca,Candanchu/Astun,16.9,11.5,14.2,7.8,0.0,18.1
2021-08-05,22130 Jaca,Candanchu/Astun,21.6,10.6,16.5,0.6,0.0,10.5
2021-08-06,22130 Jaca,Candanchu/Astun,21.4,15.0,18.1,0.0,0.0,11.6
2021-08-07,22130 Jaca,Candanchu/Astun,17.8,10.2,14.1,21.2,0.0,14.0
2021-08-08,22130 Jaca,Candanchu/Astun,18.7,7.4,13.3,0.0,0.0,11.3
2021-08-09,22130 Jaca,Candanchu/Astun,21.8,11.7,16.1,1.8,0.0,14.0
2021-08-10,22130 Jaca,Candanchu/Astun,24.4,14.0,18.9,2.9,0.0,10.2
2021-08-11,22130 Jaca,Candanchu/Astun,26.1,14.7,21.5,0.8,0.0,9.7
2021-08-12,22130 Jaca,Candanchu/Astun,28.1,17.0,22.2,0.0,0.0,14.9
2021-08-13,22130 Jaca,Candanchu/Astun,29.3,16.2,22.9,0.0,0.0,11.7
2021-08-14,22130 Jaca,Candanchu/Astun,31.1,19.7,25.3,0.0,0.0,14.8
2021-08-15,22130 Jaca,Candanchu/Astun,29.0,17.5,22.8,0.0,0.0,18.4
2021-08-16,22130 Jaca,Candanchu/Astun,23.8,12.6,17.5,0.0,0.0,20.5
2021-08-17,22130 Jaca,Candanchu/Astun,22.9,11.2,16.2,0.0,0.0,19.0
2021-08-18,22130 Jaca,Candanchu/Astun,22.5,11.6,17.1,0.0,0.0,13.8
2021-08-19,22130 Jaca,Candanchu/Astun,20.0,11.2,15.5,1.8,0.0,13.3
2021-08-20,22130 Jaca,Candanchu/Astun,22.5,11.3,17.0,0.4,0.0,9.7
2021-08-21,22130 Jaca,Candanchu/Astun,25.4,14.9,20.0,0.1,0.0,14.0
2021-08-22,22130 Jaca,Candanchu/Astun,25.4,15.9,20.1,0.0,0.0,14.0
2021-08-23,22130 Jaca,Candanchu/Astun,24.2,12.7,18.2,0.0,0.0,14.7
2021-08-24,22130 Jaca,Candanchu/Astun,22.5,11.7,16.7,0.0,0.0,12.8
2021-08-25,22130 Jaca,Candanchu/Astun,19.9,11.8,14.8,4.4,0.0,11.5
2021-08-26,22130 Jaca,Candanchu/Astun,23.9,11.7,18.0,0.0,0.0,13.3
2021-08-27,22130 Jaca,Candanchu/Astun,24.5,11.0,17.4,0.0,0.0,14.7
2021-08-28,22130 Jaca,Candanchu/Astun,25.0,11.4,17.1,0.0,0.0,17.2
2021-08-29,22130 Jaca,Candanchu/Astun,21.6,9.6,15.3,0.0,0.0,11.6
2021-08-30,22130 Jaca,Candanchu/Astun,20.8,9.6,15.2,0.7,0.0,12.7
2021-08-31,22130 Jaca,Candanchu/Astun,21.6,10.6,15.7,2.0,0.0,10.2
2021-09-01,22130 Jaca,Candanchu/Astun,19.0,11.8,13.9,23.1,0.0,12.2
2021-09-02,22130 Jaca,Candanchu/Astun,17.9,10.6,13.6,4.5,0.0,15.8
2021-09-03,22130 Jaca,Candanchu/Astun,16.4,9.8,13.2,4.9,0.0,7.4
2021-09-04,22130 Jaca,Candanchu/Astun,19.0,11.3,15.1,0.3,0.0,9.4
2021-09-05,22130 Jaca,Candanchu/Astun,22.2,12.8,18.0,0.0,0.0,8.6
2021-09-06,22130 Jaca,Candanchu/Astun,24.5,14.0,20.3,0.0,0.0,9.5
2021-09-07,22130 Jaca,Candanchu/Astun,24.3,15.5,19.5,0.0,0.0,16.1
2021-09-08,22130 Jaca,Candanchu/Astun,20.3,14.0,17.2,1.7,0.0,12.9
2021-09-09,22130 Jaca,Candanchu/Astun,18.3,12.3,15.0,1.4,0.0,10.5
2021-09-10,22130 Jaca,Candanchu/Astun,17.6,10.3,13.8,1.6,0.0,9.0
2021-09-11,22130 Jaca,Candanchu/Astun,18.5,9.1,14.1,0.1,0.0,9.4
2021-09-12,22130 Jaca,Candanchu/Astun,19.0,12.6,16.1,2.0,0.0,8.6
2021-09-13,22130 Jaca,Candanchu/Astun,19.9,12.4,15.7,10.7,0.0,14.8
2021-09-14,22130 Jaca,Candanchu/Astun,16.7,12.6,13.8,19.8,0.0,17.3
2021-09-15,22130 Jaca,Candanchu/Astun,17.4,10.9,13.6,5.7,0.0,10.6
2021-09-16,22130 Jaca,Candanchu/Astun,16.3,9.6,12.7,0.9,0.0,8.4
2021-09-17,22130 Jaca,Candanchu/Astun,17.0,8.6,13.2,0.0,0.0,8.4
2021-09-18,22130 Jaca,Candanchu/Astun,15.2,6.1,10.6,16.9,0.0,12.8
2021-09-19,22130 Jaca,Candanchu/Astun,14.5,5.8,9.4,0.0,0.0,15.5
2021-09-20,22130 Jaca,Candanchu/Astun,10.3,6.2,8.1,0.3,0.0,19.0
2021-09-21,22130 Jaca,Candanchu/Astun,11.8,3.4,7.5,2.0,0.0,16.1
2021-09-22,22130 Jaca,Candanchu/Astun,15.1,4.8,9.5,1.9,0.0,9.8
2021-09-23,22130 Jaca,Candanchu/Astun,15.8,7.9,12.4,0.1,0.0,8.1
2021-09-24,22130 Jaca,Candanchu/Astun,17.4,9.0,13.7,0.0,0.0,15.5
2021-09-25,22130 Jaca,Candanchu/Astun,15.0,10.5,12.6,26.4,0.0,14.9
2021-09-26,22130 Jaca,Candanchu/Astun,16.0,8.1,11.9,6.0,0.0,10.2
2021-09-27,22130 Jaca,Candanchu/Astun,19.0,8.8,13.9,0.0,0.0,9.2
2021-09-28,22130 Jaca,Candanchu/Astun,15.4,10.3,13.0,1.7,0.0,13.2
2021-09-29,22130 Jaca,Candanchu/Astun,15.1,8.2,11.0,1.4,0.0,15.5
2021-09-30,22130 Jaca,Candanchu/Astun,15.5,6.1,10.8,0.0,0.0,13.4
2021-10-01,22130 Jaca,Candanchu/Astun,16.6,6.9,12.4,0.0,0.0,10.6
2021-10-02,22130 Jaca,Candanchu/Astun,16.2,6.7,12.0,2.4,0.0,15.6
2021-10-03,22130 Jaca,Candanchu/Astun,12.6,5.6,10.1,26.8,0.0,21.7
2021-10-04,22130 Jaca,Candanchu/Astun,11.6,3.5,7.2,0.1,0.0,20.0
2021-10-05,22130 Jaca,Candanchu/Astun,10.8,3.4,8.3,2.7,0.0,13.2
2021-10-06,22130 Jaca,Candanchu/Astun,13.9,4.7,8.3,0.0,0.0,14.8
2021-10-07,22130 Jaca,Candanchu/Astun,18.0,5.0,10.6,0.0,0.0,11.0
2021-10-08,22130 Jaca,Candanchu/Astun,15.5,5.0,10.0,0.0,0.0,7.1
2021-10-09,22130 Jaca,Candanchu/Astun,14.5,4.5,9.4,0.0,0.0,8.7
2021-10-10,22130 Jaca,Candanchu/Astun,14.6,5.1,9.2,0.0,0.0,7.3
2021-10-11,22130 Jaca,Candanchu/Astun,16.9,5.0,10.3,0.0,0.0,7.3
2021-10-12,22130 Jaca,Candanchu/Astun,17.1,5.3,10.2,0.0,0.0,14.0
2021-10-13,22130 Jaca,Candanchu/Astun,15.1,4.9,9.0,0.0,0.0,15.8
2021-10-14,22130 Jaca,Candanchu/Astun,14.2,5.7,11.1,0.0,0.0,7.8
2021-10-15,22130 Jaca,Candanchu/Astun,15.2,6.4,11.1,0.0,0.0,12.3
2021-10-16,22130 Jaca,Candanchu/Astun,13.9,4.3,9.0,0.0,0.0,8.1
2021-10-17,22130 Jaca,Candanchu/Astun,12.6,6.0,10.7,0.0,0.0,7.6
2021-10-18,22130 Jaca,Candanchu/Astun,15.1,4.9,10.0,0.0,0.0,8.2
2021-10-19,22130 Jaca,Candanchu/Astun,16.0,8.5,12.0,0.0,0.0,9.2
2021-10-20,22130 Jaca,Candanchu/Astun,14.9,8.3,11.5,1.0,0.0,12.3
2021-10-21,22130 Jaca,Candanchu/Astun,12.1,5.8,9.0,1.1,0.0,15.2
2021-10-22,22130 Jaca,Candanchu/Astun,12.0,3.1,7.2,0.0,0.0,16.3
2021-10-23,22130 Jaca,Candanchu/Astun,13.1,2.1,7.4,0.0,0.0,11.8
2021-10-24,22130 Jaca,Candanchu/Astun,12.1,3.7,8.8,0.0,0.0,6.6
2021-10-25,22130 Jaca,Candanchu/Astun,11.9,4.6,8.9,0.0,0.0,11.8
2021-10-26,22130 Jaca,Candanchu/Astun,12.6,2.5,7.0,0.0,0.0,7.9
2021-10-27,22130 Jaca,Candanchu/Astun,12.6,4.2,9.6,0.0,0.0,8.1
2021-10-28,22130 Jaca,Candanchu/Astun,11.1,2.9,6.9,0.0,0.0,12.9
2021-10-29,22130 Jaca,Candanchu/Astun,7.7,5.7,6.6,13.3,0.0,13.8
2021-10-30,22130 Jaca,Candanchu/Astun,10.4,6.7,8.5,17.2,0.0,16.8
2021-10-31,22130 Jaca,Candanchu/Astun,12.0,6.8,9.7,11.7,0.0,7.9
2021-11-01,22130 Jaca,Candanchu/Astun,9.6,2.2,6.4,7.9,0.0,15.3
2021-11-02,22130 Jaca,Candanchu/Astun,5.5,2.4,3.8,6.3,0.28,13.2
2021-11-03,22130 Jaca,Candanchu/Astun,3.3,0.3,1.8,3.8,1.26,14.6
2021-11-04,22130 Jaca,Candanchu/Astun,4.7,-2.9,1.0,0.0,0.0,10.9
2021-11-05,22130 Jaca,Candanchu/Astun,2.4,-0.8,0.9,0.0,0.0,18.8
2021-11-06,22130 Jaca,Candanchu/Astun,6.4,-2.4,1.2,0.0,0.0,25.5
2021-11-07,22130 Jaca,Candanchu/Astun,5.8,0.7,2.6,1.1,0.0,24.7
2021-11-08,22130 Jaca,Candanchu/Astun,8.2,2.5,4.4,0.6,0.0,32.4
2021-11-09,22130 Jaca,Candanchu/Astun,9.1,0.4,4.6,0.0,0.0,24.3
2021-11-10,22130 Jaca,Candanchu/Astun,10.4,0.9,5.9,0.0,0.0,13.4
2021-11-11,22130 Jaca,Candanchu/Astun,11.3,1.0,5.6,0.0,0.0,6.8
2021-11-12,22130 Jaca,Candanchu/Astun,11.8,0.8,6.4,0.0,0.0,14.0
2021-11-13,22130 Jaca,Candanchu/Astun,11.3,2.1,6.0,0.0,0.0,13.7
2021-11-14,22130 Jaca,Candanchu/Astun,6.2,2.3,4.4,2.4,0.63,16.1
2021-11-15,22130 Jaca,Candanchu/Astun,4.7,1.1,2.6,2.1,1.47,19.8
2021-11-16,22130 Jaca,Candanchu/Astun,8.1,-2.6,2.8,0.0,0.0,19.2
2021-11-17,22130 Jaca,Candanchu/Astun,7.2,-1.2,2.2,0.0,0.0,19.5
2021-11-18,22130 Jaca,Candanchu/Astun,8.9,-2.5,3.2,0.0,0.0,18.1
2021-11-19,22130 Jaca,Candanchu/Astun,8.6,2.1,6.2,0.0,0.0,9.8
2021-11-20,22130 Jaca,Candanchu/Astun,8.3,1.4,4.6,0.0,0.0,11.5
2021-11-21,22130 Jaca,Candanchu/Astun,8.1,2.0,5.1,0.3,0.0,11.6
2021-11-22,22130 Jaca,Candanchu/Astun,5.7,-2.4,1.5,0.5,0.07,13.3
2021-11-23,22130 Jaca,Candanchu/Astun,5.2,-1.3,1.9,21.6,11.13,10.2
2021-11-24,22130 Jaca,Candanchu/Astun,3.1,-5.4,0.4,6.1,4.13,16.1
2021-11-25,22130 Jaca,Candanchu/Astun,1.1,-0.4,0.2,9.0,6.3,14.9
2021-11-26,22130 Jaca,Candanchu/Astun,0.3,-2.6,-0.9,0.6,0.42,19.1
2021-11-27,22130 Jaca,Candanchu/Astun,-1.0,-4.7,-2.0,13.1,9.24,16.5
2021-11-28,22130 Jaca,Candanchu/Astun,-3.2,-6.0,-4.2,26.4,18.48,11.7
2021-11-29,22130 Jaca,Candanchu/Astun,1.0,-3.4,-1.4,13.3,9.31,24.9
2021-11-30,22130 Jaca,Candanchu/Astun,4.1,-2.0,0.4,0.1,0.07,15.5
2021-12-01,22130 Jaca,Candanchu/Astun,2.6,-1.5,0.9,3.7,1.47,8.0
2021-12-02,22130 Jaca,Candanchu/Astun,0.4,-3.8,-1.6,4.5,3.15,19.7
2021-12-03,22130 Jaca,Candanchu/Astun,1.9,-3.2,-0.5,6.0,3.01,38.9
2021-12-04,22130 Jaca,Candanchu/Astun,3.2,-1.0,1.7,8.0,4.13,16.4
2021-12-05,22130 Jaca,Candanchu/Astun,-1.1,-3.3,-2.3,31.2,21.77,18.1
2021-12-06,22130 Jaca,Candanchu/Astun,4.1,-3.4,-0.2,9.4,5.32,25.6
2021-12-07,22130 Jaca,Candanchu/Astun,5.6,0.5,2.6,15.4,1.19,19.5
2021-12-08,22130 Jaca,Candanchu/Astun,1.9,-3.9,-1.9,16.8,9.17,16.6
2021-12-09,22130 Jaca,Candanchu/Astun,1.7,-3.5,-1.4,51.6,33.53,15.3
2021-12-10,22130 Jaca,Candanchu/Astun,3.2,0.8,1.9,65.0,29.96,20.9
2021-12-11,22130 Jaca,Candanchu/Astun,3.1,0.5,2.0,16.5,10.99,28.9
2021-12-12,22130 Jaca,Candanchu/Astun,9.0,0.4,4.3,0.0,0.0,11.3
2021-12-13,22130 Jaca,Candanchu/Astun,12.5,2.8,9.4,0.0,0.0,5.1
2021-12-14,22130 Jaca,Candanchu/Astun,13.3,2.8,9.5,0.0,0.0,4.2
2021-12-15,22130 Jaca,Candanchu/Astun,13.7,1.7,7.8,0.0,0.0,8.4
2021-12-16,22130 Jaca,Candanchu/Astun,11.9,1.0,8.2,0.0,0.0,7.1
2021-12-17,22130 Jaca,Candanchu/Astun,10.9,1.6,7.1,0.0,0.0,12.0
2021-12-18,22130 Jaca,Candanchu/Astun,7.6,-0.2,5.0,0.0,0.0,11.6
2021-12-19,22130 Jaca,Candanchu/Astun,6.8,0.0,5.1,0.0,0.0,9.8
2021-12-20,22130 Jaca,Candanchu/Astun,7.3,-0.7,4.4,0.0,0.0,7.2
2021-12-21,22130 Jaca,Candanchu/Astun,8.7,2.3,6.6,0.4,0.0,7.4
2021-12-22,22130 Jaca,Candanchu/Astun,9.1,1.8,5.4,0.0,0.0,11.0
2021-12-23,22130 Jaca,Candanchu/Astun,6.0,1.5,4.0,1.0,0.0,10.6
2021-12-24,22130 Jaca,Candanchu/Astun,5.6,1.6,3.7,2.1,0.0,11.3
2021-12-25,22130 Jaca,Candanchu/Astun,4.4,-0.9,2.4,9.8,2.66,10.8
2021-12-26,22130 Jaca,Candanchu/Astun,5.5,0.2,3.0,1.6,0.0,7.6
2021-12-27,22130 Jaca,Candanchu/Astun,5.9,2.8,3.9,14.7,0.35,9.7
2021-12-28,22130 Jaca,Candanchu/Astun,5.9,3.4,4.4,3.6,0.0,9.7
2021-12-29,22130 Jaca,Candanchu/Astun,9.4,3.0,5.3,0.0,0.0,12.6
2021-12-30,22130 Jaca,Candanchu/Astun,15.8,1.7,9.9,0.0,0.0,5.2
2021-12-31,22130 Jaca,Candanchu/Astun,18.0,9.4,15.5,0.0,0.0,11.5
2022-01-01,22130 Jaca,Candanchu/Astun,15.0,2.8,12.3,0.0,0.0,12.2
2022-01-02,22130 Jaca,Candanchu/Astun,15.1,1.5,10.9,0.0,0.0,8.9
2022-01-03,22130 Jaca,Candanchu/Astun,9.5,3.0,7.6,0.0,0.0,7.1
2022-01-04,22130 Jaca,Candanchu/Astun,9.3,0.7,5.8,9.3,4.48,16.2
2022-01-05,22130 Jaca,Candanchu/Astun,0.9,-5.2,-1.9,3.8,2.66,23.8
2022-01-06,22130 Jaca,Candanchu/Astun,0.4,-7.5,-4.3,0.0,0.0,20.3
2022-01-07,22130 Jaca,Candanchu/Astun,0.8,-3.9,-1.0,2.4,1.68,17.3
2022-01-08,22130 Jaca,Candanchu/Astun,1.5,-1.5,0.4,5.0,3.43,12.6
2022-01-09,22130 Jaca,Candanchu/Astun,5.0,0.9,1.8,34.3,18.83,20.0
2022-01-10,22130 Jaca,Candanchu/Astun,6.7,2.8,4.6,42.1,1.61,24.5
2022-01-11,22130 Jaca,Candanchu/Astun,3.8,-0.3,1.6,4.9,0.63,22.1
2022-01-12,22130 Jaca,Candanchu/Astun,5.1,-4.3,-0.7,0.0,0.0,14.2
2022-01-13,22130 Jaca,Candanchu/Astun,5.0,-4.3,2.3,0.0,0.0,8.4
2022-01-14,22130 Jaca,Candanchu/Astun,5.8,-6.2,2.3,0.0,0.0,8.4
2022-01-15,22130 Jaca,Candanchu/Astun,3.7,-6.9,1.7,0.0,0.0,5.8
2022-01-16,22130 Jaca,Candanchu/Astun,5.4,-4.5,2.0,0.0,0.0,6.0
2022-01-17,22130 Jaca,Candanchu/Astun,7.1,-2.2,4.4,0.0,0.0,4.6
2022-01-18,22130 Jaca,Candanchu/Astun,8.6,-0.8,5.9,0.0,0.0,4.0
2022-01-19,22130 Jaca,Candanchu/Astun,5.7,-1.8,2.4,0.0,0.0,14.3
2022-01-20,22130 Jaca,Candanchu/Astun,2.1,-1.8,0.3,0.0,0.0,17.2
2022-01-21,22130 Jaca,Candanchu/Astun,0.6,-4.6,-1.9,0.0,0.0,16.8
2022-01-22,22130 Jaca,Candanchu/Astun,5.2,-4.2,0.1,0.0,0.0,4.4
2022-01-23,22130 Jaca,Candanchu/Astun,3.9,-2.3,1.9,0.0,0.0,8.9
2022-01-24,22130 Jaca,Candanchu/Astun,4.1,-2.7,2.2,0.0,0.0,9.4
2022-01-25,22130 Jaca,Candanchu/Astun,5.1,-1.8,3.3,0.0,0.0,7.1
2022-01-26,22130 Jaca,Candanchu/Astun,7.0,-1.2,4.8,0.0,0.0,5.8
2022-01-27,22130 Jaca,Candanchu/Astun,8.1,-2.2,2.9,0.0,0.0,7.3
2022-01-28,22130 Jaca,Candanchu/Astun,7.5,-3.5,0.6,0.0,0.0,10.3
2022-01-29,22130 Jaca,Candanchu/Astun,10.5,-0.1,3.1,0.0,0.0,8.6
2022-01-30,22130 Jaca,Candanchu/Astun,12.6,0.4,7.4,0.0,0.0,5.9
2022-01-31,22130 Jaca,Candanchu/Astun,3.5,-1.3,1.8,2.1,1.4,24.9
2022-02-01,22130 Jaca,Candanchu/Astun,5.0,-2.6,1.1,0.6,0.42,18.2
2022-02-02,22130 Jaca,Candanchu/Astun,11.4,2.0,4.7,0.0,0.0,13.1
2022-02-03,22130 Jaca,Candanchu/Astun,17.3,4.5,11.1,0.0,0.0,9.0
2022-02-04,22130 Jaca,Candanchu/Astun,8.0,2.3,5.1,0.0,0.0,11.5
2022-02-05,22130 Jaca,Candanchu/Astun,4.4,-0.9,1.8,0.0,0.0,13.9
2022-02-06,22130 Jaca,Candanchu/Astun,6.1,-2.2,2.3,0.0,0.0,13.4
2022-02-07,22130 Jaca,Candanchu/Astun,3.9,0.8,2.1,0.6,0.0,18.4
2022-02-08,22130 Jaca,Candanchu/Astun,10.1,0.0,5.8,0.0,0.0,15.0
2022-02-09,22130 Jaca,Candanchu/Astun,10.4,2.7,7.4,0.0,0.0,6.8
2022-02-10,22130 Jaca,Candanchu/Astun,9.3,1.0,6.0,0.0,0.0,8.8
2022-02-11,22130 Jaca,Candanchu/Astun,8.7,0.1,3.7,0.3,0.0,8.7
2022-02-12,22130 Jaca,Candanchu/Astun,4.3,-1.0,1.8,1.0,0.0,8.4
2022-02-13,22130 Jaca,Candanchu/Astun,3.3,1.6,2.5,4.4,0.07,14.7
2022-02-14,22130 Jaca,Candanchu/Astun,2.4,-1.1,0.5,12.9,6.02,16.1
2022-02-15,22130 Jaca,Candanchu/Astun,2.2,-1.6,-0.1,1.5,0.98,16.3
2022-02-16,22130 Jaca,Candanchu/Astun,5.9,-0.4,2.9,3.1,0.98,16.6
2022-02-17,22130 Jaca,Candanchu/Astun,11.6,3.1,5.9,0.0,0.0,18.4
2022-02-18,22130 Jaca,Candanchu/Astun,11.7,2.2,7.8,0.0,0.0,17.6
2022-02-19,22130 Jaca,Candanchu/Astun,3.5,-1.8,1.1,0.0,0.0,17.7
2022-02-20,22130 Jaca,Candanchu/Astun,4.8,-2.0,1.4,0.0,0.0,12.6
2022-02-21,22130 Jaca,Candanchu/Astun,3.5,-0.8,1.4,0.6,0.14,22.7
2022-02-22,22130 Jaca,Candanchu/Astun,8.2,-1.5,2.5,0.0,0.0,19.2
2022-02-23,22130 Jaca,Candanchu/Astun,10.1,-0.4,4.9,0.0,0.0,10.1
2022-02-24,22130 Jaca,Candanchu/Astun,8.2,1.0,5.3,0.0,0.0,12.2
2022-02-25,22130 Jaca,Candanchu/Astun,5.8,-1.7,1.7,0.0,0.0,13.6
2022-02-26,22130 Jaca,Candanchu/Astun,5.9,-2.8,3.2,0.0,0.0,9.8
2022-02-27,22130 Jaca,Candanchu/Astun,6.3,-0.0,2.5,0.2,0.0,7.9
2022-02-28,22130 Jaca,Candanchu/Astun,7.1,-0.8,2.8,0.0,0.0,11.4
2022-03-01,22130 Jaca,Candanchu/Astun,10.8,-1.0,4.5,0.0,0.0,11.3
2022-03-02,22130 Jaca,Candanchu/Astun,4.0,0.8,2.8,4.3,0.7,9.7
2022-03-03,22130 Jaca,Candanchu/Astun,6.4,-2.6,2.1,0.1,0.0,10.6
2022-03-04,22130 Jaca,Candanchu/Astun,2.6,-1.2,1.2,0.4,0.21,21.1
2022-03-05,22130 Jaca,Candanchu/Astun,3.3,-2.0,0.5,0.0,0.0,20.1
2022-03-06,22130 Jaca,Candanchu/Astun,2.3,-2.8,0.3,3.6,2.52,7.7
2022-03-07,22130 Jaca,Candanchu/Astun,2.3,-2.9,0.6,2.4,1.68,15.5
2022-03-08,22130 Jaca,Candanchu/Astun,1.6,-2.7,-0.2,9.0,6.3,14.3
2022-03-09,22130 Jaca,Candanchu/Astun,4.4,-3.5,1.1,1.0,0.21,12.6
2022-03-10,22130 Jaca,Candanchu/Astun,4.0,1.5,2.3,11.2,6.65,11.0
2022-03-11,22130 Jaca,Candanchu/Astun,2.6,1.8,2.1,16.4,7.0,15.6
2022-03-12,22130 Jaca,Candanchu/Astun,4.7,-0.5,1.9,6.0,3.36,9.5
2022-03-13,22130 Jaca,Candanchu/Astun,3.2,-2.9,0.9,17.1,11.9,15.3
2022-03-14,22130 Jaca,Candanchu/Astun,5.4,-0.3,2.4,6.4,1.89,19.5
2022-03-15,22130 Jaca,Candanchu/Astun,11.2,5.7,7.6,0.1,0.0,18.7
2022-03-16,22130 Jaca,Candanchu/Astun,12.3,4.6,7.6,0.1,0.0,18.1
2022-03-17,22130 Jaca,Candanchu/Astun,5.9,3.3,4.2,1.5,0.0,22.3
2022-03-18,22130 Jaca,Candanchu/Astun,8.5,2.4,4.1,3.8,0.0,16.1
2022-03-19,22130 Jaca,Candanchu/Astun,5.8,-0.9,2.7,1.2,0.0,9.6
2022-03-20,22130 Jaca,Candanchu/Astun,4.4,1.7,2.6,3.8,0.35,15.0
2022-03-21,22130 Jaca,Candanchu/Astun,5.8,0.7,2.7,4.6,0.7,22.2
2022-03-22,22130 Jaca,Candanchu/Astun,3.5,-0.4,1.3,0.0,0.0,21.9
2022-03-23,22130 Jaca,Candanchu/Astun,5.9,-4.0,0.4,0.0,0.0,13.0
2022-03-24,22130 Jaca,Candanchu/Astun,5.7,-2.7,1.6,0.0,0.0,9.9
2022-03-25,22130 Jaca,Candanchu/Astun,8.3,-0.3,3.9,0.8,0.0,9.2
2022-03-26,22130 Jaca,Candanchu/Astun,8.3,0.3,4.4,3.1,1.12,7.8
2022-03-27,22130 Jaca,Candanchu/Astun,7.9,-0.1,4.1,0.5,0.0,16.3
2022-03-28,22130 Jaca,Candanchu/Astun,9.6,2.2,5.7,0.0,0.0,21.2
2022-03-29,22130 Jaca,Candanchu/Astun,10.2,2.4,6.0,3.9,0.0,11.8
2022-03-30,22130 Jaca,Candanchu/Astun,6.3,2.4,4.0,0.3,0.0,15.7
2022-03-31,22130 Jaca,Candanchu/Astun,4.1,-0.2,1.7,0.7,0.42,19.6
2022-04-01,22130 Jaca,Candanchu/Astun,-0.1,-6.1,-4.6,6.7,4.76,26.3
2022-04-02,22130 Jaca,Candanchu/Astun,-3.9,-6.6,-5.5,6.0,4.2,32.5
2022-04-03,22130 Jaca,Candanchu/Astun,-2.1,-8.8,-5.3,0.0,0.0,17.1
2022-04-04,22130 Jaca,Candanchu/Astun,3.0,-12.5,-4.0,0.0,0.0,11.4
2022-04-05,22130 Jaca,Candanchu/Astun,5.7,-8.6,-0.4,0.0,0.0,11.6
2022-04-06,22130 Jaca,Candanchu/Astun,7.7,-3.4,1.7,0.0,0.0,15.3
2022-04-07,22130 Jaca,Candanchu/Astun,10.8,0.6,5.6,0.0,0.0,11.8
2022-04-08,22130 Jaca,Candanchu/Astun,9.2,3.1,6.3,0.9,0.0,16.9
2022-04-09,22130 Jaca,Candanchu/Astun,5.4,-0.7,2.9,0.1,0.0,18.4
2022-04-10,22130 Jaca,Candanchu/Astun,12.1,-2.1,6.5,0.0,0.0,15.0
2022-04-11,22130 Jaca,Candanchu/Astun,14.4,5.4,9.4,0.0,0.0,22.0
2022-04-12,22130 Jaca,Candanchu/Astun,8.4,5.0,6.1,9.6,0.0,21.1
2022-04-13,22130 Jaca,Candanchu/Astun,7.9,2.5,4.9,5.5,0.0,13.3
2022-04-14,22130 Jaca,Candanchu/Astun,13.0,1.9,7.7,0.5,0.0,13.5
2022-04-15,22130 Jaca,Candanchu/Astun,15.4,4.4,10.3,0.2,0.0,11.0
2022-04-16,22130 Jaca,Candanchu/Astun,15.1,4.9,9.4,0.0,0.0,17.9
2022-04-17,22130 Jaca,Candanchu/Astun,17.1,2.3,10.2,0.0,0.0,15.8
2022-04-18,22130 Jaca,Candanchu/Astun,15.0,3.6,9.2,0.0,0.0,15.1
2022-04-19,22130 Jaca,Candanchu/Astun,7.9,2.4,6.1,20.0,1.89,15.0
2022-04-20,22130 Jaca,Candanchu/Astun,6.6,0.7,2.9,17.4,10.5,22.4
2022-04-21,22130 Jaca,Candanchu/Astun,7.8,1.7,4.5,0.1,0.0,17.8
2022-04-22,22130 Jaca,Candanchu/Astun,8.7,0.8,4.8,6.3,1.68,19.0
2022-04-23,22130 Jaca,Candanchu/Astun,3.7,-0.3,1.5,44.6,21.0,17.4
2022-04-24,22130 Jaca,Candanchu/Astun,8.5,-0.1,3.8,7.6,3.78,13.4
2022-04-25,22130 Jaca,Candanchu/Astun,11.0,-0.3,5.3,0.0,0.0,8.7
2022-04-26,22130 Jaca,Candanchu/Astun,13.6,4.6,9.6,0.7,0.0,9.5
2022-04-27,22130 Jaca,Candanchu/Astun,12.4,6.5,8.6,4.0,0.0,17.8
2022-04-28,22130 Jaca,Candanchu/Astun,13.6,6.7,9.5,4.6,0.0,12.2
2022-04-29,22130 Jaca,Candanchu/Astun,14.8,3.5,10.0,5.7,0.0,11.4
2022-04-30,22130 Jaca,Candanchu/Astun,14.5,4.3,9.3,0.0,0.0,17.6
2022-05-01,22130 Jaca,Candanchu/Astun,15.3,2.2,8.9,0.1,0.0,11.8
2022-05-02,22130 Jaca,Candanchu/Astun,9.9,6.6,7.9,15.3,0.0,12.9
2022-05-03,22130 Jaca,Candanchu/Astun,11.0,4.2,7.2,11.6,0.49,7.0
2022-05-04,22130 Jaca,Candanchu/Astun,11.8,3.4,7.5,0.5,0.0,15.2
2022-05-05,22130 Jaca,Candanchu/Astun,10.8,4.1,7.3,0.0,0.0,18.2
2022-05-06,22130 Jaca,Candanchu/Astun,10.3,5.0,7.2,0.0,0.0,22.4
2022-05-07,22130 Jaca,Candanchu/Astun,13.9,3.8,9.2,0.0,0.0,21.6
2022-05-08,22130 Jaca,Candanchu/Astun,15.1,3.1,9.6,0.1,0.0,14.7
2022-05-09,22130 Jaca,Candanchu/Astun,14.8,6.3,11.2,0.6,0.0,10.8
2022-05-10,22130 Jaca,Candanchu/Astun,19.0,10.4,14.1,0.0,0.0,11.5
2022-05-11,22130 Jaca,Candanchu/Astun,19.7,8.5,14.8,0.0,0.0,11.6
2022-05-12,22130 Jaca,Candanchu/Astun,18.2,10.0,13.9,0.0,0.0,13.1
2022-05-13,22130 Jaca,Candanchu/Astun,18.5,7.1,13.6,0.2,0.0,9.7
2022-05-14,22130 Jaca,Candanchu/Astun,20.4,10.2,16.3,0.8,0.0,11.3
2022-05-15,22130 Jaca,Candanchu/Astun,18.7,10.4,14.2,2.9,0.0,18.7
2022-05-16,22130 Jaca,Candanchu/Astun,19.2,9.1,14.1,0.3,0.0,9.7
2022-05-17,22130 Jaca,Candanchu/Astun,20.8,10.3,15.9,0.8,0.0,11.9
2022-05-18,22130 Jaca,Candanchu/Astun,22.2,11.0,16.8,0.5,0.0,17.0
2022-05-19,22130 Jaca,Candanchu/Astun,23.2,12.8,18.0,0.3,0.0,18.3
2022-05-20,22130 Jaca,Candanchu/Astun,22.5,14.9,18.3,0.0,0.0,15.4
2022-05-21,22130 Jaca,Candanchu/Astun,26.0,14.6,20.4,0.0,0.0,13.0
2022-05-22,22130 Jaca,Candanchu/Astun,24.5,12.7,18.6,5.0,0.0,17.5
2022-05-23,22130 Jaca,Candanchu/Astun,18.0,8.8,13.4,0.1,0.0,16.2
2022-05-24,22130 Jaca,Candanchu/Astun,12.1,4.9,8.6,8.5,0.0,17.6
2022-05-25,22130 Jaca,Candanchu/Astun,11.1,3.8,7.1,0.3,0.0,23.3
2022-05-26,22130 Jaca,Candanchu/Astun,17.3,5.8,11.1,0.0,0.0,17.4
2022-05-27,22130 Jaca,Candanchu/Astun,21.0,7.4,14.1,0.0,0.0,16.5
2022-05-28,22130 Jaca,Candanchu/Astun,22.2,7.8,15.7,0.0,0.0,15.5
2022-05-29,22130 Jaca,Candanchu/Astun,21.2,8.9,15.4,0.1,0.0,14.5
2022-05-30,22130 Jaca,Candanchu/Astun,19.1,8.8,14.4,0.7,0.0,11.7
2022-05-31,22130 Jaca,Candanchu/Astun,19.2,9.4,14.3,1.8,0.0,13.2
2022-06-01,22130 Jaca,Candanchu/Astun,22.1,12.4,16.5,2.2,0.0,16.1
2022-06-02,22130 Jaca,Candanchu/Astun,22.4,11.3,16.2,7.2,0.0,18.4
2022-06-03,22130 Jaca,Candanchu/Astun,22.1,10.5,16.0,7.6,0.0,18.0
2022-06-04,22130 Jaca,Candanchu/Astun,20.5,10.9,14.4,21.7,0.0,15.9
2022-06-05,22130 Jaca,Candanchu/Astun,18.2,9.5,14.4,0.1,0.0,10.7
2022-06-06,22130 Jaca,Candanchu/Astun,19.4,10.6,15.1,0.6,0.0,13.5
2022-06-07,22130 Jaca,Candanchu/Astun,20.5,11.6,16.1,0.0,0.0,11.7
2022-06-08,22130 Jaca,Candanchu/Astun,17.5,11.8,14.8,0.3,0.0,18.1
2022-06-09,22130 Jaca,Candanchu/Astun,17.6,8.7,13.1,0.0,0.0,17.3
2022-06-10,22130 Jaca,Candanchu/Astun,24.8,9.2,17.6,0.0,0.0,12.4
2022-06-11,22130 Jaca,Candanchu/Astun,25.9,14.8,20.0,0.0,0.0,12.9
2022-06-12,22130 Jaca,Candanchu/Astun,24.7,15.2,19.6,0.7,0.0,12.6
2022-06-13,22130 Jaca,Candanchu/Astun,26.0,15.6,21.0,0.2,0.0,12.2
2022-06-14,22130 Jaca,Candanchu/Astun,28.3,16.0,22.1,0.2,0.0,15.5
2022-06-15,22130 Jaca,Candanchu/Astun,28.3,16.9,22.3,0.0,0.0,13.4
2022-06-16,22130 Jaca,Candanchu/Astun,29.3,17.6,23.6,0.9,0.0,13.3
2022-06-17,22130 Jaca,Candanchu/Astun,29.5,17.2,24.3,0.0,0.0,13.9
2022-06-18,22130 Jaca,Candanchu/Astun,30.3,18.9,25.3,0.0,0.0,17.1
2022-06-19,22130 Jaca,Candanchu/Astun,23.8,14.5,19.4,26.8,0.0,22.9
2022-06-20,22130 Jaca,Candanchu/Astun,22.6,13.9,17.7,3.2,0.0,20.6
2022-06-21,22130 Jaca,Candanchu/Astun,22.6,13.0,16.9,4.9,0.0,21.0
2022-06-22,22130 Jaca,Candanchu/Astun,17.8,10.8,14.1,9.5,0.0,15.5
2022-06-23,22130 Jaca,Candanchu/Astun,18.1,9.7,14.5,5.8,0.0,18.2
2022-06-24,22130 Jaca,Candanchu/Astun,16.2,7.6,12.2,1.0,0.0,11.4
2022-06-25,22130 Jaca,Candanchu/Astun,16.6,10.3,14.1,1.9,0.0,18.1
2022-06-26,22130 Jaca,Candanchu/Astun,15.8,11.1,12.9,17.6,0.0,15.9
2022-06-27,22130 Jaca,Candanchu/Astun,15.7,9.6,12.1,13.6,0.0,14.7
2022-06-28,22130 Jaca,Candanchu/Astun,19.4,7.6,13.6,0.0,0.0,12.1
2022-06-29,22130 Jaca,Candanchu/Astun,20.9,10.5,16.3,4.1,0.0,14.1
2022-06-30,22130 Jaca,Candanchu/Astun,15.3,10.5,13.4,2.3,0.0,12.2
2022-07-01,22130 Jaca,Candanchu/Astun,18.7,4.9,12.9,0.0,0.0,12.2
2022-07-02,22130 Jaca,Candanchu/Astun,24.8,11.3,18.4,0.3,0.0,11.8
2022-07-03,22130 Jaca,Candanchu/Astun,26.0,14.2,19.5,0.5,0.0,13.0
2022-07-04,22130 Jaca,Candanchu/Astun,22.1,12.8,18.2,0.8,0.0,11.7
2022-07-05,22130 Jaca,Candanchu/Astun,24.7,14.9,20.2,0.2,0.0,14.5
2022-07-06,22130 Jaca,Candanchu/Astun,18.5,12.7,16.1,2.3,0.0,16.7
2022-07-07,22130 Jaca,Candanchu/Astun,19.5,11.0,14.9,0.0,0.0,19.3
2022-07-08,22130 Jaca,Candanchu/Astun,24.2,10.3,17.5,0.0,0.0,17.0
2022-07-09,22130 Jaca,Candanchu/Astun,25.3,14.8,20.2,0.0,0.0,14.0
2022-07-10,22130 Jaca,Candanchu/Astun,25.5,14.7,20.8,0.1,0.0,12.9
2022-07-11,22130 Jaca,Candanchu/Astun,27.0,15.2,21.6,0.0,0.0,11.5
2022-07-12,22130 Jaca,Candanchu/Astun,27.7,17.2,22.6,0.0,0.0,10.7
2022-07-13,22130 Jaca,Candanchu/Astun,28.5,15.8,22.3,0.0,0.0,10.2
2022-07-14,22130 Jaca,Candanchu/Astun,29.7,16.7,23.9,0.0,0.0,15.2
2022-07-15,22130 Jaca,Candanchu/Astun,30.1,17.2,23.4,0.5,0.0,12.6
2022-07-16,22130 Jaca,Candanchu/Astun,31.9,19.0,25.7,0.0,0.0,15.7
2022-07-17,22130 Jaca,Candanchu/Astun,31.7,20.2,26.9,0.0,0.0,11.2
2022-07-18,22130 Jaca,Candanchu/Astun,31.3,18.4,25.4,0.0,0.0,14.2
2022-07-19,22130 Jaca,Candanchu/Astun,28.3,19.4,23.6,5.1,0.0,19.3
2022-07-20,22130 Jaca,Candanchu/Astun,26.7,16.4,21.6,0.0,0.0,13.0
2022-07-21,22130 Jaca,Candanchu/Astun,27.6,14.2,21.6,0.0,0.0,12.3
2022-07-22,22130 Jaca,Candanchu/Astun,27.4,17.9,22.8,0.4,0.0,14.6
2022-07-23,22130 Jaca,Candanchu/Astun,27.5,16.4,22.3,0.0,0.0,12.6
2022-07-24,22130 Jaca,Candanchu/Astun,29.9,16.8,23.9,0.0,0.0,11.1
2022-07-25,22130 Jaca,Candanchu/Astun,27.7,15.6,22.3,0.7,0.0,18.0
2022-07-26,22130 Jaca,Candanchu/Astun,24.9,13.7,19.0,0.0,0.0,15.1
2022-07-27,22130 Jaca,Candanchu/Astun,24.3,11.3,18.5,0.0,0.0,12.9
2022-07-28,22130 Jaca,Candanchu/Astun,22.8,14.6,18.5,2.8,0.0,13.2
2022-07-29,22130 Jaca,Candanchu/Astun,21.8,14.3,17.9,1.6,0.0,11.4
2022-07-30,22130 Jaca,Candanchu/Astun,24.1,14.4,19.2,0.0,0.0,11.6
2022-07-31,22130 Jaca,Candanchu/Astun,25.2,15.9,20.3,0.6,0.0,11.1
2022-08-01,22130 Jaca,Candanchu/Astun,26.0,15.3,20.6,0.0,0.0,11.1
2022-08-02,22130 Jaca,Candanchu/Astun,28.6,15.6,21.9,0.0,0.0,11.0
2022-08-03,22130 Jaca,Candanchu/Astun,29.2,16.9,23.7,0.3,0.0,15.9
2022-08-04,22130 Jaca,Candanchu/Astun,28.6,17.4,22.8,0.0,0.0,20.4
2022-08-05,22130 Jaca,Candanchu/Astun,27.2,15.4,21.6,0.0,0.0,13.2
2022-08-06,22130 Jaca,Candanchu/Astun,26.1,15.3,21.2,0.3,0.0,12.2
2022-08-07,22130 Jaca,Candanchu/Astun,25.8,16.9,20.8,3.3,0.0,10.0
2022-08-08,22130 Jaca,Candanchu/Astun,25.4,15.2,20.4,2.6,0.0,10.3
2022-08-09,22130 Jaca,Candanchu/Astun,25.7,14.6,19.5,9.2,0.0,11.7
2022-08-10,22130 Jaca,Candanchu/Astun,28.5,15.8,23.0,0.0,0.0,12.2
2022-08-11,22130 Jaca,Candanchu/Astun,28.0,17.2,23.1,0.0,0.0,12.4
2022-08-12,22130 Jaca,Candanchu/Astun,29.5,18.3,24.2,0.0,0.0,15.2
2022-08-13,22130 Jaca,Candanchu/Astun,29.1,18.6,24.0,0.3,0.0,17.9
2022-08-14,22130 Jaca,Candanchu/Astun,22.6,15.2,18.8,0.1,0.0,13.5
2022-08-15,22130 Jaca,Candanchu/Astun,22.1,12.8,17.6,0.0,0.0,12.0
2022-08-16,22130 Jaca,Candanchu/Astun,19.8,12.8,16.2,10.9,0.0,16.7
2022-08-17,22130 Jaca,Candanchu/Astun,18.7,10.5,13.9,0.5,0.0,16.7
2022-08-18,22130 Jaca,Candanchu/Astun,16.0,9.3,12.1,0.0,0.0,19.8
2022-08-19,22130 Jaca,Candanchu/Astun,22.1,10.6,15.6,0.0,0.0,16.3
2022-08-20,22130 Jaca,Candanchu/Astun,24.5,11.5,18.6,0.0,0.0,11.9
2022-08-21,22130 Jaca,Candanchu/Astun,23.9,14.9,19.1,0.0,0.0,14.8
2022-08-22,22130 Jaca,Candanchu/Astun,22.7,12.3,17.1,0.0,0.0,20.3
2022-08-23,22130 Jaca,Candanchu/Astun,25.2,13.3,19.0,0.0,0.0,13.4
2022-08-24,22130 Jaca,Candanchu/Astun,27.7,15.3,21.1,0.1,0.0,14.6
2022-08-25,22130 Jaca,Candanchu/Astun,25.0,15.3,19.0,1.2,0.0,10.9
2022-08-26,22130 Jaca,Candanchu/Astun,24.3,12.1,18.0,0.0,0.0,11.5
2022-08-27,22130 Jaca,Candanchu/Astun,23.9,13.0,18.1,0.0,0.0,12.3
2022-08-28,22130 Jaca,Candanchu/Astun,25.7,14.2,19.8,0.1,0.0,11.2
2022-08-29,22130 Jaca,Candanchu/Astun,23.6,15.4,18.9,1.8,0.0,17.2
2022-08-30,22130 Jaca,Candanchu/Astun,24.0,13.5,18.7,1.4,0.0,10.5
2022-08-31,22130 Jaca,Candanchu/Astun,21.7,14.1,17.8,6.1,0.0,11.8
2022-09-01,22130 Jaca,Candanchu/Astun,21.6,12.1,17.0,0.2,0.0,10.0
2022-09-02,22130 Jaca,Candanchu/Astun,20.1,12.1,16.1,5.9,0.0,11.2
2022-09-03,22130 Jaca,Candanchu/Astun,17.3,10.7,14.1,2.8,0.0,11.4
2022-09-04,22130 Jaca,Candanchu/Astun,21.2,12.1,16.3,0.2,0.0,15.3
2022-09-05,22130 Jaca,Candanchu/Astun,21.6,13.3,17.3,2.3,0.0,18.0
2022-09-06,22130 Jaca,Candanchu/Astun,22.2,12.8,16.7,4.0,0.0,14.4
2022-09-07,22130 Jaca,Candanchu/Astun,19.8,11.8,16.4,0.6,0.0,14.8
2022-09-08,22130 Jaca,Candanchu/Astun,19.2,9.3,14.2,0.0,0.0,13.1
2022-09-09,22130 Jaca,Candanchu/Astun,19.5,10.4,14.6,0.2,0.0,12.5
2022-09-10,22130 Jaca,Candanchu/Astun,22.8,11.4,17.0,0.0,0.0,10.6
2022-09-11,22130 Jaca,Candanchu/Astun,24.6,13.5,20.2,0.5,0.0,10.7
2022-09-12,22130 Jaca,Candanchu/Astun,27.5,16.1,21.2,0.0,0.0,17.3
2022-09-13,22130 Jaca,Candanchu/Astun,18.6,13.3,15.8,13.6,0.0,18.4
2022-09-14,22130 Jaca,Candanchu/Astun,18.1,11.0,14.0,2.6,0.0,17.2
2022-09-15,22130 Jaca,Candanchu/Astun,19.4,10.4,14.8,0.2,0.0,11.0
2022-09-16,22130 Jaca,Candanchu/Astun,18.7,10.8,13.9,0.0,0.0,16.9
2022-09-17,22130 Jaca,Candanchu/Astun,19.7,7.2,13.6,0.0,0.0,16.9
2022-09-18,22130 Jaca,Candanchu/Astun,18.8,9.4,14.3,0.0,0.0,9.0
2022-09-19,22130 Jaca,Candanchu/Astun,22.0,9.2,15.4,0.0,0.0,11.8
2022-09-20,22130 Jaca,Candanchu/Astun,20.4,9.2,14.6,0.0,0.0,11.3
2022-09-21,22130 Jaca,Candanchu/Astun,19.4,10.9,15.6,0.0,0.0,10.6
2022-09-22,22130 Jaca,Candanchu/Astun,18.9,8.6,13.3,0.0,0.0,12.7
2022-09-23,22130 Jaca,Candanchu/Astun,16.7,8.0,12.0,4.0,0.0,14.1
2022-09-24,22130 Jaca,Candanchu/Astun,14.7,6.9,9.8,2.8,0.0,16.6
2022-09-25,22130 Jaca,Candanchu/Astun,13.3,2.3,7.7,0.3,0.0,15.6
2022-09-26,22130 Jaca,Candanchu/Astun,13.1,3.9,7.9,0.0,0.0,15.5
2022-09-27,22130 Jaca,Candanchu/Astun,11.6,6.9,8.5,2.5,0.0,20.5
2022-09-28,22130 Jaca,Candanchu/Astun,11.0,7.4,9.1,6.6,0.0,19.9
2022-09-29,22130 Jaca,Candanchu/Astun,7.4,4.5,6.0,19.0,0.07,14.3
2022-09-30,22130 Jaca,Candanchu/Astun,9.4,3.3,5.6,0.2,0.0,21.7
2022-10-01,22130 Jaca,Candanchu/Astun,16.9,4.1,10.0,0.0,0.0,10.6
2022-10-02,22130 Jaca,Candanchu/Astun,19.4,9.0,15.1,0.0,0.0,7.3
2022-10-03,22130 Jaca,Candanchu/Astun,21.4,11.5,16.9,0.0,0.0,8.3
2022-10-04,22130 Jaca,Candanchu/Astun,20.8,8.3,14.4,0.0,0.0,7.6
2022-10-05,22130 Jaca,Candanchu/Astun,19.0,9.7,15.1,0.0,0.0,8.3
2022-10-06,22130 Jaca,Candanchu/Astun,16.5,7.4,11.7,0.9,0.0,8.6
2022-10-07,22130 Jaca,Candanchu/Astun,16.3,8.1,11.8,2.6,0.0,9.0
2022-10-08,22130 Jaca,Candanchu/Astun,16.2,8.6,11.8,1.0,0.0,12.4
2022-10-09,22130 Jaca,Candanchu/Astun,16.3,8.2,11.6,1.2,0.0,7.6
2022-10-10,22130 Jaca,Candanchu/Astun,15.4,8.7,12.8,0.1,0.0,9.0
2022-10-11,22130 Jaca,Candanchu/Astun,14.7,8.1,11.1,6.8,0.0,6.9
2022-10-12,22130 Jaca,Candanchu/Astun,15.6,6.0,10.7,0.4,0.0,9.0
2022-10-13,22130 Jaca,Candanchu/Astun,16.1,7.0,12.0,0.0,0.0,10.9
2022-10-14,22130 Jaca,Candanchu/Astun,17.5,9.1,13.1,0.2,0.0,11.7
2022-10-15,22130 Jaca,Candanchu/Astun,18.7,8.3,13.8,0.1,0.0,13.5
2022-10-16,22130 Jaca,Candanchu/Astun,17.9,11.7,14.6,0.0,0.0,17.7
2022-10-17,22130 Jaca,Candanchu/Astun,16.4,11.4,13.0,3.9,0.0,16.3
2022-10-18,22130 Jaca,Candanchu/Astun,20.3,11.3,14.9,0.1,0.0,16.6
2022-10-19,22130 Jaca,Candanchu/Astun,19.6,11.2,15.1,11.0,0.0,23.2
2022-10-20,22130 Jaca,Candanchu/Astun,12.2,10.0,10.8,29.7,0.0,22.9
2022-10-21,22130 Jaca,Candanchu/Astun,10.7,8.5,9.6,32.3,0.0,16.7
2022-10-22,22130 Jaca,Candanchu/Astun,12.7,8.2,10.1,5.1,0.0,18.6
2022-10-23,22130 Jaca,Candanchu/Astun,12.3,8.9,10.4,24.6,0.0,22.5
2022-10-24,22130 Jaca,Candanchu/Astun,12.3,6.3,9.3,6.6,0.0,12.4
2022-10-25,22130 Jaca,Candanchu/Astun,16.2,7.3,11.8,3.5,0.0,18.7
2022-10-26,22130 Jaca,Candanchu/Astun,15.5,8.7,11.4,2.5,0.0,14.0
2022-10-27,22130 Jaca,Candanchu/Astun,18.8,10.5,14.7,0.2,0.0,17.4
2022-10-28,22130 Jaca,Candanchu/Astun,18.5,11.6,14.7,0.3,0.0,13.3
2022-10-29,22130 Jaca,Candanchu/Astun,16.7,10.0,13.9,0.0,0.0,17.4
2022-10-30,22130 Jaca,Candanchu/Astun,15.9,8.4,11.1,12.1,0.0,15.2
2022-10-31,22130 Jaca,Candanchu/Astun,12.4,7.8,9.4,20.5,0.0,20.2
2022-11-01,22130 Jaca,Candanchu/Astun,11.7,5.6,9.1,2.4,0.0,10.1
2022-11-02,22130 Jaca,Candanchu/Astun,12.0,4.5,8.4,1.2,0.0,14.5
2022-11-03,22130 Jaca,Candanchu/Astun,8.9,4.2,7.5,15.7,0.0,14.6
2022-11-04,22130 Jaca,Candanchu/Astun,3.8,1.3,2.7,10.4,4.06,19.0
2022-11-05,22130 Jaca,Candanchu/Astun,12.8,1.4,6.2,0.2,0.0,20.2
2022-11-06,22130 Jaca,Candanchu/Astun,13.2,4.1,10.7,0.0,0.0,7.8
2022-11-07,22130 Jaca,Candanchu/Astun,12.1,4.9,8.8,0.0,0.0,13.1
2022-11-08,22130 Jaca,Candanchu/Astun,10.8,6.6,8.5,9.0,0.0,15.7
2022-11-09,22130 Jaca,Candanchu/Astun,8.4,4.8,7.1,7.7,0.0,12.7
2022-11-10,22130 Jaca,Candanchu/Astun,11.9,0.4,6.5,0.0,0.0,13.4
2022-11-11,22130 Jaca,Candanchu/Astun,11.8,3.0,7.5,0.0,0.0,22.4
2022-11-12,22130 Jaca,Candanchu/Astun,12.0,7.8,9.3,0.0,0.0,18.7
2022-11-13,22130 Jaca,Candanchu/Astun,12.9,5.4,8.5,0.0,0.0,13.7
2022-11-14,22130 Jaca,Candanchu/Astun,8.9,5.0,6.9,5.1,0.0,12.6
2022-11-15,22130 Jaca,Candanchu/Astun,7.7,6.6,7.2,10.9,0.0,13.5
2022-11-16,22130 Jaca,Candanchu/Astun,7.7,1.3,5.1,0.8,0.0,10.2
2022-11-17,22130 Jaca,Candanchu/Astun,8.8,4.6,7.5,7.4,0.0,12.3
2022-11-18,22130 Jaca,Candanchu/Astun,5.7,1.5,3.3,1.7,0.98,12.9
2022-11-19,22130 Jaca,Candanchu/Astun,2.0,0.4,1.0,2.3,1.61,19.2
2022-11-20,22130 Jaca,Candanchu/Astun,6.8,-0.5,2.8,1.1,0.0,17.9
2022-11-21,22130 Jaca,Candanchu/Astun,5.4,-0.0,3.3,38.2,8.26,16.7
2022-11-22,22130 Jaca,Candanchu/Astun,2.3,-1.5,-0.2,12.1,7.35,15.5
2022-11-23,22130 Jaca,Candanchu/Astun,6.5,2.6,4.5,21.5,0.0,16.6
2022-11-24,22130 Jaca,Candanchu/Astun,6.3,-0.1,4.0,11.6,0.56,12.0
2022-11-25,22130 Jaca,Candanchu/Astun,6.5,1.0,3.0,1.7,0.35,19.5
2022-11-26,22130 Jaca,Candanchu/Astun,12.0,-0.6,5.1,0.0,0.0,14.0
2022-11-27,22130 Jaca,Candanchu/Astun,12.1,3.6,9.2,0.0,0.0,9.7
2022-11-28,22130 Jaca,Candanchu/Astun,4.2,1.2,2.4,9.4,5.11,19.6
2022-11-29,22130 Jaca,Candanchu/Astun,4.1,0.7,2.1,7.1,3.22,13.3
2022-11-30,22130 Jaca,Candanchu/Astun,5.0,-1.3,1.4,0.0,0.0,9.2
2022-12-01,22130 Jaca,Candanchu/Astun,5.6,-4.2,0.1,0.0,0.0,10.2
2022-12-02,22130 Jaca,Candanchu/Astun,2.3,-2.6,-0.6,0.0,0.0,7.3
2022-12-03,22130 Jaca,Candanchu/Astun,-0.6,-3.0,-1.8,8.8,6.16,9.6
2022-12-04,22130 Jaca,Candanchu/Astun,0.3,-9.0,-3.3,0.4,0.28,8.0
2022-12-05,22130 Jaca,Candanchu/Astun,5.8,-3.8,2.5,0.4,0.0,12.0
2022-12-06,22130 Jaca,Candanchu/Astun,7.9,2.9,5.4,2.3,0.0,6.5
2022-12-07,22130 Jaca,Candanchu/Astun,7.3,0.1,3.4,0.5,0.0,6.4
2022-12-08,22130 Jaca,Candanchu/Astun,5.0,0.8,2.9,12.5,2.73,14.5
2022-12-09,22130 Jaca,Candanchu/Astun,5.0,2.9,3.6,10.0,0.14,9.7
2022-12-10,22130 Jaca,Candanchu/Astun,3.0,-3.9,-0.0,0.4,0.14,22.1
2022-12-11,22130 Jaca,Candanchu/Astun,1.7,-3.9,-0.5,1.7,1.19,9.1
2022-12-12,22130 Jaca,Candanchu/Astun,4.3,-1.9,1.7,31.5,3.64,10.9
2022-12-13,22130 Jaca,Candanchu/Astun,7.9,4.8,6.5,10.6,0.0,6.3
2022-12-14,22130 Jaca,Candanchu/Astun,7.4,2.8,5.4,6.0,0.0,9.3
2022-12-15,22130 Jaca,Candanchu/Astun,5.8,2.0,4.4,14.6,0.35,13.2
2022-12-16,22130 Jaca,Candanchu/Astun,5.1,1.7,3.0,1.3,0.0,8.9
2022-12-17,22130 Jaca,Candanchu/Astun,6.2,-1.1,2.9,0.1,0.0,7.3
2022-12-18,22130 Jaca,Candanchu/Astun,6.2,0.2,3.8,0.0,0.0,14.7
2022-12-19,22130 Jaca,Candanchu/Astun,9.0,1.9,4.9,0.0,0.0,14.0
2022-12-20,22130 Jaca,Candanchu/Astun,8.2,4.3,5.6,9.7,0.0,16.2
2022-12-21,22130 Jaca,Candanchu/Astun,7.6,1.8,4.8,5.6,0.7,10.2
2022-12-22,22130 Jaca,Candanchu/Astun,9.1,3.4,6.3,0.1,0.0,7.6
2022-12-23,22130 Jaca,Candanchu/Astun,11.3,4.0,7.0,0.0,0.0,9.6
2022-12-24,22130 Jaca,Candanchu/Astun,11.5,2.9,7.5,0.0,0.0,10.8
2022-12-25,22130 Jaca,Candanchu/Astun,8.7,3.2,5.7,0.0,0.0,14.5
2022-12-26,22130 Jaca,Candanchu/Astun,8.9,2.1,4.9,0.0,0.0,14.0
2022-12-27,22130 Jaca,Candanchu/Astun,7.3,0.6,4.8,1.7,0.0,9.4
2022-12-28,22130 Jaca,Candanchu/Astun,6.7,2.2,4.8,0.9,0.0,11.0
2022-12-29,22130 Jaca,Candanchu/Astun,4.6,3.5,4.1,6.3,0.0,10.5
2022-12-30,22130 Jaca,Candanchu/Astun,7.8,3.3,5.9,13.2,0.0,8.5
2022-12-31,22130 Jaca,Candanchu/Astun,9.1,3.4,6.4,0.0,0.0,14.0
2023-01-01,22130 Jaca,Candanchu/Astun,10.0,5.2,7.1,2.2,0.0,17.1
2023-01-02,22130 Jaca,Candanchu/Astun,7.0,1.7,4.3,3.8,0.77,14.3
2023-01-03,22130 Jaca,Candanchu/Astun,5.2,-4.9,1.7,0.0,0.0,7.9
2023-01-04,22130 Jaca,Candanchu/Astun,9.1,-4.3,2.1,0.0,0.0,7.9
2023-01-05,22130 Jaca,Candanchu/Astun,8.6,-1.8,5.2,0.0,0.0,4.3
2023-01-06,22130 Jaca,Candanchu/Astun,8.9,2.2,6.5,0.0,0.0,6.6
2023-01-07,22130 Jaca,Candanchu/Astun,6.8,0.2,3.8,2.6,0.63,11.6
2023-01-08,22130 Jaca,Candanchu/Astun,3.7,2.3,2.8,31.7,3.99,11.6
2023-01-09,22130 Jaca,Candanchu/Astun,2.9,-0.0,1.3,9.3,5.6,18.1
2023-01-10,22130 Jaca,Candanchu/Astun,8.9,-0.1,3.4,0.0,0.0,14.5
2023-01-11,22130 Jaca,Candanchu/Astun,5.8,-0.1,2.9,0.4,0.0,17.9
2023-01-12,22130 Jaca,Candanchu/Astun,8.3,-1.4,2.7,0.0,0.0,15.0
2023-01-13,22130 Jaca,Candanchu/Astun,6.6,-0.7,2.8,0.7,0.0,13.4
2023-01-14,22130 Jaca,Candanchu/Astun,8.5,-0.3,6.9,0.0,0.0,6.3
2023-01-15,22130 Jaca,Candanchu/Astun,6.3,-3.9,1.2,1.3,0.63,18.4
2023-01-16,22130 Jaca,Candanchu/Astun,0.0,-4.0,-1.4,43.5,30.45,8.1
2023-01-17,22130 Jaca,Candanchu/Astun,1.7,-5.1,-1.3,27.1,17.99,17.9
2023-01-18,22130 Jaca,Candanchu/Astun,-3.5,-6.2,-5.0,7.9,5.53,18.0
2023-01-19,22130 Jaca,Candanchu/Astun,-1.1,-7.0,-4.4,34.0,23.8,12.5
2023-01-20,22130 Jaca,Candanchu/Astun,0.9,-8.9,-4.3,3.5,2.45,31.1
2023-01-21,22130 Jaca,Candanchu/Astun,-4.9,-10.1,-7.6,0.8,0.56,18.0
2023-01-22,22130 Jaca,Candanchu/Astun,-3.8,-8.8,-6.1,0.2,0.14,41.3
2023-01-23,22130 Jaca,Candanchu/Astun,-4.3,-8.6,-6.3,0.4,0.28,31.5
2023-01-24,22130 Jaca,Candanchu/Astun,-0.1,-10.3,-6.2,0.0,0.0,12.4
2023-01-25,22130 Jaca,Candanchu/Astun,1.2,-9.4,-5.0,0.0,0.0,19.7
2023-01-26,22130 Jaca,Candanchu/Astun,-2.0,-6.1,-3.9,0.0,0.0,26.0
2023-01-27,22130 Jaca,Candanchu/Astun,-2.1,-6.6,-4.6,0.0,0.0,25.1
2023-01-28,22130 Jaca,Candanchu/Astun,-2.9,-6.6,-4.9,0.0,0.0,16.3
2023-01-29,22130 Jaca,Candanchu/Astun,-0.2,-10.2,-4.8,0.0,0.0,14.4
2023-01-30,22130 Jaca,Candanchu/Astun,4.6,-9.2,-2.3,0.0,0.0,12.2
2023-01-31,22130 Jaca,Candanchu/Astun,8.5,-3.0,1.6,0.0,0.0,14.6
2023-02-01,22130 Jaca,Candanchu/Astun,7.3,-3.4,1.1,0.0,0.0,9.0
2023-02-02,22130 Jaca,Candanchu/Astun,8.8,-1.9,3.1,0.0,0.0,7.2
2023-02-03,22130 Jaca,Candanchu/Astun,12.0,0.3,4.5,0.0,0.0,8.5
2023-02-04,22130 Jaca,Candanchu/Astun,11.2,1.2,4.9,0.0,0.0,19.2
2023-02-05,22130 Jaca,Candanchu/Astun,10.4,-0.4,3.7,0.0,0.0,17.3
2023-02-06,22130 Jaca,Candanchu/Astun,3.9,-3.5,-0.2,0.0,0.0,22.1
2023-02-07,22130 Jaca,Candanchu/Astun,-0.3,-4.5,-2.0,6.1,4.27,12.8
2023-02-08,22130 Jaca,Candanchu/Astun,2.9,-5.2,-0.5,3.4,2.38,8.4
2023-02-09,22130 Jaca,Candanchu/Astun,2.1,-6.4,-2.6,0.7,0.49,8.5
2023-02-10,22130 Jaca,Candanchu/Astun,4.0,-7.8,-0.8,0.0,0.0,5.5
2023-02-11,22130 Jaca,Candanchu/Astun,6.1,-1.7,2.8,0.0,0.0,6.2
2023-02-12,22130 Jaca,Candanchu/Astun,6.7,-1.0,3.9,0.0,0.0,9.3
2023-02-13,22130 Jaca,Candanchu/Astun,8.3,0.1,4.4,0.0,0.0,11.4
2023-02-14,22130 Jaca,Candanchu/Astun,7.5,0.5,3.3,0.0,0.0,17.2
2023-02-15,22130 Jaca,Candanchu/Astun,7.3,-0.5,3.1,0.0,0.0,10.4
2023-02-16,22130 Jaca,Candanchu/Astun,8.9,-1.3,3.5,0.0,0.0,5.1
2023-02-17,22130 Jaca,Candanchu/Astun,9.5,-0.3,5.9,0.0,0.0,5.4
2023-02-18,22130 Jaca,Candanchu/Astun,11.1,1.7,8.3,0.0,0.0,6.3
2023-02-19,22130 Jaca,Candanchu/Astun,12.4,1.4,7.8,0.0,0.0,4.9
2023-02-20,22130 Jaca,Candanchu/Astun,13.5,3.1,10.3,0.0,0.0,10.2
2023-02-21,22130 Jaca,Candanchu/Astun,11.6,2.7,6.9,0.0,0.0,16.1
2023-02-22,22130 Jaca,Candanchu/Astun,8.6,0.7,5.2,3.0,0.98,8.8
2023-02-23,22130 Jaca,Candanchu/Astun,2.3,-0.3,1.2,35.7,22.68,12.7
2023-02-24,22130 Jaca,Candanchu/Astun,-0.3,-6.9,-2.4,6.1,4.27,10.5
2023-02-25,22130 Jaca,Candanchu/Astun,1.8,-9.8,-1.6,0.2,0.21,15.3
2023-02-26,22130 Jaca,Candanchu/Astun,-1.3,-7.6,-3.3,0.8,0.56,29.0
2023-02-27,22130 Jaca,Candanchu/Astun,-4.8,-10.3,-8.3,3.6,2.52,23.4
2023-02-28,22130 Jaca,Candanchu/Astun,-0.8,-8.2,-5.3,0.0,0.0,19.0
2023-03-01,22130 Jaca,Candanchu/Astun,2.2,-7.6,-3.4,0.0,0.0,16.3
2023-03-02,22130 Jaca,Candanchu/Astun,1.1,-6.8,-2.7,0.4,0.28,15.5
2023-03-03,22130 Jaca,Candanchu/Astun,4.5,-4.6,-0.9,0.0,0.0,15.5
2023-03-04,22130 Jaca,Candanchu/Astun,6.6,-4.9,0.9,0.0,0.0,7.6
2023-03-05,22130 Jaca,Candanchu/Astun,7.0,-3.2,3.6,0.0,0.0,7.7
2023-03-06,22130 Jaca,Candanchu/Astun,5.9,-3.1,0.8,0.0,0.0,10.7
2023-03-07,22130 Jaca,Candanchu/Astun,5.0,-0.9,2.9,4.5,0.0,11.6
2023-03-08,22130 Jaca,Candanchu/Astun,9.0,3.3,5.6,14.4,0.0,12.1
2023-03-09,22130 Jaca,Candanchu/Astun,7.8,3.7,5.7,9.0,0.14,13.7
2023-03-10,22130 Jaca,Candanchu/Astun,8.6,3.0,5.5,0.8,0.0,22.9
2023-03-11,22130 Jaca,Candanchu/Astun,11.9,7.4,9.1,2.7,0.0,18.9
2023-03-12,22130 Jaca,Candanchu/Astun,14.2,6.9,9.4,1.5,0.0,13.8
2023-03-13,22130 Jaca,Candanchu/Astun,14.0,3.1,9.9,4.4,0.07,19.5
2023-03-14,22130 Jaca,Candanchu/Astun,4.8,1.7,2.7,5.3,2.8,22.0
2023-03-15,22130 Jaca,Candanchu/Astun,11.8,0.3,5.5,0.0,0.0,18.0
2023-03-16,22130 Jaca,Candanchu/Astun,15.1,4.2,11.2,0.0,0.0,14.2
2023-03-17,22130 Jaca,Candanchu/Astun,10.1,3.9,6.3,9.5,1.54,19.9
2023-03-18,22130 Jaca,Candanchu/Astun,7.8,2.9,4.9,8.6,0.98,10.5
2023-03-19,22130 Jaca,Candanchu/Astun,8.6,1.2,4.4,0.3,0.0,13.7
2023-03-20,22130 Jaca,Candanchu/Astun,13.8,-0.3,6.6,0.0,0.0,8.5
2023-03-21,22130 Jaca,Candanchu/Astun,12.2,2.9,9.2,0.0,0.0,11.0
2023-03-22,22130 Jaca,Candanchu/Astun,12.8,3.3,9.8,0.0,0.0,8.5
2023-03-23,22130 Jaca,Candanchu/Astun,14.6,5.7,10.2,0.2,0.0,13.0
2023-03-24,22130 Jaca,Candanchu/Astun,9.6,3.9,7.4,0.6,0.0,11.9
2023-03-25,22130 Jaca,Candanchu/Astun,10.4,-1.2,5.5,0.0,0.0,11.3
2023-03-26,22130 Jaca,Candanchu/Astun,9.1,2.3,5.3,3.1,0.21,19.9
2023-03-27,22130 Jaca,Candanchu/Astun,8.3,0.2,3.4,2.3,1.33,19.7
2023-03-28,22130 Jaca,Candanchu/Astun,13.7,-0.3,7.9,0.0,0.0,8.5
2023-03-29,22130 Jaca,Candanchu/Astun,16.3,8.1,12.5,0.0,0.0,13.6
2023-03-30,22130 Jaca,Candanchu/Astun,13.8,7.5,11.0,0.0,0.0,12.8
2023-03-31,22130 Jaca,Candanchu/Astun,10.9,3.3,7.5,1.0,0.0,18.4
2023-04-01,22130 Jaca,Candanchu/Astun,5.5,-0.1,3.1,6.1,2.66,18.0
2023-04-02,22130 Jaca,Candanchu/Astun,3.5,-0.6,1.4,10.7,7.21,27.5
2023-04-03,22130 Jaca,Candanchu/Astun,8.4,0.6,3.3,0.2,0.14,20.2
2023-04-04,22130 Jaca,Candanchu/Astun,8.8,-1.7,2.6,0.0,0.0,15.9
2023-04-05,22130 Jaca,Candanchu/Astun,11.5,-2.9,4.1,0.0,0.0,12.1
2023-04-06,22130 Jaca,Candanchu/Astun,12.2,0.9,7.1,0.0,0.0,15.8
2023-04-07,22130 Jaca,Candanchu/Astun,14.3,1.9,8.7,0.0,0.0,10.4
2023-04-08,22130 Jaca,Candanchu/Astun,14.0,4.0,9.7,0.0,0.0,13.4
2023-04-09,22130 Jaca,Candanchu/Astun,16.2,4.5,11.4,0.0,0.0,13.0
2023-04-10,22130 Jaca,Candanchu/Astun,16.3,5.8,10.9,0.0,0.0,12.1
2023-04-11,22130 Jaca,Candanchu/Astun,15.0,4.4,10.0,0.0,0.0,10.3
2023-04-12,22130 Jaca,Candanchu/Astun,12.1,1.4,7.3,0.5,0.07,18.8
2023-04-13,22130 Jaca,Candanchu/Astun,3.1,-1.2,0.9,7.7,5.39,18.9
2023-04-14,22130 Jaca,Candanchu/Astun,7.7,1.0,3.6,8.6,0.7,20.3
2023-04-15,22130 Jaca,Candanchu/Astun,5.2,0.3,3.2,5.2,0.0,23.6
2023-04-16,22130 Jaca,Candanchu/Astun,9.4,-1.0,3.9,0.0,0.0,21.9
2023-04-17,22130 Jaca,Candanchu/Astun,11.8,0.6,5.3,0.0,0.0,20.5
2023-04-18,22130 Jaca,Candanchu/Astun,10.1,-1.5,5.1,0.4,0.0,15.8
2023-04-19,22130 Jaca,Candanchu/Astun,13.9,1.4,8.0,0.1,0.0,13.4
2023-04-20,22130 Jaca,Candanchu/Astun,15.9,4.2,11.0,0.0,0.0,13.8
2023-04-21,22130 Jaca,Candanchu/Astun,16.5,6.7,12.6,6.4,0.0,17.5
2023-04-22,22130 Jaca,Candanchu/Astun,8.6,3.8,6.4,27.1,0.14,14.7
2023-04-23,22130 Jaca,Candanchu/Astun,10.6,3.1,7.8,5.3,0.0,14.0
2023-04-24,22130 Jaca,Candanchu/Astun,11.7,0.8,7.4,0.2,0.0,14.2
2023-04-25,22130 Jaca,Candanchu/Astun,13.6,7.8,10.3,1.2,0.0,15.0
2023-04-26,22130 Jaca,Candanchu/Astun,15.9,8.2,11.8,3.1,0.0,10.5
2023-04-27,22130 Jaca,Candanchu/Astun,18.3,9.2,14.6,0.1,0.0,11.7
2023-04-28,22130 Jaca,Candanchu/Astun,22.4,10.0,15.6,2.2,0.0,14.5
2023-04-29,22130 Jaca,Candanchu/Astun,19.0,10.7,14.9,0.0,0.0,18.6
2023-04-30,22130 Jaca,Candanchu/Astun,12.7,7.4,9.4,0.0,0.0,20.8
2023-05-01,22130 Jaca,Candanchu/Astun,12.4,4.3,8.3,0.0,0.0,17.7
2023-05-02,22130 Jaca,Candanchu/Astun,19.5,2.2,10.9,0.0,0.0,9.5
2023-05-03,22130 Jaca,Candanchu/Astun,20.8,9.5,16.3,0.0,0.0,10.1
2023-05-04,22130 Jaca,Candanchu/Astun,17.5,7.4,13.3,0.0,0.0,13.3
2023-05-05,22130 Jaca,Candanchu/Astun,18.0,10.1,13.9,0.0,0.0,10.5
2023-05-06,22130 Jaca,Candanchu/Astun,19.4,8.7,13.5,4.5,0.0,14.3
2023-05-07,22130 Jaca,Candanchu/Astun,15.2,6.7,10.8,1.1,0.0,17.5
2023-05-08,22130 Jaca,Candanchu/Astun,17.9,2.4,10.9,0.0,0.0,16.9
2023-05-09,22130 Jaca,Candanchu/Astun,14.4,5.2,10.7,2.7,0.0,19.2
2023-05-10,22130 Jaca,Candanchu/Astun,9.5,2.7,5.8,0.0,0.0,20.2
2023-05-11,22130 Jaca,Candanchu/Astun,9.8,2.3,5.3,0.5,0.0,17.0
2023-05-12,22130 Jaca,Candanchu/Astun,9.0,1.1,4.8,0.6,0.21,22.3
2023-05-13,22130 Jaca,Candanchu/Astun,9.2,2.9,5.4,1.3,0.0,21.3
2023-05-14,22130 Jaca,Candanchu/Astun,10.4,3.6,6.5,1.0,0.0,20.5
2023-05-15,22130 Jaca,Candanchu/Astun,10.6,4.8,6.9,1.3,0.0,23.6
2023-05-16,22130 Jaca,Candanchu/Astun,7.8,3.5,5.3,3.2,0.14,24.4
2023-05-17,22130 Jaca,Candanchu/Astun,9.8,0.4,5.3,0.0,0.0,27.9
2023-05-18,22130 Jaca,Candanchu/Astun,9.3,1.1,5.3,0.1,0.0,24.6
2023-05-19,22130 Jaca,Candanchu/Astun,10.0,4.0,6.3,0.5,0.0,22.3
2023-05-20,22130 Jaca,Candanchu/Astun,14.0,4.4,7.8,4.3,0.42,16.9
2023-05-21,22130 Jaca,Candanchu/Astun,15.4,3.1,9.4,2.1,0.0,9.6
2023-05-22,22130 Jaca,Candanchu/Astun,15.7,4.8,10.0,6.1,0.0,7.3
2023-05-23,22130 Jaca,Candanchu/Astun,16.1,6.8,10.7,8.1,0.0,9.7
2023-05-24,22130 Jaca,Candanchu/Astun,15.5,5.5,11.0,4.5,0.0,12.6
2023-05-25,22130 Jaca,Candanchu/Astun,13.5,7.0,9.8,2.6,0.0,14.8
2023-05-26,22130 Jaca,Candanchu/Astun,14.7,5.0,10.2,2.4,0.0,17.8
2023-05-27,22130 Jaca,Candanchu/Astun,18.8,7.6,13.5,0.4,0.0,12.4
2023-05-28,22130 Jaca,Candanchu/Astun,18.0,8.5,12.9,13.3,0.0,9.6
2023-05-29,22130 Jaca,Candanchu/Astun,17.3,8.2,12.2,7.1,0.0,9.3
2023-05-30,22130 Jaca,Candanchu/Astun,15.2,7.4,11.7,12.9,0.0,7.4
2023-05-31,22130 Jaca,Candanchu/Astun,16.3,8.4,12.2,6.7,0.0,5.6
2023-06-01,22130 Jaca,Candanchu/Astun,13.1,8.6,10.3,4.3,0.0,12.7
2023-06-02,22130 Jaca,Candanchu/Astun,15.7,6.7,11.4,10.7,0.0,10.5
2023-06-03,22130 Jaca,Candanchu/Astun,15.5,8.5,12.5,14.2,0.0,7.1
2023-06-04,22130 Jaca,Candanchu/Astun,16.1,6.7,11.5,5.3,0.0,7.5
2023-06-05,22130 Jaca,Candanchu/Astun,16.8,9.0,13.1,13.1,0.0,9.2
2023-06-06,22130 Jaca,Candanchu/Astun,17.7,9.2,13.4,3.5,0.0,9.7
2023-06-07,22130 Jaca,Candanchu/Astun,17.0,9.7,13.0,2.7,0.0,11.6
2023-06-08,22130 Jaca,Candanchu/Astun,16.5,9.4,13.2,1.0,0.0,13.4
2023-06-09,22130 Jaca,Candanchu/Astun,15.5,10.4,12.9,9.2,0.0,10.0
2023-06-10,22130 Jaca,Candanchu/Astun,18.5,9.6,14.5,1.0,0.0,9.1
2023-06-11,22130 Jaca,Candanchu/Astun,18.3,9.5,13.8,6.2,0.0,10.8
2023-06-12,22130 Jaca,Candanchu/Astun,18.1,8.5,13.3,2.9,0.0,13.1
2023-06-13,22130 Jaca,Candanchu/Astun,16.7,11.1,13.6,8.8,0.0,12.4
2023-06-14,22130 Jaca,Candanchu/Astun,16.8,10.2,13.4,0.8,0.0,18.4
2023-06-15,22130 Jaca,Candanchu/Astun,21.4,7.4,14.5,0.1,0.0,11.9
2023-06-16,22130 Jaca,Candanchu/Astun,21.6,9.2,16.9,0.0,0.0,11.7
2023-06-17,22130 Jaca,Candanchu/Astun,23.2,13.0,17.9,1.9,0.0,14.0
2023-06-18,22130 Jaca,Candanchu/Astun,18.6,13.4,15.4,6.4,0.0,17.0
2023-06-19,22130 Jaca,Candanchu/Astun,17.9,12.2,14.7,16.3,0.0,15.1
2023-06-20,22130 Jaca,Candanchu/Astun,19.4,12.6,15.7,32.8,0.0,15.0
2023-06-21,22130 Jaca,Candanchu/Astun,18.6,12.2,14.9,12.3,0.0,13.0
2023-06-22,22130 Jaca,Candanchu/Astun,18.9,10.8,14.7,4.4,0.0,16.2
2023-06-23,22130 Jaca,Candanchu/Astun,21.9,10.1,16.7,0.0,0.0,11.5
2023-06-24,22130 Jaca,Candanchu/Astun,23.5,11.5,19.1,0.0,0.0,7.4
2023-06-25,22130 Jaca,Candanchu/Astun,25.8,14.0,21.8,0.0,0.0,11.8
2023-06-26,22130 Jaca,Candanchu/Astun,23.7,16.4,20.8,0.0,0.0,8.9
2023-06-27,22130 Jaca,Candanchu/Astun,22.1,14.9,19.2,4.0,0.0,10.4
2023-06-28,22130 Jaca,Candanchu/Astun,22.6,13.7,18.7,1.0,0.0,9.2
2023-06-29,22130 Jaca,Candanchu/Astun,20.1,11.5,16.6,6.2,0.0,12.0
2023-06-30,22130 Jaca,Candanchu/Astun,15.5,8.4,11.5,0.0,0.0,17.0
2023-07-01,22130 Jaca,Candanchu/Astun,17.8,9.2,13.4,0.0,0.0,15.6
2023-07-02,22130 Jaca,Candanchu/Astun,20.4,9.6,15.5,0.0,0.0,12.7
2023-07-03,22130 Jaca,Candanchu/Astun,20.6,10.0,16.2,1.1,0.0,12.4
2023-07-04,22130 Jaca,Candanchu/Astun,19.3,11.7,15.5,1.3,0.0,11.8
2023-07-05,22130 Jaca,Candanchu/Astun,19.7,9.2,15.0,0.1,0.0,10.6
2023-07-06,22130 Jaca,Candanchu/Astun,19.5,10.5,15.1,3.1,0.0,16.0
2023-07-07,22130 Jaca,Candanchu/Astun,22.6,13.0,15.8,19.4,0.0,18.7
2023-07-08,22130 Jaca,Candanchu/Astun,23.2,14.2,18.5,0.0,0.0,14.3
2023-07-09,22130 Jaca,Candanchu/Astun,23.9,15.2,20.1,0.3,0.0,12.2
2023-07-10,22130 Jaca,Candanchu/Astun,25.1,16.6,21.0,0.0,0.0,12.3
2023-07-11,22130 Jaca,Candanchu/Astun,27.3,18.6,22.7,0.6,0.0,19.5
2023-07-12,22130 Jaca,Candanchu/Astun,22.5,14.4,19.4,0.0,0.0,11.9
2023-07-13,22130 Jaca,Candanchu/Astun,22.1,12.1,17.0,0.0,0.0,12.9
2023-07-14,22130 Jaca,Candanchu/Astun,24.0,14.0,19.3,0.1,0.0,15.3
2023-07-15,22130 Jaca,Candanchu/Astun,21.3,15.0,18.5,1.4,0.0,17.2
2023-07-16,22130 Jaca,Candanchu/Astun,21.5,12.0,16.9,0.1,0.0,15.7
2023-07-17,22130 Jaca,Candanchu/Astun,24.8,14.7,19.8,0.0,0.0,13.5
2023-07-18,22130 Jaca,Candanchu/Astun,28.5,18.3,22.6,1.7,0.0,12.6
2023-07-19,22130 Jaca,Candanchu/Astun,24.8,16.3,21.5,0.0,0.0,12.1
2023-07-20,22130 Jaca,Candanchu/Astun,23.4,15.7,20.2,0.0,0.0,15.5
2023-07-21,22130 Jaca,Candanchu/Astun,21.1,12.4,16.6,0.1,0.0,10.7
2023-07-22,22130 Jaca,Candanchu/Astun,20.1,11.3,16.0,6.7,0.0,11.7
2023-07-23,22130 Jaca,Candanchu/Astun,23.4,13.3,18.3,3.4,0.0,15.9
2023-07-24,22130 Jaca,Candanchu/Astun,22.1,11.7,17.9,0.2,0.0,14.3
2023-07-25,22130 Jaca,Candanchu/Astun,14.8,8.0,11.4,0.0,0.0,18.0
2023-07-26,22130 Jaca,Candanchu/Astun,20.0,7.1,13.8,0.0,0.0,13.8
2023-07-27,22130 Jaca,Candanchu/Astun,22.8,11.3,16.4,4.6,0.0,12.4
2023-07-28,22130 Jaca,Candanchu/Astun,22.0,11.3,17.6,0.0,0.0,12.1
2023-07-29,22130 Jaca,Candanchu/Astun,22.6,14.3,18.8,0.6,0.0,12.0
2023-07-30,22130 Jaca,Candanchu/Astun,23.0,13.8,18.4,0.0,0.0,15.3
2023-07-31,22130 Jaca,Candanchu/Astun,24.1,11.1,18.4,0.0,0.0,12.4
2023-08-01,22130 Jaca,Candanchu/Astun,20.3,10.0,16.0,0.0,0.0,16.3
2023-08-02,22130 Jaca,Candanchu/Astun,23.7,12.9,19.3,0.0,0.0,13.4
2023-08-03,22130 Jaca,Candanchu/Astun,16.1,9.3,12.8,0.0,0.0,20.3
2023-08-04,22130 Jaca,Candanchu/Astun,12.9,7.7,9.7,1.2,0.0,22.1
2023-08-05,22130 Jaca,Candanchu/Astun,20.6,6.3,13.1,0.0,0.0,18.7
2023-08-06,22130 Jaca,Candanchu/Astun,20.0,8.0,13.9,0.0,0.0,17.2
2023-08-07,22130 Jaca,Candanchu/Astun,21.6,7.3,15.4,0.0,0.0,14.2
2023-08-08,22130 Jaca,Candanchu/Astun,25.3,16.2,20.1,0.0,0.0,10.6
2023-08-09,22130 Jaca,Candanchu/Astun,29.7,16.0,24.0,0.0,0.0,10.1
2023-08-10,22130 Jaca,Candanchu/Astun,27.3,16.4,23.1,0.0,0.0,15.6
2023-08-11,22130 Jaca,Candanchu/Astun,27.7,13.9,21.0,0.0,0.0,13.4
2023-08-12,22130 Jaca,Candanchu/Astun,26.4,16.8,21.9,0.1,0.0,13.7
2023-08-13,22130 Jaca,Candanchu/Astun,26.3,16.4,21.2,0.0,0.0,17.7
2023-08-14,22130 Jaca,Candanchu/Astun,25.3,16.0,20.7,0.6,0.0,17.3
2023-08-15,22130 Jaca,Candanchu/Astun,25.1,14.8,19.9,0.8,0.0,16.8
2023-08-16,22130 Jaca,Candanchu/Astun,24.5,15.8,19.8,0.1,0.0,18.6
2023-08-17,22130 Jaca,Candanchu/Astun,26.2,14.9,21.0,0.0,0.0,14.5
2023-08-18,22130 Jaca,Candanchu/Astun,27.2,16.9,22.2,0.0,0.0,17.6
2023-08-19,22130 Jaca,Candanchu/Astun,28.4,18.6,24.2,0.0,0.0,13.9
2023-08-20,22130 Jaca,Candanchu/Astun,30.0,18.1,24.7,0.0,0.0,14.2
2023-08-21,22130 Jaca,Candanchu/Astun,29.3,18.2,24.2,0.0,0.0,11.3
2023-08-22,22130 Jaca,Candanchu/Astun,31.2,18.4,24.7,0.2,0.0,11.7
2023-08-23,22130 Jaca,Candanchu/Astun,30.5,20.1,25.4,1.0,0.0,12.3
2023-08-24,22130 Jaca,Candanchu/Astun,29.9,19.6,25.2,0.0,0.0,14.1
2023-08-25,22130 Jaca,Candanchu/Astun,25.3,19.5,22.1,0.0,0.0,15.6
2023-08-26,22130 Jaca,Candanchu/Astun,20.4,11.9,15.5,14.9,0.0,14.1
2023-08-27,22130 Jaca,Candanchu/Astun,11.5,7.9,9.5,7.1,0.0,26.3
2023-08-28,22130 Jaca,Candanchu/Astun,13.6,8.2,10.5,6.0,0.0,27.0
2023-08-29,22130 Jaca,Candanchu/Astun,14.3,7.0,10.4,0.2,0.0,20.6
2023-08-30,22130 Jaca,Candanchu/Astun,16.3,6.9,11.4,0.0,0.0,15.9
2023-08-31,22130 Jaca,Candanchu/Astun,20.8,6.3,13.4,0.0,0.0,16.1
2023-09-01,22130 Jaca,Candanchu/Astun,21.5,11.0,16.5,0.6,0.0,14.6
2023-09-02,22130 Jaca,Candanchu/Astun,14.5,11.1,12.8,17.1,0.0,17.4
2023-09-03,22130 Jaca,Candanchu/Astun,21.5,11.4,16.5,1.7,0.0,23.8
2023-09-04,22130 Jaca,Candanchu/Astun,24.5,17.3,20.9,0.0,0.0,27.5
2023-09-05,22130 Jaca,Candanchu/Astun,23.4,16.3,19.1,0.0,0.0,18.4
2023-09-06,22130 Jaca,Candanchu/Astun,22.7,14.0,18.6,0.0,0.0,10.6
2023-09-07,22130 Jaca,Candanchu/Astun,22.6,14.2,18.7,0.0,0.0,9.7
2023-09-08,22130 Jaca,Candanchu/Astun,23.1,14.2,19.0,0.0,0.0,10.8
2023-09-09,22130 Jaca,Candanchu/Astun,24.7,14.0,19.5,0.1,0.0,14.9
2023-09-10,22130 Jaca,Candanchu/Astun,23.7,14.9,19.3,0.7,0.0,17.0
2023-09-11,22130 Jaca,Candanchu/Astun,22.3,11.9,16.9,8.6,0.0,16.9
2023-09-12,22130 Jaca,Candanchu/Astun,18.0,11.1,14.0,4.6,0.0,9.7
2023-09-13,22130 Jaca,Candanchu/Astun,18.7,10.3,14.0,0.7,0.0,10.7
2023-09-14,22130 Jaca,Candanchu/Astun,17.7,9.8,13.9,1.9,0.0,10.0
2023-09-15,22130 Jaca,Candanchu/Astun,18.0,11.2,13.5,8.1,0.0,16.3
2023-09-16,22130 Jaca,Candanchu/Astun,17.8,10.8,13.7,2.1,0.0,19.5
2023-09-17,22130 Jaca,Candanchu/Astun,17.7,12.6,14.3,17.4,0.0,19.9
2023-09-18,22130 Jaca,Candanchu/Astun,14.6,9.6,12.1,4.1,0.0,11.9
2023-09-19,22130 Jaca,Candanchu/Astun,17.3,6.5,11.8,0.0,0.0,11.2
2023-09-20,22130 Jaca,Candanchu/Astun,16.2,9.8,12.9,0.8,0.0,9.8
2023-09-21,22130 Jaca,Candanchu/Astun,13.2,8.7,10.8,12.5,0.0,13.2
2023-09-22,22130 Jaca,Candanchu/Astun,10.3,4.7,7.3,2.8,0.0,17.9
2023-09-23,22130 Jaca,Candanchu/Astun,14.4,3.2,8.1,0.0,0.0,14.4
2023-09-24,22130 Jaca,Candanchu/Astun,18.7,6.2,13.4,0.0,0.0,8.4
2023-09-25,22130 Jaca,Candanchu/Astun,20.4,8.5,13.9,0.0,0.0,10.6
2023-09-26,22130 Jaca,Candanchu/Astun,20.9,11.8,17.4,0.0,0.0,10.5
2023-09-27,22130 Jaca,Candanchu/Astun,20.9,12.4,17.0,0.0,0.0,9.1
2023-09-28,22130 Jaca,Candanchu/Astun,21.0,11.9,17.8,0.0,0.0,9.8
2023-09-29,22130 Jaca,Candanchu/Astun,22.5,11.3,16.9,0.0,0.0,9.3
2023-09-30,22130 Jaca,Candanchu/Astun,23.4,14.2,19.1,0.0,0.0,9.8
2023-10-01,22130 Jaca,Candanchu/Astun,24.7,15.6,21.1,0.0,0.0,9.3
2023-10-02,22130 Jaca,Candanchu/Astun,23.5,14.4,20.6,0.0,0.0,9.1
2023-10-03,22130 Jaca,Candanchu/Astun,22.3,12.6,18.0,0.0,0.0,12.3
2023-10-04,22130 Jaca,Candanchu/Astun,19.9,10.3,15.2,0.0,0.0,10.2
2023-10-05,22130 Jaca,Candanchu/Astun,21.4,12.4,17.2,0.0,0.0,9.6
2023-10-06,22130 Jaca,Candanchu/Astun,23.3,12.2,16.7,0.0,0.0,11.3
2023-10-07,22130 Jaca,Candanchu/Astun,23.6,12.2,19.1,0.0,0.0,12.3
2023-10-08,22130 Jaca,Candanchu/Astun,23.3,12.5,18.6,0.0,0.0,11.8
2023-10-09,22130 Jaca,Candanchu/Astun,21.8,12.0,18.1,0.0,0.0,10.5
2023-10-10,22130 Jaca,Candanchu/Astun,21.3,11.7,17.6,0.0,0.0,9.6
2023-10-11,22130 Jaca,Candanchu/Astun,20.9,11.8,17.5,0.0,0.0,11.1
2023-10-12,22130 Jaca,Candanchu/Astun,20.6,13.0,17.6,0.0,0.0,9.7
2023-10-13,22130 Jaca,Candanchu/Astun,20.7,12.5,16.5,0.1,0.0,12.1
2023-10-14,22130 Jaca,Candanchu/Astun,16.0,10.1,12.2,1.7,0.0,9.2
2023-10-15,22130 Jaca,Candanchu/Astun,16.0,8.2,11.7,0.7,0.0,11.7
2023-10-16,22130 Jaca,Candanchu/Astun,13.2,9.3,11.0,5.0,0.0,9.0
2023-10-17,22130 Jaca,Candanchu/Astun,16.2,8.9,12.2,6.7,0.0,20.1
2023-10-18,22130 Jaca,Candanchu/Astun,12.4,9.8,11.4,32.9,0.0,19.2
2023-10-19,22130 Jaca,Candanchu/Astun,10.5,7.6,9.3,65.9,0.0,18.2
2023-10-20,22130 Jaca,Candanchu/Astun,7.3,4.7,5.7,24.4,0.0,17.8
2023-10-21,22130 Jaca,Candanchu/Astun,7.8,0.3,3.9,0.4,0.0,11.0
2023-10-22,22130 Jaca,Candanchu/Astun,8.5,0.5,5.8,0.1,0.0,17.9
2023-10-23,22130 Jaca,Candanchu/Astun,9.1,5.5,7.6,33.8,0.0,26.1
2023-10-24,22130 Jaca,Candanchu/Astun,8.0,3.8,6.0,11.2,0.0,14.5
2023-10-25,22130 Jaca,Candanchu/Astun,9.4,5.8,7.5,5.2,0.0,10.7
2023-10-26,22130 Jaca,Candanchu/Astun,10.6,6.6,9.2,62.3,0.0,20.8
2023-10-27,22130 Jaca,Candanchu/Astun,6.6,1.1,4.4,6.1,0.0,12.9
2023-10-28,22130 Jaca,Candanchu/Astun,8.3,3.0,5.8,10.9,0.0,14.8
2023-10-29,22130 Jaca,Candanchu/Astun,7.8,6.4,7.1,13.7,0.0,16.2
2023-10-30,22130 Jaca,Candanchu/Astun,7.3,2.9,5.8,38.7,0.0,14.0
2023-10-31,22130 Jaca,Candanchu/Astun,8.4,1.2,4.5,0.7,0.0,8.9
2023-11-01,22130 Jaca,Candanchu/Astun,7.3,1.9,5.0,10.2,0.0,12.2
2023-11-02,22130 Jaca,Candanchu/Astun,7.7,-0.4,4.7,42.0,4.2,17.8
2023-11-03,22130 Jaca,Candanchu/Astun,1.5,-0.7,0.3,11.4,7.63,14.9
2023-11-04,22130 Jaca,Candanchu/Astun,5.8,0.5,3.1,43.4,3.29,26.8
2023-11-05,22130 Jaca,Candanchu/Astun,4.7,1.8,2.7,10.3,2.45,14.8
2023-11-06,22130 Jaca,Candanchu/Astun,3.8,-1.1,1.7,3.1,0.98,8.8
2023-11-07,22130 Jaca,Candanchu/Astun,3.1,-3.9,-0.4,0.2,0.14,8.9
2023-11-08,22130 Jaca,Candanchu/Astun,6.3,-0.1,3.3,0.5,0.0,8.7
2023-11-09,22130 Jaca,Candanchu/Astun,6.2,2.5,4.1,13.7,0.07,16.6
2023-11-10,22130 Jaca,Candanchu/Astun,5.6,2.6,3.7,7.6,0.07,19.4
2023-11-11,22130 Jaca,Candanchu/Astun,10.7,4.4,7.3,10.3,0.0,13.9
2023-11-12,22130 Jaca,Candanchu/Astun,12.0,5.8,8.7,5.5,0.0,18.0
2023-11-13,22130 Jaca,Candanchu/Astun,13.6,5.5,10.1,0.0,0.0,10.3
2023-11-14,22130 Jaca,Candanchu/Astun,14.5,7.2,11.0,0.0,0.0,10.5
2023-11-15,22130 Jaca,Candanchu/Astun,12.7,4.8,8.3,0.0,0.0,10.9
2023-11-16,22130 Jaca,Candanchu/Astun,11.9,6.0,9.5,0.5,0.0,14.3
2023-11-17,22130 Jaca,Candanchu/Astun,10.2,1.6,5.1,0.0,0.0,13.3
2023-11-18,22130 Jaca,Candanchu/Astun,16.1,3.6,9.6,0.0,0.0,7.6
2023-11-19,22130 Jaca,Candanchu/Astun,15.4,7.4,13.3,0.0,0.0,8.4
2023-11-20,22130 Jaca,Candanchu/Astun,14.5,4.6,11.3,0.0,0.0,16.3
2023-11-21,22130 Jaca,Candanchu/Astun,4.2,1.7,2.6,12.4,5.53,35.7
2023-11-22,22130 Jaca,Candanchu/Astun,2.8,0.3,1.7,1.4,0.49,36.1
2023-11-23,22130 Jaca,Candanchu/Astun,8.3,-2.1,1.8,0.0,0.0,15.6
2023-11-24,22130 Jaca,Candanchu/Astun,12.4,0.1,5.0,0.0,0.0,14.2
2023-11-25,22130 Jaca,Candanchu/Astun,8.3,0.4,3.6,0.0,0.0,14.3
2023-11-26,22130 Jaca,Candanchu/Astun,9.5,0.5,5.5,0.0,0.0,5.6
2023-11-27,22130 Jaca,Candanchu/Astun,7.0,0.6,3.7,9.6,0.0,16.5
2023-11-28,22130 Jaca,Candanchu/Astun,5.7,2.5,4.0,3.8,0.0,19.2
2023-11-29,22130 Jaca,Candanchu/Astun,6.7,2.6,5.3,6.8,0.0,7.9
2023-11-30,22130 Jaca,Candanchu/Astun,7.5,6.4,6.8,60.7,0.0,12.2
2023-12-01,22130 Jaca,Candanchu/Astun,6.9,-0.8,3.0,19.5,1.47,11.8
2023-12-02,22130 Jaca,Candanchu/Astun,1.1,-3.5,-0.4,0.6,0.35,16.7
2023-12-03,22130 Jaca,Candanchu/Astun,3.6,-5.1,-1.3,0.0,0.0,10.6
2023-12-04,22130 Jaca,Candanchu/Astun,1.7,-0.2,0.8,10.4,6.58,13.5
2023-12-05,22130 Jaca,Candanchu/Astun,1.2,-2.2,-0.4,0.8,0.56,13.0
2023-12-06,22130 Jaca,Candanchu/Astun,5.3,-4.8,-0.4,0.0,0.0,5.8
2023-12-07,22130 Jaca,Candanchu/Astun,8.4,3.0,5.7,10.1,0.0,8.3
2023-12-08,22130 Jaca,Candanchu/Astun,3.4,-0.0,2.2,6.9,0.84,19.8
2023-12-09,22130 Jaca,Candanchu/Astun,8.9,-0.3,4.7,1.0,0.0,15.5
2023-12-10,22130 Jaca,Candanchu/Astun,10.6,1.8,6.2,0.1,0.0,13.7
2023-12-11,22130 Jaca,Candanchu/Astun,10.9,3.3,6.8,0.0,0.0,11.6
2023-12-12,22130 Jaca,Candanchu/Astun,12.3,5.3,8.8,7.1,0.0,8.6
2023-12-13,22130 Jaca,Candanchu/Astun,5.4,0.5,2.0,17.8,7.63,15.1
2023-12-14,22130 Jaca,Candanchu/Astun,0.8,-0.9,-0.1,22.8,15.61,27.4
2023-12-15,22130 Jaca,Candanchu/Astun,3.1,-3.3,0.9,1.0,0.0,17.8
2023-12-16,22130 Jaca,Candanchu/Astun,10.8,-5.6,0.8,0.0,0.0,13.4
2023-12-17,22130 Jaca,Candanchu/Astun,9.4,1.9,7.4,0.0,0.0,6.1
2023-12-18,22130 Jaca,Candanchu/Astun,10.3,3.6,8.3,0.0,0.0,4.1
2023-12-19,22130 Jaca,Candanchu/Astun,11.7,-0.8,5.9,0.0,0.0,10.8
2023-12-20,22130 Jaca,Candanchu/Astun,4.2,-1.5,1.3,6.1,0.35,27.0
2023-12-21,22130 Jaca,Candanchu/Astun,4.5,0.6,2.6,1.6,0.0,25.8
2023-12-22,22130 Jaca,Candanchu/Astun,5.1,2.0,3.6,0.8,0.0,23.8
2023-12-23,22130 Jaca,Candanchu/Astun,9.7,0.2,3.2,0.0,0.0,15.2
2023-12-24,22130 Jaca,Candanchu/Astun,11.6,2.0,5.7,0.0,0.0,5.9
2023-12-25,22130 Jaca,Candanchu/Astun,11.9,1.8,6.9,0.0,0.0,4.7
2023-12-26,22130 Jaca,Candanchu/Astun,11.5,2.5,9.2,0.0,0.0,8.8
2023-12-27,22130 Jaca,Candanchu/Astun,10.2,2.1,5.9,0.0,0.0,13.5
2023-12-28,22130 Jaca,Candanchu/Astun,10.9,4.3,7.5,0.0,0.0,10.8
2023-12-29,22130 Jaca,Candanchu/Astun,8.3,2.5,6.6,1.6,0.0,7.8
2023-12-30,22130 Jaca,Candanchu/Astun,6.9,0.4,3.6,0.0,0.0,11.2
2023-12-31,22130 Jaca,Candanchu/Astun,3.6,-1.4,1.6,3.6,0.84,15.6
2024-01-01,22130 Jaca,Candanchu/Astun,3.9,-2.3,0.5,0.0,0.0,7.1
2024-01-02,22130 Jaca,Candanchu/Astun,6.3,2.4,4.4,4.0,0.0,6.9
2024-01-03,22130 Jaca,Candanchu/Astun,6.8,2.5,5.1,9.2,0.0,8.2
2024-01-04,22130 Jaca,Candanchu/Astun,7.6,-0.4,3.2,1.0,0.0,10.9
2024-01-05,22130 Jaca,Candanchu/Astun,3.1,-0.9,1.0,6.5,3.15,18.6
2024-01-06,22130 Jaca,Candanchu/Astun,-0.7,-2.9,-1.9,5.1,3.57,18.7
2024-01-07,22130 Jaca,Candanchu/Astun,-3.0,-5.3,-4.4,2.5,1.75,24.5
2024-01-08,22130 Jaca,Candanchu/Astun,-3.7,-10.3,-6.1,0.0,0.0,27.5
2024-01-09,22130 Jaca,Candanchu/Astun,1.1,-11.4,-3.2,0.0,0.0,8.2
2024-01-10,22130 Jaca,Candanchu/Astun,-0.1,-4.9,-2.0,4.3,2.8,9.4
2024-01-11,22130 Jaca,Candanchu/Astun,0.4,-9.6,-5.4,0.0,0.0,11.9
2024-01-12,22130 Jaca,Candanchu/Astun,2.8,-8.8,-2.5,0.0,0.0,5.9
2024-01-13,22130 Jaca,Candanchu/Astun,9.6,4.0,6.6,0.0,0.0,10.3
2024-01-14,22130 Jaca,Candanchu/Astun,8.5,2.9,4.2,5.9,0.0,10.2
2024-01-15,22130 Jaca,Candanchu/Astun,6.6,0.9,4.0,5.2,0.0,10.1
2024-01-16,22130 Jaca,Candanchu/Astun,7.3,1.7,5.1,6.5,0.0,8.2
2024-01-17,22130 Jaca,Candanchu/Astun,6.3,3.3,4.8,28.9,0.28,15.6
2024-01-18,22130 Jaca,Candanchu/Astun,4.7,1.2,3.1,10.2,0.63,13.4
2024-01-19,22130 Jaca,Candanchu/Astun,2.7,-1.6,0.3,2.4,1.68,12.9
2024-01-20,22130 Jaca,Candanchu/Astun,5.9,-6.3,-1.3,0.0,0.0,11.6
2024-01-21,22130 Jaca,Candanchu/Astun,8.1,-2.8,2.5,0.0,0.0,7.7
2024-01-22,22130 Jaca,Candanchu/Astun,11.1,5.4,7.9,0.1,0.0,8.9
2024-01-23,22130 Jaca,Candanchu/Astun,12.9,1.4,6.5,0.0,0.0,9.4
2024-01-24,22130 Jaca,Candanchu/Astun,16.7,6.4,13.0,0.0,0.0,8.8
2024-01-25,22130 Jaca,Candanchu/Astun,16.7,4.7,12.6,0.0,0.0,12.3
2024-01-26,22130 Jaca,Candanchu/Astun,16.5,4.4,8.8,0.0,0.0,5.2
2024-01-27,22130 Jaca,Candanchu/Astun,15.6,7.7,13.6,0.0,0.0,7.6
2024-01-28,22130 Jaca,Candanchu/Astun,15.4,3.8,10.2,0.0,0.0,15.0
2024-01-29,22130 Jaca,Candanchu/Astun,10.9,3.8,7.6,0.0,0.0,11.2
2024-01-30,22130 Jaca,Candanchu/Astun,10.6,3.1,7.7,0.0,0.0,8.3
2024-01-31,22130 Jaca,Candanchu/Astun,11.6,-0.0,7.9,0.0,0.0,8.7
2024-02-01,22130 Jaca,Candanchu/Astun,11.2,0.1,4.2,0.0,0.0,14.8
2024-02-02,22130 Jaca,Candanchu/Astun,12.2,1.4,5.7,0.0,0.0,14.5
2024-02-03,22130 Jaca,Candanchu/Astun,12.5,3.5,9.5,0.0,0.0,5.5
2024-02-04,22130 Jaca,Candanchu/Astun,13.5,3.1,8.6,0.0,0.0,7.3
2024-02-05,22130 Jaca,Candanchu/Astun,12.6,3.5,9.8,0.0,0.0,6.2
2024-02-06,22130 Jaca,Candanchu/Astun,10.8,0.6,4.9,0.0,0.0,8.2
2024-02-07,22130 Jaca,Candanchu/Astun,8.5,-0.6,3.6,0.5,0.0,11.4
2024-02-08,22130 Jaca,Candanchu/Astun,7.3,1.0,3.7,11.7,4.41,19.5
2024-02-09,22130 Jaca,Candanchu/Astun,3.5,0.8,1.8,40.8,23.03,11.1
2024-02-10,22130 Jaca,Candanchu/Astun,3.1,-2.0,0.5,18.7,6.72,19.8
2024-02-11,22130 Jaca,Candanchu/Astun,0.9,-5.8,-1.5,5.8,3.85,15.6
2024-02-12,22130 Jaca,Candanchu/Astun,3.4,-1.0,1.5,7.1,2.59,21.8
2024-02-13,22130 Jaca,Candanchu/Astun,10.4,-2.0,3.8,0.0,0.0,9.9
2024-02-14,22130 Jaca,Candanchu/Astun,12.1,2.1,8.4,0.0,0.0,7.9
2024-02-15,22130 Jaca,Candanchu/Astun,14.0,5.5,9.2,0.6,0.0,14.1
2024-02-16,22130 Jaca,Candanchu/Astun,7.1,1.9,4.1,9.1,1.05,15.2
2024-02-17,22130 Jaca,Candanchu/Astun,9.5,-1.6,3.5,0.0,0.0,15.4
2024-02-18,22130 Jaca,Candanchu/Astun,12.4,4.4,9.0,0.1,0.0,13.9
2024-02-19,22130 Jaca,Candanchu/Astun,9.8,1.4,5.5,0.6,0.0,15.6
2024-02-20,22130 Jaca,Candanchu/Astun,12.6,-0.1,4.7,0.0,0.0,13.4
2024-02-21,22130 Jaca,Candanchu/Astun,11.2,3.1,8.4,0.2,0.0,9.0
2024-02-22,22130 Jaca,Candanchu/Astun,9.1,-0.6,5.7,6.6,2.52,20.4
2024-02-23,22130 Jaca,Candanchu/Astun,-0.2,-3.9,-2.1,10.4,7.28,18.1
2024-02-24,22130 Jaca,Candanchu/Astun,-0.9,-6.6,-3.2,6.0,4.2,17.0
2024-02-25,22130 Jaca,Candanchu/Astun,2.1,-2.1,0.1,44.3,18.41,7.5
2024-02-26,22130 Jaca,Candanchu/Astun,1.8,-0.7,0.2,13.4,6.65,19.9
2024-02-27,22130 Jaca,Candanchu/Astun,0.1,-2.5,-1.0,28.3,19.46,33.5
2024-02-28,22130 Jaca,Candanchu/Astun,2.1,-6.2,-2.1,2.3,1.4,52.6
2024-02-29,22130 Jaca,Candanchu/Astun,6.5,-6.6,-0.0,2.5,1.4,18.0
2024-03-01,22130 Jaca,Candanchu/Astun,2.8,-3.0,-0.1,5.0,3.22,23.1
2024-03-02,22130 Jaca,Candanchu/Astun,0.8,-1.1,0.0,53.7,37.31,14.5
2024-03-03,22130 Jaca,Candanchu/Astun,-1.2,-3.6,-2.6,6.8,4.83,20.5
2024-03-04,22130 Jaca,Candanchu/Astun,3.6,-9.7,-1.8,1.8,0.0,11.5
2024-03-05,22130 Jaca,Candanchu/Astun,1.9,-4.2,-0.8,0.1,0.07,13.5
2024-03-06,22130 Jaca,Candanchu/Astun,5.0,-7.8,-1.2,0.0,0.0,9.0
2024-03-07,22130 Jaca,Candanchu/Astun,4.8,-4.6,1.1,0.0,0.0,24.7
2024-03-08,22130 Jaca,Candanchu/Astun,0.3,-1.1,-0.4,20.4,14.21,20.5
2024-03-09,22130 Jaca,Candanchu/Astun,0.6,-2.8,-0.7,28.1,19.67,21.7
2024-03-10,22130 Jaca,Candanchu/Astun,1.4,-3.6,-1.3,15.7,10.92,9.5
2024-03-11,22130 Jaca,Candanchu/Astun,1.6,-1.0,0.2,13.1,8.89,19.9
2024-03-12,22130 Jaca,Candanchu/Astun,7.9,-4.2,1.1,0.1,0.07,16.3
2024-03-13,22130 Jaca,Candanchu/Astun,10.5,0.3,6.2,0.0,0.0,7.4
2024-03-14,22130 Jaca,Candanchu/Astun,10.0,2.4,7.8,0.5,0.0,8.3
2024-03-15,22130 Jaca,Candanchu/Astun,7.9,-2.0,4.4,0.2,0.0,8.8
2024-03-16,22130 Jaca,Candanchu/Astun,11.7,-1.0,5.1,0.0,0.0,10.0
2024-03-17,22130 Jaca,Candanchu/Astun,12.9,3.5,9.1,0.0,0.0,11.1
2024-03-18,22130 Jaca,Candanchu/Astun,13.1,2.7,7.5,0.0,0.0,9.7
2024-03-19,22130 Jaca,Candanchu/Astun,13.0,3.3,9.0,0.5,0.0,10.8
2024-03-20,22130 Jaca,Candanchu/Astun,9.9,3.9,6.3,1.7,0.0,14.0
2024-03-21,22130 Jaca,Candanchu/Astun,16.3,4.4,10.3,0.5,0.0,8.7
2024-03-22,22130 Jaca,Candanchu/Astun,17.3,5.3,11.8,0.4,0.0,6.8
2024-03-23,22130 Jaca,Candanchu/Astun,14.0,1.7,7.8,0.0,0.0,15.9
2024-03-24,22130 Jaca,Candanchu/Astun,11.6,-0.9,5.5,0.0,0.0,11.5
2024-03-25,22130 Jaca,Candanchu/Astun,4.8,1.3,3.2,18.8,3.78,14.6
2024-03-26,22130 Jaca,Candanchu/Astun,2.3,-6.8,0.1,30.9,16.8,11.8
2024-03-27,22130 Jaca,Candanchu/Astun,1.7,-6.4,-1.4,7.9,4.97,19.1
2024-03-28,22130 Jaca,Candanchu/Astun,4.1,-1.1,1.7,10.0,4.06,21.6
2024-03-29,22130 Jaca,Candanchu/Astun,6.0,1.0,4.5,48.6,8.19,20.9
2024-03-30,22130 Jaca,Candanchu/Astun,3.6,-6.9,-0.4,16.1,10.99,17.3
2024-03-31,22130 Jaca,Candanchu/Astun,1.5,-0.3,0.5,26.6,17.64,21.1
2024-04-01,22130 Jaca,Candanchu/Astun,3.0,-5.2,-0.0,13.2,9.24,11.2
2024-04-02,22130 Jaca,Candanchu/Astun,5.0,-6.7,0.5,6.4,3.22,12.7
2024-04-03,22130 Jaca,Candanchu/Astun,7.5,-0.1,3.9,0.7,0.0,7.6
2024-04-04,22130 Jaca,Candanchu/Astun,8.9,3.7,6.7,0.0,0.0,12.0
2024-04-05,22130 Jaca,Candanchu/Astun,15.3,5.1,9.6,0.0,0.0,19.6
2024-04-06,22130 Jaca,Candanchu/Astun,17.0,9.3,12.7,0.0,0.0,24.2
2024-04-07,22130 Jaca,Candanchu/Astun,14.5,9.7,11.9,8.2,0.0,20.8
2024-04-08,22130 Jaca,Candanchu/Astun,13.4,2.7,8.5,23.6,1.47,21.3
2024-04-09,22130 Jaca,Candanchu/Astun,4.0,-0.3,1.4,1.6,1.12,22.2
2024-04-10,22130 Jaca,Candanchu/Astun,8.4,-2.0,2.8,0.0,0.0,19.2
2024-04-11,22130 Jaca,Candanchu/Astun,15.4,0.7,7.2,0.0,0.0,14.0
2024-04-12,22130 Jaca,Candanchu/Astun,18.3,5.0,13.2,0.0,0.0,8.4
2024-04-13,22130 Jaca,Candanchu/Astun,20.0,8.3,15.6,0.0,0.0,9.0
2024-04-14,22130 Jaca,Candanchu/Astun,19.1,10.1,15.8,0.0,0.0,8.8
2024-04-15,22130 Jaca,Candanchu/Astun,16.9,5.2,12.5,0.3,0.0,13.8
2024-04-16,22130 Jaca,Candanchu/Astun,8.5,1.4,4.6,0.0,0.0,20.8
2024-04-17,22130 Jaca,Candanchu/Astun,6.9,0.4,2.9,0.0,0.0,15.8
2024-04-18,22130 Jaca,Candanchu/Astun,5.3,-0.1,1.9,0.1,0.0,21.1
2024-04-19,22130 Jaca,Candanchu/Astun,12.1,-2.2,6.0,0.0,0.0,10.0
2024-04-20,22130 Jaca,Candanchu/Astun,14.6,0.6,7.2,0.0,0.0,15.8
2024-04-21,22130 Jaca,Candanchu/Astun,13.4,1.4,6.5,0.0,0.0,18.2
2024-04-22,22130 Jaca,Candanchu/Astun,4.0,-1.7,0.8,0.0,0.0,21.5
2024-04-23,22130 Jaca,Candanchu/Astun,2.9,-3.0,-0.8,1.4,0.98,21.9
2024-04-24,22130 Jaca,Candanchu/Astun,5.0,-2.9,1.0,0.2,0.07,19.4
2024-04-25,22130 Jaca,Candanchu/Astun,6.1,-2.1,2.4,2.6,0.63,11.8
2024-04-26,22130 Jaca,Candanchu/Astun,8.1,-0.4,3.7,3.4,0.21,16.9
2024-04-27,22130 Jaca,Candanchu/Astun,6.2,-0.1,3.8,29.5,5.11,23.1
2024-04-28,22130 Jaca,Candanchu/Astun,9.0,0.7,4.4,4.7,1.82,9.9
2024-04-29,22130 Jaca,Candanchu/Astun,8.0,2.8,5.0,2.4,0.0,10.5
2024-04-30,22130 Jaca,Candanchu/Astun,10.1,3.9,6.5,1.5,0.0,9.2
2024-05-01,22130 Jaca,Candanchu/Astun,7.4,0.3,3.6,9.7,2.24,15.2
2024-05-02,22130 Jaca,Candanchu/Astun,6.2,-0.8,2.2,1.1,0.56,15.2
2024-05-03,22130 Jaca,Candanchu/Astun,8.1,-0.8,4.5,0.6,0.0,12.5
2024-05-04,22130 Jaca,Candanchu/Astun,12.8,4.9,8.1,3.9,0.0,9.6
2024-05-05,22130 Jaca,Candanchu/Astun,12.8,6.1,9.7,16.0,0.0,14.8
2024-05-06,22130 Jaca,Candanchu/Astun,11.0,4.0,7.1,6.5,0.0,18.0
2024-05-07,22130 Jaca,Candanchu/Astun,9.0,2.6,5.2,1.5,0.0,21.3
2024-05-08,22130 Jaca,Candanchu/Astun,16.1,1.3,8.7,0.3,0.0,20.4
2024-05-09,22130 Jaca,Candanchu/Astun,16.8,2.8,11.5,0.0,0.0,9.3
2024-05-10,22130 Jaca,Candanchu/Astun,17.4,6.6,12.5,0.0,0.0,10.2
2024-05-11,22130 Jaca,Candanchu/Astun,18.6,7.5,13.3,0.8,0.0,13.8
2024-05-12,22130 Jaca,Candanchu/Astun,15.7,8.3,12.5,1.4,0.0,10.7
2024-05-13,22130 Jaca,Candanchu/Astun,16.7,7.1,11.5,5.1,0.0,16.0
2024-05-14,22130 Jaca,Candanchu/Astun,10.6,5.5,8.1,18.9,0.0,17.1
2024-05-15,22130 Jaca,Candanchu/Astun,8.1,2.7,5.3,2.1,0.0,10.8
2024-05-16,22130 Jaca,Candanchu/Astun,7.8,1.0,4.5,2.9,0.63,10.5
2024-05-17,22130 Jaca,Candanchu/Astun,9.9,3.0,5.7,6.7,0.49,16.1
2024-05-18,22130 Jaca,Candanchu/Astun,11.0,2.5,7.0,2.4,0.0,9.0
2024-05-19,22130 Jaca,Candanchu/Astun,10.5,4.6,7.2,5.6,0.0,14.8
2024-05-20,22130 Jaca,Candanchu/Astun,10.0,3.6,6.4,3.8,0.0,10.9
2024-05-21,22130 Jaca,Candanchu/Astun,10.0,1.1,5.9,2.5,0.0,12.7
2024-05-22,22130 Jaca,Candanchu/Astun,10.6,-0.5,5.8,4.5,0.07,10.9
2024-05-23,22130 Jaca,Candanchu/Astun,11.9,2.3,7.2,2.7,0.56,13.7
2024-05-24,22130 Jaca,Candanchu/Astun,12.8,5.6,8.8,2.5,0.0,9.4
2024-05-25,22130 Jaca,Candanchu/Astun,16.5,5.1,12.0,0.4,0.0,9.7
2024-05-26,22130 Jaca,Candanchu/Astun,16.9,8.7,13.3,1.1,0.0,10.2
2024-05-27,22130 Jaca,Candanchu/Astun,14.8,7.6,10.8,4.5,0.0,13.4
2024-05-28,22130 Jaca,Candanchu/Astun,18.2,4.6,12.3,0.8,0.0,13.5
2024-05-29,22130 Jaca,Candanchu/Astun,19.6,8.4,13.9,0.0,0.0,12.8
2024-05-30,22130 Jaca,Candanchu/Astun,15.7,5.8,11.7,0.0,0.0,20.3
2024-05-31,22130 Jaca,Candanchu/Astun,14.7,5.0,9.1,0.0,0.0,17.2
2024-06-01,22130 Jaca,Candanchu/Astun,12.9,5.7,8.9,0.0,0.0,19.4
2024-06-02,22130 Jaca,Candanchu/Astun,15.7,5.7,10.6,0.0,0.0,11.9
2024-06-03,22130 Jaca,Candanchu/Astun,16.3,7.6,12.1,2.8,0.0,11.3
2024-06-04,22130 Jaca,Candanchu/Astun,18.0,7.6,13.0,0.0,0.0,10.6
2024-06-05,22130 Jaca,Candanchu/Astun,20.5,7.3,16.2,0.0,0.0,12.3
2024-06-06,22130 Jaca,Candanchu/Astun,22.7,13.6,18.6,0.1,0.0,12.7
2024-06-07,22130 Jaca,Candanchu/Astun,23.4,14.5,18.9,1.2,0.0,14.0
2024-06-08,22130 Jaca,Candanchu/Astun,24.1,14.1,18.6,0.3,0.0,13.0
2024-06-09,22130 Jaca,Candanchu/Astun,14.2,8.9,12.3,1.1,0.0,22.6
2024-06-10,22130 Jaca,Candanchu/Astun,15.7,6.4,10.9,1.1,0.0,13.2
2024-06-11,22130 Jaca,Candanchu/Astun,14.7,7.0,10.1,0.5,0.0,15.3
2024-06-12,22130 Jaca,Candanchu/Astun,12.9,6.0,8.8,0.7,0.0,13.6
2024-06-13,22130 Jaca,Candanchu/Astun,16.8,2.7,10.7,0.0,0.0,11.6
2024-06-14,22130 Jaca,Candanchu/Astun,19.4,9.5,14.7,2.2,0.0,19.2
2024-06-15,22130 Jaca,Candanchu/Astun,16.4,8.3,12.4,13.1,0.0,11.5
2024-06-16,22130 Jaca,Candanchu/Astun,18.4,7.0,13.5,0.0,0.0,12.5
2024-06-17,22130 Jaca,Candanchu/Astun,21.3,11.9,16.5,0.0,0.0,16.3
2024-06-18,22130 Jaca,Candanchu/Astun,20.8,12.6,16.1,9.3,0.0,19.5
2024-06-19,22130 Jaca,Candanchu/Astun,18.3,10.5,14.5,5.5,0.0,14.8
2024-06-20,22130 Jaca,Candanchu/Astun,12.3,8.0,10.7,19.3,0.0,16.0
2024-06-21,22130 Jaca,Candanchu/Astun,15.5,4.8,10.8,0.5,0.0,12.6
2024-06-22,22130 Jaca,Candanchu/Astun,16.8,6.8,11.2,0.0,0.0,16.9
2024-06-23,22130 Jaca,Candanchu/Astun,16.9,8.0,12.0,0.0,0.0,16.7
2024-06-24,22130 Jaca,Candanchu/Astun,20.6,7.1,14.0,0.0,0.0,12.1
2024-06-25,22130 Jaca,Candanchu/Astun,22.0,11.2,17.0,0.0,0.0,10.5
2024-06-26,22130 Jaca,Candanchu/Astun,24.2,13.4,18.8,4.7,0.0,10.9
2024-06-27,22130 Jaca,Candanchu/Astun,24.5,14.1,20.5,1.8,0.0,13.4
2024-06-28,22130 Jaca,Candanchu/Astun,24.4,14.5,19.7,0.0,0.0,18.7
2024-06-29,22130 Jaca,Candanchu/Astun,17.4,11.5,14.5,3.3,0.0,13.9
2024-06-30,22130 Jaca,Candanchu/Astun,16.6,10.3,13.3,1.2,0.0,11.2
2024-07-01,22130 Jaca,Candanchu/Astun,17.3,9.9,13.0,0.0,0.0,21.2
2024-07-02,22130 Jaca,Candanchu/Astun,17.8,8.3,12.6,0.0,0.0,17.9
2024-07-03,22130 Jaca,Candanchu/Astun,19.3,7.4,13.3,0.0,0.0,15.1
2024-07-04,22130 Jaca,Candanchu/Astun,23.1,10.3,16.9,0.0,0.0,12.6
2024-07-05,22130 Jaca,Candanchu/Astun,24.7,12.6,18.8,2.5,0.0,12.9
2024-07-06,22130 Jaca,Candanchu/Astun,18.7,9.9,14.7,31.0,0.0,12.9
2024-07-07,22130 Jaca,Candanchu/Astun,17.7,8.1,13.5,0.3,0.0,12.6
2024-07-08,22130 Jaca,Candanchu/Astun,21.3,12.5,16.9,0.2,0.0,15.8
2024-07-09,22130 Jaca,Candanchu/Astun,22.0,14.6,18.1,0.0,0.0,17.5
2024-07-10,22130 Jaca,Candanchu/Astun,22.6,13.8,18.7,0.1,0.0,11.2
2024-07-11,22130 Jaca,Candanchu/Astun,25.1,16.0,20.4,0.6,0.0,16.4
2024-07-12,22130 Jaca,Candanchu/Astun,18.4,10.7,15.0,1.5,0.0,15.4
2024-07-13,22130 Jaca,Candanchu/Astun,18.9,8.9,14.0,0.6,0.0,14.7
2024-07-14,22130 Jaca,Candanchu/Astun,22.9,13.2,18.2,0.2,0.0,12.2
2024-07-15,22130 Jaca,Candanchu/Astun,22.1,15.5,18.4,5.0,0.0,14.8
2024-07-16,22130 Jaca,Candanchu/Astun,21.6,12.9,17.6,0.0,0.0,12.4
2024-07-17,22130 Jaca,Candanchu/Astun,23.6,11.9,18.3,0.1,0.0,12.7
2024-07-18,22130 Jaca,Candanchu/Astun,27.3,15.6,21.6,0.0,0.0,13.0
2024-07-19,22130 Jaca,Candanchu/Astun,26.6,17.6,22.1,4.6,0.0,14.6
2024-07-20,22130 Jaca,Candanchu/Astun,26.3,17.5,21.6,0.9,0.0,15.9
2024-07-21,22130 Jaca,Candanchu/Astun,17.4,9.3,12.8,3.1,0.0,21.0
2024-07-22,22130 Jaca,Candanchu/Astun,24.6,7.4,16.3,0.0,0.0,13.8
2024-07-23,22130 Jaca,Candanchu/Astun,28.0,13.4,20.4,0.0,0.0,13.4
2024-07-24,22130 Jaca,Candanchu/Astun,28.0,12.7,20.8,0.0,0.0,13.0
2024-07-25,22130 Jaca,Candanchu/Astun,27.7,14.8,21.8,0.0,0.0,13.8
2024-07-26,22130 Jaca,Candanchu/Astun,26.5,15.1,21.2,0.6,0.0,13.7
2024-07-27,22130 Jaca,Candanchu/Astun,28.3,17.2,22.5,0.0,0.0,15.1
2024-07-28,22130 Jaca,Candanchu/Astun,28.8,17.7,23.4,0.0,0.0,17.7
2024-07-29,22130 Jaca,Candanchu/Astun,30.6,18.1,24.5,0.0,0.0,13.4
2024-07-30,22130 Jaca,Candanchu/Astun,29.6,20.1,24.3,1.0,0.0,21.4
2024-07-31,22130 Jaca,Candanchu/Astun,29.9,18.9,24.3,0.0,0.0,17.2
2024-08-01,22130 Jaca,Candanchu/Astun,29.5,17.2,23.3,0.0,0.0,17.3
2024-08-02,22130 Jaca,Candanchu/Astun,22.7,15.4,19.3,9.3,0.0,14.0
2024-08-03,22130 Jaca,Candanchu/Astun,25.7,12.0,18.9,0.0,0.0,13.9
2024-08-04,22130 Jaca,Candanchu/Astun,27.5,12.9,20.1,0.0,0.0,14.5
2024-08-05,22130 Jaca,Candanchu/Astun,28.9,15.8,22.9,0.0,0.0,15.2
2024-08-06,22130 Jaca,Candanchu/Astun,27.1,17.3,22.6,0.5,0.0,15.3
2024-08-07,22130 Jaca,Candanchu/Astun,26.2,13.6,20.5,11.6,0.0,15.8
2024-08-08,22130 Jaca,Candanchu/Astun,28.2,15.6,22.1,0.0,0.0,16.4
2024-08-09,22130 Jaca,Candanchu/Astun,29.2,17.8,23.7,0.0,0.0,14.3
2024-08-10,22130 Jaca,Candanchu/Astun,29.9,18.8,24.9,0.0,0.0,12.7
2024-08-11,22130 Jaca,Candanchu/Astun,30.4,18.7,24.6,0.0,0.0,17.5
2024-08-12,22130 Jaca,Candanchu/Astun,29.0,18.3,23.1,1.0,0.0,15.6
2024-08-13,22130 Jaca,Candanchu/Astun,21.2,14.1,17.9,3.8,0.0,13.0
2024-08-14,22130 Jaca,Candanchu/Astun,16.7,11.0,13.9,9.4,0.0,19.5
2024-08-15,22130 Jaca,Candanchu/Astun,21.4,9.8,15.2,0.0,0.0,14.3
2024-08-16,22130 Jaca,Candanchu/Astun,23.4,10.9,17.4,0.0,0.0,10.3
2024-08-17,22130 Jaca,Candanchu/Astun,23.3,13.4,18.0,0.0,0.0,14.4
2024-08-18,22130 Jaca,Candanchu/Astun,18.9,10.8,15.1,3.2,0.0,20.5
2024-08-19,22130 Jaca,Candanchu/Astun,24.3,7.4,16.3,0.0,0.0,14.0
2024-08-20,22130 Jaca,Candanchu/Astun,25.1,13.0,19.3,0.0,0.0,15.0
2024-08-21,22130 Jaca,Candanchu/Astun,24.2,11.5,17.7,0.0,0.0,15.3
2024-08-22,22130 Jaca,Candanchu/Astun,27.2,15.6,21.3,0.0,0.0,13.4
2024-08-23,22130 Jaca,Candanchu/Astun,25.4,15.3,20.3,1.9,0.0,12.4
2024-08-24,22130 Jaca,Candanchu/Astun,25.9,14.5,19.5,9.8,0.0,16.9
2024-08-25,22130 Jaca,Candanchu/Astun,20.2,12.2,15.3,5.4,0.0,12.3
2024-08-26,22130 Jaca,Candanchu/Astun,20.6,12.1,16.6,1.5,0.0,8.2
2024-08-27,22130 Jaca,Candanchu/Astun,23.4,12.8,18.0,0.0,0.0,9.1
2024-08-28,22130 Jaca,Candanchu/Astun,22.9,13.6,18.8,2.0,0.0,9.9
2024-08-29,22130 Jaca,Candanchu/Astun,21.8,14.5,17.4,13.4,0.0,11.6
2024-08-30,22130 Jaca,Candanchu/Astun,21.5,13.5,16.4,5.9,0.0,12.6
2024-08-31,22130 Jaca,Candanchu/Astun,21.0,13.3,16.6,8.2,0.0,14.9
2024-09-01,22130 Jaca,Candanchu/Astun,17.8,11.9,14.9,12.4,0.0,11.5
2024-09-02,22130 Jaca,Candanchu/Astun,19.9,10.9,15.7,1.2,0.0,8.2
2024-09-03,22130 Jaca,Candanchu/Astun,17.5,12.7,14.6,9.1,0.0,8.6
2024-09-04,22130 Jaca,Candanchu/Astun,13.3,8.3,11.4,11.7,0.0,16.2
2024-09-05,22130 Jaca,Candanchu/Astun,14.0,6.7,9.9,0.7,0.0,13.9
2024-09-06,22130 Jaca,Candanchu/Astun,14.3,8.4,10.8,42.8,0.0,23.3
2024-09-07,22130 Jaca,Candanchu/Astun,15.8,9.9,12.4,9.1,0.0,22.2
2024-09-08,22130 Jaca,Candanchu/Astun,14.7,7.6,11.2,6.8,0.0,15.8
2024-09-09,22130 Jaca,Candanchu/Astun,15.4,6.4,10.5,0.0,0.0,18.0
2024-09-10,22130 Jaca,Candanchu/Astun,19.5,6.8,12.4,0.0,0.0,13.9
2024-09-11,22130 Jaca,Candanchu/Astun,16.0,5.2,10.6,0.3,0.0,17.3
2024-09-12,22130 Jaca,Candanchu/Astun,10.7,3.9,8.8,0.6,0.0,21.3
2024-09-13,22130 Jaca,Candanchu/Astun,12.7,2.8,6.7,0.0,0.0,18.2
2024-09-14,22130 Jaca,Candanchu/Astun,16.1,2.3,9.8,0.0,0.0,11.3
2024-09-15,22130 Jaca,Candanchu/Astun,19.3,3.5,11.1,0.0,0.0,13.4
2024-09-16,22130 Jaca,Candanchu/Astun,17.9,5.9,11.1,0.0,0.0,15.9
2024-09-17,22130 Jaca,Candanchu/Astun,17.6,5.7,11.4,0.0,0.0,20.5
2024-09-18,22130 Jaca,Candanchu/Astun,13.9,8.3,10.3,1.0,0.0,10.6
2024-09-19,22130 Jaca,Candanchu/Astun,15.0,7.0,10.6,4.1,0.0,10.1
2024-09-20,22130 Jaca,Candanchu/Astun,13.2,7.8,10.2,3.5,0.0,15.2
2024-09-21,22130 Jaca,Candanchu/Astun,12.4,9.4,10.4,15.9,0.0,16.3
2024-09-22,22130 Jaca,Candanchu/Astun,13.4,8.7,10.7,13.3,0.0,14.8
2024-09-23,22130 Jaca,Candanchu/Astun,13.3,5.8,9.1,0.0,0.0,12.9
2024-09-24,22130 Jaca,Candanchu/Astun,13.9,6.6,10.2,0.6,0.0,13.7
2024-09-25,22130 Jaca,Candanchu/Astun,14.6,7.3,11.2,3.1,0.0,16.4
2024-09-26,22130 Jaca,Candanchu/Astun,13.3,9.5,12.1,10.9,0.0,13.9
2024-09-27,22130 Jaca,Candanchu/Astun,9.8,3.6,6.7,4.2,0.07,15.3
2024-09-28,22130 Jaca,Candanchu/Astun,10.2,3.9,6.2,0.3,0.0,13.8
2024-09-29,22130 Jaca,Candanchu/Astun,15.4,4.4,9.7,0.0,0.0,9.7
2024-09-30,22130 Jaca,Candanchu/Astun,17.2,9.5,14.7,0.0,0.0,6.9
2024-10-01,22130 Jaca,Candanchu/Astun,16.6,10.0,13.3,0.2,0.0,10.4
2024-10-02,22130 Jaca,Candanchu/Astun,12.7,10.1,11.5,37.7,0.0,13.8
2024-10-03,22130 Jaca,Candanchu/Astun,10.2,3.2,7.0,0.6,0.0,20.8
2024-10-04,22130 Jaca,Candanchu/Astun,14.9,1.2,7.5,0.0,0.0,13.2
2024-10-05,22130 Jaca,Candanchu/Astun,15.1,4.4,12.0,3.0,0.0,8.3
2024-10-06,22130 Jaca,Candanchu/Astun,15.2,11.6,13.0,10.2,0.0,11.4
2024-10-07,22130 Jaca,Candanchu/Astun,14.8,9.3,12.1,20.1,0.0,22.7
2024-10-08,22130 Jaca,Candanchu/Astun,10.5,5.4,8.3,13.7,0.0,12.2
2024-10-09,22130 Jaca,Candanchu/Astun,11.1,8.6,9.6,20.0,0.0,24.5
2024-10-10,22130 Jaca,Candanchu/Astun,10.5,3.9,7.4,0.2,0.0,13.3
2024-10-11,22130 Jaca,Candanchu/Astun,11.1,1.8,6.6,0.0,0.0,12.5
2024-10-12,22130 Jaca,Candanchu/Astun,13.5,8.2,10.5,5.0,0.0,13.2
2024-10-13,22130 Jaca,Candanchu/Astun,17.0,7.5,13.0,0.1,0.0,10.3
2024-10-14,22130 Jaca,Candanchu/Astun,16.8,11.6,14.4,1.0,0.0,17.4
2024-10-15,22130 Jaca,Candanchu/Astun,15.3,10.5,13.1,14.7,0.0,25.1
2024-10-16,22130 Jaca,Candanchu/Astun,12.7,9.9,10.8,27.7,0.0,25.1
2024-10-17,22130 Jaca,Candanchu/Astun,10.3,4.6,8.0,43.5,0.0,20.7
2024-10-18,22130 Jaca,Candanchu/Astun,7.3,3.8,5.3,5.1,0.0,17.4
2024-10-19,22130 Jaca,Candanchu/Astun,13.1,2.1,8.4,1.2,0.0,12.6
2024-10-20,22130 Jaca,Candanchu/Astun,17.2,6.6,11.3,0.0,0.0,7.6
2024-10-21,22130 Jaca,Candanchu/Astun,15.1,7.9,11.9,0.7,0.0,10.2
2024-10-22,22130 Jaca,Candanchu/Astun,12.6,8.6,10.6,4.7,0.0,7.2
2024-10-23,22130 Jaca,Candanchu/Astun,11.9,6.6,8.9,0.6,0.0,8.5
2024-10-24,22130 Jaca,Candanchu/Astun,11.8,6.5,9.0,2.2,0.0,11.3
2024-10-25,22130 Jaca,Candanchu/Astun,9.8,7.2,8.6,34.2,0.0,16.8
2024-10-26,22130 Jaca,Candanchu/Astun,7.5,2.5,5.7,28.1,1.54,8.9
2024-10-27,22130 Jaca,Candanchu/Astun,9.1,1.1,4.5,0.4,0.07,13.0
2024-10-28,22130 Jaca,Candanchu/Astun,14.1,4.2,8.5,0.3,0.0,8.5
2024-10-29,22130 Jaca,Candanchu/Astun,14.1,5.7,9.6,0.0,0.0,12.1
2024-10-30,22130 Jaca,Candanchu/Astun,13.9,7.4,10.8,2.2,0.0,11.1
2024-10-31,22130 Jaca,Candanchu/Astun,14.4,6.8,10.3,0.5,0.0,19.9
2024-11-01,22130 Jaca,Candanchu/Astun,13.8,6.5,9.6,0.1,0.0,15.4
2024-11-02,22130 Jaca,Candanchu/Astun,13.8,5.3,9.9,0.8,0.0,8.5
2024-11-03,22130 Jaca,Candanchu/Astun,12.5,6.3,8.8,0.0,0.0,14.3
2024-11-04,22130 Jaca,Candanchu/Astun,11.4,6.6,8.8,1.9,0.0,19.5
2024-11-05,22130 Jaca,Candanchu/Astun,12.0,6.7,9.2,1.5,0.0,9.3
2024-11-06,22130 Jaca,Candanchu/Astun,13.4,3.6,8.0,0.9,0.0,6.5
2024-11-07,22130 Jaca,Candanchu/Astun,10.5,4.6,7.3,0.2,0.0,10.1
2024-11-08,22130 Jaca,Candanchu/Astun,10.9,3.5,7.2,0.6,0.0,10.6
2024-11-09,22130 Jaca,Candanchu/Astun,9.3,4.4,7.7,0.3,0.0,13.2
2024-11-10,22130 Jaca,Candanchu/Astun,11.7,3.7,7.0,0.0,0.0,11.5
2024-11-11,22130 Jaca,Candanchu/Astun,11.0,2.9,6.0,0.0,0.0,14.8
2024-11-12,22130 Jaca,Candanchu/Astun,4.3,-0.1,2.4,0.0,0.0,20.0
2024-11-13,22130 Jaca,Candanchu/Astun,9.2,-3.2,2.0,0.6,0.28,19.6
2024-11-14,22130 Jaca,Candanchu/Astun,12.6,3.3,7.0,0.0,0.0,4.3
2024-11-15,22130 Jaca,Candanchu/Astun,8.9,2.8,5.4,0.0,0.0,6.2
2024-11-16,22130 Jaca,Candanchu/Astun,11.1,3.5,6.5,0.0,0.0,7.2
2024-11-17,22130 Jaca,Candanchu/Astun,13.5,3.2,7.8,0.0,0.0,9.9
2024-11-18,22130 Jaca,Candanchu/Astun,10.8,2.8,5.7,0.0,0.0,10.0
2024-11-19,22130 Jaca,Candanchu/Astun,9.5,2.8,5.8,0.2,0.0,13.9
2024-11-20,22130 Jaca,Candanchu/Astun,6.5,3.7,5.4,11.8,0.0,23.5
2024-11-21,22130 Jaca,Candanchu/Astun,5.4,3.5,4.4,13.9,0.0,12.6
2024-11-22,22130 Jaca,Candanchu/Astun,4.4,-3.4,0.9,7.1,2.52,24.2
2024-11-23,22130 Jaca,Candanchu/Astun,7.2,-1.0,3.7,0.0,0.0,11.4
2024-11-24,22130 Jaca,Candanchu/Astun,8.9,5.3,6.6,0.0,0.0,23.9
2024-11-25,22130 Jaca,Candanchu/Astun,7.6,1.4,6.5,19.3,0.0,24.4
2024-11-26,22130 Jaca,Candanchu/Astun,7.9,0.5,3.0,0.0,0.0,7.0
2024-11-27,22130 Jaca,Candanchu/Astun,10.3,2.3,5.2,0.0,0.0,5.0
2024-11-28,22130 Jaca,Candanchu/Astun,12.6,6.2,8.6,0.0,0.0,5.6
2024-11-29,22130 Jaca,Candanchu/Astun,15.1,6.0,10.0,0.0,0.0,8.3
2024-11-30,22130 Jaca,Candanchu/Astun,12.8,3.7,7.5,0.0,0.0,8.3
2024-12-01,22130 Jaca,Candanchu/Astun,13.3,5.9,8.8,0.0,0.0,11.3
2024-12-02,22130 Jaca,Candanchu/Astun,9.5,3.1,6.8,0.9,0.0,10.1
2024-12-03,22130 Jaca,Candanchu/Astun,6.7,-0.7,2.7,1.0,0.63,11.7
2024-12-04,22130 Jaca,Candanchu/Astun,7.5,0.2,2.4,0.0,0.0,14.0
2024-12-05,22130 Jaca,Candanchu/Astun,9.7,1.7,4.7,0.0,0.0,12.9
2024-12-06,22130 Jaca,Candanchu/Astun,9.5,5.4,7.6,7.7,0.0,18.2
2024-12-07,22130 Jaca,Candanchu/Astun,7.1,-2.1,3.1,15.6,8.75,27.4
2024-12-08,22130 Jaca,Candanchu/Astun,-0.4,-3.3,-1.8,45.7,31.99,25.4
2024-12-09,22130 Jaca,Candanchu/Astun,-0.7,-3.9,-2.3,8.8,6.02,21.1
2024-12-10,22130 Jaca,Candanchu/Astun,-0.3,-5.4,-3.1,0.0,0.0,13.1
2024-12-11,22130 Jaca,Candanchu/Astun,-2.1,-5.3,-3.7,0.1,0.07,13.5
2024-12-12,22130 Jaca,Candanchu/Astun,3.1,-3.4,-1.0,1.7,1.19,7.9
2024-12-13,22130 Jaca,Candanchu/Astun,2.0,-2.4,0.2,1.4,0.91,10.7
2024-12-14,22130 Jaca,Candanchu/Astun,1.2,-5.6,-1.1,2.2,1.54,14.6
2024-12-15,22130 Jaca,Candanchu/Astun,0.9,-5.7,-1.5,0.7,0.56,17.3
2024-12-16,22130 Jaca,Candanchu/Astun,8.5,-5.2,3.5,0.0,0.0,4.8
2024-12-17,22130 Jaca,Candanchu/Astun,9.6,2.4,5.0,0.0,0.0,4.4
2024-12-18,22130 Jaca,Candanchu/Astun,8.8,2.0,6.3,0.0,0.0,6.7
2024-12-19,22130 Jaca,Candanchu/Astun,5.7,-0.8,3.4,5.0,1.05,23.8
2024-12-20,22130 Jaca,Candanchu/Astun,-0.3,-2.6,-1.4,1.2,0.84,32.9
2024-12-21,22130 Jaca,Candanchu/Astun,3.1,-3.6,0.3,0.6,0.07,14.8
2024-12-22,22130 Jaca,Candanchu/Astun,4.2,0.5,2.5,10.2,4.76,30.3
2024-12-23,22130 Jaca,Candanchu/Astun,0.4,-3.1,-1.9,10.8,7.42,40.5
2024-12-24,22130 Jaca,Candanchu/Astun,4.7,-2.9,1.7,4.4,0.0,19.8
2024-12-25,22130 Jaca,Candanchu/Astun,9.6,0.6,3.9,0.0,0.0,12.0
2024-12-26,22130 Jaca,Candanchu/Astun,5.4,1.5,3.1,0.0,0.0,5.4
2024-12-27,22130 Jaca,Candanchu/Astun,5.0,-0.3,2.7,0.0,0.0,5.8
2024-12-28,22130 Jaca,Candanchu/Astun,6.3,-1.6,2.5,0.0,0.0,2.4
2024-12-29,22130 Jaca,Candanchu/Astun,5.4,-0.7,2.5,0.0,0.0,3.5
2024-12-30,22130 Jaca,Candanchu/Astun,5.3,-0.1,2.5,0.0,0.0,4.4
2024-12-31,22130 Jaca,Candanchu/Astun,5.3,-0.8,2.5,0.0,0.0,3.8
2025-01-01,22130 Jaca,Candanchu/Astun,4.2,-2.3,1.2,0.0,0.0,6.7
2025-01-02,22130 Jaca,Candanchu/Astun,3.5,-2.4,0.0,0.0,0.0,7.5
2025-01-03,22130 Jaca,Candanchu/Astun,4.1,-1.8,1.6,9.4,0.56,9.1
2025-01-04,22130 Jaca,Candanchu/Astun,8.4,2.8,4.8,5.1,0.0,5.8
2025-01-05,22130 Jaca,Candanchu/Astun,6.5,2.2,3.9,0.0,0.0,15.3
2025-01-06,22130 Jaca,Candanchu/Astun,3.1,-2.4,1.5,11.6,4.76,15.0
2025-01-07,22130 Jaca,Candanchu/Astun,3.0,-2.7,-0.4,1.1,0.21,8.9
2025-01-08,22130 Jaca,Candanchu/Astun,7.0,2.4,4.0,0.1,0.0,13.1
2025-01-09,22130 Jaca,Candanchu/Astun,4.5,2.1,3.0,4.4,0.0,14.0
2025-01-10,22130 Jaca,Candanchu/Astun,10.2,1.6,5.2,0.5,0.0,10.6
2025-01-11,22130 Jaca,Candanchu/Astun,5.5,0.8,3.6,14.1,1.68,23.2
2025-01-12,22130 Jaca,Candanchu/Astun,1.2,-4.1,-1.3,0.4,0.21,34.8
2025-01-13,22130 Jaca,Candanchu/Astun,4.9,-5.6,-0.6,0.0,0.0,26.7
2025-01-14,22130 Jaca,Candanchu/Astun,8.1,-3.4,1.0,0.0,0.0,12.1
2025-01-15,22130 Jaca,Candanchu/Astun,9.0,-3.3,1.0,0.0,0.0,15.3
2025-01-16,22130 Jaca,Candanchu/Astun,3.4,-4.4,-1.3,0.5,0.35,14.9
2025-01-17,22130 Jaca,Candanchu/Astun,4.6,-4.4,-0.9,0.0,0.0,7.9
2025-01-18,22130 Jaca,Candanchu/Astun,5.4,-4.2,0.2,0.0,0.0,3.7
2025-01-19,22130 Jaca,Candanchu/Astun,3.8,-2.0,0.8,0.0,0.0,8.4
2025-01-20,22130 Jaca,Candanchu/Astun,1.7,-3.2,-0.1,1.3,0.49,11.1
2025-01-21,22130 Jaca,Candanchu/Astun,4.4,-1.3,2.1,5.7,0.07,10.1
2025-01-22,22130 Jaca,Candanchu/Astun,4.5,3.0,3.6,12.8,0.0,13.4
2025-01-23,22130 Jaca,Candanchu/Astun,8.0,0.5,3.8,5.1,0.0,8.3
2025-01-24,22130 Jaca,Candanchu/Astun,8.9,1.6,5.1,0.0,0.0,12.9
2025-01-25,22130 Jaca,Candanchu/Astun,4.9,-0.2,3.1,12.0,2.03,14.9
2025-01-26,22130 Jaca,Candanchu/Astun,3.5,-2.4,1.2,1.3,0.56,18.4
2025-01-27,22130 Jaca,Candanchu/Astun,5.2,0.2,3.7,29.9,3.5,16.3
2025-01-28,22130 Jaca,Candanchu/Astun,-0.4,-3.0,-1.5,13.9,9.45,15.4
2025-01-29,22130 Jaca,Candanchu/Astun,0.0,-3.8,-1.1,9.9,6.58,16.0
2025-01-30,22130 Jaca,Candanchu/Astun,1.7,-3.0,-0.4,16.6,11.48,30.5
2025-01-31,22130 Jaca,Candanchu/Astun,2.7,-8.1,-1.2,1.0,0.7,17.5
2025-02-01,22130 Jaca,Candanchu/Astun,2.0,-10.3,-2.6,2.4,1.68,11.7
2025-02-02,22130 Jaca,Candanchu/Astun,3.5,-11.4,-3.0,0.0,0.0,10.9
2025-02-03,22130 Jaca,Candanchu/Astun,6.5,-8.1,-1.4,0.0,0.0,10.1
2025-02-04,22130 Jaca,Candanchu/Astun,6.9,-5.1,1.0,0.0,0.0,6.8
2025-02-05,22130 Jaca,Candanchu/Astun,8.7,-5.1,-0.1,0.0,0.0,7.1
2025-02-06,22130 Jaca,Candanchu/Astun,6.8,-2.6,1.9,0.0,0.0,4.6
2025-02-07,22130 Jaca,Candanchu/Astun,2.6,-3.7,-0.5,10.7,7.21,22.5
2025-02-08,22130 Jaca,Candanchu/Astun,-0.3,-7.3,-2.8,14.0,9.8,13.8
2025-02-09,22130 Jaca,Candanchu/Astun,3.8,-7.6,-0.2,2.2,0.14,8.0
2025-02-10,22130 Jaca,Candanchu/Astun,5.4,1.6,3.3,1.9,0.0,8.6
2025-02-11,22130 Jaca,Candanchu/Astun,3.7,-0.5,2.2,4.1,0.0,9.5
2025-02-12,22130 Jaca,Candanchu/Astun,3.1,1.4,2.3,10.3,4.9,11.0
2025-02-13,22130 Jaca,Candanchu/Astun,7.8,-3.8,2.1,1.6,0.63,11.8
2025-02-14,22130 Jaca,Candanchu/Astun,9.4,1.2,4.6,0.4,0.0,11.2
2025-02-15,22130 Jaca,Candanchu/Astun,11.0,0.1,6.5,0.0,0.0,10.1
2025-02-16,22130 Jaca,Candanchu/Astun,11.2,3.7,6.8,0.0,0.0,10.7
2025-02-17,22130 Jaca,Candanchu/Astun,10.2,3.3,6.7,0.0,0.0,9.3
2025-02-18,22130 Jaca,Candanchu/Astun,10.2,3.6,6.4,0.0,0.0,14.9
2025-02-19,22130 Jaca,Candanchu/Astun,11.0,3.2,6.9,0.0,0.0,7.4
2025-02-20,22130 Jaca,Candanchu/Astun,11.0,3.1,6.9,0.0,0.0,7.7
2025-02-21,22130 Jaca,Candanchu/Astun,9.7,3.9,6.0,1.0,0.0,21.3
2025-02-22,22130 Jaca,Candanchu/Astun,7.1,1.6,3.7,11.7,2.38,20.4
2025-02-23,22130 Jaca,Candanchu/Astun,9.3,-3.9,2.7,0.0,0.0,11.4
2025-02-24,22130 Jaca,Candanchu/Astun,9.8,1.2,5.6,0.0,0.0,8.9
2025-02-25,22130 Jaca,Candanchu/Astun,4.9,-0.5,2.4,3.4,0.56,18.6
2025-02-26,22130 Jaca,Candanchu/Astun,6.1,-2.0,1.0,0.3,0.28,15.0
2025-02-27,22130 Jaca,Candanchu/Astun,6.0,-2.3,2.3,0.0,0.0,9.1
2025-02-28,22130 Jaca,Candanchu/Astun,6.5,-1.0,2.4,0.0,0.0,8.3
2025-03-01,22130 Jaca,Candanchu/Astun,5.4,-2.8,1.4,0.8,0.56,14.4
2025-03-02,22130 Jaca,Candanchu/Astun,3.9,-3.5,0.4,3.4,2.38,16.0
2025-03-03,22130 Jaca,Candanchu/Astun,7.1,0.1,3.1,2.1,0.07,16.3
2025-03-04,22130 Jaca,Candanchu/Astun,8.3,2.3,4.8,1.3,0.07,16.9
2025-03-05,22130 Jaca,Candanchu/Astun,9.1,2.4,4.8,0.3,0.0,18.2
2025-03-06,22130 Jaca,Candanchu/Astun,7.5,2.4,4.3,0.0,0.0,24.3
2025-03-07,22130 Jaca,Candanchu/Astun,5.7,2.4,3.8,2.1,0.0,21.6
2025-03-08,22130 Jaca,Candanchu/Astun,5.7,3.3,4.1,25.4,1.61,31.3
2025-03-09,22130 Jaca,Candanchu/Astun,3.9,-2.7,1.2,30.3,9.8,25.8
2025-03-10,22130 Jaca,Candanchu/Astun,4.9,-1.7,1.2,0.7,0.28,11.3
2025-03-11,22130 Jaca,Candanchu/Astun,3.9,0.6,1.9,14.0,7.98,12.7
2025-03-12,22130 Jaca,Candanchu/Astun,5.3,-0.3,2.0,1.7,0.77,14.2
2025-03-13,22130 Jaca,Candanchu/Astun,4.1,-1.0,1.0,2.4,1.61,10.1
2025-03-14,22130 Jaca,Candanchu/Astun,0.9,-3.1,-1.2,0.8,0.56,16.3
2025-03-15,22130 Jaca,Candanchu/Astun,1.9,-4.6,-2.3,0.0,0.0,14.7
2025-03-16,22130 Jaca,Candanchu/Astun,1.6,-5.4,-2.0,0.5,0.35,8.4
2025-03-17,22130 Jaca,Candanchu/Astun,5.1,-5.9,-0.4,0.0,0.0,12.5
2025-03-18,22130 Jaca,Candanchu/Astun,7.1,-0.2,2.3,6.5,2.59,22.3
2025-03-19,22130 Jaca,Candanchu/Astun,6.1,1.0,3.6,7.3,3.57,24.9
2025-03-20,22130 Jaca,Candanchu/Astun,12.7,2.9,7.1,0.5,0.0,28.1
2025-03-21,22130 Jaca,Candanchu/Astun,7.1,2.2,4.8,29.5,0.63,25.4
2025-03-22,22130 Jaca,Candanchu/Astun,4.0,0.3,1.9,12.6,4.55,20.5
2025-03-23,22130 Jaca,Candanchu/Astun,3.8,-0.1,1.6,3.1,2.17,12.3
2025-03-24,22130 Jaca,Candanchu/Astun,7.0,-2.5,2.5,1.0,0.07,9.7
2025-03-25,22130 Jaca,Candanchu/Astun,7.3,0.2,3.5,0.0,0.0,16.3
2025-03-26,22130 Jaca,Candanchu/Astun,8.9,0.3,3.5,0.0,0.0,14.5
2025-03-27,22130 Jaca,Candanchu/Astun,10.0,-0.1,3.9,0.1,0.0,14.9
2025-03-28,22130 Jaca,Candanchu/Astun,5.5,0.2,2.3,0.3,0.0,22.7
2025-03-29,22130 Jaca,Candanchu/Astun,2.8,-1.3,-0.1,6.1,3.43,38.1
2025-03-30,22130 Jaca,Candanchu/Astun,10.8,-3.3,3.5,0.0,0.0,24.0
2025-03-31,22130 Jaca,Candanchu/Astun,19.1,0.4,9.4,0.0,0.0,11.1
2025-04-01,22130 Jaca,Candanchu/Astun,18.5,8.1,12.9,0.0,0.0,7.0
2025-04-02,22130 Jaca,Candanchu/Astun,6.8,2.4,3.8,14.3,3.29,22.1
2025-04-03,22130 Jaca,Candanchu/Astun,6.0,2.0,3.8,13.4,4.9,21.1
2025-04-04,22130 Jaca,Candanchu/Astun,11.4,5.3,7.7,7.8,0.49,23.8
2025-04-05,22130 Jaca,Candanchu/Astun,11.5,4.6,7.3,2.8,0.0,12.5
2025-04-06,22130 Jaca,Candanchu/Astun,14.1,4.2,8.4,0.3,0.0,12.7
2025-04-07,22130 Jaca,Candanchu/Astun,16.9,0.9,9.0,0.0,0.0,13.3
2025-04-08,22130 Jaca,Candanchu/Astun,16.4,5.5,11.3,0.0,0.0,9.8
2025-04-09,22130 Jaca,Candanchu/Astun,15.6,6.1,11.1,0.7,0.0,10.6
2025-04-10,22130 Jaca,Candanchu/Astun,13.3,4.2,8.7,4.3,0.0,11.9
2025-04-11,22130 Jaca,Candanchu/Astun,14.2,6.9,9.6,1.2,0.07,19.4
2025-04-12,22130 Jaca,Candanchu/Astun,11.9,5.7,8.4,5.4,0.0,15.5
2025-04-13,22130 Jaca,Candanchu/Astun,12.8,5.4,8.1,8.2,0.0,8.0
2025-04-14,22130 Jaca,Candanchu/Astun,10.1,4.4,6.4,10.8,0.0,13.7
2025-04-15,22130 Jaca,Candanchu/Astun,6.7,0.6,3.3,17.9,6.93,12.5
2025-04-16,22130 Jaca,Candanchu/Astun,7.1,-0.3,2.3,1.0,0.7,13.9
2025-04-17,22130 Jaca,Candanchu/Astun,6.9,-2.7,2.4,0.1,0.07,18.9
2025-04-18,22130 Jaca,Candanchu/Astun,11.0,2.5,7.2,5.0,0.0,21.2
2025-04-19,22130 Jaca,Candanchu/Astun,5.8,-0.7,2.9,27.2,10.15,16.1
2025-04-20,22130 Jaca,Candanchu/Astun,3.6,-0.8,1.3,8.2,4.2,9.0
2025-04-21,22130 Jaca,Candanchu/Astun,10.3,-1.7,4.2,0.3,0.0,9.8
2025-04-22,22130 Jaca,Candanchu/Astun,8.5,2.7,5.3,5.5,0.0,13.4
2025-04-23,22130 Jaca,Candanchu/Astun,11.6,-1.4,5.5,0.0,0.0,16.4
2025-04-24,22130 Jaca,Candanchu/Astun,17.2,5.4,10.0,0.0,0.0,11.2
2025-04-25,22130 Jaca,Candanchu/Astun,18.4,5.6,12.6,0.4,0.0,10.7
2025-04-26,22130 Jaca,Candanchu/Astun,9.7,3.3,6.8,10.8,0.0,19.2
2025-04-27,22130 Jaca,Candanchu/Astun,10.9,2.3,5.9,3.5,0.0,14.7
2025-04-28,22130 Jaca,Candanchu/Astun,12.7,0.5,7.9,0.1,0.0,10.9
2025-04-29,22130 Jaca,Candanchu/Astun,13.7,5.7,9.2,0.0,0.0,19.0
2025-04-30,22130 Jaca,Candanchu/Astun,15.5,5.8,10.0,0.0,0.0,19.7
2025-05-01,22130 Jaca,Candanchu/Astun,16.0,8.6,11.9,0.2,0.0,20.2
2025-05-02,22130 Jaca,Candanchu/Astun,15.0,8.8,11.0,12.7,0.0,26.3
2025-05-03,22130 Jaca,Candanchu/Astun,15.0,7.5,10.8,6.1,0.0,17.0
2025-05-04,22130 Jaca,Candanchu/Astun,13.4,6.4,9.1,7.6,0.0,11.7
2025-05-05,22130 Jaca,Candanchu/Astun,9.2,2.4,6.3,0.5,0.0,20.4
2025-05-06,22130 Jaca,Candanchu/Astun,6.9,1.8,3.8,0.0,0.0,17.7
2025-05-07,22130 Jaca,Candanchu/Astun,10.3,-2.2,4.8,0.8,0.0,12.8
2025-05-08,22130 Jaca,Candanchu/Astun,10.5,1.5,6.1,1.4,0.0,8.1
2025-05-09,22130 Jaca,Candanchu/Astun,11.2,1.1,6.5,5.8,0.98,12.5
2025-05-10,22130 Jaca,Candanchu/Astun,8.6,4.7,6.5,19.0,0.21,21.2
2025-05-11,22130 Jaca,Candanchu/Astun,8.4,2.0,5.5,17.5,2.24,14.3
2025-05-12,22130 Jaca,Candanchu/Astun,10.0,1.7,6.0,0.6,0.0,9.5
2025-05-13,22130 Jaca,Candanchu/Astun,12.0,4.3,7.4,4.9,0.0,10.3
2025-05-14,22130 Jaca,Candanchu/Astun,13.9,4.1,8.4,7.3,0.0,7.1
2025-05-15,22130 Jaca,Candanchu/Astun,13.2,4.3,8.3,0.9,0.0,19.2
2025-05-16,22130 Jaca,Candanchu/Astun,14.4,6.1,9.6,0.0,0.0,18.0
2025-05-17,22130 Jaca,Candanchu/Astun,16.9,3.1,10.6,0.0,0.0,12.2
2025-05-18,22130 Jaca,Candanchu/Astun,17.7,7.4,12.9,0.2,0.0,12.2
2025-05-19,22130 Jaca,Candanchu/Astun,13.8,5.9,9.8,17.4,0.07,18.4
2025-05-20,22130 Jaca,Candanchu/Astun,12.4,5.4,8.3,1.3,0.0,19.2
2025-05-21,22130 Jaca,Candanchu/Astun,16.5,1.7,9.4,0.0,0.0,15.2
2025-05-22,22130 Jaca,Candanchu/Astun,10.7,5.0,7.0,1.0,0.0,21.9
2025-05-23,22130 Jaca,Candanchu/Astun,13.3,2.4,7.9,0.0,0.0,17.5
2025-05-24,22130 Jaca,Candanchu/Astun,16.6,2.0,10.1,0.0,0.0,12.9
2025-05-25,22130 Jaca,Candanchu/Astun,18.6,6.5,13.0,0.0,0.0,10.8
2025-05-26,22130 Jaca,Candanchu/Astun,17.5,7.0,12.4,0.0,0.0,12.6
2025-05-27,22130 Jaca,Candanchu/Astun,19.0,5.2,12.9,0.0,0.0,10.6
2025-05-28,22130 Jaca,Candanchu/Astun,21.1,9.1,15.2,0.0,0.0,13.0
2025-05-29,22130 Jaca,Candanchu/Astun,24.1,9.4,17.3,0.0,0.0,10.5
2025-05-30,22130 Jaca,Candanchu/Astun,24.4,12.0,19.4,0.0,0.0,10.2
2025-05-31,22130 Jaca,Candanchu/Astun,23.6,14.1,19.0,0.0,0.0,13.2
2025-06-01,22130 Jaca,Candanchu/Astun,23.4,12.2,17.5,6.5,0.0,15.6
2025-06-02,22130 Jaca,Candanchu/Astun,15.3,10.5,12.5,16.0,0.0,15.3
2025-06-03,22130 Jaca,Candanchu/Astun,18.1,10.5,13.6,9.1,0.0,15.3
2025-06-04,22130 Jaca,Candanchu/Astun,16.3,9.3,12.0,1.8,0.0,12.2
2025-06-05,22130 Jaca,Candanchu/Astun,16.9,8.2,12.4,0.3,0.0,11.3
2025-06-06,22130 Jaca,Candanchu/Astun,18.8,10.7,14.9,6.3,0.0,13.5
2025-06-07,22130 Jaca,Candanchu/Astun,18.3,10.3,14.4,1.9,0.0,12.4
2025-06-08,22130 Jaca,Candanchu/Astun,20.1,9.9,15.3,0.0,0.0,9.4
2025-06-09,22130 Jaca,Candanchu/Astun,22.8,12.4,17.6,0.0,0.0,8.5
2025-06-10,22130 Jaca,Candanchu/Astun,25.7,14.7,20.6,0.0,0.0,11.2
2025-06-11,22130 Jaca,Candanchu/Astun,25.3,13.2,19.5,6.3,0.0,18.3
2025-06-12,22130 Jaca,Candanchu/Astun,22.5,13.1,18.3,3.4,0.0,15.6
2025-06-13,22130 Jaca,Candanchu/Astun,24.6,15.1,19.0,7.3,0.0,19.3
2025-06-14,22130 Jaca,Candanchu/Astun,24.2,12.8,18.4,11.6,0.0,16.6
2025-06-15,22130 Jaca,Candanchu/Astun,20.5,12.3,16.7,12.3,0.0,12.2
2025-06-16,22130 Jaca,Candanchu/Astun,22.8,14.4,18.8,0.0,0.0,10.5
2025-06-17,22130 Jaca,Candanchu/Astun,23.9,14.2,19.1,0.0,0.0,15.9
2025-06-18,22130 Jaca,Candanchu/Astun,25.2,12.6,19.2,0.0,0.0,9.6
2025-06-19,22130 Jaca,Candanchu/Astun,26.2,15.4,20.8,0.0,0.0,13.7
2025-06-20,22130 Jaca,Candanchu/Astun,25.9,14.3,20.7,0.0,0.0,13.9
2025-06-21,22130 Jaca,Candanchu/Astun,27.8,14.2,21.7,0.3,0.0,12.1
2025-06-22,22130 Jaca,Candanchu/Astun,26.1,16.5,20.7,0.6,0.0,17.5
2025-06-23,22130 Jaca,Candanchu/Astun,26.1,14.7,20.5,0.2,0.0,15.8
2025-06-24,22130 Jaca,Candanchu/Astun,27.9,16.8,22.1,1.4,0.0,14.6
2025-06-25,22130 Jaca,Candanchu/Astun,25.4,13.4,19.6,13.2,0.0,24.6
2025-06-26,22130 Jaca,Candanchu/Astun,23.7,13.2,17.8,0.0,0.0,10.9
2025-06-27,22130 Jaca,Candanchu/Astun,25.9,13.3,20.1,0.0,0.0,12.4
2025-06-28,22130 Jaca,Candanchu/Astun,27.5,15.4,22.1,0.0,0.0,11.2
2025-06-29,22130 Jaca,Candanchu/Astun,27.8,16.2,22.2,0.0,0.0,12.4
2025-06-30,22130 Jaca,Candanchu/Astun,28.2,15.0,22.1,0.0,0.0,14.6
2025-07-01,22130 Jaca,Candanchu/Astun,28.0,16.9,22.3,1.7,0.0,13.9
2025-07-02,22130 Jaca,Candanchu/Astun,27.0,15.7,20.8,5.1,0.0,11.4
2025-07-03,22130 Jaca,Candanchu/Astun,25.7,16.8,20.4,2.6,0.0,11.2
2025-07-04,22130 Jaca,Candanchu/Astun,26.0,15.9,21.0,0.1,0.0,11.7
2025-07-05,22130 Jaca,Candanchu/Astun,24.2,14.9,19.8,1.9,0.0,8.0
2025-07-06,22130 Jaca,Candanchu/Astun,21.7,13.0,17.4,1.1,0.0,16.6
2025-07-07,22130 Jaca,Candanchu/Astun,17.1,9.7,13.5,0.0,0.0,20.3
2025-07-08,22130 Jaca,Candanchu/Astun,22.4,7.4,15.0,0.0,0.0,12.9
2025-07-09,22130 Jaca,Candanchu/Astun,24.9,11.6,18.4,0.0,0.0,13.9
2025-07-10,22130 Jaca,Candanchu/Astun,26.1,14.0,19.9,0.0,0.0,13.3
2025-07-11,22130 Jaca,Candanchu/Astun,24.9,15.3,18.8,7.0,0.0,8.5
2025-07-12,22130 Jaca,Candanchu/Astun,18.1,12.0,15.0,20.5,0.0,10.4
2025-07-13,22130 Jaca,Candanchu/Astun,21.6,9.9,15.9,0.3,0.0,11.4
2025-07-14,22130 Jaca,Candanchu/Astun,23.9,14.0,18.6,0.7,0.0,15.1
2025-07-15,22130 Jaca,Candanchu/Astun,23.8,14.5,18.8,0.0,0.0,13.2
2025-07-16,22130 Jaca,Candanchu/Astun,27.7,12.8,20.5,0.0,0.0,13.5
2025-07-17,22130 Jaca,Candanchu/Astun,29.6,16.8,23.5,0.0,0.0,15.3
2025-07-18,22130 Jaca,Candanchu/Astun,26.4,17.1,22.2,0.0,0.0,16.6
2025-07-19,22130 Jaca,Candanchu/Astun,21.0,12.5,16.3,28.6,0.0,14.5
2025-07-20,22130 Jaca,Candanchu/Astun,18.7,13.8,16.2,2.4,0.0,14.2
2025-07-21,22130 Jaca,Candanchu/Astun,19.0,10.0,14.3,0.1,0.0,11.7
2025-07-22,22130 Jaca,Candanchu/Astun,21.9,9.4,16.5,0.0,0.0,10.5
2025-07-23,22130 Jaca,Candanchu/Astun,18.7,10.6,15.2,4.2,0.0,14.8
2025-07-24,22130 Jaca,Candanchu/Astun,17.7,8.3,12.1,0.3,0.0,19.3
2025-07-25,22130 Jaca,Candanchu/Astun,18.3,6.7,12.6,0.0,0.0,17.1
2025-07-26,22130 Jaca,Candanchu/Astun,21.1,9.1,14.8,0.0,0.0,13.8
2025-07-27,22130 Jaca,Candanchu/Astun,21.8,9.5,15.2,0.0,0.0,16.6
2025-07-28,22130 Jaca,Candanchu/Astun,17.1,11.1,13.4,0.0,0.0,17.3
2025-07-29,22130 Jaca,Candanchu/Astun,20.4,9.6,14.1,0.0,0.0,17.0
2025-07-30,22130 Jaca,Candanchu/Astun,22.3,8.1,15.2,0.0,0.0,14.1
2025-07-31,22130 Jaca,Candanchu/Astun,23.0,10.4,16.8,0.0,0.0,12.8
2025-08-01,22130 Jaca,Candanchu/Astun,23.2,13.2,17.3,0.0,0.0,13.4
2025-08-02,22130 Jaca,Candanchu/Astun,23.6,10.4,16.5,0.0,0.0,13.4
2025-08-03,22130 Jaca,Candanchu/Astun,24.7,9.2,17.2,0.0,0.0,14.2
2025-08-04,22130 Jaca,Candanchu/Astun,27.6,13.6,20.4,0.0,0.0,13.2
2025-08-05,22130 Jaca,Candanchu/Astun,27.6,15.5,21.2,0.0,0.0,13.8
2025-08-06,22130 Jaca,Candanchu/Astun,26.8,14.5,21.0,0.1,0.0,12.3
2025-08-07,22130 Jaca,Candanchu/Astun,29.0,17.3,23.2,0.0,0.0,14.5
2025-08-08,22130 Jaca,Candanchu/Astun,31.0,18.8,24.8,0.0,0.0,14.0
2025-08-09,22130 Jaca,Candanchu/Astun,30.6,19.7,24.5,0.6,0.0,11.1
2025-08-10,22130 Jaca,Candanchu/Astun,31.4,17.7,24.3,1.1,0.0,12.6
2025-08-11,22130 Jaca,Candanchu/Astun,31.7,20.2,25.9,0.5,0.0,12.8
2025-08-12,22130 Jaca,Candanchu/Astun,31.0,18.6,24.8,2.2,0.0,13.4
2025-08-13,22130 Jaca,Candanchu/Astun,27.3,17.5,22.1,0.6,0.0,14.9
2025-08-14,22130 Jaca,Candanchu/Astun,28.0,16.1,22.2,0.1,0.0,8.3
2025-08-15,22130 Jaca,Candanchu/Astun,30.9,19.5,24.7,0.0,0.0,11.2
2025-08-16,22130 Jaca,Candanchu/Astun,30.9,17.2,24.9,0.9,0.0,13.9
2025-08-17,22130 Jaca,Candanchu/Astun,31.5,18.1,24.5,0.7,0.0,13.7
2025-08-18,22130 Jaca,Candanchu/Astun,27.9,17.7,22.3,2.5,0.0,17.1
2025-08-19,22130 Jaca,Candanchu/Astun,18.6,12.7,15.8,9.9,0.0,17.1
2025-08-20,22130 Jaca,Candanchu/Astun,18.4,10.9,13.9,0.7,0.0,14.6
2025-08-21,22130 Jaca,Candanchu/Astun,16.7,10.8,13.1,1.4,0.0,19.4
2025-08-22,22130 Jaca,Candanchu/Astun,20.8,10.0,15.0,0.0,0.0,11.0
2025-08-23,22130 Jaca,Candanchu/Astun,22.9,11.6,16.9,0.0,0.0,11.0
2025-08-24,22130 Jaca,Candanchu/Astun,23.8,13.9,18.8,0.3,0.0,11.3
2025-08-25,22130 Jaca,Candanchu/Astun,24.3,16.4,19.7,1.0,0.0,17.3
2025-08-26,22130 Jaca,Candanchu/Astun,25.7,16.3,20.4,1.9,0.0,14.8
2025-08-27,22130 Jaca,Candanchu/Astun,19.4,12.4,16.0,9.6,0.0,14.5
2025-08-28,22130 Jaca,Candanchu/Astun,14.6,9.0,12.1,6.1,0.0,15.1
2025-08-29,22130 Jaca,Candanchu/Astun,13.7,6.9,10.4,1.2,0.0,19.0
2025-08-30,22130 Jaca,Candanchu/Astun,19.4,9.8,13.8,0.1,0.0,12.2
2025-08-31,22130 Jaca,Candanchu/Astun,19.4,12.1,15.4,9.2,0.0,19.4
2025-09-01,22130 Jaca,Candanchu/Astun,13.8,7.0,10.6,0.9,0.0,15.0
2025-09-02,22130 Jaca,Candanchu/Astun,17.1,5.9,10.9,0.0,0.0,13.7
2025-09-03,22130 Jaca,Candanchu/Astun,20.6,9.3,15.1,0.0,0.0,12.2
2025-09-04,22130 Jaca,Candanchu/Astun,18.3,9.1,14.0,3.8,0.0,13.0
2025-09-05,22130 Jaca,Candanchu/Astun,19.4,4.6,12.9,0.0,0.0,12.4
2025-09-06,22130 Jaca,Candanchu/Astun,23.2,12.7,17.3,0.0,0.0,18.0
2025-09-07,22130 Jaca,Candanchu/Astun,23.6,15.6,18.4,0.0,0.0,15.2
2025-09-08,22130 Jaca,Candanchu/Astun,19.6,11.1,15.1,11.8,0.0,12.5
2025-09-09,22130 Jaca,Candanchu/Astun,17.6,8.0,12.5,1.0,0.0,16.3
2025-09-10,22130 Jaca,Candanchu/Astun,14.8,6.3,10.7,1.0,0.0,13.7
2025-09-11,22130 Jaca,Candanchu/Astun,17.6,8.6,12.6,0.0,0.0,18.1
2025-09-12,22130 Jaca,Candanchu/Astun,16.4,10.7,13.3,2.5,0.0,8.9
2025-09-13,22130 Jaca,Candanchu/Astun,17.5,10.4,13.3,2.1,0.0,10.0
2025-09-14,22130 Jaca,Candanchu/Astun,21.4,11.3,15.4,0.0,0.0,11.9
2025-09-15,22130 Jaca,Candanchu/Astun,21.6,13.5,16.7,0.0,0.0,11.7
2025-09-16,22130 Jaca,Candanchu/Astun,20.9,12.6,15.9,0.7,0.0,9.6
2025-09-17,22130 Jaca,Candanchu/Astun,24.7,12.9,18.1,0.0,0.0,8.9
2025-09-18,22130 Jaca,Candanchu/Astun,25.6,15.4,20.2,0.0,0.0,9.6
2025-09-19,22130 Jaca,Candanchu/Astun,26.0,16.0,20.4,0.0,0.0,13.2
2025-09-20,22130 Jaca,Candanchu/Astun,22.4,13.0,17.9,5.5,0.0,14.6
2025-09-21,22130 Jaca,Candanchu/Astun,13.5,8.0,11.6,25.8,0.0,11.7
2025-09-22,22130 Jaca,Candanchu/Astun,10.8,2.7,6.7,0.8,0.0,12.7
2025-09-23,22130 Jaca,Candanchu/Astun,9.1,3.0,5.5,0.0,0.0,18.8
2025-09-24,22130 Jaca,Candanchu/Astun,8.9,1.9,4.7,0.0,0.0,15.8
2025-09-25,22130 Jaca,Candanchu/Astun,13.5,1.0,7.1,0.0,0.0,12.4
2025-09-26,22130 Jaca,Candanchu/Astun,12.9,3.4,7.3,0.0,0.0,8.5
2025-09-27,22130 Jaca,Candanchu/Astun,17.3,4.8,11.5,0.0,0.0,8.8
2025-09-28,22130 Jaca,Candanchu/Astun,18.3,8.9,13.9,0.1,0.0,10.2
2025-09-29,22130 Jaca,Candanchu/Astun,15.4,7.2,10.7,0.2,0.0,10.3
2025-09-30,22130 Jaca,Candanchu/Astun,16.7,7.9,11.5,0.5,0.0,10.2
2025-10-01,22130 Jaca,Candanchu/Astun,18.8,4.2,11.2,0.0,0.0,12.2
2025-10-02,22130 Jaca,Candanchu/Astun,18.5,6.2,12.4,0.0,0.0,8.9
2025-10-03,22130 Jaca,Candanchu/Astun,18.4,9.1,13.0,0.0,0.0,8.6
2025-10-04,22130 Jaca,Candanchu/Astun,18.6,8.3,12.6,0.2,0.0,17.0
2025-10-05,22130 Jaca,Candanchu/Astun,9.5,3.3,6.8,0.0,0.0,17.7
2025-10-06,22130 Jaca,Candanchu/Astun,17.4,3.2,10.2,0.0,0.0,11.2
2025-10-07,22130 Jaca,Candanchu/Astun,19.2,9.1,13.9,0.0,0.0,8.2
2025-10-08,22130 Jaca,Candanchu/Astun,20.0,9.0,13.6,0.0,0.0,12.2
2025-10-09,22130 Jaca,Candanchu/Astun,16.9,6.7,11.2,0.0,0.0,13.6
2025-10-10,22130 Jaca,Candanchu/Astun,17.5,6.8,11.5,0.0,0.0,11.3
2025-10-11,22130 Jaca,Candanchu/Astun,17.3,7.3,12.0,0.0,0.0,14.5
2025-10-12,22130 Jaca,Candanchu/Astun,17.2,8.3,12.3,0.0,0.0,14.7
2025-10-13,22130 Jaca,Candanchu/Astun,16.7,8.5,11.2,14.5,0.0,7.7
2025-10-14,22130 Jaca,Candanchu/Astun,15.9,7.2,11.1,0.1,0.0,7.8
2025-10-15,22130 Jaca,Candanchu/Astun,14.9,6.0,10.5,0.5,0.0,8.0
2025-10-16,22130 Jaca,Candanchu/Astun,15.0,4.8,9.6,0.5,0.0,7.9
2025-10-17,22130 Jaca,Candanchu/Astun,15.4,5.5,10.3,0.5,0.0,8.4
2025-10-18,22130 Jaca,Candanchu/Astun,15.2,7.5,10.7,0.0,0.0,7.9
2025-10-19,22130 Jaca,Candanchu/Astun,14.1,6.3,9.8,1.6,0.0,15.3
2025-10-20,22130 Jaca,Candanchu/Astun,11.5,5.5,8.9,18.2,0.0,12.4
2025-10-21,22130 Jaca,Candanchu/Astun,13.4,4.5,8.9,1.5,0.0,13.4
2025-10-22,22130 Jaca,Candanchu/Astun,12.6,8.6,10.1,12.2,0.0,12.9
2025-10-23,22130 Jaca,Candanchu/Astun,10.3,3.4,7.2,17.1,0.0,25.4
2025-10-24,22130 Jaca,Candanchu/Astun,10.1,-0.2,4.8,0.0,0.0,10.1
2025-10-25,22130 Jaca,Candanchu/Astun,10.2,5.3,7.7,6.8,0.0,10.5
2025-10-26,22130 Jaca,Candanchu/Astun,6.6,1.2,3.9,0.0,0.0,20.7
2025-10-27,22130 Jaca,Candanchu/Astun,12.8,1.5,6.1,0.0,0.0,13.4
2025-10-28,22130 Jaca,Candanchu/Astun,13.0,2.1,7.8,0.0,0.0,8.6
2025-10-29,22130 Jaca,Candanchu/Astun,9.3,5.2,7.8,16.0,0.0,16.1
2025-10-30,22130 Jaca,Candanchu/Astun,12.6,3.0,7.9,0.5,0.0,11.2
2025-10-31,22130 Jaca,Candanchu/Astun,12.2,6.0,8.6,0.0,0.0,12.2
2025-11-01,22130 Jaca,Candanchu/Astun,10.9,8.0,9.0,3.2,0.0,13.0
2025-11-02,22130 Jaca,Candanchu/Astun,8.7,4.8,6.8,3.9,0.0,16.7
2025-11-03,22130 Jaca,Candanchu/Astun,11.6,1.2,6.4,0.1,0.0,9.9
2025-11-04,22130 Jaca,Candanchu/Astun,13.3,5.6,8.5,0.0,0.0,12.3
2025-11-05,22130 Jaca,Candanchu/Astun,13.3,7.5,9.3,10.0,1.26,22.8
2025-11-06,22130 Jaca,Candanchu/Astun,7.7,3.9,5.7,33.0,0.0,19.0
2025-11-07,22130 Jaca,Candanchu/Astun,9.3,1.1,5.0,1.6,0.0,8.3
2025-11-08,22130 Jaca,Candanchu/Astun,5.7,2.7,4.0,8.8,0.77,19.1
2025-11-09,22130 Jaca,Candanchu/Astun,10.6,-0.7,4.4,0.0,0.0,13.0
2025-11-10,22130 Jaca,Candanchu/Astun,10.9,3.9,7.0,0.0,0.0,7.8
2025-11-11,22130 Jaca,Candanchu/Astun,10.6,3.1,6.5,0.0,0.0,14.4
2025-11-12,22130 Jaca,Candanchu/Astun,14.5,6.8,10.2,0.0,0.0,20.2
2025-11-13,22130 Jaca,Candanchu/Astun,14.7,9.2,11.4,0.0,0.0,24.4
2025-11-14,22130 Jaca,Candanchu/Astun,9.4,5.7,7.6,22.0,0.0,27.7
2025-11-15,22130 Jaca,Candanchu/Astun,6.4,3.3,4.7,24.2,0.98,18.8
2025-11-16,22130 Jaca,Candanchu/Astun,7.3,2.1,4.7,14.1,0.49,19.3
2025-11-17,22130 Jaca,Candanchu/Astun,8.5,1.7,4.9,0.3,0.0,13.3
2025-11-18,22130 Jaca,Candanchu/Astun,9.4,-0.6,3.5,0.0,0.0,14.6
2025-11-19,22130 Jaca,Candanchu/Astun,4.2,-1.5,1.7,1.2,0.84,16.5
2025-11-20,22130 Jaca,Candanchu/Astun,0.6,-3.2,-1.5,2.2,1.54,15.7
2025-11-21,22130 Jaca,Candanchu/Astun,-3.6,-7.4,-5.9,1.1,0.77,20.0
2025-11-22,22130 Jaca,Candanchu/Astun,0.2,-6.5,-3.8,0.0,0.0,28.2
2025-11-23,22130 Jaca,Candanchu/Astun,5.0,-1.2,2.5,13.0,1.54,14.1
2025-11-24,22130 Jaca,Candanchu/Astun,3.5,1.2,2.6,23.2,1.33,16.1
2025-11-25,22130 Jaca,Candanchu/Astun,0.9,-1.9,-0.1,4.9,3.43,19.8
2025-11-26,22130 Jaca,Candanchu/Astun,-2.0,-4.5,-3.3,2.6,1.75,27.5
2025-11-27,22130 Jaca,Candanchu/Astun,2.2,-7.7,-3.5,0.0,0.0,24.0
2025-11-28,22130 Jaca,Candanchu/Astun,8.0,-2.4,1.7,0.0,0.0,11.2
2025-11-29,22130 Jaca,Candanchu/Astun,5.7,-0.7,2.5,0.0,0.0,3.4
2025-11-30,22130 Jaca,Candanchu/Astun,2.7,-6.2,-0.3,1.5,1.05,13.3
2025-12-01,22130 Jaca,Candanchu/Astun,4.9,-8.6,-0.0,0.0,0.0,5.2
2025-12-02,22130 Jaca,Candanchu/Astun,1.5,-4.3,-0.4,2.9,2.03,7.0
2025-12-03,22130 Jaca,Candanchu/Astun,1.0,-7.4,-2.3,0.8,0.56,12.3
2025-12-04,22130 Jaca,Candanchu/Astun,1.5,-1.9,-0.2,11.4,7.98,11.7
2025-12-05,22130 Jaca,Candanchu/Astun,3.4,-1.1,0.9,8.8,6.02,10.6
2025-12-06,22130 Jaca,Candanchu/Astun,6.3,1.1,4.4,0.8,0.0,9.1
2025-12-07,22130 Jaca,Candanchu/Astun,9.4,1.5,5.0,0.0,0.0,4.8
2025-12-08,22130 Jaca,Candanchu/Astun,9.4,2.1,4.9,0.0,0.0,7.0
2025-12-09,22130 Jaca,Candanchu/Astun,8.2,3.3,5.1,0.0,0.0,10.8
2025-12-10,22130 Jaca,Candanchu/Astun,5.4,2.3,3.8,3.4,0.0,3.8
2025-12-11,22130 Jaca,Candanchu/Astun,7.8,1.9,4.2,0.0,0.0,12.7
2025-12-12,22130 Jaca,Candanchu/Astun,7.3,2.2,4.0,0.0,0.0,15.3
2025-12-13,22130 Jaca,Candanchu/Astun,8.4,0.4,3.7,0.0,0.0,3.6
2025-12-14,22130 Jaca,Candanchu/Astun,6.0,-0.6,2.4,0.0,0.0,7.7
2025-12-15,22130 Jaca,Candanchu/Astun,4.6,0.3,2.8,3.3,0.07,17.8
2025-12-16,22130 Jaca,Candanchu/Astun,6.6,0.7,3.1,2.5,0.21,13.6
2025-12-17,22130 Jaca,Candanchu/Astun,6.6,-1.7,2.2,0.2,0.0,9.1
2025-12-18,22130 Jaca,Candanchu/Astun,6.6,2.1,4.3,0.1,0.0,17.0
2025-12-19,22130 Jaca,Candanchu/Astun,5.3,2.6,4.1,1.1,0.0,10.7
2025-12-20,22130 Jaca,Candanchu/Astun,4.2,1.6,2.7,1.3,0.0,12.5
2025-12-21,22130 Jaca,Candanchu/Astun,2.3,-3.6,0.4,18.9,12.04,18.7
2025-12-22,22130 Jaca,Candanchu/Astun,-0.9,-5.4,-3.1,0.5,0.35,8.2
2025-12-23,22130 Jaca,Candanchu/Astun,2.6,-1.8,0.4,0.6,0.07,15.3
2025-12-24,22130 Jaca,Candanchu/Astun,5.4,-4.4,-0.1,0.4,0.28,13.8
2025-12-25,22130 Jaca,Candanchu/Astun,0.9,-5.0,-2.0,5.4,3.5,13.7
2025-12-26,22130 Jaca,Candanchu/Astun,3.3,-4.3,0.4,0.6,0.14,7.1
2025-12-27,22130 Jaca,Candanchu/Astun,5.9,-0.2,2.3,0.5,0.0,12.4
2025-12-28,22130 Jaca,Candanchu/Astun,6.1,-2.2,1.9,0.1,0.0,16.0
2025-12-29,22130 Jaca,Candanchu/Astun,6.2,-2.3,2.1,0.0,0.0,8.4
2025-12-30,22130 Jaca,Candanchu/Astun,5.1,-6.6,-1.7,0.0,0.0,14.4
2025-12-31,22130 Jaca,Candanchu/Astun,6.3,-4.4,-0.7,0.0,0.0,9.5
2018-01-01,22204 Sallent de Gallego,Formigal,-0.2,-6.8,-2.8,11.0,7.56,18.7
2018-01-02,22204 Sallent de Gallego,Formigal,4.1,-1.9,1.6,5.0,1.26,13.7
2018-01-03,22204 Sallent de Gallego,Formigal,4.3,1.9,3.5,1.0,0.0,16.4
2018-01-04,22204 Sallent de Gallego,Formigal,4.9,1.3,3.3,0.0,0.0,12.2
2018-01-05,22204 Sallent de Gallego,Formigal,1.5,-1.5,0.6,8.1,4.69,7.6
2018-01-06,22204 Sallent de Gallego,Formigal,0.5,-0.9,-0.3,35.8,24.78,13.6
2018-01-07,22204 Sallent de Gallego,Formigal,0.9,-3.2,-1.1,8.7,5.88,13.5
2018-01-08,22204 Sallent de Gallego,Formigal,2.3,-6.1,-1.6,0.0,0.0,8.2
2018-01-09,22204 Sallent de Gallego,Formigal,-0.2,-5.9,-2.8,1.4,0.98,9.1
2018-01-10,22204 Sallent de Gallego,Formigal,-0.2,-5.4,-2.9,5.5,3.78,6.6
2018-01-11,22204 Sallent de Gallego,Formigal,-2.2,-7.1,-4.6,2.0,1.33,14.0
2018-01-12,22204 Sallent de Gallego,Formigal,-1.1,-8.4,-4.9,0.0,0.0,14.6
2018-01-13,22204 Sallent de Gallego,Formigal,-0.2,-5.6,-2.0,0.2,0.14,10.1
2018-01-14,22204 Sallent de Gallego,Formigal,-1.2,-6.6,-4.1,4.5,3.08,8.6
2018-01-15,22204 Sallent de Gallego,Formigal,-0.2,-7.4,-4.4,0.6,0.42,10.7
2018-01-16,22204 Sallent de Gallego,Formigal,3.2,-2.3,1.4,5.0,1.26,15.3
2018-01-17,22204 Sallent de Gallego,Formigal,2.5,-3.2,-0.7,3.9,1.4,25.6
2018-01-18,22204 Sallent de Gallego,Formigal,5.2,-2.9,0.6,0.0,0.0,11.1
2018-01-19,22204 Sallent de Gallego,Formigal,1.7,-2.2,0.2,1.4,0.56,16.6
2018-01-20,22204 Sallent de Gallego,Formigal,2.2,-3.0,-0.1,12.2,4.69,18.2
2018-01-21,22204 Sallent de Gallego,Formigal,4.7,1.9,2.8,21.6,1.19,21.3
2018-01-22,22204 Sallent de Gallego,Formigal,6.7,2.5,3.6,2.0,0.0,19.1
2018-01-23,22204 Sallent de Gallego,Formigal,7.2,-1.0,2.5,1.0,0.0,15.9
2018-01-24,22204 Sallent de Gallego,Formigal,9.8,4.0,6.2,0.0,0.0,7.4
2018-01-25,22204 Sallent de Gallego,Formigal,5.2,-1.5,1.2,7.1,4.76,17.2
2018-01-26,22204 Sallent de Gallego,Formigal,-1.4,-4.0,-2.6,5.6,3.92,19.8
2018-01-27,22204 Sallent de Gallego,Formigal,-2.3,-7.6,-4.5,0.2,0.14,21.9
2018-01-28,22204 Sallent de Gallego,Formigal,4.7,-5.1,-1.3,0.0,0.0,6.5
2018-01-29,22204 Sallent de Gallego,Formigal,6.2,-4.3,0.5,0.0,0.0,8.7
2018-01-30,22204 Sallent de Gallego,Formigal,6.4,-3.8,3.0,0.0,0.0,3.5
2018-01-31,22204 Sallent de Gallego,Formigal,4.1,-6.2,1.1,0.0,0.0,9.7
2018-02-01,22204 Sallent de Gallego,Formigal,1.6,-7.3,-2.9,2.5,1.82,11.9
2018-02-02,22204 Sallent de Gallego,Formigal,-5.8,-8.7,-7.3,0.2,0.14,20.8
2018-02-03,22204 Sallent de Gallego,Formigal,-2.5,-7.9,-5.2,8.4,5.88,20.0
2018-02-04,22204 Sallent de Gallego,Formigal,-1.9,-8.5,-4.6,5.0,3.5,9.0
2018-02-05,22204 Sallent de Gallego,Formigal,-1.6,-7.2,-4.6,9.0,6.3,6.3
2018-02-06,22204 Sallent de Gallego,Formigal,-4.4,-8.8,-6.7,0.6,0.42,20.4
2018-02-07,22204 Sallent de Gallego,Formigal,-6.9,-10.6,-9.2,0.0,0.0,20.7
2018-02-08,22204 Sallent de Gallego,Formigal,-7.1,-11.4,-9.5,1.7,1.26,11.8
2018-02-09,22204 Sallent de Gallego,Formigal,-2.5,-11.4,-6.6,1.7,1.19,23.1
2018-02-10,22204 Sallent de Gallego,Formigal,-4.8,-10.7,-7.5,3.0,2.1,25.8
2018-02-11,22204 Sallent de Gallego,Formigal,3.5,-4.8,-0.8,7.7,4.2,13.0
2018-02-12,22204 Sallent de Gallego,Formigal,-2.1,-10.6,-5.7,0.1,0.14,13.3
2018-02-13,22204 Sallent de Gallego,Formigal,-5.7,-13.3,-7.9,6.3,4.41,11.5
2018-02-14,22204 Sallent de Gallego,Formigal,1.3,-6.2,-2.2,17.4,10.01,11.2
2018-02-15,22204 Sallent de Gallego,Formigal,7.5,-1.3,3.1,1.1,0.0,10.1
2018-02-16,22204 Sallent de Gallego,Formigal,6.4,2.8,4.9,0.2,0.0,6.4
2018-02-17,22204 Sallent de Gallego,Formigal,4.3,-3.1,1.0,3.6,0.07,18.2
2018-02-18,22204 Sallent de Gallego,Formigal,3.0,-4.8,-1.4,1.1,0.77,18.3
2018-02-19,22204 Sallent de Gallego,Formigal,3.5,-1.5,0.1,7.9,5.39,11.4
2018-02-20,22204 Sallent de Gallego,Formigal,1.1,-1.0,0.1,19.1,13.37,28.2
2018-02-21,22204 Sallent de Gallego,Formigal,-0.6,-6.6,-3.9,4.8,3.36,19.3
2018-02-22,22204 Sallent de Gallego,Formigal,-6.1,-9.0,-7.5,0.0,0.0,22.6
2018-02-23,22204 Sallent de Gallego,Formigal,-1.9,-11.3,-6.6,0.0,0.0,9.6
2018-02-24,22204 Sallent de Gallego,Formigal,0.0,-10.6,-5.0,0.0,0.0,6.6
2018-02-25,22204 Sallent de Gallego,Formigal,3.7,-9.2,-3.4,0.0,0.0,10.6
2018-02-26,22204 Sallent de Gallego,Formigal,0.6,-10.4,-5.9,0.0,0.0,14.8
2018-02-27,22204 Sallent de Gallego,Formigal,-5.3,-15.9,-10.2,0.0,0.0,14.4
2018-02-28,22204 Sallent de Gallego,Formigal,-1.3,-10.4,-5.2,45.5,31.85,12.3
2018-03-01,22204 Sallent de Gallego,Formigal,1.1,-2.0,-0.2,37.3,23.8,16.5
2018-03-02,22204 Sallent de Gallego,Formigal,0.6,-9.1,-3.4,19.3,13.09,14.7
2018-03-03,22204 Sallent de Gallego,Formigal,0.3,-4.3,-1.4,19.0,13.16,9.4
2018-03-04,22204 Sallent de Gallego,Formigal,2.8,-1.7,-0.1,26.7,18.62,10.8
2018-03-05,22204 Sallent de Gallego,Formigal,0.2,-3.5,-1.6,7.6,5.32,11.8
2018-03-06,22204 Sallent de Gallego,Formigal,-1.2,-5.7,-3.4,4.7,3.29,10.1
2018-03-07,22204 Sallent de Gallego,Formigal,-0.9,-8.4,-4.4,0.6,0.42,11.6
2018-03-08,22204 Sallent de Gallego,Formigal,0.6,-5.7,-2.4,0.0,0.0,10.8
2018-03-09,22204 Sallent de Gallego,Formigal,4.7,0.6,2.6,11.2,0.0,8.4
2018-03-10,22204 Sallent de Gallego,Formigal,4.8,0.5,2.6,44.3,4.2,13.5
2018-03-11,22204 Sallent de Gallego,Formigal,0.8,-2.7,-0.4,17.9,11.13,12.9
2018-03-12,22204 Sallent de Gallego,Formigal,0.8,-3.2,-1.5,8.0,5.6,11.6
2018-03-13,22204 Sallent de Gallego,Formigal,0.9,-3.6,-1.4,1.7,1.19,8.9
2018-03-14,22204 Sallent de Gallego,Formigal,2.8,-2.0,0.9,19.3,9.31,17.0
2018-03-15,22204 Sallent de Gallego,Formigal,0.9,-3.5,-1.1,29.4,18.13,12.8
2018-03-16,22204 Sallent de Gallego,Formigal,-0.1,-5.9,-2.2,2.8,1.96,6.5
2018-03-17,22204 Sallent de Gallego,Formigal,-1.9,-6.8,-4.3,3.2,2.24,8.2
2018-03-18,22204 Sallent de Gallego,Formigal,-0.9,-7.7,-4.5,0.3,0.21,13.0
2018-03-19,22204 Sallent de Gallego,Formigal,-2.0,-8.7,-5.1,10.1,7.07,15.9
2018-03-20,22204 Sallent de Gallego,Formigal,-4.4,-9.4,-7.0,1.5,1.12,27.6
2018-03-21,22204 Sallent de Gallego,Formigal,-6.2,-9.0,-7.5,2.3,1.68,29.4
2018-03-22,22204 Sallent de Gallego,Formigal,-0.4,-7.7,-5.1,0.1,0.07,26.6
2018-03-23,22204 Sallent de Gallego,Formigal,3.7,-4.4,-1.0,0.9,0.28,11.7
2018-03-24,22204 Sallent de Gallego,Formigal,0.1,-4.2,-1.9,16.2,11.2,14.8
2018-03-25,22204 Sallent de Gallego,Formigal,0.5,-4.9,-2.2,3.9,2.73,7.8
2018-03-26,22204 Sallent de Gallego,Formigal,0.3,-3.3,-1.9,4.6,3.22,14.8
2018-03-27,22204 Sallent de Gallego,Formigal,4.2,-3.6,1.1,2.1,0.56,14.2
2018-03-28,22204 Sallent de Gallego,Formigal,7.3,-0.2,3.2,0.5,0.0,12.3
2018-03-29,22204 Sallent de Gallego,Formigal,2.0,-2.5,0.0,3.6,1.26,10.1
2018-03-30,22204 Sallent de Gallego,Formigal,0.4,-3.9,-1.9,16.2,11.41,10.0
2018-03-31,22204 Sallent de Gallego,Formigal,-1.7,-5.8,-3.7,12.8,8.89,19.4
2018-04-01,22204 Sallent de Gallego,Formigal,4.8,-6.3,-0.7,0.0,0.0,10.1
2018-04-02,22204 Sallent de Gallego,Formigal,5.2,-2.1,1.8,0.1,0.0,12.7
2018-04-03,22204 Sallent de Gallego,Formigal,3.8,-0.1,1.7,16.1,7.84,13.4
2018-04-04,22204 Sallent de Gallego,Formigal,1.6,-2.0,0.2,26.9,17.43,10.6
2018-04-05,22204 Sallent de Gallego,Formigal,5.7,-1.0,1.6,0.5,0.35,8.8
2018-04-06,22204 Sallent de Gallego,Formigal,9.1,-0.1,3.9,0.5,0.0,13.0
2018-04-07,22204 Sallent de Gallego,Formigal,5.1,1.1,3.2,22.8,1.96,14.4
2018-04-08,22204 Sallent de Gallego,Formigal,3.0,-1.9,1.1,32.4,18.34,10.0
2018-04-09,22204 Sallent de Gallego,Formigal,2.8,-4.1,-0.8,9.4,6.58,11.5
2018-04-10,22204 Sallent de Gallego,Formigal,-0.8,-2.7,-1.9,28.5,19.95,18.0
2018-04-11,22204 Sallent de Gallego,Formigal,2.0,-2.5,-0.5,24.6,17.15,14.6
2018-04-12,22204 Sallent de Gallego,Formigal,3.4,-3.0,-0.2,0.3,0.21,10.1
2018-04-13,22204 Sallent de Gallego,Formigal,2.5,-1.6,0.2,6.4,4.13,9.7
2018-04-14,22204 Sallent de Gallego,Formigal,5.0,-3.7,1.0,0.1,0.0,6.2
2018-04-15,22204 Sallent de Gallego,Formigal,7.8,-3.2,2.3,0.0,0.0,8.5
2018-04-16,22204 Sallent de Gallego,Formigal,6.3,1.2,3.1,17.4,3.99,9.2
2018-04-17,22204 Sallent de Gallego,Formigal,12.4,3.2,7.1,0.0,0.0,4.7
2018-04-18,22204 Sallent de Gallego,Formigal,11.3,4.4,8.6,0.0,0.0,11.0
2018-04-19,22204 Sallent de Gallego,Formigal,10.9,3.4,6.8,0.0,0.0,10.4
2018-04-20,22204 Sallent de Gallego,Formigal,10.4,0.8,4.9,0.0,0.0,8.7
2018-04-21,22204 Sallent de Gallego,Formigal,10.9,4.6,7.5,0.0,0.0,9.0
2018-04-22,22204 Sallent de Gallego,Formigal,12.8,4.7,8.9,0.0,0.0,7.4
2018-04-23,22204 Sallent de Gallego,Formigal,11.1,1.6,8.3,1.0,0.0,6.8
2018-04-24,22204 Sallent de Gallego,Formigal,13.3,2.2,8.9,0.0,0.0,5.9
2018-04-25,22204 Sallent de Gallego,Formigal,15.1,2.5,9.2,0.0,0.0,6.3
2018-04-26,22204 Sallent de Gallego,Formigal,12.1,3.0,7.4,0.0,0.0,10.6
2018-04-27,22204 Sallent de Gallego,Formigal,10.6,1.8,7.9,0.7,0.0,9.2
2018-04-28,22204 Sallent de Gallego,Formigal,5.9,2.2,4.1,30.7,0.07,12.6
2018-04-29,22204 Sallent de Gallego,Formigal,3.1,-1.5,0.8,23.5,7.49,9.7
2018-04-30,22204 Sallent de Gallego,Formigal,0.4,-3.8,-1.6,7.2,5.04,6.8
2018-05-01,22204 Sallent de Gallego,Formigal,2.5,-4.2,-1.1,0.0,0.0,10.9
2018-05-02,22204 Sallent de Gallego,Formigal,4.4,-5.1,0.0,0.6,0.21,10.5
2018-05-03,22204 Sallent de Gallego,Formigal,3.9,-0.1,1.6,3.6,0.91,23.9
2018-05-04,22204 Sallent de Gallego,Formigal,6.1,0.2,2.8,1.4,0.35,21.0
2018-05-05,22204 Sallent de Gallego,Formigal,9.9,0.7,5.3,0.2,0.0,12.9
2018-05-06,22204 Sallent de Gallego,Formigal,12.9,1.0,7.0,0.0,0.0,6.9
2018-05-07,22204 Sallent de Gallego,Formigal,12.9,1.9,7.7,0.6,0.0,8.4
2018-05-08,22204 Sallent de Gallego,Formigal,10.7,2.0,5.7,0.0,0.0,10.8
2018-05-09,22204 Sallent de Gallego,Formigal,10.1,2.2,4.9,0.0,0.0,13.3
2018-05-10,22204 Sallent de Gallego,Formigal,9.4,2.1,4.8,0.0,0.0,13.8
2018-05-11,22204 Sallent de Gallego,Formigal,13.1,3.8,8.4,0.0,0.0,7.9
2018-05-12,22204 Sallent de Gallego,Formigal,10.7,-1.0,5.8,11.4,0.77,18.2
2018-05-13,22204 Sallent de Gallego,Formigal,3.0,-4.1,-0.5,0.9,0.63,17.9
2018-05-14,22204 Sallent de Gallego,Formigal,3.6,-2.5,0.1,1.8,1.19,16.6
2018-05-15,22204 Sallent de Gallego,Formigal,7.2,0.3,3.6,1.1,0.42,15.5
2018-05-16,22204 Sallent de Gallego,Formigal,11.2,-0.6,6.5,0.3,0.0,12.0
2018-05-17,22204 Sallent de Gallego,Formigal,11.9,2.3,7.9,3.5,0.0,8.2
2018-05-18,22204 Sallent de Gallego,Formigal,10.6,3.0,7.6,8.6,0.0,5.8
2018-05-19,22204 Sallent de Gallego,Formigal,11.6,3.0,7.7,0.7,0.0,9.2
2018-05-20,22204 Sallent de Gallego,Formigal,11.1,3.4,7.8,10.3,0.0,7.6
2018-05-21,22204 Sallent de Gallego,Formigal,11.4,5.3,8.0,5.8,0.0,8.8
2018-05-22,22204 Sallent de Gallego,Formigal,12.5,3.5,8.5,0.4,0.0,7.4
2018-05-23,22204 Sallent de Gallego,Formigal,12.6,4.4,9.5,2.0,0.0,7.7
2018-05-24,22204 Sallent de Gallego,Formigal,13.6,7.5,10.0,5.3,0.0,12.4
2018-05-25,22204 Sallent de Gallego,Formigal,14.6,6.7,10.3,5.0,0.0,14.3
2018-05-26,22204 Sallent de Gallego,Formigal,11.8,6.5,8.6,13.0,0.0,16.6
2018-05-27,22204 Sallent de Gallego,Formigal,14.1,5.3,10.4,1.4,0.0,8.3
2018-05-28,22204 Sallent de Gallego,Formigal,12.2,5.2,8.5,11.7,0.0,7.1
2018-05-29,22204 Sallent de Gallego,Formigal,11.3,5.2,8.1,4.1,0.0,12.6
2018-05-30,22204 Sallent de Gallego,Formigal,12.1,4.2,7.7,13.9,0.0,10.9
2018-05-31,22204 Sallent de Gallego,Formigal,12.1,4.8,8.6,3.7,0.0,7.9
2018-06-01,22204 Sallent de Gallego,Formigal,13.9,7.3,10.4,1.9,0.0,10.0
2018-06-02,22204 Sallent de Gallego,Formigal,14.5,5.3,10.2,2.3,0.0,13.3
2018-06-03,22204 Sallent de Gallego,Formigal,13.4,6.2,9.9,4.0,0.0,10.9
2018-06-04,22204 Sallent de Gallego,Formigal,11.8,6.7,9.4,8.0,0.0,8.8
2018-06-05,22204 Sallent de Gallego,Formigal,10.8,4.3,8.2,9.4,0.0,10.8
2018-06-06,22204 Sallent de Gallego,Formigal,9.4,1.5,6.6,8.2,0.0,7.2
2018-06-07,22204 Sallent de Gallego,Formigal,11.9,4.2,8.3,10.3,0.0,8.5
2018-06-08,22204 Sallent de Gallego,Formigal,12.4,5.6,10.1,4.5,0.0,10.4
2018-06-09,22204 Sallent de Gallego,Formigal,13.4,7.7,10.2,14.1,0.0,14.5
2018-06-10,22204 Sallent de Gallego,Formigal,10.7,7.1,9.1,15.2,0.0,12.3
2018-06-11,22204 Sallent de Gallego,Formigal,10.9,3.3,8.1,10.5,0.0,9.5
2018-06-12,22204 Sallent de Gallego,Formigal,9.6,2.9,6.3,25.4,0.0,15.0
2018-06-13,22204 Sallent de Gallego,Formigal,11.6,6.3,8.4,8.2,0.0,19.4
2018-06-14,22204 Sallent de Gallego,Formigal,14.9,6.2,9.8,0.0,0.0,15.7
2018-06-15,22204 Sallent de Gallego,Formigal,17.2,5.9,11.3,0.7,0.0,13.4
2018-06-16,22204 Sallent de Gallego,Formigal,17.2,6.4,12.9,0.0,0.0,11.8
2018-06-17,22204 Sallent de Gallego,Formigal,17.4,6.3,12.1,0.0,0.0,14.6
2018-06-18,22204 Sallent de Gallego,Formigal,19.0,8.4,13.0,0.0,0.0,14.1
2018-06-19,22204 Sallent de Gallego,Formigal,19.6,8.6,14.6,0.2,0.0,10.0
2018-06-20,22204 Sallent de Gallego,Formigal,18.6,13.8,16.1,0.7,0.0,9.3
2018-06-21,22204 Sallent de Gallego,Formigal,19.3,12.4,16.7,1.1,0.0,7.2
2018-06-22,22204 Sallent de Gallego,Formigal,20.0,10.4,15.4,0.0,0.0,11.5
2018-06-23,22204 Sallent de Gallego,Formigal,18.8,11.1,15.9,1.4,0.0,10.2
2018-06-24,22204 Sallent de Gallego,Formigal,20.4,10.6,15.6,0.0,0.0,9.4
2018-06-25,22204 Sallent de Gallego,Formigal,21.0,10.6,16.9,0.0,0.0,8.7
2018-06-26,22204 Sallent de Gallego,Formigal,20.5,10.4,17.3,0.6,0.0,7.7
2018-06-27,22204 Sallent de Gallego,Formigal,20.9,11.1,17.2,2.3,0.0,6.1
2018-06-28,22204 Sallent de Gallego,Formigal,19.4,11.7,15.4,7.9,0.0,8.7
2018-06-29,22204 Sallent de Gallego,Formigal,18.4,11.1,13.9,3.5,0.0,14.8
2018-06-30,22204 Sallent de Gallego,Formigal,20.0,10.1,15.0,0.2,0.0,14.4
2018-07-01,22204 Sallent de Gallego,Formigal,19.6,12.1,16.0,0.7,0.0,13.3
2018-07-02,22204 Sallent de Gallego,Formigal,17.0,10.6,14.4,8.7,0.0,10.4
2018-07-03,22204 Sallent de Gallego,Formigal,16.8,12.8,15.8,1.8,0.0,10.2
2018-07-04,22204 Sallent de Gallego,Formigal,18.5,11.1,15.0,8.7,0.0,15.5
2018-07-05,22204 Sallent de Gallego,Formigal,15.6,9.2,12.1,0.0,0.0,13.0
2018-07-06,22204 Sallent de Gallego,Formigal,17.1,6.6,12.7,0.3,0.0,12.2
2018-07-07,22204 Sallent de Gallego,Formigal,17.9,11.9,15.1,1.2,0.0,7.2
2018-07-08,22204 Sallent de Gallego,Formigal,18.3,10.6,15.4,4.3,0.0,12.3
2018-07-09,22204 Sallent de Gallego,Formigal,19.6,9.7,14.7,0.4,0.0,10.8
2018-07-10,22204 Sallent de Gallego,Formigal,19.1,9.3,14.5,2.6,0.0,11.6
2018-07-11,22204 Sallent de Gallego,Formigal,19.0,11.1,15.0,0.6,0.0,10.6
2018-07-12,22204 Sallent de Gallego,Formigal,17.0,10.4,14.1,4.3,0.0,8.5
2018-07-13,22204 Sallent de Gallego,Formigal,18.2,10.5,14.9,7.2,0.0,7.9
2018-07-14,22204 Sallent de Gallego,Formigal,19.4,11.4,15.6,2.9,0.0,9.7
2018-07-15,22204 Sallent de Gallego,Formigal,19.2,11.8,16.7,0.4,0.0,12.8
2018-07-16,22204 Sallent de Gallego,Formigal,14.8,9.6,12.3,12.6,0.0,18.4
2018-07-17,22204 Sallent de Gallego,Formigal,18.6,6.9,13.5,0.0,0.0,11.7
2018-07-18,22204 Sallent de Gallego,Formigal,19.5,9.1,14.7,6.9,0.0,12.4
2018-07-19,22204 Sallent de Gallego,Formigal,20.1,9.1,15.7,0.0,0.0,11.0
2018-07-20,22204 Sallent de Gallego,Formigal,17.6,10.6,14.5,3.6,0.0,13.5
2018-07-21,22204 Sallent de Gallego,Formigal,14.9,7.4,11.9,1.1,0.0,12.7
2018-07-22,22204 Sallent de Gallego,Formigal,16.2,8.1,12.0,4.4,0.0,7.8
2018-07-23,22204 Sallent de Gallego,Formigal,20.2,8.1,15.1,0.0,0.0,7.7
2018-07-24,22204 Sallent de Gallego,Formigal,20.8,12.0,17.1,2.0,0.0,9.4
2018-07-25,22204 Sallent de Gallego,Formigal,20.5,10.6,16.2,2.5,0.0,9.2
2018-07-26,22204 Sallent de Gallego,Formigal,22.0,11.9,17.9,0.2,0.0,11.1
2018-07-27,22204 Sallent de Gallego,Formigal,21.4,13.1,18.2,0.6,0.0,12.5
2018-07-28,22204 Sallent de Gallego,Formigal,20.8,13.2,17.2,0.2,0.0,13.3
2018-07-29,22204 Sallent de Gallego,Formigal,20.1,12.5,17.1,0.6,0.0,10.0
2018-07-30,22204 Sallent de Gallego,Formigal,20.7,12.1,17.1,0.5,0.0,9.4
2018-07-31,22204 Sallent de Gallego,Formigal,21.8,12.1,18.6,0.5,0.0,11.2
2018-08-01,22204 Sallent de Gallego,Formigal,22.4,12.9,18.8,0.1,0.0,10.2
2018-08-02,22204 Sallent de Gallego,Formigal,24.2,14.7,20.5,0.4,0.0,9.4
2018-08-03,22204 Sallent de Gallego,Formigal,25.4,12.8,19.1,0.0,0.0,12.0
2018-08-04,22204 Sallent de Gallego,Formigal,24.5,10.4,18.4,0.0,0.0,12.4
2018-08-05,22204 Sallent de Gallego,Formigal,24.1,12.9,18.9,1.5,0.0,9.9
2018-08-06,22204 Sallent de Gallego,Formigal,24.4,15.0,20.7,0.0,0.0,9.4
2018-08-07,22204 Sallent de Gallego,Formigal,22.2,14.4,17.9,2.4,0.0,12.1
2018-08-08,22204 Sallent de Gallego,Formigal,17.6,10.9,14.3,7.5,0.0,14.5
2018-08-09,22204 Sallent de Gallego,Formigal,16.4,10.2,13.3,26.3,0.0,13.4
2018-08-10,22204 Sallent de Gallego,Formigal,15.2,8.3,12.4,2.1,0.0,8.1
2018-08-11,22204 Sallent de Gallego,Formigal,17.5,9.2,14.2,1.8,0.0,9.0
2018-08-12,22204 Sallent de Gallego,Formigal,19.2,12.0,16.2,2.3,0.0,7.7
2018-08-13,22204 Sallent de Gallego,Formigal,17.2,11.6,14.6,0.7,0.0,9.1
2018-08-14,22204 Sallent de Gallego,Formigal,18.8,8.3,13.0,0.0,0.0,15.0
2018-08-15,22204 Sallent de Gallego,Formigal,19.9,7.6,14.3,0.0,0.0,11.5
2018-08-16,22204 Sallent de Gallego,Formigal,18.6,12.2,15.8,3.4,0.0,6.9
2018-08-17,22204 Sallent de Gallego,Formigal,16.9,10.2,13.1,0.3,0.0,15.0
2018-08-18,22204 Sallent de Gallego,Formigal,17.0,6.2,12.1,0.0,0.0,10.4
2018-08-19,22204 Sallent de Gallego,Formigal,19.8,7.7,13.9,0.2,0.0,10.1
2018-08-20,22204 Sallent de Gallego,Formigal,19.8,9.1,14.8,0.7,0.0,9.7
2018-08-21,22204 Sallent de Gallego,Formigal,19.2,9.6,15.1,3.0,0.0,9.4
2018-08-22,22204 Sallent de Gallego,Formigal,19.7,13.2,17.0,0.6,0.0,6.3
2018-08-23,22204 Sallent de Gallego,Formigal,19.5,10.9,15.5,3.9,0.0,9.3
2018-08-24,22204 Sallent de Gallego,Formigal,18.4,9.2,13.4,0.0,0.0,15.3
2018-08-25,22204 Sallent de Gallego,Formigal,16.8,6.5,11.1,0.0,0.0,14.8
2018-08-26,22204 Sallent de Gallego,Formigal,17.8,5.7,12.4,0.0,0.0,12.2
2018-08-27,22204 Sallent de Gallego,Formigal,21.0,9.7,16.2,0.0,0.0,9.4
2018-08-28,22204 Sallent de Gallego,Formigal,21.6,12.8,17.7,4.3,0.0,13.0
2018-08-29,22204 Sallent de Gallego,Formigal,18.6,10.6,14.8,5.2,0.0,9.7
2018-08-30,22204 Sallent de Gallego,Formigal,18.0,8.5,13.9,0.1,0.0,11.8
2018-08-31,22204 Sallent de Gallego,Formigal,18.9,8.9,13.3,0.0,0.0,12.1
2018-09-01,22204 Sallent de Gallego,Formigal,19.9,7.6,13.6,0.0,0.0,10.7
2018-09-02,22204 Sallent de Gallego,Formigal,19.8,7.2,14.2,0.0,0.0,10.5
2018-09-03,22204 Sallent de Gallego,Formigal,19.1,10.9,15.8,1.2,0.0,9.9
2018-09-04,22204 Sallent de Gallego,Formigal,18.3,10.4,13.3,6.0,0.0,10.2
2018-09-05,22204 Sallent de Gallego,Formigal,15.7,10.4,12.9,9.1,0.0,11.7
2018-09-06,22204 Sallent de Gallego,Formigal,14.2,7.2,11.3,7.1,0.0,11.6
2018-09-07,22204 Sallent de Gallego,Formigal,15.3,7.0,11.7,0.8,0.0,10.0
2018-09-08,22204 Sallent de Gallego,Formigal,16.3,8.2,12.7,2.2,0.0,10.7
2018-09-09,22204 Sallent de Gallego,Formigal,15.4,9.0,12.8,3.2,0.0,7.8
2018-09-10,22204 Sallent de Gallego,Formigal,17.5,7.4,12.3,2.0,0.0,9.3
2018-09-11,22204 Sallent de Gallego,Formigal,15.9,8.4,12.6,10.3,0.0,8.4
2018-09-12,22204 Sallent de Gallego,Formigal,15.4,8.5,11.9,18.9,0.0,8.9
2018-09-13,22204 Sallent de Gallego,Formigal,19.0,8.1,13.6,0.0,0.0,9.6
2018-09-14,22204 Sallent de Gallego,Formigal,18.9,8.6,13.8,0.1,0.0,10.3
2018-09-15,22204 Sallent de Gallego,Formigal,17.5,7.4,13.2,0.3,0.0,8.4
2018-09-16,22204 Sallent de Gallego,Formigal,18.6,9.0,14.4,0.2,0.0,7.6
2018-09-17,22204 Sallent de Gallego,Formigal,17.6,11.1,14.6,2.2,0.0,10.0
2018-09-18,22204 Sallent de Gallego,Formigal,17.4,8.2,13.4,1.4,0.0,7.6
2018-09-19,22204 Sallent de Gallego,Formigal,18.6,7.7,13.2,0.3,0.0,9.4
2018-09-20,22204 Sallent de Gallego,Formigal,18.9,8.7,14.5,0.2,0.0,7.2
2018-09-21,22204 Sallent de Gallego,Formigal,18.6,11.1,15.5,0.0,0.0,12.0
2018-09-22,22204 Sallent de Gallego,Formigal,20.1,9.4,14.3,0.0,0.0,11.2
2018-09-23,22204 Sallent de Gallego,Formigal,20.9,10.6,15.3,0.0,0.0,12.9
2018-09-24,22204 Sallent de Gallego,Formigal,17.1,8.9,12.7,0.0,0.0,15.0
2018-09-25,22204 Sallent de Gallego,Formigal,14.9,5.5,10.3,0.0,0.0,8.4
2018-09-26,22204 Sallent de Gallego,Formigal,14.6,5.4,9.6,0.0,0.0,13.0
2018-09-27,22204 Sallent de Gallego,Formigal,18.5,7.2,13.2,0.0,0.0,7.4
2018-09-28,22204 Sallent de Gallego,Formigal,18.9,7.4,12.3,0.0,0.0,10.6
2018-09-29,22204 Sallent de Gallego,Formigal,16.5,8.4,12.2,0.6,0.0,11.5
2018-09-30,22204 Sallent de Gallego,Formigal,15.2,4.7,10.1,0.0,0.0,11.8
2018-10-01,22204 Sallent de Gallego,Formigal,7.6,2.3,5.0,0.0,0.0,21.5
2018-10-02,22204 Sallent de Gallego,Formigal,15.1,0.4,6.9,0.0,0.0,20.5
2018-10-03,22204 Sallent de Gallego,Formigal,17.5,5.2,10.3,0.0,0.0,9.7
2018-10-04,22204 Sallent de Gallego,Formigal,15.6,6.0,11.9,0.0,0.0,8.8
2018-10-05,22204 Sallent de Gallego,Formigal,14.7,9.0,11.6,0.0,0.0,9.3
2018-10-06,22204 Sallent de Gallego,Formigal,13.9,7.1,11.1,4.9,0.0,10.5
2018-10-07,22204 Sallent de Gallego,Formigal,5.5,1.6,3.6,7.2,0.14,16.2
2018-10-08,22204 Sallent de Gallego,Formigal,7.7,1.5,4.8,9.8,0.0,7.8
2018-10-09,22204 Sallent de Gallego,Formigal,8.8,2.0,5.6,2.0,0.0,16.0
2018-10-10,22204 Sallent de Gallego,Formigal,10.3,4.4,6.6,14.7,0.0,14.9
2018-10-11,22204 Sallent de Gallego,Formigal,11.1,4.7,8.1,12.5,0.0,13.2
2018-10-12,22204 Sallent de Gallego,Formigal,13.6,7.9,10.6,5.3,0.0,16.9
2018-10-13,22204 Sallent de Gallego,Formigal,13.6,8.0,11.4,1.2,0.0,11.5
2018-10-14,22204 Sallent de Gallego,Formigal,10.8,3.3,8.5,49.3,0.28,17.4
2018-10-15,22204 Sallent de Gallego,Formigal,8.9,3.0,5.4,30.5,4.55,13.6
2018-10-16,22204 Sallent de Gallego,Formigal,11.2,1.5,6.0,0.0,0.0,7.8
2018-10-17,22204 Sallent de Gallego,Formigal,11.9,3.0,6.9,0.1,0.0,7.1
2018-10-18,22204 Sallent de Gallego,Formigal,11.6,2.5,7.2,0.8,0.0,9.2
2018-10-19,22204 Sallent de Gallego,Formigal,13.1,6.2,9.3,1.4,0.0,9.9
2018-10-20,22204 Sallent de Gallego,Formigal,11.9,5.2,8.9,14.5,0.0,9.2
2018-10-21,22204 Sallent de Gallego,Formigal,15.2,4.8,10.2,0.0,0.0,9.6
2018-10-22,22204 Sallent de Gallego,Formigal,15.5,4.6,8.9,0.0,0.0,11.8
2018-10-23,22204 Sallent de Gallego,Formigal,14.4,4.0,8.0,0.0,0.0,9.0
2018-10-24,22204 Sallent de Gallego,Formigal,16.1,4.4,9.4,0.0,0.0,12.2
2018-10-25,22204 Sallent de Gallego,Formigal,17.2,5.7,11.1,0.0,0.0,8.0
2018-10-26,22204 Sallent de Gallego,Formigal,15.0,6.8,11.5,0.0,0.0,6.9
2018-10-27,22204 Sallent de Gallego,Formigal,6.1,-2.2,1.7,3.0,1.19,16.0
2018-10-28,22204 Sallent de Gallego,Formigal,-1.9,-5.8,-3.5,2.1,1.4,16.7
2018-10-29,22204 Sallent de Gallego,Formigal,-2.2,-7.8,-4.5,1.0,0.7,23.9
2018-10-30,22204 Sallent de Gallego,Formigal,0.1,-5.9,-2.6,1.7,1.19,12.5
2018-10-31,22204 Sallent de Gallego,Formigal,1.5,-2.0,0.1,15.0,9.52,10.7
2018-11-01,22204 Sallent de Gallego,Formigal,3.3,-8.1,-1.2,2.8,1.96,7.2
2018-11-02,22204 Sallent de Gallego,Formigal,3.3,-3.2,0.1,0.6,0.42,11.4
2018-11-03,22204 Sallent de Gallego,Formigal,5.8,-3.8,0.7,0.0,0.0,15.1
2018-11-04,22204 Sallent de Gallego,Formigal,6.7,0.3,4.2,0.0,0.0,11.8
2018-11-05,22204 Sallent de Gallego,Formigal,2.9,-2.1,0.6,26.5,13.79,16.4
2018-11-06,22204 Sallent de Gallego,Formigal,1.9,-2.3,-0.8,9.2,6.51,6.5
2018-11-07,22204 Sallent de Gallego,Formigal,2.7,-3.8,0.4,6.5,3.43,7.1
2018-11-08,22204 Sallent de Gallego,Formigal,2.7,-2.5,1.1,1.0,0.0,16.8
2018-11-09,22204 Sallent de Gallego,Formigal,4.1,-2.8,1.1,9.0,2.03,13.4
2018-11-10,22204 Sallent de Gallego,Formigal,4.5,1.0,3.0,14.0,0.0,7.3
2018-11-11,22204 Sallent de Gallego,Formigal,5.2,2.0,3.8,1.8,0.0,9.2
2018-11-12,22204 Sallent de Gallego,Formigal,5.9,0.1,4.0,4.2,0.0,13.5
2018-11-13,22204 Sallent de Gallego,Formigal,9.8,1.5,5.2,0.3,0.0,9.5
2018-11-14,22204 Sallent de Gallego,Formigal,8.8,1.8,6.5,0.0,0.0,9.7
2018-11-15,22204 Sallent de Gallego,Formigal,8.4,1.4,4.4,0.0,0.0,10.2
2018-11-16,22204 Sallent de Gallego,Formigal,7.8,0.6,4.9,0.0,0.0,9.1
2018-11-17,22204 Sallent de Gallego,Formigal,7.3,1.8,3.7,0.0,0.0,6.9
2018-11-18,22204 Sallent de Gallego,Formigal,2.8,-1.9,0.8,11.4,5.95,10.2
2018-11-19,22204 Sallent de Gallego,Formigal,3.4,-11.5,-2.1,0.0,0.0,10.5
2018-11-20,22204 Sallent de Gallego,Formigal,-0.3,-5.2,-1.4,8.3,5.88,6.4
2018-11-21,22204 Sallent de Gallego,Formigal,0.2,-1.7,-0.7,8.5,5.88,6.8
2018-11-22,22204 Sallent de Gallego,Formigal,1.5,-2.8,-0.8,0.6,0.42,9.0
2018-11-23,22204 Sallent de Gallego,Formigal,0.8,-4.0,-1.0,10.7,7.28,7.9
2018-11-24,22204 Sallent de Gallego,Formigal,1.2,-7.4,-1.7,0.2,0.14,9.0
2018-11-25,22204 Sallent de Gallego,Formigal,0.7,-5.4,-2.0,6.6,4.55,9.8
2018-11-26,22204 Sallent de Gallego,Formigal,0.3,-5.4,-1.4,5.2,3.64,14.3
2018-11-27,22204 Sallent de Gallego,Formigal,2.3,-4.2,-1.7,0.3,0.21,17.5
2018-11-28,22204 Sallent de Gallego,Formigal,9.4,-3.7,6.0,0.0,0.0,8.4
2018-11-29,22204 Sallent de Gallego,Formigal,8.8,3.7,6.3,0.0,0.0,10.4
2018-11-30,22204 Sallent de Gallego,Formigal,1.9,-1.1,-0.2,4.9,3.08,15.9
2018-12-01,22204 Sallent de Gallego,Formigal,3.2,-5.0,-0.8,0.2,0.07,9.4
2018-12-02,22204 Sallent de Gallego,Formigal,8.5,0.4,4.2,0.8,0.0,9.0
2018-12-03,22204 Sallent de Gallego,Formigal,8.2,0.8,4.2,1.5,0.0,10.9
2018-12-04,22204 Sallent de Gallego,Formigal,9.9,2.2,5.2,0.0,0.0,13.0
2018-12-05,22204 Sallent de Gallego,Formigal,12.2,0.4,8.6,0.0,0.0,11.2
2018-12-06,22204 Sallent de Gallego,Formigal,5.2,-1.5,2.8,0.0,0.0,11.6
2018-12-07,22204 Sallent de Gallego,Formigal,8.4,-2.0,4.3,0.2,0.0,13.3
2018-12-08,22204 Sallent de Gallego,Formigal,3.8,-3.2,0.8,0.4,0.28,15.1
2018-12-09,22204 Sallent de Gallego,Formigal,3.2,-0.3,1.7,0.1,0.0,20.2
2018-12-10,22204 Sallent de Gallego,Formigal,6.2,-3.4,0.7,0.0,0.0,18.3
2018-12-11,22204 Sallent de Gallego,Formigal,7.8,-1.4,4.1,0.0,0.0,10.9
2018-12-12,22204 Sallent de Gallego,Formigal,4.3,-2.2,1.5,0.0,0.0,14.3
2018-12-13,22204 Sallent de Gallego,Formigal,2.0,-0.8,0.5,14.8,10.15,21.6
2018-12-14,22204 Sallent de Gallego,Formigal,0.9,-0.9,-0.1,8.3,5.81,17.9
2018-12-15,22204 Sallent de Gallego,Formigal,5.7,-2.1,1.2,0.6,0.0,10.5
2018-12-16,22204 Sallent de Gallego,Formigal,3.5,-1.6,1.2,23.3,7.84,11.0
2018-12-17,22204 Sallent de Gallego,Formigal,1.0,-5.2,-1.8,0.3,0.21,15.1
2018-12-18,22204 Sallent de Gallego,Formigal,3.0,-3.2,0.8,0.8,0.56,11.2
2018-12-19,22204 Sallent de Gallego,Formigal,1.6,-5.4,-1.0,2.1,1.47,7.6
2018-12-20,22204 Sallent de Gallego,Formigal,1.5,-5.5,-2.4,0.0,0.0,8.3
2018-12-21,22204 Sallent de Gallego,Formigal,4.7,-4.9,0.9,0.0,0.0,7.5
2018-12-22,22204 Sallent de Gallego,Formigal,6.4,-1.1,2.1,0.0,0.0,9.7
2018-12-23,22204 Sallent de Gallego,Formigal,9.6,0.2,7.2,0.0,0.0,7.2
2018-12-24,22204 Sallent de Gallego,Formigal,11.4,-3.5,3.9,0.0,0.0,9.3
2018-12-25,22204 Sallent de Gallego,Formigal,9.8,-2.0,5.9,0.0,0.0,5.2
2018-12-26,22204 Sallent de Gallego,Formigal,10.0,4.1,8.8,0.0,0.0,3.8
2018-12-27,22204 Sallent de Gallego,Formigal,10.4,-1.4,6.8,0.0,0.0,8.3
2018-12-28,22204 Sallent de Gallego,Formigal,6.7,-5.2,0.1,0.0,0.0,12.7
2018-12-29,22204 Sallent de Gallego,Formigal,7.3,-3.1,0.0,0.0,0.0,12.2
2018-12-30,22204 Sallent de Gallego,Formigal,8.5,-5.3,-1.0,0.0,0.0,10.8
2018-12-31,22204 Sallent de Gallego,Formigal,9.1,-3.5,0.9,0.0,0.0,9.8
2019-01-01,22204 Sallent de Gallego,Formigal,9.4,-0.7,2.7,0.0,0.0,6.6
2019-01-02,22204 Sallent de Gallego,Formigal,9.8,-1.1,2.8,0.0,0.0,11.4
2019-01-03,22204 Sallent de Gallego,Formigal,6.9,-2.9,0.5,0.0,0.0,11.0
2019-01-04,22204 Sallent de Gallego,Formigal,7.5,-4.3,0.6,0.0,0.0,10.9
2019-01-05,22204 Sallent de Gallego,Formigal,7.5,-3.2,1.2,0.0,0.0,14.2
2019-01-06,22204 Sallent de Gallego,Formigal,8.4,-0.2,2.6,0.0,0.0,16.3
2019-01-07,22204 Sallent de Gallego,Formigal,7.7,-2.0,1.7,0.0,0.0,14.5
2019-01-08,22204 Sallent de Gallego,Formigal,7.5,-1.9,1.1,0.1,0.07,18.4
2019-01-09,22204 Sallent de Gallego,Formigal,-0.1,-6.4,-2.2,0.7,0.49,28.7
2019-01-10,22204 Sallent de Gallego,Formigal,-5.2,-8.6,-7.3,0.4,0.35,27.6
2019-01-11,22204 Sallent de Gallego,Formigal,-1.2,-9.5,-6.1,0.0,0.0,17.4
2019-01-12,22204 Sallent de Gallego,Formigal,3.2,-3.8,-1.7,0.0,0.0,17.7
2019-01-13,22204 Sallent de Gallego,Formigal,5.1,-2.3,0.0,0.0,0.0,25.0
2019-01-14,22204 Sallent de Gallego,Formigal,3.8,-1.5,0.4,0.0,0.0,22.3
2019-01-15,22204 Sallent de Gallego,Formigal,10.1,-1.0,4.9,0.0,0.0,13.1
2019-01-16,22204 Sallent de Gallego,Formigal,6.2,-1.0,3.9,0.0,0.0,6.4
2019-01-17,22204 Sallent de Gallego,Formigal,-0.1,-4.1,-2.2,0.5,0.35,14.8
2019-01-18,22204 Sallent de Gallego,Formigal,-0.6,-6.8,-3.9,0.0,0.0,11.7
2019-01-19,22204 Sallent de Gallego,Formigal,0.4,-6.8,-3.0,0.4,0.28,8.4
2019-01-20,22204 Sallent de Gallego,Formigal,0.6,-3.8,-2.3,2.0,1.4,12.6
2019-01-21,22204 Sallent de Gallego,Formigal,-2.2,-7.7,-4.5,0.0,0.0,15.7
2019-01-22,22204 Sallent de Gallego,Formigal,-1.1,-8.1,-4.9,9.0,6.3,20.3
2019-01-23,22204 Sallent de Gallego,Formigal,-2.0,-6.6,-4.6,59.8,41.86,14.8
2019-01-24,22204 Sallent de Gallego,Formigal,-6.2,-11.1,-8.5,12.1,8.47,20.9
2019-01-25,22204 Sallent de Gallego,Formigal,0.6,-5.6,-1.3,15.4,10.78,30.4
2019-01-26,22204 Sallent de Gallego,Formigal,8.2,-1.6,1.4,0.0,0.0,22.1
2019-01-27,22204 Sallent de Gallego,Formigal,4.2,-5.1,-2.9,8.8,6.16,20.8
2019-01-28,22204 Sallent de Gallego,Formigal,-2.2,-5.6,-4.0,48.8,34.16,19.1
2019-01-29,22204 Sallent de Gallego,Formigal,-2.1,-4.5,-3.3,12.8,8.89,18.6
2019-01-30,22204 Sallent de Gallego,Formigal,-3.7,-6.2,-4.8,9.3,6.58,16.1
2019-01-31,22204 Sallent de Gallego,Formigal,1.1,-4.4,-1.5,32.4,17.71,7.4
2019-02-01,22204 Sallent de Gallego,Formigal,0.9,-4.8,-1.6,38.9,24.64,11.6
2019-02-02,22204 Sallent de Gallego,Formigal,-2.8,-7.4,-5.0,16.0,11.2,33.2
2019-02-03,22204 Sallent de Gallego,Formigal,-7.1,-10.2,-8.9,0.5,0.35,32.8
2019-02-04,22204 Sallent de Gallego,Formigal,1.7,-9.4,-3.5,0.9,0.35,23.6
2019-02-05,22204 Sallent de Gallego,Formigal,3.2,-1.6,1.4,2.4,0.14,13.0
2019-02-06,22204 Sallent de Gallego,Formigal,5.8,-2.0,1.4,0.0,0.0,8.2
2019-02-07,22204 Sallent de Gallego,Formigal,4.7,-2.9,0.3,0.0,0.0,10.5
2019-02-08,22204 Sallent de Gallego,Formigal,4.2,-3.5,2.1,0.0,0.0,8.0
2019-02-09,22204 Sallent de Gallego,Formigal,3.8,-3.0,0.5,0.0,0.0,8.6
2019-02-10,22204 Sallent de Gallego,Formigal,2.2,-3.3,-0.0,2.6,1.75,16.3
2019-02-11,22204 Sallent de Gallego,Formigal,-0.8,-4.7,-3.0,0.3,0.21,17.3
2019-02-12,22204 Sallent de Gallego,Formigal,3.7,-5.2,-1.1,0.0,0.0,9.7
2019-02-13,22204 Sallent de Gallego,Formigal,5.2,-1.9,3.1,0.0,0.0,6.9
2019-02-14,22204 Sallent de Gallego,Formigal,6.8,2.2,4.6,0.0,0.0,9.1
2019-02-15,22204 Sallent de Gallego,Formigal,7.9,-0.3,6.2,0.0,0.0,6.5
2019-02-16,22204 Sallent de Gallego,Formigal,7.9,-2.0,4.7,0.0,0.0,14.2
2019-02-17,22204 Sallent de Gallego,Formigal,5.2,-2.5,1.0,0.0,0.0,14.4
2019-02-18,22204 Sallent de Gallego,Formigal,4.3,-4.1,0.7,0.0,0.0,12.6
2019-02-19,22204 Sallent de Gallego,Formigal,4.0,-3.7,1.3,0.0,0.0,5.8
2019-02-20,22204 Sallent de Gallego,Formigal,5.3,-3.2,1.8,0.0,0.0,5.6
2019-02-21,22204 Sallent de Gallego,Formigal,6.0,-2.7,2.8,0.0,0.0,6.2
2019-02-22,22204 Sallent de Gallego,Formigal,12.0,-2.8,3.0,0.0,0.0,9.9
2019-02-23,22204 Sallent de Gallego,Formigal,12.8,0.5,6.4,0.0,0.0,11.6
2019-02-24,22204 Sallent de Gallego,Formigal,7.8,-1.0,4.8,0.0,0.0,5.2
2019-02-25,22204 Sallent de Gallego,Formigal,9.1,0.3,6.9,0.0,0.0,4.7
2019-02-26,22204 Sallent de Gallego,Formigal,9.5,0.0,6.8,0.0,0.0,7.4
2019-02-27,22204 Sallent de Gallego,Formigal,12.9,0.6,7.1,0.0,0.0,9.9
2019-02-28,22204 Sallent de Gallego,Formigal,9.3,-1.2,2.6,0.0,0.0,11.1
2019-03-01,22204 Sallent de Gallego,Formigal,9.6,-1.9,3.1,0.0,0.0,10.0
2019-03-02,22204 Sallent de Gallego,Formigal,5.1,-1.8,1.3,0.0,0.0,18.3
2019-03-03,22204 Sallent de Gallego,Formigal,9.6,-0.9,5.9,0.0,0.0,10.8
2019-03-04,22204 Sallent de Gallego,Formigal,6.1,-2.5,2.0,1.7,0.56,10.8
2019-03-05,22204 Sallent de Gallego,Formigal,3.7,-3.2,0.2,0.2,0.14,12.3
2019-03-06,22204 Sallent de Gallego,Formigal,3.6,-2.0,1.4,22.8,5.67,20.0
2019-03-07,22204 Sallent de Gallego,Formigal,0.8,-4.9,-1.9,3.7,2.59,9.2
2019-03-08,22204 Sallent de Gallego,Formigal,2.5,-3.8,-0.4,0.1,0.0,9.0
2019-03-09,22204 Sallent de Gallego,Formigal,6.3,-3.1,1.9,0.0,0.0,8.3
2019-03-10,22204 Sallent de Gallego,Formigal,7.0,0.2,3.0,0.0,0.0,15.6
2019-03-11,22204 Sallent de Gallego,Formigal,4.6,-3.2,0.3,0.0,0.0,19.1
2019-03-12,22204 Sallent de Gallego,Formigal,6.8,-0.1,4.4,0.2,0.0,9.4
2019-03-13,22204 Sallent de Gallego,Formigal,1.8,-3.5,-1.7,3.9,2.38,22.0
2019-03-14,22204 Sallent de Gallego,Formigal,0.9,-2.7,-1.2,0.9,0.63,20.0
2019-03-15,22204 Sallent de Gallego,Formigal,10.7,-1.0,3.7,0.0,0.0,16.0
2019-03-16,22204 Sallent de Gallego,Formigal,12.2,0.0,6.6,0.0,0.0,10.6
2019-03-17,22204 Sallent de Gallego,Formigal,10.9,-4.4,2.4,0.0,0.0,18.3
2019-03-18,22204 Sallent de Gallego,Formigal,0.6,-4.9,-2.5,0.0,0.07,19.0
2019-03-19,22204 Sallent de Gallego,Formigal,-0.1,-4.8,-2.6,1.9,1.4,12.0
2019-03-20,22204 Sallent de Gallego,Formigal,2.5,-4.9,-2.3,0.0,0.0,12.9
2019-03-21,22204 Sallent de Gallego,Formigal,3.8,-5.6,0.6,0.0,0.0,6.2
2019-03-22,22204 Sallent de Gallego,Formigal,6.8,-0.6,3.6,0.0,0.0,6.8
2019-03-23,22204 Sallent de Gallego,Formigal,9.5,-1.5,3.8,0.0,0.0,8.5
2019-03-24,22204 Sallent de Gallego,Formigal,8.6,0.9,4.7,0.0,0.0,10.1
2019-03-25,22204 Sallent de Gallego,Formigal,6.2,-1.8,1.2,0.0,0.0,18.9
2019-03-26,22204 Sallent de Gallego,Formigal,5.2,-5.1,-0.5,0.0,0.0,18.1
2019-03-27,22204 Sallent de Gallego,Formigal,6.7,-4.8,0.0,0.0,0.0,10.6
2019-03-28,22204 Sallent de Gallego,Formigal,7.3,-3.1,2.0,0.0,0.0,8.7
2019-03-29,22204 Sallent de Gallego,Formigal,5.4,-2.0,2.7,0.0,0.0,12.4
2019-03-30,22204 Sallent de Gallego,Formigal,5.3,-3.0,1.8,0.0,0.0,10.0
2019-03-31,22204 Sallent de Gallego,Formigal,6.2,-3.8,2.2,1.8,0.0,8.3
2019-04-01,22204 Sallent de Gallego,Formigal,4.3,0.2,1.9,6.3,1.33,7.6
2019-04-02,22204 Sallent de Gallego,Formigal,5.0,-3.4,2.2,0.3,0.0,9.0
2019-04-03,22204 Sallent de Gallego,Formigal,2.2,-5.7,-1.2,3.0,2.1,10.6
2019-04-04,22204 Sallent de Gallego,Formigal,-0.4,-10.9,-5.0,0.0,0.0,11.1
2019-04-05,22204 Sallent de Gallego,Formigal,1.1,-5.7,-2.1,21.9,15.33,12.0
2019-04-06,22204 Sallent de Gallego,Formigal,-0.6,-3.3,-2.0,14.5,10.15,9.8
2019-04-07,22204 Sallent de Gallego,Formigal,1.0,-5.0,-1.9,1.4,0.98,10.9
2019-04-08,22204 Sallent de Gallego,Formigal,3.5,-3.3,0.0,3.4,2.31,7.8
2019-04-09,22204 Sallent de Gallego,Formigal,3.5,-3.2,0.2,0.0,0.0,8.9
2019-04-10,22204 Sallent de Gallego,Formigal,2.2,-2.3,-0.1,0.2,0.14,16.9
2019-04-11,22204 Sallent de Gallego,Formigal,1.9,-1.9,-0.2,1.2,0.84,17.1
2019-04-12,22204 Sallent de Gallego,Formigal,3.8,-3.0,0.5,0.6,0.35,14.8
2019-04-13,22204 Sallent de Gallego,Formigal,7.8,-7.4,-0.3,0.0,0.0,16.2
2019-04-14,22204 Sallent de Gallego,Formigal,6.8,-1.0,3.1,0.2,0.0,14.3
2019-04-15,22204 Sallent de Gallego,Formigal,9.6,0.5,5.3,5.9,0.0,11.6
2019-04-16,22204 Sallent de Gallego,Formigal,7.1,0.2,3.3,2.9,0.49,10.1
2019-04-17,22204 Sallent de Gallego,Formigal,11.8,-1.6,5.2,0.0,0.0,13.1
2019-04-18,22204 Sallent de Gallego,Formigal,12.2,3.7,7.6,0.6,0.0,13.6
2019-04-19,22204 Sallent de Gallego,Formigal,14.1,1.9,7.6,0.4,0.07,13.6
2019-04-20,22204 Sallent de Gallego,Formigal,10.4,0.2,5.2,18.0,0.07,8.3
2019-04-21,22204 Sallent de Gallego,Formigal,5.8,1.4,3.5,2.2,0.07,5.8
2019-04-22,22204 Sallent de Gallego,Formigal,7.8,0.2,4.4,2.2,0.0,6.9
2019-04-23,22204 Sallent de Gallego,Formigal,5.9,1.2,4.1,14.9,0.84,13.0
2019-04-24,22204 Sallent de Gallego,Formigal,0.7,-2.5,-1.0,28.3,18.9,18.3
2019-04-25,22204 Sallent de Gallego,Formigal,2.0,-1.6,0.5,51.9,20.93,17.8
2019-04-26,22204 Sallent de Gallego,Formigal,2.1,-2.6,-0.3,5.7,3.92,12.0
2019-04-27,22204 Sallent de Gallego,Formigal,5.4,-1.4,1.8,0.0,0.0,11.9
2019-04-28,22204 Sallent de Gallego,Formigal,9.2,-2.3,2.9,0.0,0.0,12.9
2019-04-29,22204 Sallent de Gallego,Formigal,9.1,-3.0,2.7,0.0,0.0,12.1
2019-04-30,22204 Sallent de Gallego,Formigal,9.8,-5.1,2.5,0.0,0.0,10.2
2019-05-01,22204 Sallent de Gallego,Formigal,11.8,0.5,8.0,1.5,0.0,7.2
2019-05-02,22204 Sallent de Gallego,Formigal,9.4,2.2,5.2,0.6,0.0,12.2
2019-05-03,22204 Sallent de Gallego,Formigal,3.8,0.8,2.1,5.4,3.57,14.2
2019-05-04,22204 Sallent de Gallego,Formigal,6.0,-0.5,2.2,1.2,0.84,17.7
2019-05-05,22204 Sallent de Gallego,Formigal,2.2,-5.8,-1.4,0.8,0.56,20.1
2019-05-06,22204 Sallent de Gallego,Formigal,10.2,-4.2,3.3,0.0,0.0,11.7
2019-05-07,22204 Sallent de Gallego,Formigal,11.9,2.0,8.8,3.3,0.0,13.9
2019-05-08,22204 Sallent de Gallego,Formigal,8.3,2.9,6.0,22.4,0.0,11.9
2019-05-09,22204 Sallent de Gallego,Formigal,8.8,-1.8,4.3,3.0,0.0,11.9
2019-05-10,22204 Sallent de Gallego,Formigal,12.1,4.9,8.1,18.2,0.0,8.6
2019-05-11,22204 Sallent de Gallego,Formigal,7.8,0.6,4.8,0.0,0.0,19.1
2019-05-12,22204 Sallent de Gallego,Formigal,10.1,-1.5,3.7,0.0,0.0,16.5
2019-05-13,22204 Sallent de Gallego,Formigal,11.6,0.8,5.9,0.0,0.0,17.3
2019-05-14,22204 Sallent de Gallego,Formigal,16.0,2.4,10.7,0.0,0.0,7.8
2019-05-15,22204 Sallent de Gallego,Formigal,14.7,4.8,9.4,0.0,0.0,12.6
2019-05-16,22204 Sallent de Gallego,Formigal,13.6,4.9,9.8,1.2,0.0,9.2
2019-05-17,22204 Sallent de Gallego,Formigal,6.9,-0.1,2.8,23.3,7.7,13.2
2019-05-18,22204 Sallent de Gallego,Formigal,4.4,-3.8,0.8,1.7,0.98,11.5
2019-05-19,22204 Sallent de Gallego,Formigal,5.3,-2.6,1.5,4.0,1.75,15.2
2019-05-20,22204 Sallent de Gallego,Formigal,8.2,-0.1,3.6,0.0,0.0,12.2
2019-05-21,22204 Sallent de Gallego,Formigal,11.0,-0.1,6.1,0.0,0.0,10.5
2019-05-22,22204 Sallent de Gallego,Formigal,12.6,1.7,7.9,0.0,0.0,8.6
2019-05-23,22204 Sallent de Gallego,Formigal,14.4,7.6,11.0,0.5,0.0,9.4
2019-05-24,22204 Sallent de Gallego,Formigal,9.4,4.3,6.4,11.6,0.0,15.9
2019-05-25,22204 Sallent de Gallego,Formigal,9.4,3.6,6.1,1.8,0.0,18.1
2019-05-26,22204 Sallent de Gallego,Formigal,10.6,2.3,6.5,0.0,0.0,16.2
2019-05-27,22204 Sallent de Gallego,Formigal,12.1,3.5,7.5,0.0,0.0,17.4
2019-05-28,22204 Sallent de Gallego,Formigal,6.7,1.6,4.1,0.6,0.07,20.5
2019-05-29,22204 Sallent de Gallego,Formigal,7.9,1.2,4.2,0.8,0.21,18.5
2019-05-30,22204 Sallent de Gallego,Formigal,16.2,2.5,9.6,0.0,0.0,11.5
2019-05-31,22204 Sallent de Gallego,Formigal,18.0,5.6,13.4,0.0,0.0,6.7
2019-06-01,22204 Sallent de Gallego,Formigal,18.4,12.9,15.3,0.0,0.0,7.1
2019-06-02,22204 Sallent de Gallego,Formigal,19.5,13.9,16.7,0.0,0.0,7.8
2019-06-03,22204 Sallent de Gallego,Formigal,18.2,9.8,14.6,0.2,0.0,11.5
2019-06-04,22204 Sallent de Gallego,Formigal,18.2,8.4,13.6,1.3,0.0,17.7
2019-06-05,22204 Sallent de Gallego,Formigal,10.4,2.7,6.1,26.8,1.47,14.1
2019-06-06,22204 Sallent de Gallego,Formigal,11.3,0.7,6.1,0.3,0.0,22.7
2019-06-07,22204 Sallent de Gallego,Formigal,8.6,3.0,5.9,21.0,0.0,20.7
2019-06-08,22204 Sallent de Gallego,Formigal,13.1,1.2,7.8,0.0,0.0,13.2
2019-06-09,22204 Sallent de Gallego,Formigal,14.1,5.7,9.7,1.6,0.0,10.6
2019-06-10,22204 Sallent de Gallego,Formigal,12.1,4.6,8.2,1.8,0.0,12.6
2019-06-11,22204 Sallent de Gallego,Formigal,5.6,0.8,3.8,2.3,0.07,13.1
2019-06-12,22204 Sallent de Gallego,Formigal,8.3,-2.0,3.6,0.0,0.0,13.3
2019-06-13,22204 Sallent de Gallego,Formigal,13.4,1.2,7.4,3.0,0.0,17.3
2019-06-14,22204 Sallent de Gallego,Formigal,13.1,5.3,10.2,3.9,0.0,10.5
2019-06-15,22204 Sallent de Gallego,Formigal,13.1,6.3,9.4,3.8,0.0,10.8
2019-06-16,22204 Sallent de Gallego,Formigal,15.6,4.2,11.5,0.0,0.0,8.4
2019-06-17,22204 Sallent de Gallego,Formigal,17.7,8.8,14.8,0.0,0.0,11.4
2019-06-18,22204 Sallent de Gallego,Formigal,18.8,10.3,14.3,1.8,0.0,18.1
2019-06-19,22204 Sallent de Gallego,Formigal,15.7,10.2,13.5,0.0,0.0,9.7
2019-06-20,22204 Sallent de Gallego,Formigal,14.2,8.8,11.7,11.3,0.0,10.0
2019-06-21,22204 Sallent de Gallego,Formigal,13.0,8.3,10.5,10.2,0.0,7.6
2019-06-22,22204 Sallent de Gallego,Formigal,16.4,6.8,11.8,0.0,0.0,6.4
2019-06-23,22204 Sallent de Gallego,Formigal,20.0,9.1,15.7,0.0,0.0,11.8
2019-06-24,22204 Sallent de Gallego,Formigal,20.8,10.4,16.3,0.0,0.0,14.8
2019-06-25,22204 Sallent de Gallego,Formigal,22.4,11.9,17.5,0.0,0.0,13.4
2019-06-26,22204 Sallent de Gallego,Formigal,24.8,12.8,19.0,0.0,0.0,17.6
2019-06-27,22204 Sallent de Gallego,Formigal,26.7,14.4,21.7,0.0,0.0,15.3
2019-06-28,22204 Sallent de Gallego,Formigal,26.8,17.2,23.9,0.0,0.0,8.6
2019-06-29,22204 Sallent de Gallego,Formigal,26.5,16.6,24.0,0.0,0.0,10.3
2019-06-30,22204 Sallent de Gallego,Formigal,25.3,15.4,21.7,0.0,0.0,10.9
2019-07-01,22204 Sallent de Gallego,Formigal,22.6,12.8,17.6,0.0,0.0,13.3
2019-07-02,22204 Sallent de Gallego,Formigal,19.4,11.4,16.3,0.2,0.0,10.7
2019-07-03,22204 Sallent de Gallego,Formigal,20.6,12.8,16.9,0.2,0.0,8.7
2019-07-04,22204 Sallent de Gallego,Formigal,22.3,12.8,18.2,0.6,0.0,12.8
2019-07-05,22204 Sallent de Gallego,Formigal,22.5,11.7,18.0,0.0,0.0,12.7
2019-07-06,22204 Sallent de Gallego,Formigal,22.8,14.9,19.4,0.0,0.0,13.8
2019-07-07,22204 Sallent de Gallego,Formigal,22.5,14.1,18.9,0.0,0.0,12.4
2019-07-08,22204 Sallent de Gallego,Formigal,19.1,10.8,15.0,8.9,0.0,15.2
2019-07-09,22204 Sallent de Gallego,Formigal,16.3,8.1,12.7,3.6,0.0,8.7
2019-07-10,22204 Sallent de Gallego,Formigal,19.8,9.1,15.4,0.6,0.0,10.8
2019-07-11,22204 Sallent de Gallego,Formigal,22.1,12.9,17.8,0.0,0.0,9.4
2019-07-12,22204 Sallent de Gallego,Formigal,23.5,12.9,18.2,0.0,0.0,11.3
2019-07-13,22204 Sallent de Gallego,Formigal,23.6,13.4,19.9,0.0,0.0,13.0
2019-07-14,22204 Sallent de Gallego,Formigal,18.1,10.8,14.9,13.8,0.0,14.7
2019-07-15,22204 Sallent de Gallego,Formigal,19.7,8.5,13.5,0.0,0.0,14.9
2019-07-16,22204 Sallent de Gallego,Formigal,19.7,8.9,15.7,0.0,0.0,9.2
2019-07-17,22204 Sallent de Gallego,Formigal,18.1,11.9,15.3,6.0,0.0,8.0
2019-07-18,22204 Sallent de Gallego,Formigal,20.0,10.9,15.7,0.0,0.0,9.0
2019-07-19,22204 Sallent de Gallego,Formigal,20.5,10.0,16.2,0.0,0.0,8.1
2019-07-20,22204 Sallent de Gallego,Formigal,21.6,13.0,17.4,0.4,0.0,11.6
2019-07-21,22204 Sallent de Gallego,Formigal,21.5,12.4,17.8,0.0,0.0,9.0
2019-07-22,22204 Sallent de Gallego,Formigal,24.7,15.1,20.2,0.2,0.0,11.9
2019-07-23,22204 Sallent de Gallego,Formigal,25.5,14.8,20.8,0.0,0.0,10.9
2019-07-24,22204 Sallent de Gallego,Formigal,24.8,18.8,22.2,0.0,0.0,11.7
2019-07-25,22204 Sallent de Gallego,Formigal,24.9,13.8,20.1,0.2,0.0,14.1
2019-07-26,22204 Sallent de Gallego,Formigal,16.5,12.7,14.9,6.5,0.0,9.0
2019-07-27,22204 Sallent de Gallego,Formigal,12.8,7.8,11.2,10.1,0.0,18.4
2019-07-28,22204 Sallent de Gallego,Formigal,17.1,5.7,11.4,0.2,0.0,16.3
2019-07-29,22204 Sallent de Gallego,Formigal,19.5,8.7,15.6,0.0,0.0,8.8
2019-07-30,22204 Sallent de Gallego,Formigal,17.0,9.1,13.4,2.1,0.0,12.8
2019-07-31,22204 Sallent de Gallego,Formigal,18.6,7.8,14.1,0.0,0.0,10.5
2019-08-01,22204 Sallent de Gallego,Formigal,18.8,11.1,14.6,5.3,0.0,11.7
2019-08-02,22204 Sallent de Gallego,Formigal,21.0,10.2,16.4,0.1,0.0,10.8
2019-08-03,22204 Sallent de Gallego,Formigal,21.8,11.1,17.9,0.0,0.0,9.7
2019-08-04,22204 Sallent de Gallego,Formigal,22.8,14.1,19.7,0.4,0.0,12.1
2019-08-05,22204 Sallent de Gallego,Formigal,22.9,11.9,18.1,0.0,0.0,11.9
2019-08-06,22204 Sallent de Gallego,Formigal,22.2,12.1,18.1,0.7,0.0,11.7
2019-08-07,22204 Sallent de Gallego,Formigal,20.6,13.4,17.1,5.9,0.0,12.7
2019-08-08,22204 Sallent de Gallego,Formigal,21.9,11.2,17.1,0.5,0.0,11.9
2019-08-09,22204 Sallent de Gallego,Formigal,23.6,14.2,18.6,0.6,0.0,12.9
2019-08-10,22204 Sallent de Gallego,Formigal,20.1,13.6,16.6,0.6,0.0,12.3
2019-08-11,22204 Sallent de Gallego,Formigal,16.2,11.5,14.1,32.8,0.0,15.8
2019-08-12,22204 Sallent de Gallego,Formigal,13.4,7.6,10.9,0.4,0.0,17.2
2019-08-13,22204 Sallent de Gallego,Formigal,15.6,6.1,10.7,0.1,0.0,15.6
2019-08-14,22204 Sallent de Gallego,Formigal,18.8,6.6,12.9,0.0,0.0,10.5
2019-08-15,22204 Sallent de Gallego,Formigal,19.5,9.9,14.3,0.0,0.0,9.7
2019-08-16,22204 Sallent de Gallego,Formigal,20.1,8.9,15.3,0.0,0.0,7.9
2019-08-17,22204 Sallent de Gallego,Formigal,22.2,14.1,18.4,0.0,0.0,9.7
2019-08-18,22204 Sallent de Gallego,Formigal,22.5,13.2,17.9,0.0,0.0,13.6
2019-08-19,22204 Sallent de Gallego,Formigal,16.4,12.4,13.9,11.9,0.0,11.2
2019-08-20,22204 Sallent de Gallego,Formigal,15.1,9.5,12.6,31.6,0.0,15.8
2019-08-21,22204 Sallent de Gallego,Formigal,18.3,7.3,13.2,0.1,0.0,8.2
2019-08-22,22204 Sallent de Gallego,Formigal,19.6,7.4,14.5,0.0,0.0,9.1
2019-08-23,22204 Sallent de Gallego,Formigal,19.0,13.8,16.6,0.0,0.0,9.1
2019-08-24,22204 Sallent de Gallego,Formigal,20.5,12.9,17.1,0.0,0.0,8.1
2019-08-25,22204 Sallent de Gallego,Formigal,20.6,12.1,17.3,0.3,0.0,8.3
2019-08-26,22204 Sallent de Gallego,Formigal,17.8,12.0,15.3,0.0,0.0,12.6
2019-08-27,22204 Sallent de Gallego,Formigal,15.6,9.4,13.0,0.7,0.0,10.4
2019-08-28,22204 Sallent de Gallego,Formigal,19.0,7.8,13.6,0.7,0.0,10.0
2019-08-29,22204 Sallent de Gallego,Formigal,20.2,10.4,15.7,1.9,0.0,7.2
2019-08-30,22204 Sallent de Gallego,Formigal,20.0,14.1,17.6,0.9,0.0,7.9
2019-08-31,22204 Sallent de Gallego,Formigal,20.1,12.1,17.1,5.0,0.0,7.7
2019-09-01,22204 Sallent de Gallego,Formigal,16.6,10.2,14.1,0.7,0.0,11.8
2019-09-02,22204 Sallent de Gallego,Formigal,16.8,8.6,11.9,0.0,0.0,13.8
2019-09-03,22204 Sallent de Gallego,Formigal,20.0,7.1,14.3,0.0,0.0,11.7
2019-09-04,22204 Sallent de Gallego,Formigal,19.4,11.1,15.6,0.0,0.0,13.3
2019-09-05,22204 Sallent de Gallego,Formigal,12.8,4.7,9.1,0.0,0.0,21.2
2019-09-06,22204 Sallent de Gallego,Formigal,15.2,3.2,8.4,0.0,0.0,16.7
2019-09-07,22204 Sallent de Gallego,Formigal,15.4,3.0,9.0,0.0,0.0,14.6
2019-09-08,22204 Sallent de Gallego,Formigal,16.0,4.8,9.9,0.0,0.0,10.2
2019-09-09,22204 Sallent de Gallego,Formigal,13.9,6.6,11.5,0.0,0.0,8.7
2019-09-10,22204 Sallent de Gallego,Formigal,9.8,3.0,6.4,3.0,0.0,23.7
2019-09-11,22204 Sallent de Gallego,Formigal,15.4,5.7,9.8,0.0,0.0,26.8
2019-09-12,22204 Sallent de Gallego,Formigal,19.7,5.4,12.6,0.0,0.0,6.8
2019-09-13,22204 Sallent de Gallego,Formigal,19.8,11.4,15.2,0.0,0.0,16.5
2019-09-14,22204 Sallent de Gallego,Formigal,18.4,10.4,14.0,3.8,0.0,13.2
2019-09-15,22204 Sallent de Gallego,Formigal,18.4,10.0,13.1,5.5,0.0,13.7
2019-09-16,22204 Sallent de Gallego,Formigal,17.9,10.1,13.8,1.3,0.0,11.8
2019-09-17,22204 Sallent de Gallego,Formigal,18.5,10.6,15.2,0.4,0.0,6.8
2019-09-18,22204 Sallent de Gallego,Formigal,17.0,10.4,14.4,3.5,0.0,10.9
2019-09-19,22204 Sallent de Gallego,Formigal,15.4,9.2,12.9,2.9,0.0,8.1
2019-09-20,22204 Sallent de Gallego,Formigal,15.8,8.9,12.1,3.3,0.0,13.0
2019-09-21,22204 Sallent de Gallego,Formigal,12.8,9.6,10.7,6.4,0.0,13.4
2019-09-22,22204 Sallent de Gallego,Formigal,11.4,5.7,9.9,21.7,0.0,8.9
2019-09-23,22204 Sallent de Gallego,Formigal,12.9,3.1,8.2,0.0,0.0,8.1
2019-09-24,22204 Sallent de Gallego,Formigal,16.1,10.0,12.6,0.1,0.0,12.4
2019-09-25,22204 Sallent de Gallego,Formigal,13.2,7.2,9.9,0.2,0.0,11.2
2019-09-26,22204 Sallent de Gallego,Formigal,15.7,6.2,11.0,0.0,0.0,7.1
2019-09-27,22204 Sallent de Gallego,Formigal,15.7,7.8,12.8,0.0,0.0,8.6
2019-09-28,22204 Sallent de Gallego,Formigal,14.9,7.6,10.8,0.0,0.0,8.6
2019-09-29,22204 Sallent de Gallego,Formigal,17.6,10.0,14.4,0.0,0.0,8.7
2019-09-30,22204 Sallent de Gallego,Formigal,17.2,8.4,13.4,0.0,0.0,10.7
2019-10-01,22204 Sallent de Gallego,Formigal,15.4,7.7,13.3,0.5,0.0,14.2
2019-10-02,22204 Sallent de Gallego,Formigal,10.0,5.4,7.4,1.3,0.0,17.3
2019-10-03,22204 Sallent de Gallego,Formigal,17.9,3.5,9.9,0.0,0.0,15.3
2019-10-04,22204 Sallent de Gallego,Formigal,15.7,6.3,11.0,0.0,0.0,10.9
2019-10-05,22204 Sallent de Gallego,Formigal,17.2,5.5,11.2,0.0,0.0,11.6
2019-10-06,22204 Sallent de Gallego,Formigal,14.5,5.3,10.5,0.0,0.0,17.4
2019-10-07,22204 Sallent de Gallego,Formigal,15.1,3.7,8.9,0.0,0.0,18.0
2019-10-08,22204 Sallent de Gallego,Formigal,17.1,8.3,12.9,0.0,0.0,7.9
2019-10-09,22204 Sallent de Gallego,Formigal,13.8,6.5,11.2,0.0,0.0,10.0
2019-10-10,22204 Sallent de Gallego,Formigal,13.6,3.0,8.0,0.0,0.0,7.4
2019-10-11,22204 Sallent de Gallego,Formigal,16.8,4.8,12.3,0.0,0.0,8.4
2019-10-12,22204 Sallent de Gallego,Formigal,14.1,7.9,10.8,4.2,0.0,12.6
2019-10-13,22204 Sallent de Gallego,Formigal,12.1,7.8,9.8,3.0,0.0,15.7
2019-10-14,22204 Sallent de Gallego,Formigal,10.4,6.4,8.5,41.7,0.0,19.5
2019-10-15,22204 Sallent de Gallego,Formigal,5.7,-0.2,2.9,6.1,0.35,16.1
2019-10-16,22204 Sallent de Gallego,Formigal,9.4,2.1,5.6,0.0,0.0,7.5
2019-10-17,22204 Sallent de Gallego,Formigal,9.8,6.7,8.1,1.5,0.0,7.9
2019-10-18,22204 Sallent de Gallego,Formigal,9.1,5.7,7.3,11.6,0.0,7.9
2019-10-19,22204 Sallent de Gallego,Formigal,8.4,5.3,7.2,6.1,0.07,16.2
2019-10-20,22204 Sallent de Gallego,Formigal,6.7,2.0,4.7,35.5,0.63,18.2
2019-10-21,22204 Sallent de Gallego,Formigal,4.1,0.6,2.7,3.6,0.14,8.7
2019-10-22,22204 Sallent de Gallego,Formigal,8.9,-1.2,3.1,16.4,0.28,18.4
2019-10-23,22204 Sallent de Gallego,Formigal,7.5,3.0,5.4,31.1,0.0,16.4
2019-10-24,22204 Sallent de Gallego,Formigal,7.8,1.2,4.0,0.7,0.0,12.5
2019-10-25,22204 Sallent de Gallego,Formigal,15.1,1.9,7.8,0.0,0.0,8.7
2019-10-26,22204 Sallent de Gallego,Formigal,12.9,8.4,11.3,0.0,0.0,6.1
2019-10-27,22204 Sallent de Gallego,Formigal,13.4,9.3,10.6,0.0,0.0,5.6
2019-10-28,22204 Sallent de Gallego,Formigal,13.0,7.8,11.2,0.0,0.0,5.6
2019-10-29,22204 Sallent de Gallego,Formigal,12.6,4.8,8.9,1.4,0.0,8.3
2019-10-30,22204 Sallent de Gallego,Formigal,11.3,3.4,7.8,0.0,0.0,7.1
2019-10-31,22204 Sallent de Gallego,Formigal,8.6,4.3,6.9,1.2,0.0,14.1
2019-11-01,22204 Sallent de Gallego,Formigal,11.7,2.5,7.8,13.3,0.0,10.0
2019-11-02,22204 Sallent de Gallego,Formigal,8.4,4.8,6.7,16.6,0.0,13.0
2019-11-03,22204 Sallent de Gallego,Formigal,4.6,1.5,2.9,28.5,4.41,18.3
2019-11-04,22204 Sallent de Gallego,Formigal,5.8,2.3,4.2,19.7,0.07,12.1
2019-11-05,22204 Sallent de Gallego,Formigal,1.9,-2.6,-0.6,8.9,6.09,11.9
2019-11-06,22204 Sallent de Gallego,Formigal,2.5,-2.4,0.2,4.4,3.01,12.9
2019-11-07,22204 Sallent de Gallego,Formigal,0.9,-4.3,-0.4,8.1,4.62,8.9
2019-11-08,22204 Sallent de Gallego,Formigal,-1.9,-9.1,-4.3,14.3,10.01,11.9
2019-11-09,22204 Sallent de Gallego,Formigal,0.6,-3.5,-1.5,11.7,8.19,10.6
2019-11-10,22204 Sallent de Gallego,Formigal,-1.0,-4.5,-2.7,5.3,3.64,22.7
2019-11-11,22204 Sallent de Gallego,Formigal,1.7,-5.6,-1.8,2.7,1.75,17.3
2019-11-12,22204 Sallent de Gallego,Formigal,0.9,-2.5,-0.9,1.9,1.33,15.1
2019-11-13,22204 Sallent de Gallego,Formigal,1.1,-4.0,-1.0,0.1,0.07,13.4
2019-11-14,22204 Sallent de Gallego,Formigal,0.1,-8.4,-3.0,17.4,12.11,10.6
2019-11-15,22204 Sallent de Gallego,Formigal,-4.1,-11.1,-6.8,3.8,2.66,12.3
2019-11-16,22204 Sallent de Gallego,Formigal,-3.5,-10.6,-6.2,13.3,9.24,12.0
2019-11-17,22204 Sallent de Gallego,Formigal,-0.4,-6.3,-3.4,9.3,6.44,9.0
2019-11-18,22204 Sallent de Gallego,Formigal,-2.0,-5.7,-3.7,0.9,0.63,17.9
2019-11-19,22204 Sallent de Gallego,Formigal,2.0,-8.1,-3.4,0.0,0.0,18.0
2019-11-20,22204 Sallent de Gallego,Formigal,0.4,-5.8,-2.8,0.0,0.0,8.5
2019-11-21,22204 Sallent de Gallego,Formigal,-0.7,-4.0,-2.2,3.3,2.31,7.3
2019-11-22,22204 Sallent de Gallego,Formigal,0.6,-3.2,-1.1,30.7,20.58,20.6
2019-11-23,22204 Sallent de Gallego,Formigal,0.3,-1.2,-0.5,26.7,17.78,15.5
2019-11-24,22204 Sallent de Gallego,Formigal,1.1,-2.8,-0.9,3.2,2.24,12.2
2019-11-25,22204 Sallent de Gallego,Formigal,5.8,-0.8,2.2,1.6,0.77,8.4
2019-11-26,22204 Sallent de Gallego,Formigal,7.7,-0.3,3.9,5.0,0.0,9.0
2019-11-27,22204 Sallent de Gallego,Formigal,2.6,-0.2,1.4,26.5,4.55,8.0
2019-11-28,22204 Sallent de Gallego,Formigal,2.7,0.2,1.3,21.6,4.62,6.0
2019-11-29,22204 Sallent de Gallego,Formigal,4.1,-3.3,1.3,3.7,0.0,9.8
2019-11-30,22204 Sallent de Gallego,Formigal,5.3,1.1,3.1,20.9,0.14,7.2
2019-12-01,22204 Sallent de Gallego,Formigal,2.0,-2.8,-0.2,3.3,0.56,7.3
2019-12-02,22204 Sallent de Gallego,Formigal,1.5,-2.7,-1.2,0.0,0.0,11.2
2019-12-03,22204 Sallent de Gallego,Formigal,1.0,-5.7,-2.8,0.0,0.0,9.2
2019-12-04,22204 Sallent de Gallego,Formigal,4.7,-4.1,0.3,0.4,0.14,8.9
2019-12-05,22204 Sallent de Gallego,Formigal,5.6,-2.2,0.1,1.0,0.28,7.1
2019-12-06,22204 Sallent de Gallego,Formigal,3.2,-2.2,0.6,0.0,0.0,5.0
2019-12-07,22204 Sallent de Gallego,Formigal,7.0,-1.6,1.8,0.0,0.0,7.7
2019-12-08,22204 Sallent de Gallego,Formigal,5.7,-1.7,3.1,4.4,0.0,13.7
2019-12-09,22204 Sallent de Gallego,Formigal,0.6,-2.3,-0.8,10.1,7.14,24.6
2019-12-10,22204 Sallent de Gallego,Formigal,5.7,-1.8,0.8,0.0,0.0,26.1
2019-12-11,22204 Sallent de Gallego,Formigal,7.2,-3.2,1.1,6.0,4.13,14.9
2019-12-12,22204 Sallent de Gallego,Formigal,-0.4,-3.0,-1.9,40.0,27.86,11.5
2019-12-13,22204 Sallent de Gallego,Formigal,4.0,-0.3,2.5,68.9,15.19,17.5
2019-12-14,22204 Sallent de Gallego,Formigal,4.2,-1.6,2.0,0.1,0.0,14.8
2019-12-15,22204 Sallent de Gallego,Formigal,4.1,-2.7,0.9,0.0,0.0,10.1
2019-12-16,22204 Sallent de Gallego,Formigal,3.8,-1.7,1.1,0.6,0.35,11.9
2019-12-17,22204 Sallent de Gallego,Formigal,2.2,-0.6,1.0,14.1,2.73,8.4
2019-12-18,22204 Sallent de Gallego,Formigal,2.8,-2.0,0.9,1.9,0.0,10.0
2019-12-19,22204 Sallent de Gallego,Formigal,2.4,-1.6,1.2,14.5,1.68,16.4
2019-12-20,22204 Sallent de Gallego,Formigal,2.8,-0.4,1.0,54.8,10.36,20.4
2019-12-21,22204 Sallent de Gallego,Formigal,2.6,-2.2,0.9,24.8,3.99,19.1
2019-12-22,22204 Sallent de Gallego,Formigal,1.6,-0.9,0.0,14.7,10.01,20.3
2019-12-23,22204 Sallent de Gallego,Formigal,3.0,-2.0,0.1,2.1,1.47,15.9
2019-12-24,22204 Sallent de Gallego,Formigal,5.6,0.3,2.2,0.0,0.0,10.6
2019-12-25,22204 Sallent de Gallego,Formigal,11.6,0.3,5.7,0.0,0.0,9.8
2019-12-26,22204 Sallent de Gallego,Formigal,9.9,-1.1,2.8,0.0,0.0,17.0
2019-12-27,22204 Sallent de Gallego,Formigal,7.7,-0.7,2.6,0.0,0.0,11.3
2019-12-28,22204 Sallent de Gallego,Formigal,10.1,-1.2,2.4,0.0,0.0,12.7
2019-12-29,22204 Sallent de Gallego,Formigal,10.8,1.1,5.9,0.0,0.0,9.8
2019-12-30,22204 Sallent de Gallego,Formigal,10.6,1.1,7.6,0.0,0.0,7.3
2019-12-31,22204 Sallent de Gallego,Formigal,8.9,1.0,5.5,0.0,0.0,7.5
2020-01-01,22204 Sallent de Gallego,Formigal,10.6,1.2,6.9,0.0,0.0,8.0
2020-01-02,22204 Sallent de Gallego,Formigal,8.9,3.3,7.7,0.0,0.0,6.1
2020-01-03,22204 Sallent de Gallego,Formigal,8.1,1.0,5.1,0.0,0.0,12.3
2020-01-04,22204 Sallent de Gallego,Formigal,3.8,-1.9,0.2,0.2,0.0,13.2
2020-01-05,22204 Sallent de Gallego,Formigal,9.4,-1.1,2.8,0.0,0.0,11.3
2020-01-06,22204 Sallent de Gallego,Formigal,9.3,-0.9,6.1,0.0,0.0,9.7
2020-01-07,22204 Sallent de Gallego,Formigal,10.0,-2.2,2.9,0.0,0.0,9.8
2020-01-08,22204 Sallent de Gallego,Formigal,8.8,-0.9,3.7,0.0,0.0,8.7
2020-01-09,22204 Sallent de Gallego,Formigal,5.2,1.6,3.9,0.0,0.0,7.8
2020-01-10,22204 Sallent de Gallego,Formigal,1.3,-2.5,-0.9,1.2,0.7,14.1
2020-01-11,22204 Sallent de Gallego,Formigal,5.7,-4.7,-0.1,0.0,0.0,13.9
2020-01-12,22204 Sallent de Gallego,Formigal,8.0,-1.3,3.9,0.0,0.0,6.2
2020-01-13,22204 Sallent de Gallego,Formigal,6.2,1.8,4.5,0.0,0.0,3.7
2020-01-14,22204 Sallent de Gallego,Formigal,6.0,-1.6,3.5,0.0,0.0,10.3
2020-01-15,22204 Sallent de Gallego,Formigal,4.6,-2.1,1.3,0.0,0.0,10.5
2020-01-16,22204 Sallent de Gallego,Formigal,4.7,-2.1,1.9,0.3,0.0,8.7
2020-01-17,22204 Sallent de Gallego,Formigal,1.9,-4.2,-0.9,11.2,6.44,12.7
2020-01-18,22204 Sallent de Gallego,Formigal,0.9,-10.2,-2.6,3.8,2.66,13.6
2020-01-19,22204 Sallent de Gallego,Formigal,-1.0,-7.3,-3.5,14.1,9.94,29.6
2020-01-20,22204 Sallent de Gallego,Formigal,1.3,-10.6,-5.8,0.0,0.0,25.4
2020-01-21,22204 Sallent de Gallego,Formigal,3.2,-5.5,-1.8,1.3,0.91,7.9
2020-01-22,22204 Sallent de Gallego,Formigal,1.9,-5.6,-1.1,19.9,14.0,10.0
2020-01-23,22204 Sallent de Gallego,Formigal,-0.2,-3.3,-0.9,30.4,21.07,8.8
2020-01-24,22204 Sallent de Gallego,Formigal,0.9,-3.3,-0.9,0.0,0.0,8.4
2020-01-25,22204 Sallent de Gallego,Formigal,0.1,-4.3,-1.9,0.5,0.35,10.6
2020-01-26,22204 Sallent de Gallego,Formigal,1.3,-5.2,-1.2,3.3,2.31,7.7
2020-01-27,22204 Sallent de Gallego,Formigal,1.2,-5.1,-0.9,2.9,2.03,5.4
2020-01-28,22204 Sallent de Gallego,Formigal,1.5,-4.0,-0.4,4.2,1.68,9.8
2020-01-29,22204 Sallent de Gallego,Formigal,3.8,-5.4,-0.6,1.0,0.0,11.8
2020-01-30,22204 Sallent de Gallego,Formigal,4.8,-0.9,2.0,7.7,0.21,6.8
2020-01-31,22204 Sallent de Gallego,Formigal,6.5,0.1,2.9,1.2,0.0,9.1
2020-02-01,22204 Sallent de Gallego,Formigal,6.6,-0.6,3.4,3.1,0.0,8.4
2020-02-02,22204 Sallent de Gallego,Formigal,11.4,1.3,6.3,0.0,0.0,9.7
2020-02-03,22204 Sallent de Gallego,Formigal,12.5,-0.4,5.3,0.0,0.0,13.0
2020-02-04,22204 Sallent de Gallego,Formigal,4.4,-2.5,2.1,0.0,0.0,25.8
2020-02-05,22204 Sallent de Gallego,Formigal,5.9,-3.2,1.3,0.0,0.0,13.7
2020-02-06,22204 Sallent de Gallego,Formigal,6.3,-0.4,4.0,0.0,0.0,11.7
2020-02-07,22204 Sallent de Gallego,Formigal,6.0,-1.5,4.0,0.0,0.0,5.1
2020-02-08,22204 Sallent de Gallego,Formigal,4.5,0.0,2.6,0.0,0.0,7.3
2020-02-09,22204 Sallent de Gallego,Formigal,4.9,-0.1,2.2,0.0,0.0,6.2
2020-02-10,22204 Sallent de Gallego,Formigal,10.1,1.1,4.9,0.0,0.0,9.2
2020-02-11,22204 Sallent de Gallego,Formigal,5.1,1.2,3.0,0.2,0.0,17.3
2020-02-12,22204 Sallent de Gallego,Formigal,5.6,-0.2,2.2,0.0,0.0,12.3
2020-02-13,22204 Sallent de Gallego,Formigal,5.2,2.5,3.3,1.5,0.0,9.1
2020-02-14,22204 Sallent de Gallego,Formigal,8.6,0.6,4.1,0.1,0.0,10.9
2020-02-15,22204 Sallent de Gallego,Formigal,9.1,5.2,6.9,0.0,0.0,7.2
2020-02-16,22204 Sallent de Gallego,Formigal,10.6,5.7,8.1,0.0,0.0,8.1
2020-02-17,22204 Sallent de Gallego,Formigal,6.4,-0.9,4.3,0.1,0.0,16.4
2020-02-18,22204 Sallent de Gallego,Formigal,4.7,-4.6,-0.2,0.0,0.0,16.0
2020-02-19,22204 Sallent de Gallego,Formigal,7.3,-3.3,1.0,0.0,0.0,17.4
2020-02-20,22204 Sallent de Gallego,Formigal,9.8,-0.6,5.6,0.0,0.0,8.4
2020-02-21,22204 Sallent de Gallego,Formigal,10.1,-1.5,4.0,0.0,0.0,8.6
2020-02-22,22204 Sallent de Gallego,Formigal,12.8,0.5,5.7,0.0,0.0,10.3
2020-02-23,22204 Sallent de Gallego,Formigal,14.1,1.8,9.1,0.0,0.0,8.8
2020-02-24,22204 Sallent de Gallego,Formigal,13.4,1.1,9.4,0.0,0.0,9.8
2020-02-25,22204 Sallent de Gallego,Formigal,5.4,0.1,2.6,0.7,0.07,15.8
2020-02-26,22204 Sallent de Gallego,Formigal,0.8,-2.6,-1.3,4.0,2.73,17.9
2020-02-27,22204 Sallent de Gallego,Formigal,3.7,-2.4,0.6,5.3,2.31,20.1
2020-02-28,22204 Sallent de Gallego,Formigal,7.7,0.6,3.8,1.4,0.0,12.6
2020-02-29,22204 Sallent de Gallego,Formigal,3.2,-0.5,1.2,7.3,3.08,12.3
2020-03-01,22204 Sallent de Gallego,Formigal,3.2,-1.4,0.3,5.8,3.43,11.8
2020-03-02,22204 Sallent de Gallego,Formigal,1.1,-5.1,-1.4,39.4,22.54,20.9
2020-03-03,22204 Sallent de Gallego,Formigal,0.8,-5.3,-2.5,18.3,12.67,22.6
2020-03-04,22204 Sallent de Gallego,Formigal,6.0,-2.3,1.7,7.7,0.7,18.4
2020-03-05,22204 Sallent de Gallego,Formigal,4.0,-3.7,2.0,16.9,2.94,17.2
2020-03-06,22204 Sallent de Gallego,Formigal,-2.5,-5.7,-3.7,16.2,11.34,20.0
2020-03-07,22204 Sallent de Gallego,Formigal,-0.2,-4.2,-2.1,7.6,5.32,28.2
2020-03-08,22204 Sallent de Gallego,Formigal,4.3,-6.1,0.1,0.1,0.0,11.8
2020-03-09,22204 Sallent de Gallego,Formigal,1.3,-2.8,-0.9,4.9,3.43,22.0
2020-03-10,22204 Sallent de Gallego,Formigal,8.8,-0.7,3.7,1.3,0.21,19.6
2020-03-11,22204 Sallent de Gallego,Formigal,14.3,-0.2,6.8,0.0,0.0,13.7
2020-03-12,22204 Sallent de Gallego,Formigal,13.2,5.8,10.9,1.8,0.0,8.6
2020-03-13,22204 Sallent de Gallego,Formigal,10.7,3.2,6.3,9.4,0.0,11.8
2020-03-14,22204 Sallent de Gallego,Formigal,10.1,-1.6,5.0,0.0,0.0,7.3
2020-03-15,22204 Sallent de Gallego,Formigal,8.2,3.2,5.8,10.8,0.21,12.5
2020-03-16,22204 Sallent de Gallego,Formigal,3.4,0.1,1.4,38.8,22.61,12.2
2020-03-17,22204 Sallent de Gallego,Formigal,6.6,-0.8,3.2,3.7,0.0,8.3
2020-03-18,22204 Sallent de Gallego,Formigal,8.5,-2.7,4.0,5.8,0.0,7.8
2020-03-19,22204 Sallent de Gallego,Formigal,8.9,1.7,5.7,0.0,0.0,11.1
2020-03-20,22204 Sallent de Gallego,Formigal,7.6,-1.1,2.8,0.0,0.0,10.2
2020-03-21,22204 Sallent de Gallego,Formigal,8.2,-0.9,4.1,1.1,0.0,7.4
2020-03-22,22204 Sallent de Gallego,Formigal,5.3,-0.1,2.7,2.8,0.14,6.7
2020-03-23,22204 Sallent de Gallego,Formigal,6.9,0.4,3.1,1.4,0.0,12.1
2020-03-24,22204 Sallent de Gallego,Formigal,6.4,-1.6,2.4,0.2,0.0,6.0
2020-03-25,22204 Sallent de Gallego,Formigal,1.1,-2.4,-0.6,7.6,4.48,7.4
2020-03-26,22204 Sallent de Gallego,Formigal,0.3,-8.1,-3.8,0.6,0.35,13.9
2020-03-27,22204 Sallent de Gallego,Formigal,4.7,-6.8,-0.9,0.0,0.0,5.0
2020-03-28,22204 Sallent de Gallego,Formigal,7.0,-2.5,3.0,0.9,0.07,10.0
2020-03-29,22204 Sallent de Gallego,Formigal,6.3,-2.5,1.8,0.0,0.0,16.5
2020-03-30,22204 Sallent de Gallego,Formigal,-0.2,-5.8,-2.6,0.3,0.21,18.1
2020-03-31,22204 Sallent de Gallego,Formigal,2.6,-3.1,-0.3,9.6,6.37,10.2
2020-04-01,22204 Sallent de Gallego,Formigal,4.9,-2.2,1.1,5.8,0.7,8.1
2020-04-02,22204 Sallent de Gallego,Formigal,6.2,0.2,2.3,2.3,1.33,12.3
2020-04-03,22204 Sallent de Gallego,Formigal,8.1,-2.5,2.4,0.0,0.0,12.4
2020-04-04,22204 Sallent de Gallego,Formigal,9.4,0.4,4.8,0.0,0.0,11.2
2020-04-05,22204 Sallent de Gallego,Formigal,7.9,-3.1,2.5,0.0,0.0,14.5
2020-04-06,22204 Sallent de Gallego,Formigal,7.4,1.5,4.8,3.8,0.0,11.6
2020-04-07,22204 Sallent de Gallego,Formigal,6.3,3.0,4.8,4.8,0.07,9.7
2020-04-08,22204 Sallent de Gallego,Formigal,9.4,1.1,5.5,6.1,0.0,9.3
2020-04-09,22204 Sallent de Gallego,Formigal,10.1,1.0,5.7,0.6,0.0,9.2
2020-04-10,22204 Sallent de Gallego,Formigal,10.1,2.8,6.3,0.4,0.0,12.1
2020-04-11,22204 Sallent de Gallego,Formigal,7.6,2.0,5.2,2.0,0.0,9.2
2020-04-12,22204 Sallent de Gallego,Formigal,7.9,1.2,4.7,0.2,0.0,12.2
2020-04-13,22204 Sallent de Gallego,Formigal,8.8,-0.3,4.8,8.5,0.07,8.1
2020-04-14,22204 Sallent de Gallego,Formigal,9.2,0.1,5.1,3.8,0.0,7.6
2020-04-15,22204 Sallent de Gallego,Formigal,8.7,2.6,5.2,5.7,0.0,21.7
2020-04-16,22204 Sallent de Gallego,Formigal,9.9,4.1,6.1,6.7,0.0,19.1
2020-04-17,22204 Sallent de Gallego,Formigal,8.4,4.8,6.4,10.8,0.0,15.4
2020-04-18,22204 Sallent de Gallego,Formigal,10.2,4.8,7.4,11.0,0.0,9.1
2020-04-19,22204 Sallent de Gallego,Formigal,9.7,4.3,6.9,11.9,0.0,7.4
2020-04-20,22204 Sallent de Gallego,Formigal,10.1,3.9,6.6,5.0,0.0,8.1
2020-04-21,22204 Sallent de Gallego,Formigal,6.7,3.2,5.1,12.7,0.0,14.6
2020-04-22,22204 Sallent de Gallego,Formigal,9.9,3.5,6.5,1.9,0.0,16.2
2020-04-23,22204 Sallent de Gallego,Formigal,9.0,5.1,6.7,8.3,0.0,7.9
2020-04-24,22204 Sallent de Gallego,Formigal,11.3,5.0,7.4,2.7,0.0,9.2
2020-04-25,22204 Sallent de Gallego,Formigal,10.6,2.8,7.6,15.1,0.0,7.8
2020-04-26,22204 Sallent de Gallego,Formigal,9.6,2.6,6.6,9.4,0.0,8.7
2020-04-27,22204 Sallent de Gallego,Formigal,7.1,3.9,5.5,8.7,0.0,10.8
2020-04-28,22204 Sallent de Gallego,Formigal,5.7,0.4,3.5,4.5,0.98,10.1
2020-04-29,22204 Sallent de Gallego,Formigal,8.1,0.8,4.3,3.1,0.0,11.6
2020-04-30,22204 Sallent de Gallego,Formigal,5.8,2.5,4.0,5.2,0.0,12.0
2020-05-01,22204 Sallent de Gallego,Formigal,10.6,3.7,6.8,10.0,0.0,10.7
2020-05-02,22204 Sallent de Gallego,Formigal,13.4,5.6,9.3,0.7,0.0,14.1
2020-05-03,22204 Sallent de Gallego,Formigal,15.6,3.2,10.0,0.0,0.0,10.7
2020-05-04,22204 Sallent de Gallego,Formigal,19.1,10.1,14.6,1.2,0.0,12.0
2020-05-05,22204 Sallent de Gallego,Formigal,13.7,8.2,11.5,0.4,0.0,11.8
2020-05-06,22204 Sallent de Gallego,Formigal,14.9,6.7,11.1,0.0,0.0,11.7
2020-05-07,22204 Sallent de Gallego,Formigal,15.9,7.1,12.3,0.3,0.0,11.5
2020-05-08,22204 Sallent de Gallego,Formigal,14.5,5.9,10.6,0.3,0.0,14.8
2020-05-09,22204 Sallent de Gallego,Formigal,13.4,6.6,9.6,6.3,0.0,12.9
2020-05-10,22204 Sallent de Gallego,Formigal,8.1,3.8,6.1,58.1,2.94,10.3
2020-05-11,22204 Sallent de Gallego,Formigal,7.7,3.5,4.9,15.6,0.0,13.4
2020-05-12,22204 Sallent de Gallego,Formigal,10.8,1.4,5.9,9.2,0.0,12.1
2020-05-13,22204 Sallent de Gallego,Formigal,8.1,3.5,5.9,25.6,0.21,12.2
2020-05-14,22204 Sallent de Gallego,Formigal,9.4,2.5,5.9,16.3,0.0,6.4
2020-05-15,22204 Sallent de Gallego,Formigal,9.6,4.1,6.4,10.6,0.0,8.8
2020-05-16,22204 Sallent de Gallego,Formigal,9.5,3.7,6.2,0.3,0.0,14.9
2020-05-17,22204 Sallent de Gallego,Formigal,13.9,3.2,7.4,0.0,0.0,15.0
2020-05-18,22204 Sallent de Gallego,Formigal,15.2,3.8,8.9,0.0,0.0,12.7
2020-05-19,22204 Sallent de Gallego,Formigal,16.0,4.8,10.4,0.0,0.0,12.6
2020-05-20,22204 Sallent de Gallego,Formigal,18.4,5.5,12.4,0.0,0.0,10.6
2020-05-21,22204 Sallent de Gallego,Formigal,18.6,7.2,13.3,0.0,0.0,8.9
2020-05-22,22204 Sallent de Gallego,Formigal,18.8,9.6,15.9,0.0,0.0,9.8
2020-05-23,22204 Sallent de Gallego,Formigal,17.1,8.8,13.7,2.3,0.0,12.3
2020-05-24,22204 Sallent de Gallego,Formigal,16.7,7.3,12.1,0.0,0.0,10.2
2020-05-25,22204 Sallent de Gallego,Formigal,14.8,10.2,12.4,7.1,0.0,10.3
2020-05-26,22204 Sallent de Gallego,Formigal,16.6,7.8,12.6,2.5,0.0,7.7
2020-05-27,22204 Sallent de Gallego,Formigal,15.1,8.4,12.7,14.0,0.0,7.8
2020-05-28,22204 Sallent de Gallego,Formigal,15.5,8.8,12.4,3.9,0.0,7.4
2020-05-29,22204 Sallent de Gallego,Formigal,18.2,9.3,13.8,0.0,0.0,8.9
2020-05-30,22204 Sallent de Gallego,Formigal,16.5,8.9,13.1,0.6,0.0,8.7
2020-05-31,22204 Sallent de Gallego,Formigal,16.6,9.2,12.9,4.0,0.0,7.9
2020-06-01,22204 Sallent de Gallego,Formigal,15.4,8.2,11.6,10.2,0.0,8.0
2020-06-02,22204 Sallent de Gallego,Formigal,16.6,6.8,12.3,1.5,0.0,10.4
2020-06-03,22204 Sallent de Gallego,Formigal,13.6,7.8,10.7,7.2,0.0,8.3
2020-06-04,22204 Sallent de Gallego,Formigal,9.4,4.2,7.0,1.7,0.0,16.9
2020-06-05,22204 Sallent de Gallego,Formigal,12.9,2.3,7.3,0.4,0.0,17.2
2020-06-06,22204 Sallent de Gallego,Formigal,13.6,6.4,10.4,7.2,0.0,9.4
2020-06-07,22204 Sallent de Gallego,Formigal,9.9,3.2,7.4,3.8,0.0,13.7
2020-06-08,22204 Sallent de Gallego,Formigal,9.6,2.5,5.5,0.2,0.0,15.7
2020-06-09,22204 Sallent de Gallego,Formigal,9.9,2.8,5.7,0.5,0.0,13.9
2020-06-10,22204 Sallent de Gallego,Formigal,12.4,3.8,7.2,1.4,0.0,10.2
2020-06-11,22204 Sallent de Gallego,Formigal,7.7,5.3,6.1,20.0,0.0,12.2
2020-06-12,22204 Sallent de Gallego,Formigal,7.2,3.2,5.3,13.6,0.0,13.4
2020-06-13,22204 Sallent de Gallego,Formigal,9.7,4.2,6.7,3.2,0.0,9.8
2020-06-14,22204 Sallent de Gallego,Formigal,11.4,3.0,7.6,2.3,0.0,9.4
2020-06-15,22204 Sallent de Gallego,Formigal,12.6,5.4,9.5,0.4,0.0,10.9
2020-06-16,22204 Sallent de Gallego,Formigal,10.8,4.8,8.2,7.6,0.0,8.9
2020-06-17,22204 Sallent de Gallego,Formigal,10.3,2.0,6.9,0.2,0.0,10.6
2020-06-18,22204 Sallent de Gallego,Formigal,10.9,3.4,7.3,4.4,0.21,9.4
2020-06-19,22204 Sallent de Gallego,Formigal,14.1,3.3,9.7,0.6,0.0,8.0
2020-06-20,22204 Sallent de Gallego,Formigal,16.5,6.5,11.9,0.5,0.0,10.1
2020-06-21,22204 Sallent de Gallego,Formigal,18.9,7.8,13.4,0.1,0.0,15.8
2020-06-22,22204 Sallent de Gallego,Formigal,20.0,8.2,14.8,0.3,0.0,14.8
2020-06-23,22204 Sallent de Gallego,Formigal,20.4,12.9,17.2,0.0,0.0,7.6
2020-06-24,22204 Sallent de Gallego,Formigal,21.2,10.6,16.9,1.5,0.0,6.5
2020-06-25,22204 Sallent de Gallego,Formigal,19.6,10.1,16.1,3.9,0.0,10.9
2020-06-26,22204 Sallent de Gallego,Formigal,17.5,10.0,13.9,5.5,0.0,12.8
2020-06-27,22204 Sallent de Gallego,Formigal,17.9,9.2,13.7,0.0,0.0,9.4
2020-06-28,22204 Sallent de Gallego,Formigal,17.6,11.4,15.4,2.6,0.0,8.0
2020-06-29,22204 Sallent de Gallego,Formigal,19.1,11.4,16.3,0.1,0.0,10.2
2020-06-30,22204 Sallent de Gallego,Formigal,19.1,9.9,14.8,0.8,0.0,8.3
2020-07-01,22204 Sallent de Gallego,Formigal,19.5,12.4,16.4,3.0,0.0,10.1
2020-07-02,22204 Sallent de Gallego,Formigal,17.2,9.9,14.1,7.6,0.0,12.2
2020-07-03,22204 Sallent de Gallego,Formigal,16.9,7.7,11.9,0.0,0.0,12.9
2020-07-04,22204 Sallent de Gallego,Formigal,20.1,6.9,14.6,0.0,0.0,10.5
2020-07-05,22204 Sallent de Gallego,Formigal,21.6,10.7,16.9,0.6,0.0,8.7
2020-07-06,22204 Sallent de Gallego,Formigal,21.9,12.2,16.7,0.0,0.0,14.5
2020-07-07,22204 Sallent de Gallego,Formigal,21.5,9.0,16.3,0.0,0.0,14.6
2020-07-08,22204 Sallent de Gallego,Formigal,22.6,15.0,18.8,0.0,0.0,12.4
2020-07-09,22204 Sallent de Gallego,Formigal,20.3,13.1,17.2,2.2,0.0,7.9
2020-07-10,22204 Sallent de Gallego,Formigal,19.7,10.4,15.1,14.5,0.0,12.2
2020-07-11,22204 Sallent de Gallego,Formigal,19.0,14.6,16.7,2.3,0.0,9.6
2020-07-12,22204 Sallent de Gallego,Formigal,19.5,11.1,15.4,3.3,0.0,10.0
2020-07-13,22204 Sallent de Gallego,Formigal,18.2,10.1,13.9,7.0,0.0,13.2
2020-07-14,22204 Sallent de Gallego,Formigal,16.4,8.8,12.4,5.6,0.0,8.8
2020-07-15,22204 Sallent de Gallego,Formigal,15.1,8.9,11.8,0.0,0.0,14.1
2020-07-16,22204 Sallent de Gallego,Formigal,20.4,8.1,14.5,0.1,0.0,11.6
2020-07-17,22204 Sallent de Gallego,Formigal,19.6,7.9,13.8,0.0,0.0,13.7
2020-07-18,22204 Sallent de Gallego,Formigal,22.5,7.9,16.1,0.0,0.0,11.6
2020-07-19,22204 Sallent de Gallego,Formigal,22.3,14.6,18.7,0.0,0.0,9.4
2020-07-20,22204 Sallent de Gallego,Formigal,21.2,13.6,18.3,0.4,0.0,10.5
2020-07-21,22204 Sallent de Gallego,Formigal,22.4,11.9,17.9,0.3,0.0,9.4
2020-07-22,22204 Sallent de Gallego,Formigal,22.0,13.9,18.8,0.3,0.0,13.1
2020-07-23,22204 Sallent de Gallego,Formigal,21.3,11.5,17.6,0.3,0.0,11.3
2020-07-24,22204 Sallent de Gallego,Formigal,21.0,11.9,17.0,0.0,0.0,12.5
2020-07-25,22204 Sallent de Gallego,Formigal,21.9,9.4,16.6,0.0,0.0,10.2
2020-07-26,22204 Sallent de Gallego,Formigal,22.6,14.9,18.7,0.0,0.0,10.7
2020-07-27,22204 Sallent de Gallego,Formigal,25.9,14.7,21.2,0.1,0.0,11.3
2020-07-28,22204 Sallent de Gallego,Formigal,24.0,14.9,19.8,0.0,0.0,14.2
2020-07-29,22204 Sallent de Gallego,Formigal,23.2,14.7,19.0,0.3,0.0,12.4
2020-07-30,22204 Sallent de Gallego,Formigal,26.5,14.3,20.7,0.1,0.0,13.9
2020-07-31,22204 Sallent de Gallego,Formigal,25.8,15.6,21.3,0.0,0.0,13.1
2020-08-01,22204 Sallent de Gallego,Formigal,24.5,14.4,19.7,0.2,0.0,13.0
2020-08-02,22204 Sallent de Gallego,Formigal,21.9,10.9,16.5,0.0,0.0,17.3
2020-08-03,22204 Sallent de Gallego,Formigal,19.3,9.6,13.7,0.0,0.0,17.1
2020-08-04,22204 Sallent de Gallego,Formigal,21.1,8.6,14.1,0.0,0.0,16.5
2020-08-05,22204 Sallent de Gallego,Formigal,24.2,11.6,18.5,0.0,0.0,10.9
2020-08-06,22204 Sallent de Gallego,Formigal,25.2,17.0,21.1,0.0,0.0,11.6
2020-08-07,22204 Sallent de Gallego,Formigal,27.7,16.1,22.2,1.0,0.0,11.1
2020-08-08,22204 Sallent de Gallego,Formigal,27.5,15.0,21.4,1.1,0.0,12.0
2020-08-09,22204 Sallent de Gallego,Formigal,25.1,16.6,20.7,0.6,0.0,12.8
2020-08-10,22204 Sallent de Gallego,Formigal,23.6,15.6,19.5,1.7,0.0,15.2
2020-08-11,22204 Sallent de Gallego,Formigal,22.9,13.9,18.1,0.7,0.0,17.1
2020-08-12,22204 Sallent de Gallego,Formigal,16.5,11.1,14.3,7.6,0.0,17.1
2020-08-13,22204 Sallent de Gallego,Formigal,16.6,10.8,13.9,4.6,0.0,8.3
2020-08-14,22204 Sallent de Gallego,Formigal,18.7,9.9,14.2,1.3,0.0,12.1
2020-08-15,22204 Sallent de Gallego,Formigal,18.7,11.5,14.9,7.6,0.0,12.3
2020-08-16,22204 Sallent de Gallego,Formigal,16.5,10.4,13.2,9.9,0.0,11.8
2020-08-17,22204 Sallent de Gallego,Formigal,16.8,7.4,12.5,6.7,0.0,11.3
2020-08-18,22204 Sallent de Gallego,Formigal,16.2,9.3,12.9,1.4,0.0,8.7
2020-08-19,22204 Sallent de Gallego,Formigal,21.0,10.5,16.7,0.0,0.0,12.6
2020-08-20,22204 Sallent de Gallego,Formigal,22.9,13.1,18.2,0.0,0.0,17.9
2020-08-21,22204 Sallent de Gallego,Formigal,22.5,12.0,17.7,0.0,0.0,13.0
2020-08-22,22204 Sallent de Gallego,Formigal,21.6,13.4,17.7,0.2,0.0,12.3
2020-08-23,22204 Sallent de Gallego,Formigal,20.9,10.4,15.2,0.0,0.0,12.2
2020-08-24,22204 Sallent de Gallego,Formigal,20.4,7.8,14.3,0.0,0.0,12.0
2020-08-25,22204 Sallent de Gallego,Formigal,23.4,15.9,19.2,0.0,0.0,10.8
2020-08-26,22204 Sallent de Gallego,Formigal,23.6,17.1,20.0,0.0,0.0,11.2
2020-08-27,22204 Sallent de Gallego,Formigal,24.1,11.9,18.8,0.0,0.0,12.6
2020-08-28,22204 Sallent de Gallego,Formigal,16.4,9.1,13.7,22.7,0.0,12.0
2020-08-29,22204 Sallent de Gallego,Formigal,11.6,5.1,8.4,0.2,0.0,16.9
2020-08-30,22204 Sallent de Gallego,Formigal,10.9,2.6,6.5,1.8,0.0,16.4
2020-08-31,22204 Sallent de Gallego,Formigal,15.4,4.0,9.8,0.0,0.0,13.0
2020-09-01,22204 Sallent de Gallego,Formigal,16.8,8.4,12.0,0.0,0.0,12.2
2020-09-02,22204 Sallent de Gallego,Formigal,17.8,5.4,11.4,0.0,0.0,10.6
2020-09-03,22204 Sallent de Gallego,Formigal,20.7,8.4,15.3,0.0,0.0,10.0
2020-09-04,22204 Sallent de Gallego,Formigal,21.5,15.5,17.9,0.0,0.0,9.1
2020-09-05,22204 Sallent de Gallego,Formigal,22.2,10.9,16.8,0.0,0.0,12.0
2020-09-06,22204 Sallent de Gallego,Formigal,20.5,9.1,14.4,0.1,0.0,17.2
2020-09-07,22204 Sallent de Gallego,Formigal,13.3,5.3,8.6,0.1,0.0,19.4
2020-09-08,22204 Sallent de Gallego,Formigal,18.4,3.3,11.1,0.0,0.0,14.8
2020-09-09,22204 Sallent de Gallego,Formigal,17.4,9.2,13.2,0.6,0.0,8.9
2020-09-10,22204 Sallent de Gallego,Formigal,18.2,7.8,12.6,0.0,0.0,10.4
2020-09-11,22204 Sallent de Gallego,Formigal,20.4,7.9,14.2,1.4,0.0,9.9
2020-09-12,22204 Sallent de Gallego,Formigal,21.5,9.1,15.2,0.0,0.0,11.4
2020-09-13,22204 Sallent de Gallego,Formigal,21.2,12.8,17.1,0.0,0.0,9.6
2020-09-14,22204 Sallent de Gallego,Formigal,21.0,11.9,16.3,0.0,0.0,12.2
2020-09-15,22204 Sallent de Gallego,Formigal,19.1,11.4,14.4,3.8,0.0,10.5
2020-09-16,22204 Sallent de Gallego,Formigal,20.6,11.7,16.8,0.5,0.0,7.8
2020-09-17,22204 Sallent de Gallego,Formigal,19.3,13.2,16.1,0.1,0.0,15.5
2020-09-18,22204 Sallent de Gallego,Formigal,13.4,10.6,11.9,14.9,0.0,17.9
2020-09-19,22204 Sallent de Gallego,Formigal,10.8,8.5,9.5,52.8,0.0,15.5
2020-09-20,22204 Sallent de Gallego,Formigal,14.4,6.3,10.2,0.1,0.0,11.4
2020-09-21,22204 Sallent de Gallego,Formigal,13.2,7.4,10.2,8.1,0.0,10.7
2020-09-22,22204 Sallent de Gallego,Formigal,12.4,7.7,9.9,3.9,0.0,8.3
2020-09-23,22204 Sallent de Gallego,Formigal,13.2,7.2,10.0,3.6,0.0,10.1
2020-09-24,22204 Sallent de Gallego,Formigal,10.4,6.2,8.7,7.8,0.0,9.4
2020-09-25,22204 Sallent de Gallego,Formigal,5.8,0.8,2.0,26.3,15.75,16.1
2020-09-26,22204 Sallent de Gallego,Formigal,4.4,0.9,2.5,18.3,5.04,17.6
2020-09-27,22204 Sallent de Gallego,Formigal,4.3,-1.8,1.4,2.3,0.0,28.9
2020-09-28,22204 Sallent de Gallego,Formigal,12.2,2.0,6.1,0.0,0.0,13.6
2020-09-29,22204 Sallent de Gallego,Formigal,13.4,6.1,10.6,0.0,0.0,5.9
2020-09-30,22204 Sallent de Gallego,Formigal,14.4,5.9,10.8,0.0,0.0,6.9
2020-10-01,22204 Sallent de Gallego,Formigal,11.7,5.5,9.8,0.3,0.0,11.0
2020-10-02,22204 Sallent de Gallego,Formigal,6.6,-0.9,3.3,41.8,2.73,16.0
2020-10-03,22204 Sallent de Gallego,Formigal,1.0,-2.2,-0.0,26.1,17.57,8.1
2020-10-04,22204 Sallent de Gallego,Formigal,2.3,-2.3,0.7,8.9,4.55,9.7
2020-10-05,22204 Sallent de Gallego,Formigal,3.9,-1.8,0.9,2.3,1.54,10.6
2020-10-06,22204 Sallent de Gallego,Formigal,10.6,-1.3,5.7,4.8,0.0,10.0
2020-10-07,22204 Sallent de Gallego,Formigal,10.6,6.2,8.5,1.5,0.0,15.5
2020-10-08,22204 Sallent de Gallego,Formigal,13.6,4.0,10.4,0.0,0.0,8.1
2020-10-09,22204 Sallent de Gallego,Formigal,14.4,6.3,11.6,0.0,0.0,8.8
2020-10-10,22204 Sallent de Gallego,Formigal,10.5,2.8,6.2,0.0,0.0,19.6
2020-10-11,22204 Sallent de Gallego,Formigal,3.2,-0.4,1.3,6.0,4.13,20.7
2020-10-12,22204 Sallent de Gallego,Formigal,2.8,-0.4,0.9,2.6,1.19,13.4
2020-10-13,22204 Sallent de Gallego,Formigal,5.1,1.5,3.4,1.7,0.0,14.8
2020-10-14,22204 Sallent de Gallego,Formigal,2.0,-1.3,0.4,4.8,3.08,15.9
2020-10-15,22204 Sallent de Gallego,Formigal,1.4,-2.6,-1.0,0.5,0.35,16.9
2020-10-16,22204 Sallent de Gallego,Formigal,5.7,-6.8,-0.5,0.0,0.0,14.9
2020-10-17,22204 Sallent de Gallego,Formigal,7.6,-0.2,3.4,0.0,0.0,6.3
2020-10-18,22204 Sallent de Gallego,Formigal,11.4,-1.2,5.5,0.0,0.0,8.9
2020-10-19,22204 Sallent de Gallego,Formigal,10.8,2.9,8.0,0.0,0.0,12.1
2020-10-20,22204 Sallent de Gallego,Formigal,7.3,3.9,6.4,14.2,0.0,19.5
2020-10-21,22204 Sallent de Gallego,Formigal,8.8,6.2,7.4,15.5,0.0,21.6
2020-10-22,22204 Sallent de Gallego,Formigal,9.4,6.7,7.6,32.6,0.0,15.7
2020-10-23,22204 Sallent de Gallego,Formigal,6.8,2.5,5.1,19.1,0.07,9.9
2020-10-24,22204 Sallent de Gallego,Formigal,8.5,-0.7,4.3,0.0,0.0,7.3
2020-10-25,22204 Sallent de Gallego,Formigal,6.1,3.4,4.4,26.8,0.07,12.3
2020-10-26,22204 Sallent de Gallego,Formigal,2.5,-0.9,0.7,3.7,1.47,15.7
2020-10-27,22204 Sallent de Gallego,Formigal,6.4,-0.3,2.9,1.2,0.7,9.8
2020-10-28,22204 Sallent de Gallego,Formigal,8.1,1.3,5.7,0.5,0.0,7.3
2020-10-29,22204 Sallent de Gallego,Formigal,11.8,0.8,6.0,0.0,0.0,10.4
2020-10-30,22204 Sallent de Gallego,Formigal,14.6,7.4,12.4,0.0,0.0,5.5
2020-10-31,22204 Sallent de Gallego,Formigal,14.6,4.4,12.0,0.0,0.0,7.3
2020-11-01,22204 Sallent de Gallego,Formigal,14.4,6.1,10.9,0.0,0.0,6.7
2020-11-02,22204 Sallent de Gallego,Formigal,12.8,7.5,10.9,0.0,0.0,6.8
2020-11-03,22204 Sallent de Gallego,Formigal,10.1,2.1,6.5,5.3,0.0,15.7
2020-11-04,22204 Sallent de Gallego,Formigal,4.2,0.4,2.0,1.2,0.42,13.1
2020-11-05,22204 Sallent de Gallego,Formigal,8.9,0.0,4.6,0.1,0.0,11.2
2020-11-06,22204 Sallent de Gallego,Formigal,8.6,4.3,6.4,6.1,0.0,17.8
2020-11-07,22204 Sallent de Gallego,Formigal,7.6,4.4,5.8,31.6,0.0,18.6
2020-11-08,22204 Sallent de Gallego,Formigal,7.7,3.2,5.2,1.6,0.0,12.2
2020-11-09,22204 Sallent de Gallego,Formigal,7.4,1.8,5.1,0.5,0.0,6.0
2020-11-10,22204 Sallent de Gallego,Formigal,8.6,0.4,4.1,0.2,0.0,7.9
2020-11-11,22204 Sallent de Gallego,Formigal,7.3,0.4,4.7,0.0,0.0,8.0
2020-11-12,22204 Sallent de Gallego,Formigal,9.7,3.0,6.4,0.0,0.0,6.9
2020-11-13,22204 Sallent de Gallego,Formigal,8.9,3.7,6.6,1.7,0.42,6.6
2020-11-14,22204 Sallent de Gallego,Formigal,7.5,3.7,5.9,0.4,0.0,8.6
2020-11-15,22204 Sallent de Gallego,Formigal,8.9,5.4,6.5,6.9,0.0,6.9
2020-11-16,22204 Sallent de Gallego,Formigal,9.6,1.8,5.6,3.0,0.0,12.1
2020-11-17,22204 Sallent de Gallego,Formigal,12.6,1.6,8.9,0.0,0.0,5.8
2020-11-18,22204 Sallent de Gallego,Formigal,12.9,4.8,9.9,0.0,0.0,9.1
2020-11-19,22204 Sallent de Gallego,Formigal,10.3,0.0,5.5,0.0,0.0,18.6
2020-11-20,22204 Sallent de Gallego,Formigal,5.8,-2.0,0.9,0.0,0.0,19.5
2020-11-21,22204 Sallent de Gallego,Formigal,8.6,-1.8,3.1,0.0,0.0,12.4
2020-11-22,22204 Sallent de Gallego,Formigal,11.1,7.2,8.8,0.0,0.0,5.6
2020-11-23,22204 Sallent de Gallego,Formigal,9.3,4.0,7.4,0.0,0.0,4.3
2020-11-24,22204 Sallent de Gallego,Formigal,8.4,3.7,6.5,0.0,0.0,6.5
2020-11-25,22204 Sallent de Gallego,Formigal,3.8,-0.3,2.0,0.0,0.0,13.8
2020-11-26,22204 Sallent de Gallego,Formigal,5.2,-1.8,1.8,1.7,0.0,16.5
2020-11-27,22204 Sallent de Gallego,Formigal,6.3,1.0,3.3,2.6,0.07,10.1
2020-11-28,22204 Sallent de Gallego,Formigal,6.3,0.1,3.4,0.9,0.0,8.9
2020-11-29,22204 Sallent de Gallego,Formigal,6.2,-0.1,3.6,0.0,0.0,5.5
2020-11-30,22204 Sallent de Gallego,Formigal,8.9,0.0,4.9,0.0,0.0,8.3
2020-12-01,22204 Sallent de Gallego,Formigal,4.3,-1.4,1.1,1.4,0.91,15.1
2020-12-02,22204 Sallent de Gallego,Formigal,0.3,-5.8,-3.8,0.2,0.14,25.6
2020-12-03,22204 Sallent de Gallego,Formigal,2.8,-4.8,-1.2,2.0,1.4,16.0
2020-12-04,22204 Sallent de Gallego,Formigal,-2.1,-6.6,-4.4,19.8,13.72,10.4
2020-12-05,22204 Sallent de Gallego,Formigal,-3.7,-14.0,-6.6,6.1,4.27,10.9
2020-12-06,22204 Sallent de Gallego,Formigal,-2.6,-7.6,-4.5,10.8,7.56,11.0
2020-12-07,22204 Sallent de Gallego,Formigal,-1.5,-4.7,-3.2,24.1,17.08,8.0
2020-12-08,22204 Sallent de Gallego,Formigal,-2.8,-5.8,-4.0,13.8,9.66,17.5
2020-12-09,22204 Sallent de Gallego,Formigal,-2.4,-6.2,-4.3,2.1,1.47,17.0
2020-12-10,22204 Sallent de Gallego,Formigal,0.6,-5.2,-1.2,23.8,16.66,12.0
2020-12-11,22204 Sallent de Gallego,Formigal,2.8,-2.4,1.4,34.2,7.42,9.4
2020-12-12,22204 Sallent de Gallego,Formigal,0.7,-2.3,-0.7,18.0,12.6,19.9
2020-12-13,22204 Sallent de Gallego,Formigal,7.1,-1.2,3.4,0.0,0.0,17.0
2020-12-14,22204 Sallent de Gallego,Formigal,7.8,1.9,4.2,3.2,0.0,9.7
2020-12-15,22204 Sallent de Gallego,Formigal,2.7,-3.9,0.7,8.6,1.47,8.6
2020-12-16,22204 Sallent de Gallego,Formigal,3.3,-3.4,-0.1,0.0,0.0,9.8
2020-12-17,22204 Sallent de Gallego,Formigal,3.9,-1.1,2.2,0.0,0.0,5.5
2020-12-18,22204 Sallent de Gallego,Formigal,2.2,-3.2,0.3,0.0,0.0,10.5
2020-12-19,22204 Sallent de Gallego,Formigal,1.7,-2.2,0.1,4.1,1.05,12.0
2020-12-20,22204 Sallent de Gallego,Formigal,2.2,-3.4,-0.2,2.4,1.61,9.4
2020-12-21,22204 Sallent de Gallego,Formigal,5.9,-0.9,2.4,1.2,0.0,9.5
2020-12-22,22204 Sallent de Gallego,Formigal,8.6,0.3,7.0,0.0,0.0,6.8
2020-12-23,22204 Sallent de Gallego,Formigal,6.9,1.6,4.7,0.4,0.0,9.3
2020-12-24,22204 Sallent de Gallego,Formigal,0.5,-2.9,-1.2,0.2,0.14,11.0
2020-12-25,22204 Sallent de Gallego,Formigal,-2.2,-10.3,-6.4,2.4,1.68,21.3
2020-12-26,22204 Sallent de Gallego,Formigal,-3.7,-9.9,-7.2,0.0,0.0,28.0
2020-12-27,22204 Sallent de Gallego,Formigal,3.2,-6.9,-2.3,0.7,0.49,11.7
2020-12-28,22204 Sallent de Gallego,Formigal,-4.4,-6.6,-5.2,37.6,26.39,9.8
2020-12-29,22204 Sallent de Gallego,Formigal,-4.3,-7.9,-5.6,7.3,5.11,8.1
2020-12-30,22204 Sallent de Gallego,Formigal,-2.8,-6.8,-5.2,6.3,4.41,10.5
2020-12-31,22204 Sallent de Gallego,Formigal,-2.9,-5.1,-3.8,7.0,4.9,6.9
2021-01-01,22204 Sallent de Gallego,Formigal,-3.7,-8.6,-5.7,1.0,0.7,10.0
2021-01-02,22204 Sallent de Gallego,Formigal,-6.4,-10.6,-8.4,0.1,0.07,22.0
2021-01-03,22204 Sallent de Gallego,Formigal,-5.8,-10.1,-8.0,1.2,0.84,21.4
2021-01-04,22204 Sallent de Gallego,Formigal,-7.1,-12.9,-9.0,2.4,1.61,6.8
2021-01-05,22204 Sallent de Gallego,Formigal,-6.7,-13.3,-10.2,0.0,0.0,9.5
2021-01-06,22204 Sallent de Gallego,Formigal,-4.5,-13.6,-9.0,0.0,0.0,6.4
2021-01-07,22204 Sallent de Gallego,Formigal,-5.3,-15.2,-7.9,0.0,0.0,5.9
2021-01-08,22204 Sallent de Gallego,Formigal,-4.2,-15.6,-10.8,0.0,0.0,7.2
2021-01-09,22204 Sallent de Gallego,Formigal,-4.1,-10.5,-7.3,8.7,6.09,6.0
2021-01-10,22204 Sallent de Gallego,Formigal,-2.0,-8.6,-5.7,3.6,2.52,12.6
2021-01-11,22204 Sallent de Gallego,Formigal,-3.6,-10.9,-8.7,0.0,0.0,12.3
2021-01-12,22204 Sallent de Gallego,Formigal,-1.4,-9.6,-5.7,0.0,0.0,17.6
2021-01-13,22204 Sallent de Gallego,Formigal,2.8,-2.8,-1.3,0.0,0.0,19.2
2021-01-14,22204 Sallent de Gallego,Formigal,2.1,-3.1,-1.0,0.3,0.21,21.2
2021-01-15,22204 Sallent de Gallego,Formigal,-0.6,-4.9,-2.3,0.7,0.49,32.0
2021-01-16,22204 Sallent de Gallego,Formigal,1.8,-6.8,-2.4,0.0,0.0,30.8
2021-01-17,22204 Sallent de Gallego,Formigal,2.6,-2.8,0.5,3.5,1.4,14.8
2021-01-18,22204 Sallent de Gallego,Formigal,3.6,-4.6,-0.7,0.0,0.0,9.3
2021-01-19,22204 Sallent de Gallego,Formigal,3.0,-0.9,1.8,0.0,0.0,10.6
2021-01-20,22204 Sallent de Gallego,Formigal,1.5,-5.5,-2.5,10.6,7.42,14.7
2021-01-21,22204 Sallent de Gallego,Formigal,0.1,-2.0,-0.4,14.8,9.87,8.4
2021-01-22,22204 Sallent de Gallego,Formigal,0.2,-4.3,-1.7,34.2,22.54,18.0
2021-01-23,22204 Sallent de Gallego,Formigal,-2.2,-4.0,-3.2,24.7,17.29,11.0
2021-01-24,22204 Sallent de Gallego,Formigal,-0.6,-4.2,-2.2,10.0,7.0,12.8
2021-01-25,22204 Sallent de Gallego,Formigal,1.6,-4.7,-1.1,5.8,4.06,13.7
2021-01-26,22204 Sallent de Gallego,Formigal,3.2,-5.1,-1.2,0.0,0.0,11.5
2021-01-27,22204 Sallent de Gallego,Formigal,6.0,1.1,3.8,3.1,0.0,11.7
2021-01-28,22204 Sallent de Gallego,Formigal,9.2,0.7,4.5,0.0,0.0,11.4
2021-01-29,22204 Sallent de Gallego,Formigal,5.3,-1.1,2.6,2.7,0.0,12.1
2021-01-30,22204 Sallent de Gallego,Formigal,4.3,-2.0,0.9,17.1,10.22,12.0
2021-01-31,22204 Sallent de Gallego,Formigal,3.1,-1.7,0.4,23.4,15.26,15.6
2021-02-01,22204 Sallent de Gallego,Formigal,2.4,0.2,1.2,28.6,16.31,18.2
2021-02-02,22204 Sallent de Gallego,Formigal,5.8,-0.1,3.0,0.5,0.0,11.9
2021-02-03,22204 Sallent de Gallego,Formigal,4.8,0.1,2.4,3.8,0.0,11.0
2021-02-04,22204 Sallent de Gallego,Formigal,5.5,-0.6,2.4,0.8,0.0,11.3
2021-02-05,22204 Sallent de Gallego,Formigal,6.7,-1.0,2.9,2.6,0.0,12.7
2021-02-06,22204 Sallent de Gallego,Formigal,1.8,-1.2,0.3,12.2,7.7,16.2
2021-02-07,22204 Sallent de Gallego,Formigal,-0.8,-4.4,-2.5,0.8,0.56,15.5
2021-02-08,22204 Sallent de Gallego,Formigal,-0.6,-3.5,-1.5,6.7,4.62,7.6
2021-02-09,22204 Sallent de Gallego,Formigal,-0.9,-2.0,-1.4,25.3,17.71,12.7
2021-02-10,22204 Sallent de Gallego,Formigal,-0.3,-2.9,-1.8,4.9,3.43,14.3
2021-02-11,22204 Sallent de Gallego,Formigal,4.9,-4.0,0.2,0.0,0.0,10.1
2021-02-12,22204 Sallent de Gallego,Formigal,4.4,0.9,2.3,12.4,1.68,21.3
2021-02-13,22204 Sallent de Gallego,Formigal,4.1,-1.6,1.0,0.5,0.28,15.9
2021-02-14,22204 Sallent de Gallego,Formigal,4.3,-3.2,0.7,0.0,0.0,9.4
2021-02-15,22204 Sallent de Gallego,Formigal,3.7,-2.5,0.5,0.0,0.0,5.9
2021-02-16,22204 Sallent de Gallego,Formigal,6.8,-0.8,4.4,0.0,0.0,6.8
2021-02-17,22204 Sallent de Gallego,Formigal,4.3,0.0,2.6,0.1,0.0,8.8
2021-02-18,22204 Sallent de Gallego,Formigal,5.6,-0.2,2.5,0.3,0.0,16.0
2021-02-19,22204 Sallent de Gallego,Formigal,4.4,0.1,2.7,0.0,0.0,11.9
2021-02-20,22204 Sallent de Gallego,Formigal,6.1,-0.6,2.3,0.0,0.0,13.8
2021-02-21,22204 Sallent de Gallego,Formigal,5.3,-0.1,2.3,0.5,0.0,17.4
2021-02-22,22204 Sallent de Gallego,Formigal,2.3,0.1,1.1,23.7,9.31,16.1
2021-02-23,22204 Sallent de Gallego,Formigal,3.8,-1.1,1.1,0.3,0.0,14.1
2021-02-24,22204 Sallent de Gallego,Formigal,6.3,-0.9,1.7,0.0,0.0,15.6
2021-02-25,22204 Sallent de Gallego,Formigal,6.1,-0.9,2.5,0.0,0.0,10.1
2021-02-26,22204 Sallent de Gallego,Formigal,7.9,-1.5,5.3,0.0,0.0,7.4
2021-02-27,22204 Sallent de Gallego,Formigal,7.6,-1.7,1.6,0.0,0.0,9.3
2021-02-28,22204 Sallent de Gallego,Formigal,4.0,-3.0,-0.2,12.8,8.89,10.5
2021-03-01,22204 Sallent de Gallego,Formigal,4.5,-3.2,0.1,0.0,0.0,10.7
2021-03-02,22204 Sallent de Gallego,Formigal,4.2,-2.2,0.9,0.0,0.0,11.6
2021-03-03,22204 Sallent de Gallego,Formigal,5.8,-0.7,2.9,0.0,0.0,7.3
2021-03-04,22204 Sallent de Gallego,Formigal,5.1,-0.4,3.0,0.0,0.0,5.0
2021-03-05,22204 Sallent de Gallego,Formigal,5.1,-2.6,1.1,0.0,0.0,5.9
2021-03-06,22204 Sallent de Gallego,Formigal,1.1,-1.5,0.1,4.6,2.59,7.7
2021-03-07,22204 Sallent de Gallego,Formigal,2.2,-2.3,0.0,0.7,0.42,8.0
2021-03-08,22204 Sallent de Gallego,Formigal,2.5,-2.9,-0.3,0.2,0.14,7.0
2021-03-09,22204 Sallent de Gallego,Formigal,1.0,-3.0,-1.2,0.0,0.0,11.9
2021-03-10,22204 Sallent de Gallego,Formigal,4.5,-6.1,0.0,0.0,0.0,10.8
2021-03-11,22204 Sallent de Gallego,Formigal,7.3,1.8,4.2,0.1,0.0,8.0
2021-03-12,22204 Sallent de Gallego,Formigal,3.2,-3.2,0.4,0.2,0.0,15.0
2021-03-13,22204 Sallent de Gallego,Formigal,2.8,-4.7,-1.3,0.0,0.0,10.8
2021-03-14,22204 Sallent de Gallego,Formigal,0.4,-3.2,-1.1,3.0,2.1,20.3
2021-03-15,22204 Sallent de Gallego,Formigal,2.0,-3.7,-1.0,0.0,0.0,17.5
2021-03-16,22204 Sallent de Gallego,Formigal,3.2,-2.7,0.2,0.0,0.0,17.7
2021-03-17,22204 Sallent de Gallego,Formigal,2.5,-2.3,0.6,0.3,0.21,30.3
2021-03-18,22204 Sallent de Gallego,Formigal,-0.1,-5.8,-2.9,1.5,1.05,17.0
2021-03-19,22204 Sallent de Gallego,Formigal,-2.2,-6.2,-4.1,6.1,4.27,14.0
2021-03-20,22204 Sallent de Gallego,Formigal,-3.2,-8.4,-5.8,0.6,0.35,19.1
2021-03-21,22204 Sallent de Gallego,Formigal,-1.4,-7.4,-4.3,0.0,0.0,19.6
2021-03-22,22204 Sallent de Gallego,Formigal,1.6,-4.4,-2.1,0.0,0.0,14.2
2021-03-23,22204 Sallent de Gallego,Formigal,7.7,-4.9,0.9,0.0,0.0,9.9
2021-03-24,22204 Sallent de Gallego,Formigal,8.2,-1.5,4.9,0.0,0.0,4.8
2021-03-25,22204 Sallent de Gallego,Formigal,7.1,-2.2,2.8,0.0,0.0,8.9
2021-03-26,22204 Sallent de Gallego,Formigal,7.0,0.8,4.7,0.0,0.0,11.8
2021-03-27,22204 Sallent de Gallego,Formigal,5.8,-1.8,1.8,0.0,0.0,13.4
2021-03-28,22204 Sallent de Gallego,Formigal,8.1,-3.1,4.1,0.0,0.0,8.6
2021-03-29,22204 Sallent de Gallego,Formigal,9.7,1.6,5.9,0.0,0.0,13.5
2021-03-30,22204 Sallent de Gallego,Formigal,10.1,1.3,6.0,0.0,0.0,11.6
2021-03-31,22204 Sallent de Gallego,Formigal,11.1,3.7,8.4,0.0,0.0,9.1
2021-04-01,22204 Sallent de Gallego,Formigal,11.1,2.5,7.1,0.0,0.0,10.0
2021-04-02,22204 Sallent de Gallego,Formigal,10.6,1.4,6.2,0.2,0.0,9.3
2021-04-03,22204 Sallent de Gallego,Formigal,8.2,-0.4,3.3,0.0,0.0,16.3
2021-04-04,22204 Sallent de Gallego,Formigal,7.8,-2.5,2.4,0.0,0.0,14.2
2021-04-05,22204 Sallent de Gallego,Formigal,8.8,-2.1,2.9,0.0,0.0,10.7
2021-04-06,22204 Sallent de Gallego,Formigal,4.0,-3.2,0.0,0.0,0.0,16.0
2021-04-07,22204 Sallent de Gallego,Formigal,4.6,-5.3,-0.3,0.0,0.0,14.2
2021-04-08,22204 Sallent de Gallego,Formigal,5.8,-4.9,1.5,0.0,0.0,8.1
2021-04-09,22204 Sallent de Gallego,Formigal,4.9,-1.0,2.1,10.3,6.93,13.4
2021-04-10,22204 Sallent de Gallego,Formigal,5.5,-0.1,2.1,1.7,0.21,7.6
2021-04-11,22204 Sallent de Gallego,Formigal,2.8,-2.2,1.0,15.8,2.38,15.0
2021-04-12,22204 Sallent de Gallego,Formigal,3.3,-5.6,-1.6,0.0,0.0,15.0
2021-04-13,22204 Sallent de Gallego,Formigal,6.1,-7.2,1.9,0.0,0.0,6.1
2021-04-14,22204 Sallent de Gallego,Formigal,7.1,-0.6,3.2,0.0,0.0,7.2
2021-04-15,22204 Sallent de Gallego,Formigal,5.4,-1.1,2.1,0.5,0.0,9.1
2021-04-16,22204 Sallent de Gallego,Formigal,0.2,-7.7,-2.8,0.0,0.0,19.0
2021-04-17,22204 Sallent de Gallego,Formigal,0.8,-7.2,-3.6,0.0,0.0,18.3
2021-04-18,22204 Sallent de Gallego,Formigal,5.3,-3.5,0.1,0.0,0.0,15.0
2021-04-19,22204 Sallent de Gallego,Formigal,8.6,-3.3,3.7,0.0,0.0,7.9
2021-04-20,22204 Sallent de Gallego,Formigal,5.9,1.5,4.1,6.6,0.35,7.5
2021-04-21,22204 Sallent de Gallego,Formigal,5.9,-0.2,3.0,4.7,0.35,8.4
2021-04-22,22204 Sallent de Gallego,Formigal,6.3,1.1,3.6,0.9,0.0,10.1
2021-04-23,22204 Sallent de Gallego,Formigal,10.4,0.0,5.3,0.0,0.0,14.7
2021-04-24,22204 Sallent de Gallego,Formigal,10.9,-0.2,5.1,4.6,0.84,14.3
2021-04-25,22204 Sallent de Gallego,Formigal,10.7,3.0,6.3,4.2,0.0,14.8
2021-04-26,22204 Sallent de Gallego,Formigal,6.5,3.5,5.0,9.7,0.0,8.4
2021-04-27,22204 Sallent de Gallego,Formigal,6.2,2.0,3.7,13.8,0.0,6.5
2021-04-28,22204 Sallent de Gallego,Formigal,7.4,3.3,4.7,10.6,0.07,8.0
2021-04-29,22204 Sallent de Gallego,Formigal,6.2,2.6,4.2,19.8,0.49,10.9
2021-04-30,22204 Sallent de Gallego,Formigal,6.0,1.1,3.6,11.3,0.21,11.5
2021-05-01,22204 Sallent de Gallego,Formigal,4.4,-2.0,1.7,1.5,0.35,14.1
2021-05-02,22204 Sallent de Gallego,Formigal,5.2,-4.3,0.8,0.3,0.21,13.7
2021-05-03,22204 Sallent de Gallego,Formigal,6.6,-1.5,2.9,0.7,0.0,8.1
2021-05-04,22204 Sallent de Gallego,Formigal,9.3,2.8,5.5,1.2,0.0,9.7
2021-05-05,22204 Sallent de Gallego,Formigal,10.1,2.8,5.8,0.1,0.0,11.6
2021-05-06,22204 Sallent de Gallego,Formigal,11.9,2.2,7.6,0.0,0.0,13.2
2021-05-07,22204 Sallent de Gallego,Formigal,12.1,5.3,8.6,0.4,0.0,13.3
2021-05-08,22204 Sallent de Gallego,Formigal,16.0,6.0,11.8,0.1,0.0,15.9
2021-05-09,22204 Sallent de Gallego,Formigal,9.6,5.1,7.4,27.8,0.0,19.2
2021-05-10,22204 Sallent de Gallego,Formigal,6.9,2.9,4.6,11.3,0.98,16.5
2021-05-11,22204 Sallent de Gallego,Formigal,4.3,-0.9,2.0,5.4,3.22,13.5
2021-05-12,22204 Sallent de Gallego,Formigal,6.2,-2.0,2.5,6.2,2.31,14.6
2021-05-13,22204 Sallent de Gallego,Formigal,6.6,-2.0,2.6,7.4,0.49,13.1
2021-05-14,22204 Sallent de Gallego,Formigal,6.0,-0.9,3.0,0.8,0.0,19.1
2021-05-15,22204 Sallent de Gallego,Formigal,10.4,3.5,6.7,11.1,0.0,13.8
2021-05-16,22204 Sallent de Gallego,Formigal,10.8,4.4,8.0,8.2,0.0,12.3
2021-05-17,22204 Sallent de Gallego,Formigal,7.8,1.1,4.3,0.0,0.0,15.9
2021-05-18,22204 Sallent de Gallego,Formigal,9.6,1.8,6.6,1.9,0.0,14.6
2021-05-19,22204 Sallent de Gallego,Formigal,8.8,0.2,4.2,0.0,0.0,16.1
2021-05-20,22204 Sallent de Gallego,Formigal,14.2,1.4,8.7,0.0,0.0,12.4
2021-05-21,22204 Sallent de Gallego,Formigal,12.6,6.0,10.1,2.4,0.0,10.7
2021-05-22,22204 Sallent de Gallego,Formigal,8.1,2.0,5.8,0.3,0.0,12.6
2021-05-23,22204 Sallent de Gallego,Formigal,6.7,0.8,4.1,0.0,0.0,9.7
2021-05-24,22204 Sallent de Gallego,Formigal,7.8,0.0,4.2,0.9,0.0,13.2
2021-05-25,22204 Sallent de Gallego,Formigal,10.4,0.0,5.6,0.0,0.0,12.9
2021-05-26,22204 Sallent de Gallego,Formigal,11.9,1.1,7.5,1.7,0.0,7.5
2021-05-27,22204 Sallent de Gallego,Formigal,16.1,3.2,10.0,0.1,0.0,8.0
2021-05-28,22204 Sallent de Gallego,Formigal,14.2,8.9,12.3,5.4,0.0,8.2
2021-05-29,22204 Sallent de Gallego,Formigal,16.2,9.3,12.5,10.7,0.0,10.3
2021-05-30,22204 Sallent de Gallego,Formigal,13.8,7.8,11.5,2.8,0.0,7.6
2021-05-31,22204 Sallent de Gallego,Formigal,15.9,8.0,12.2,4.1,0.0,8.4
2021-06-01,22204 Sallent de Gallego,Formigal,15.1,8.4,11.1,23.1,0.0,10.5
2021-06-02,22204 Sallent de Gallego,Formigal,13.6,5.1,10.2,0.7,0.0,10.6
2021-06-03,22204 Sallent de Gallego,Formigal,15.1,6.2,10.6,4.9,0.0,12.7
2021-06-04,22204 Sallent de Gallego,Formigal,11.9,7.4,9.7,24.2,0.0,12.6
2021-06-05,22204 Sallent de Gallego,Formigal,14.6,2.9,10.0,0.3,0.0,9.2
2021-06-06,22204 Sallent de Gallego,Formigal,15.0,7.5,10.9,0.0,0.0,11.8
2021-06-07,22204 Sallent de Gallego,Formigal,16.1,4.9,11.1,0.0,0.0,10.8
2021-06-08,22204 Sallent de Gallego,Formigal,18.9,5.9,13.5,0.0,0.0,11.0
2021-06-09,22204 Sallent de Gallego,Formigal,18.5,8.4,13.9,4.6,0.0,9.4
2021-06-10,22204 Sallent de Gallego,Formigal,17.9,8.2,14.0,1.8,0.0,8.2
2021-06-11,22204 Sallent de Gallego,Formigal,17.2,9.2,13.2,5.0,0.0,6.0
2021-06-12,22204 Sallent de Gallego,Formigal,17.8,8.8,13.8,0.2,0.0,10.1
2021-06-13,22204 Sallent de Gallego,Formigal,21.0,12.4,17.9,0.2,0.0,7.7
2021-06-14,22204 Sallent de Gallego,Formigal,21.2,12.6,18.4,0.7,0.0,10.5
2021-06-15,22204 Sallent de Gallego,Formigal,20.1,12.8,16.8,0.3,0.0,11.3
2021-06-16,22204 Sallent de Gallego,Formigal,19.1,12.4,15.6,10.1,0.0,21.0
2021-06-17,22204 Sallent de Gallego,Formigal,13.9,7.6,11.5,9.5,0.0,18.4
2021-06-18,22204 Sallent de Gallego,Formigal,17.1,8.1,12.4,0.3,0.0,12.1
2021-06-19,22204 Sallent de Gallego,Formigal,15.6,8.1,11.7,12.5,0.0,16.4
2021-06-20,22204 Sallent de Gallego,Formigal,11.5,8.0,9.8,15.8,0.0,14.4
2021-06-21,22204 Sallent de Gallego,Formigal,11.4,5.5,8.9,5.9,0.0,14.6
2021-06-22,22204 Sallent de Gallego,Formigal,11.4,3.3,7.7,1.0,0.0,10.1
2021-06-23,22204 Sallent de Gallego,Formigal,9.4,5.3,7.4,12.2,0.0,8.8
2021-06-24,22204 Sallent de Gallego,Formigal,13.4,3.7,8.8,2.0,0.0,10.8
2021-06-25,22204 Sallent de Gallego,Formigal,16.0,5.2,12.3,0.0,0.0,7.4
2021-06-26,22204 Sallent de Gallego,Formigal,18.3,9.1,13.6,11.3,0.0,14.1
2021-06-27,22204 Sallent de Gallego,Formigal,17.2,10.1,13.0,10.6,0.0,15.2
2021-06-28,22204 Sallent de Gallego,Formigal,13.9,8.0,10.8,4.2,0.0,12.7
2021-06-29,22204 Sallent de Gallego,Formigal,13.2,5.2,9.5,0.0,0.0,11.5
2021-06-30,22204 Sallent de Gallego,Formigal,16.0,5.1,12.0,0.1,0.0,8.4
2021-07-01,22204 Sallent de Gallego,Formigal,19.0,8.6,14.9,0.3,0.0,8.9
2021-07-02,22204 Sallent de Gallego,Formigal,20.1,12.1,17.0,0.5,0.0,9.3
2021-07-03,22204 Sallent de Gallego,Formigal,18.5,12.7,16.5,0.8,0.0,11.7
2021-07-04,22204 Sallent de Gallego,Formigal,18.1,11.0,14.1,7.5,0.0,13.1
2021-07-05,22204 Sallent de Gallego,Formigal,20.4,10.6,16.4,1.1,0.0,15.4
2021-07-06,22204 Sallent de Gallego,Formigal,16.2,9.4,13.2,1.0,0.0,7.4
2021-07-07,22204 Sallent de Gallego,Formigal,13.3,6.1,9.6,4.8,0.0,10.7
2021-07-08,22204 Sallent de Gallego,Formigal,15.9,4.7,9.7,0.0,0.0,12.0
2021-07-09,22204 Sallent de Gallego,Formigal,17.7,5.7,12.9,0.0,0.0,7.2
2021-07-10,22204 Sallent de Gallego,Formigal,19.3,12.6,16.4,0.5,0.0,12.3
2021-07-11,22204 Sallent de Gallego,Formigal,23.4,9.6,17.7,0.0,0.0,12.3
2021-07-12,22204 Sallent de Gallego,Formigal,16.5,5.0,12.8,0.4,0.0,17.1
2021-07-13,22204 Sallent de Gallego,Formigal,9.9,3.7,6.5,1.2,0.0,18.5
2021-07-14,22204 Sallent de Gallego,Formigal,15.1,5.5,9.5,0.1,0.0,15.8
2021-07-15,22204 Sallent de Gallego,Formigal,17.8,5.2,11.6,0.0,0.0,11.2
2021-07-16,22204 Sallent de Gallego,Formigal,20.1,7.9,14.5,0.0,0.0,12.6
2021-07-17,22204 Sallent de Gallego,Formigal,22.2,8.6,15.7,0.0,0.0,11.5
2021-07-18,22204 Sallent de Gallego,Formigal,21.6,9.1,16.0,0.0,0.0,15.4
2021-07-19,22204 Sallent de Gallego,Formigal,23.0,10.4,17.1,0.0,0.0,11.3
2021-07-20,22204 Sallent de Gallego,Formigal,22.5,13.1,17.3,5.2,0.0,10.2
2021-07-21,22204 Sallent de Gallego,Formigal,22.5,12.6,18.8,0.0,0.0,9.2
2021-07-22,22204 Sallent de Gallego,Formigal,24.8,13.5,20.0,0.0,0.0,12.7
2021-07-23,22204 Sallent de Gallego,Formigal,23.9,13.1,19.2,0.4,0.0,20.4
2021-07-24,22204 Sallent de Gallego,Formigal,19.0,12.0,15.7,0.0,0.0,13.4
2021-07-25,22204 Sallent de Gallego,Formigal,17.3,8.4,13.3,0.3,0.0,13.4
2021-07-26,22204 Sallent de Gallego,Formigal,17.6,8.8,13.4,0.7,0.0,11.3
2021-07-27,22204 Sallent de Gallego,Formigal,18.0,7.9,13.7,3.2,0.0,11.9
2021-07-28,22204 Sallent de Gallego,Formigal,17.6,11.9,14.5,10.2,0.0,8.0
2021-07-29,22204 Sallent de Gallego,Formigal,20.4,11.0,15.6,4.1,0.0,11.9
2021-07-30,22204 Sallent de Gallego,Formigal,19.8,12.9,16.7,1.8,0.0,13.4
2021-07-31,22204 Sallent de Gallego,Formigal,14.0,7.6,11.2,28.3,0.0,15.7
2021-08-01,22204 Sallent de Gallego,Formigal,13.4,3.9,8.8,0.1,0.0,15.8
2021-08-02,22204 Sallent de Gallego,Formigal,14.6,4.6,10.6,0.5,0.0,10.3
2021-08-03,22204 Sallent de Gallego,Formigal,16.6,8.4,12.7,0.9,0.0,10.0
2021-08-04,22204 Sallent de Gallego,Formigal,14.6,9.7,12.3,11.8,0.0,16.0
2021-08-05,22204 Sallent de Gallego,Formigal,19.2,8.3,14.2,0.1,0.0,10.6
2021-08-06,22204 Sallent de Gallego,Formigal,18.6,12.6,16.0,0.0,0.0,11.5
2021-08-07,22204 Sallent de Gallego,Formigal,16.0,8.6,12.6,14.0,0.0,12.7
2021-08-08,22204 Sallent de Gallego,Formigal,16.6,6.7,12.3,0.0,0.0,9.8
2021-08-09,22204 Sallent de Gallego,Formigal,19.1,9.6,14.0,1.0,0.0,10.8
2021-08-10,22204 Sallent de Gallego,Formigal,20.9,11.6,17.4,0.6,0.0,9.0
2021-08-11,22204 Sallent de Gallego,Formigal,23.6,12.5,19.7,0.6,0.0,9.6
2021-08-12,22204 Sallent de Gallego,Formigal,25.6,14.5,20.4,0.5,0.0,13.9
2021-08-13,22204 Sallent de Gallego,Formigal,26.5,12.6,20.1,0.0,0.0,11.2
2021-08-14,22204 Sallent de Gallego,Formigal,28.4,18.1,24.1,0.0,0.0,13.9
2021-08-15,22204 Sallent de Gallego,Formigal,26.3,14.8,20.6,0.0,0.0,16.3
2021-08-16,22204 Sallent de Gallego,Formigal,22.9,10.9,16.1,0.0,0.0,18.6
2021-08-17,22204 Sallent de Gallego,Formigal,21.5,9.4,15.1,0.0,0.0,18.2
2021-08-18,22204 Sallent de Gallego,Formigal,20.6,10.8,16.4,0.0,0.0,10.7
2021-08-19,22204 Sallent de Gallego,Formigal,17.6,8.4,13.2,1.7,0.0,8.7
2021-08-20,22204 Sallent de Gallego,Formigal,20.0,8.5,14.8,0.0,0.0,9.4
2021-08-21,22204 Sallent de Gallego,Formigal,22.7,14.6,18.8,1.3,0.0,12.8
2021-08-22,22204 Sallent de Gallego,Formigal,23.2,12.2,18.6,0.1,0.0,13.8
2021-08-23,22204 Sallent de Gallego,Formigal,22.2,11.2,16.9,0.0,0.0,10.5
2021-08-24,22204 Sallent de Gallego,Formigal,20.3,10.1,14.9,0.1,0.0,10.7
2021-08-25,22204 Sallent de Gallego,Formigal,17.9,10.6,13.0,8.4,0.0,10.2
2021-08-26,22204 Sallent de Gallego,Formigal,21.6,8.6,15.5,0.0,0.0,11.4
2021-08-27,22204 Sallent de Gallego,Formigal,22.5,8.2,15.3,0.0,0.0,12.1
2021-08-28,22204 Sallent de Gallego,Formigal,23.1,8.9,15.3,0.0,0.0,13.9
2021-08-29,22204 Sallent de Gallego,Formigal,19.9,7.5,13.6,0.0,0.0,10.5
2021-08-30,22204 Sallent de Gallego,Formigal,18.5,7.2,13.5,3.2,0.0,12.7
2021-08-31,22204 Sallent de Gallego,Formigal,18.9,8.5,13.7,6.9,0.0,10.8
2021-09-01,22204 Sallent de Gallego,Formigal,17.6,9.1,12.1,19.4,0.0,12.8
2021-09-02,22204 Sallent de Gallego,Formigal,14.8,9.2,11.5,4.4,0.0,12.4
2021-09-03,22204 Sallent de Gallego,Formigal,14.2,9.6,11.6,5.0,0.0,6.5
2021-09-04,22204 Sallent de Gallego,Formigal,16.5,8.4,12.7,0.3,0.0,8.9
2021-09-05,22204 Sallent de Gallego,Formigal,19.6,11.9,16.1,0.1,0.0,8.0
2021-09-06,22204 Sallent de Gallego,Formigal,22.1,11.5,17.6,0.0,0.0,9.7
2021-09-07,22204 Sallent de Gallego,Formigal,22.2,13.6,18.0,0.0,0.0,13.6
2021-09-08,22204 Sallent de Gallego,Formigal,18.2,10.9,14.5,2.0,0.0,12.0
2021-09-09,22204 Sallent de Gallego,Formigal,16.2,10.1,13.1,0.6,0.0,10.4
2021-09-10,22204 Sallent de Gallego,Formigal,15.6,9.7,12.4,1.9,0.0,7.7
2021-09-11,22204 Sallent de Gallego,Formigal,16.6,6.8,12.4,0.0,0.0,10.2
2021-09-12,22204 Sallent de Gallego,Formigal,17.0,11.2,14.2,1.7,0.0,9.2
2021-09-13,22204 Sallent de Gallego,Formigal,17.4,9.8,14.1,6.6,0.0,14.9
2021-09-14,22204 Sallent de Gallego,Formigal,14.6,10.1,11.8,19.7,0.0,18.2
2021-09-15,22204 Sallent de Gallego,Formigal,15.2,9.1,11.8,5.7,0.0,11.4
2021-09-16,22204 Sallent de Gallego,Formigal,14.2,7.8,10.9,8.6,0.0,6.6
2021-09-17,22204 Sallent de Gallego,Formigal,14.7,7.8,11.3,0.0,0.0,6.9
2021-09-18,22204 Sallent de Gallego,Formigal,11.9,4.2,8.6,17.6,0.0,11.6
2021-09-19,22204 Sallent de Gallego,Formigal,12.7,3.8,7.6,0.0,0.0,12.6
2021-09-20,22204 Sallent de Gallego,Formigal,8.5,3.9,6.2,0.3,0.0,17.3
2021-09-21,22204 Sallent de Gallego,Formigal,9.2,1.5,5.4,3.0,0.0,14.5
2021-09-22,22204 Sallent de Gallego,Formigal,12.8,2.7,8.0,1.6,0.0,8.9
2021-09-23,22204 Sallent de Gallego,Formigal,13.6,5.3,10.1,0.1,0.0,8.8
2021-09-24,22204 Sallent de Gallego,Formigal,15.0,6.7,11.7,0.0,0.0,12.9
2021-09-25,22204 Sallent de Gallego,Formigal,13.0,8.6,10.4,23.1,0.0,14.4
2021-09-26,22204 Sallent de Gallego,Formigal,14.1,7.2,10.3,3.4,0.0,9.5
2021-09-27,22204 Sallent de Gallego,Formigal,17.5,6.2,12.3,0.0,0.0,7.4
2021-09-28,22204 Sallent de Gallego,Formigal,13.6,7.7,10.7,1.2,0.0,11.4
2021-09-29,22204 Sallent de Gallego,Formigal,13.6,6.3,9.3,1.6,0.0,12.0
2021-09-30,22204 Sallent de Gallego,Formigal,13.6,4.6,9.1,0.0,0.0,11.4
2021-10-01,22204 Sallent de Gallego,Formigal,14.6,7.2,10.6,0.0,0.0,8.1
2021-10-02,22204 Sallent de Gallego,Formigal,13.9,5.0,10.2,2.4,0.0,13.8
2021-10-03,22204 Sallent de Gallego,Formigal,10.3,4.0,8.3,33.5,0.0,17.9
2021-10-04,22204 Sallent de Gallego,Formigal,9.3,1.4,5.1,0.1,0.0,17.1
2021-10-05,22204 Sallent de Gallego,Formigal,9.5,1.4,5.9,3.4,0.0,11.8
2021-10-06,22204 Sallent de Gallego,Formigal,12.1,2.7,6.4,0.0,0.0,14.0
2021-10-07,22204 Sallent de Gallego,Formigal,16.4,3.3,9.0,0.0,0.0,8.2
2021-10-08,22204 Sallent de Gallego,Formigal,14.1,3.3,8.4,0.0,0.0,8.5
2021-10-09,22204 Sallent de Gallego,Formigal,12.9,4.0,8.2,0.0,0.0,7.1
2021-10-10,22204 Sallent de Gallego,Formigal,13.3,3.6,8.4,0.0,0.0,6.8
2021-10-11,22204 Sallent de Gallego,Formigal,15.6,2.4,9.1,0.0,0.0,6.7
2021-10-12,22204 Sallent de Gallego,Formigal,15.0,3.2,8.7,0.0,0.0,11.1
2021-10-13,22204 Sallent de Gallego,Formigal,13.2,2.8,7.2,0.0,0.0,12.9
2021-10-14,22204 Sallent de Gallego,Formigal,11.8,3.2,9.3,0.0,0.0,6.8
2021-10-15,22204 Sallent de Gallego,Formigal,13.1,4.2,8.6,0.0,0.0,11.2
2021-10-16,22204 Sallent de Gallego,Formigal,11.9,1.7,6.8,0.0,0.0,11.4
2021-10-17,22204 Sallent de Gallego,Formigal,10.6,3.8,8.5,0.0,0.0,6.8
2021-10-18,22204 Sallent de Gallego,Formigal,12.6,2.5,7.8,0.0,0.0,6.9
2021-10-19,22204 Sallent de Gallego,Formigal,13.7,8.4,10.7,0.0,0.0,7.2
2021-10-20,22204 Sallent de Gallego,Formigal,12.9,9.1,10.7,1.1,0.0,10.5
2021-10-21,22204 Sallent de Gallego,Formigal,10.2,4.0,7.3,0.5,0.0,12.9
2021-10-22,22204 Sallent de Gallego,Formigal,9.8,1.4,5.2,0.0,0.0,12.5
2021-10-23,22204 Sallent de Gallego,Formigal,11.7,-0.2,6.0,0.0,0.0,8.4
2021-10-24,22204 Sallent de Gallego,Formigal,10.1,3.8,7.3,0.0,0.0,5.6
2021-10-25,22204 Sallent de Gallego,Formigal,9.8,2.5,6.6,0.0,0.0,8.6
2021-10-26,22204 Sallent de Gallego,Formigal,10.6,-0.1,5.1,0.0,0.0,6.5
2021-10-27,22204 Sallent de Gallego,Formigal,10.8,2.1,7.4,0.0,0.0,6.4
2021-10-28,22204 Sallent de Gallego,Formigal,8.9,1.4,5.3,0.0,0.0,11.4
2021-10-29,22204 Sallent de Gallego,Formigal,5.4,2.0,4.1,15.9,0.0,12.4
2021-10-30,22204 Sallent de Gallego,Formigal,8.6,4.8,6.5,24.4,0.0,14.3
2021-10-31,22204 Sallent de Gallego,Formigal,10.1,4.2,7.8,13.1,0.0,7.6
2021-11-01,22204 Sallent de Gallego,Formigal,7.8,0.1,4.4,7.9,0.0,13.4
2021-11-02,22204 Sallent de Gallego,Formigal,3.5,-1.1,1.4,6.0,2.17,10.8
2021-11-03,22204 Sallent de Gallego,Formigal,1.5,-4.1,-0.9,2.8,1.61,13.0
2021-11-04,22204 Sallent de Gallego,Formigal,2.7,-5.8,-1.3,0.0,0.0,10.6
2021-11-05,22204 Sallent de Gallego,Formigal,0.0,-3.2,-1.4,0.0,0.0,17.6
2021-11-06,22204 Sallent de Gallego,Formigal,3.8,-4.6,-1.1,0.0,0.0,23.7
2021-11-07,22204 Sallent de Gallego,Formigal,3.6,-1.4,0.8,0.6,0.21,22.5
2021-11-08,22204 Sallent de Gallego,Formigal,6.6,0.8,2.6,0.4,0.0,27.5
2021-11-09,22204 Sallent de Gallego,Formigal,7.6,-1.2,2.8,0.0,0.0,19.6
2021-11-10,22204 Sallent de Gallego,Formigal,8.1,-1.6,3.0,0.1,0.0,12.2
2021-11-11,22204 Sallent de Gallego,Formigal,8.9,-0.1,3.7,0.1,0.0,6.6
2021-11-12,22204 Sallent de Gallego,Formigal,9.2,0.3,4.3,0.0,0.0,12.0
2021-11-13,22204 Sallent de Gallego,Formigal,9.8,0.2,4.2,0.0,0.0,12.9
2021-11-14,22204 Sallent de Gallego,Formigal,4.6,0.2,2.6,1.9,0.84,13.6
2021-11-15,22204 Sallent de Gallego,Formigal,2.7,-0.8,0.7,2.8,1.96,17.0
2021-11-16,22204 Sallent de Gallego,Formigal,6.7,-4.8,1.2,0.0,0.0,17.0
2021-11-17,22204 Sallent de Gallego,Formigal,5.2,-3.4,0.4,0.0,0.0,18.2
2021-11-18,22204 Sallent de Gallego,Formigal,7.2,-3.0,2.0,0.0,0.0,17.3
2021-11-19,22204 Sallent de Gallego,Formigal,6.8,2.0,5.1,0.0,0.0,8.2
2021-11-20,22204 Sallent de Gallego,Formigal,5.9,0.6,3.9,0.0,0.0,9.8
2021-11-21,22204 Sallent de Gallego,Formigal,5.9,0.2,2.9,0.4,0.0,10.1
2021-11-22,22204 Sallent de Gallego,Formigal,3.7,-4.8,-0.4,0.6,0.35,13.0
2021-11-23,22204 Sallent de Gallego,Formigal,3.4,-3.3,0.1,22.4,14.56,8.9
2021-11-24,22204 Sallent de Gallego,Formigal,0.9,-8.1,-1.7,7.0,4.9,13.3
2021-11-25,22204 Sallent de Gallego,Formigal,-0.5,-2.5,-1.6,11.7,8.19,11.8
2021-11-26,22204 Sallent de Gallego,Formigal,-1.6,-4.7,-2.8,0.6,0.42,17.0
2021-11-27,22204 Sallent de Gallego,Formigal,-2.5,-6.4,-3.8,12.1,8.47,16.4
2021-11-28,22204 Sallent de Gallego,Formigal,-5.7,-7.6,-6.4,26.7,18.69,10.9
2021-11-29,22204 Sallent de Gallego,Formigal,-1.0,-6.4,-3.8,13.9,9.73,22.3
2021-11-30,22204 Sallent de Gallego,Formigal,2.7,-3.0,-1.0,0.0,0.07,13.8
2021-12-01,22204 Sallent de Gallego,Formigal,1.3,-2.7,-0.9,3.6,2.24,9.0
2021-12-02,22204 Sallent de Gallego,Formigal,-1.5,-6.3,-3.8,5.2,3.64,17.7
2021-12-03,22204 Sallent de Gallego,Formigal,0.7,-5.3,-2.3,6.1,3.92,36.3
2021-12-04,22204 Sallent de Gallego,Formigal,1.8,-2.8,-0.0,7.7,5.11,14.7
2021-12-05,22204 Sallent de Gallego,Formigal,-3.0,-5.6,-4.5,31.6,22.12,17.0
2021-12-06,22204 Sallent de Gallego,Formigal,2.4,-5.5,-2.0,11.6,6.58,24.9
2021-12-07,22204 Sallent de Gallego,Formigal,4.2,-0.6,1.2,17.1,6.02,18.7
2021-12-08,22204 Sallent de Gallego,Formigal,0.4,-5.7,-3.7,17.6,11.55,14.0
2021-12-09,22204 Sallent de Gallego,Formigal,0.3,-5.8,-3.4,56.4,39.27,15.0
2021-12-10,22204 Sallent de Gallego,Formigal,1.5,-1.3,0.1,73.8,48.37,19.0
2021-12-11,22204 Sallent de Gallego,Formigal,1.5,-1.5,0.1,18.4,12.53,28.4
2021-12-12,22204 Sallent de Gallego,Formigal,7.5,1.0,3.3,0.1,0.0,10.1
2021-12-13,22204 Sallent de Gallego,Formigal,10.1,1.8,7.6,0.0,0.0,4.2
2021-12-14,22204 Sallent de Gallego,Formigal,10.3,1.1,4.8,0.0,0.0,6.6
2021-12-15,22204 Sallent de Gallego,Formigal,8.5,-0.2,2.7,0.0,0.0,8.2
2021-12-16,22204 Sallent de Gallego,Formigal,7.3,-2.2,3.4,0.0,0.0,4.7
2021-12-17,22204 Sallent de Gallego,Formigal,8.4,2.0,5.0,0.0,0.0,9.1
2021-12-18,22204 Sallent de Gallego,Formigal,6.2,-2.0,2.8,0.0,0.0,8.3
2021-12-19,22204 Sallent de Gallego,Formigal,4.6,-2.2,2.7,0.0,0.0,6.3
2021-12-20,22204 Sallent de Gallego,Formigal,5.1,-3.7,1.1,0.0,0.0,9.0
2021-12-21,22204 Sallent de Gallego,Formigal,5.8,-0.4,3.1,0.2,0.0,7.6
2021-12-22,22204 Sallent de Gallego,Formigal,6.7,-0.9,2.4,0.0,0.0,6.6
2021-12-23,22204 Sallent de Gallego,Formigal,4.2,-0.2,2.2,0.6,0.0,7.6
2021-12-24,22204 Sallent de Gallego,Formigal,3.3,0.1,1.7,1.4,0.07,7.8
2021-12-25,22204 Sallent de Gallego,Formigal,2.3,-2.8,0.8,2.3,0.28,7.4
2021-12-26,22204 Sallent de Gallego,Formigal,3.5,-2.5,0.7,1.2,0.35,6.4
2021-12-27,22204 Sallent de Gallego,Formigal,3.5,0.9,2.2,13.9,1.05,7.2
2021-12-28,22204 Sallent de Gallego,Formigal,4.8,1.4,2.9,5.8,0.0,9.6
2021-12-29,22204 Sallent de Gallego,Formigal,7.4,1.6,3.8,0.0,0.0,12.3
2021-12-30,22204 Sallent de Gallego,Formigal,14.1,0.5,9.3,0.0,0.0,7.5
2021-12-31,22204 Sallent de Gallego,Formigal,14.6,11.3,13.1,0.0,0.0,8.4
2022-01-01,22204 Sallent de Gallego,Formigal,12.9,1.9,9.5,0.0,0.0,7.4
2022-01-02,22204 Sallent de Gallego,Formigal,11.2,-0.2,7.7,0.0,0.0,7.2
2022-01-03,22204 Sallent de Gallego,Formigal,7.3,2.5,6.0,0.0,0.0,7.2
2022-01-04,22204 Sallent de Gallego,Formigal,6.2,-0.6,4.1,10.1,6.37,15.1
2022-01-05,22204 Sallent de Gallego,Formigal,-0.6,-8.1,-3.8,4.2,2.94,22.8
2022-01-06,22204 Sallent de Gallego,Formigal,-1.6,-9.8,-6.4,0.0,0.0,19.1
2022-01-07,22204 Sallent de Gallego,Formigal,-1.1,-5.7,-2.9,2.5,1.75,15.5
2022-01-08,22204 Sallent de Gallego,Formigal,-0.2,-4.0,-1.5,4.8,3.43,11.2
2022-01-09,22204 Sallent de Gallego,Formigal,3.3,-1.0,0.1,37.6,23.73,19.5
2022-01-10,22204 Sallent de Gallego,Formigal,5.1,1.6,2.9,48.0,9.45,23.0
2022-01-11,22204 Sallent de Gallego,Formigal,1.7,-3.2,-0.6,5.5,3.29,18.7
2022-01-12,22204 Sallent de Gallego,Formigal,3.3,-7.2,-2.4,0.0,0.0,14.1
2022-01-13,22204 Sallent de Gallego,Formigal,2.4,-2.4,0.4,0.0,0.0,7.2
2022-01-14,22204 Sallent de Gallego,Formigal,3.0,-8.8,-0.1,0.0,0.0,5.3
2022-01-15,22204 Sallent de Gallego,Formigal,1.5,-5.6,-0.5,0.0,0.0,5.2
2022-01-16,22204 Sallent de Gallego,Formigal,3.5,-7.8,-0.5,0.0,0.0,7.4
2022-01-17,22204 Sallent de Gallego,Formigal,4.9,-3.7,2.5,0.0,0.0,3.7
2022-01-18,22204 Sallent de Gallego,Formigal,7.3,-1.2,4.3,0.0,0.0,4.8
2022-01-19,22204 Sallent de Gallego,Formigal,4.1,-3.9,0.7,0.0,0.0,13.1
2022-01-20,22204 Sallent de Gallego,Formigal,0.0,-4.0,-1.9,0.1,0.07,14.6
2022-01-21,22204 Sallent de Gallego,Formigal,-0.8,-7.2,-4.2,0.0,0.0,16.2
2022-01-22,22204 Sallent de Gallego,Formigal,4.2,-7.2,-1.1,0.0,0.0,7.4
2022-01-23,22204 Sallent de Gallego,Formigal,1.6,-1.7,0.3,0.0,0.0,6.5
2022-01-24,22204 Sallent de Gallego,Formigal,2.5,-5.6,0.8,0.0,0.0,6.7
2022-01-25,22204 Sallent de Gallego,Formigal,3.1,-5.8,1.5,0.0,0.0,5.7
2022-01-26,22204 Sallent de Gallego,Formigal,4.6,-5.4,1.8,0.0,0.0,6.4
2022-01-27,22204 Sallent de Gallego,Formigal,5.1,-6.5,-1.5,0.0,0.0,9.5
2022-01-28,22204 Sallent de Gallego,Formigal,5.2,-5.7,-1.8,0.0,0.0,12.8
2022-01-29,22204 Sallent de Gallego,Formigal,7.8,-3.5,0.2,0.0,0.0,9.6
2022-01-30,22204 Sallent de Gallego,Formigal,9.7,-1.6,4.5,0.0,0.0,7.9
2022-01-31,22204 Sallent de Gallego,Formigal,1.6,-3.0,0.1,1.3,0.91,22.7
2022-02-01,22204 Sallent de Gallego,Formigal,3.5,-4.6,-0.3,0.2,0.14,22.1
2022-02-02,22204 Sallent de Gallego,Formigal,11.1,-0.2,3.8,0.0,0.0,11.8
2022-02-03,22204 Sallent de Gallego,Formigal,14.0,3.5,9.2,0.0,0.0,7.2
2022-02-04,22204 Sallent de Gallego,Formigal,6.2,0.6,3.8,0.0,0.0,11.4
2022-02-05,22204 Sallent de Gallego,Formigal,2.5,-3.2,0.1,0.0,0.0,11.5
2022-02-06,22204 Sallent de Gallego,Formigal,4.4,-4.3,0.8,0.0,0.0,12.1
2022-02-07,22204 Sallent de Gallego,Formigal,2.2,-0.7,0.6,0.2,0.07,15.6
2022-02-08,22204 Sallent de Gallego,Formigal,8.6,-1.2,5.2,0.0,0.0,14.1
2022-02-09,22204 Sallent de Gallego,Formigal,7.4,4.0,5.8,0.0,0.0,6.8
2022-02-10,22204 Sallent de Gallego,Formigal,6.9,-1.2,3.3,0.0,0.0,9.3
2022-02-11,22204 Sallent de Gallego,Formigal,5.3,-2.1,2.4,0.8,0.35,8.5
2022-02-12,22204 Sallent de Gallego,Formigal,2.0,-3.4,0.1,0.7,0.28,7.3
2022-02-13,22204 Sallent de Gallego,Formigal,0.9,-0.7,0.6,5.9,2.73,12.1
2022-02-14,22204 Sallent de Gallego,Formigal,0.7,-3.0,-1.4,17.6,11.41,11.7
2022-02-15,22204 Sallent de Gallego,Formigal,-0.2,-3.5,-2.1,1.3,0.91,15.1
2022-02-16,22204 Sallent de Gallego,Formigal,3.7,-2.4,1.1,2.8,1.4,15.8
2022-02-17,22204 Sallent de Gallego,Formigal,10.0,1.1,4.8,0.0,0.0,19.3
2022-02-18,22204 Sallent de Gallego,Formigal,8.9,0.6,6.7,0.0,0.0,13.0
2022-02-19,22204 Sallent de Gallego,Formigal,2.0,-4.1,-0.7,0.3,0.21,14.8
2022-02-20,22204 Sallent de Gallego,Formigal,3.3,-4.1,-0.2,0.0,0.0,12.0
2022-02-21,22204 Sallent de Gallego,Formigal,1.8,-2.2,-0.4,0.4,0.21,21.2
2022-02-22,22204 Sallent de Gallego,Formigal,5.9,-3.7,0.6,0.0,0.0,19.6
2022-02-23,22204 Sallent de Gallego,Formigal,8.5,-2.2,3.6,0.0,0.0,11.2
2022-02-24,22204 Sallent de Gallego,Formigal,6.3,-0.9,3.2,0.0,0.0,10.4
2022-02-25,22204 Sallent de Gallego,Formigal,4.3,-3.8,0.1,0.0,0.0,10.7
2022-02-26,22204 Sallent de Gallego,Formigal,3.7,-4.4,1.1,0.0,0.0,9.9
2022-02-27,22204 Sallent de Gallego,Formigal,4.2,-3.2,0.8,0.2,0.0,7.0
2022-02-28,22204 Sallent de Gallego,Formigal,5.0,-2.8,0.6,0.0,0.0,8.4
2022-03-01,22204 Sallent de Gallego,Formigal,9.4,-1.6,3.0,0.0,0.0,11.5
2022-03-02,22204 Sallent de Gallego,Formigal,3.8,-0.9,1.2,5.0,3.15,8.5
2022-03-03,22204 Sallent de Gallego,Formigal,4.2,-3.7,0.7,0.0,0.0,8.1
2022-03-04,22204 Sallent de Gallego,Formigal,0.9,-3.1,-0.5,0.5,0.35,19.9
2022-03-05,22204 Sallent de Gallego,Formigal,1.5,-4.0,-1.3,0.3,0.21,19.5
2022-03-06,22204 Sallent de Gallego,Formigal,0.4,-2.0,-1.1,5.3,3.71,8.0
2022-03-07,22204 Sallent de Gallego,Formigal,-0.6,-3.7,-1.7,3.7,2.59,13.6
2022-03-08,22204 Sallent de Gallego,Formigal,-0.4,-4.6,-2.0,10.3,7.21,13.0
2022-03-09,22204 Sallent de Gallego,Formigal,2.2,-5.3,-1.6,0.4,0.28,11.2
2022-03-10,22204 Sallent de Gallego,Formigal,1.8,-1.4,0.0,14.6,10.01,9.0
2022-03-11,22204 Sallent de Gallego,Formigal,0.8,-0.2,0.3,23.6,15.54,13.2
2022-03-12,22204 Sallent de Gallego,Formigal,2.2,-1.1,0.5,7.5,5.11,8.4
2022-03-13,22204 Sallent de Gallego,Formigal,0.9,-4.7,-0.9,18.5,12.88,15.0
2022-03-14,22204 Sallent de Gallego,Formigal,3.2,-2.8,0.1,6.2,3.29,13.7
2022-03-15,22204 Sallent de Gallego,Formigal,8.2,1.0,4.3,0.2,0.0,13.3
2022-03-16,22204 Sallent de Gallego,Formigal,10.1,1.8,6.4,0.1,0.0,14.8
2022-03-17,22204 Sallent de Gallego,Formigal,4.7,1.8,2.7,1.3,0.0,16.5
2022-03-18,22204 Sallent de Gallego,Formigal,5.8,1.0,2.5,3.2,0.0,11.3
2022-03-19,22204 Sallent de Gallego,Formigal,3.4,-3.2,0.7,1.0,0.07,10.0
2022-03-20,22204 Sallent de Gallego,Formigal,2.0,0.1,0.8,3.8,1.47,13.4
2022-03-21,22204 Sallent de Gallego,Formigal,3.0,-1.7,0.6,6.6,3.57,17.1
2022-03-22,22204 Sallent de Gallego,Formigal,1.2,-3.2,-0.9,0.0,0.0,17.8
2022-03-23,22204 Sallent de Gallego,Formigal,3.2,-5.8,-1.5,0.0,0.0,10.4
2022-03-24,22204 Sallent de Gallego,Formigal,3.2,-4.6,-0.1,0.0,0.0,8.4
2022-03-25,22204 Sallent de Gallego,Formigal,6.2,-2.1,1.9,0.4,0.0,7.7
2022-03-26,22204 Sallent de Gallego,Formigal,6.1,-1.8,2.2,1.8,0.56,6.8
2022-03-27,22204 Sallent de Gallego,Formigal,4.4,-2.8,2.1,0.0,0.0,11.5
2022-03-28,22204 Sallent de Gallego,Formigal,6.1,-1.6,2.1,0.0,0.0,16.4
2022-03-29,22204 Sallent de Gallego,Formigal,7.4,-0.1,3.6,4.5,0.0,8.7
2022-03-30,22204 Sallent de Gallego,Formigal,3.2,0.2,1.6,0.1,0.0,12.9
2022-03-31,22204 Sallent de Gallego,Formigal,1.1,-2.3,-0.6,0.6,0.42,17.0
2022-04-01,22204 Sallent de Gallego,Formigal,-2.2,-8.4,-6.8,6.4,4.48,24.9
2022-04-02,22204 Sallent de Gallego,Formigal,-6.0,-8.6,-7.4,6.8,4.76,30.5
2022-04-03,22204 Sallent de Gallego,Formigal,-4.7,-10.7,-7.4,0.0,0.0,13.2
2022-04-04,22204 Sallent de Gallego,Formigal,1.0,-11.7,-5.8,0.0,0.0,7.6
2022-04-05,22204 Sallent de Gallego,Formigal,4.8,-9.6,-2.0,0.0,0.0,9.2
2022-04-06,22204 Sallent de Gallego,Formigal,5.1,-4.9,0.3,0.0,0.0,10.9
2022-04-07,22204 Sallent de Gallego,Formigal,7.6,-2.3,2.6,0.0,0.0,10.9
2022-04-08,22204 Sallent de Gallego,Formigal,5.9,1.4,3.6,1.0,0.0,10.4
2022-04-09,22204 Sallent de Gallego,Formigal,2.6,-3.3,0.3,0.1,0.07,15.5
2022-04-10,22204 Sallent de Gallego,Formigal,7.7,-4.3,3.5,0.0,0.0,11.5
2022-04-11,22204 Sallent de Gallego,Formigal,9.6,-0.3,4.6,0.0,0.0,15.3
2022-04-12,22204 Sallent de Gallego,Formigal,4.6,1.7,3.1,15.2,3.08,14.8
2022-04-13,22204 Sallent de Gallego,Formigal,5.4,0.2,2.4,7.0,0.07,9.0
2022-04-14,22204 Sallent de Gallego,Formigal,9.7,-0.1,4.2,0.0,0.0,8.9
2022-04-15,22204 Sallent de Gallego,Formigal,12.3,0.1,6.2,0.8,0.0,8.2
2022-04-16,22204 Sallent de Gallego,Formigal,12.4,2.5,6.3,0.0,0.0,15.1
2022-04-17,22204 Sallent de Gallego,Formigal,14.9,1.4,8.2,0.1,0.0,13.1
2022-04-18,22204 Sallent de Gallego,Formigal,12.5,3.1,7.8,0.0,0.0,12.8
2022-04-19,22204 Sallent de Gallego,Formigal,6.8,1.1,4.6,21.6,3.99,11.5
2022-04-20,22204 Sallent de Gallego,Formigal,4.3,-0.5,1.3,22.1,14.84,18.9
2022-04-21,22204 Sallent de Gallego,Formigal,5.3,-0.3,2.4,0.2,0.14,15.7
2022-04-22,22204 Sallent de Gallego,Formigal,6.4,0.1,3.1,4.9,0.98,16.9
2022-04-23,22204 Sallent de Gallego,Formigal,1.9,-1.9,-0.4,44.4,27.72,14.8
2022-04-24,22204 Sallent de Gallego,Formigal,4.1,-2.2,1.4,7.6,4.62,11.7
2022-04-25,22204 Sallent de Gallego,Formigal,8.8,-3.2,3.4,0.0,0.0,9.4
2022-04-26,22204 Sallent de Gallego,Formigal,11.1,2.8,7.6,0.1,0.0,9.1
2022-04-27,22204 Sallent de Gallego,Formigal,10.3,5.1,7.2,4.2,0.0,17.7
2022-04-28,22204 Sallent de Gallego,Formigal,12.4,4.7,7.5,3.2,0.0,10.7
2022-04-29,22204 Sallent de Gallego,Formigal,13.3,1.7,8.0,2.1,0.0,9.7
2022-04-30,22204 Sallent de Gallego,Formigal,11.6,2.2,7.0,0.0,0.0,13.4
2022-05-01,22204 Sallent de Gallego,Formigal,12.6,0.9,6.8,0.0,0.0,9.9
2022-05-02,22204 Sallent de Gallego,Formigal,8.5,4.3,5.7,10.1,0.91,11.9
2022-05-03,22204 Sallent de Gallego,Formigal,8.9,2.5,5.2,6.6,0.0,6.8
2022-05-04,22204 Sallent de Gallego,Formigal,9.6,1.6,5.4,1.0,0.0,11.4
2022-05-05,22204 Sallent de Gallego,Formigal,8.4,2.5,5.1,0.0,0.0,14.8
2022-05-06,22204 Sallent de Gallego,Formigal,7.8,3.0,5.0,0.2,0.0,19.5
2022-05-07,22204 Sallent de Gallego,Formigal,11.4,2.2,6.8,0.0,0.0,18.7
2022-05-08,22204 Sallent de Gallego,Formigal,12.6,1.5,7.4,0.0,0.0,11.7
2022-05-09,22204 Sallent de Gallego,Formigal,12.2,4.4,9.1,0.7,0.0,8.5
2022-05-10,22204 Sallent de Gallego,Formigal,16.1,7.9,12.2,0.0,0.0,10.5
2022-05-11,22204 Sallent de Gallego,Formigal,17.5,9.6,13.8,0.0,0.0,9.4
2022-05-12,22204 Sallent de Gallego,Formigal,15.8,6.8,11.7,0.0,0.0,11.0
2022-05-13,22204 Sallent de Gallego,Formigal,16.0,5.8,11.8,0.1,0.0,10.2
2022-05-14,22204 Sallent de Gallego,Formigal,17.7,7.8,14.1,0.2,0.0,10.4
2022-05-15,22204 Sallent de Gallego,Formigal,15.5,6.9,11.7,2.0,0.0,17.6
2022-05-16,22204 Sallent de Gallego,Formigal,16.4,7.8,12.3,0.9,0.0,9.7
2022-05-17,22204 Sallent de Gallego,Formigal,18.1,11.0,14.7,0.1,0.0,11.1
2022-05-18,22204 Sallent de Gallego,Formigal,19.5,8.6,14.9,0.1,0.0,16.6
2022-05-19,22204 Sallent de Gallego,Formigal,19.9,9.3,14.9,0.0,0.0,15.3
2022-05-20,22204 Sallent de Gallego,Formigal,19.5,10.8,15.2,0.0,0.0,12.9
2022-05-21,22204 Sallent de Gallego,Formigal,23.7,11.6,18.6,0.0,0.0,12.9
2022-05-22,22204 Sallent de Gallego,Formigal,21.8,10.7,17.3,8.4,0.0,16.2
2022-05-23,22204 Sallent de Gallego,Formigal,16.4,6.6,11.9,0.1,0.0,15.2
2022-05-24,22204 Sallent de Gallego,Formigal,10.3,3.2,7.2,4.9,0.0,14.6
2022-05-25,22204 Sallent de Gallego,Formigal,8.9,1.8,5.1,0.2,0.0,19.3
2022-05-26,22204 Sallent de Gallego,Formigal,14.6,4.2,9.2,0.0,0.0,14.3
2022-05-27,22204 Sallent de Gallego,Formigal,18.5,5.9,12.2,0.0,0.0,12.8
2022-05-28,22204 Sallent de Gallego,Formigal,19.7,5.9,13.7,0.4,0.0,12.3
2022-05-29,22204 Sallent de Gallego,Formigal,18.8,7.6,13.6,0.3,0.0,11.5
2022-05-30,22204 Sallent de Gallego,Formigal,16.9,7.2,12.9,1.3,0.0,12.2
2022-05-31,22204 Sallent de Gallego,Formigal,16.7,7.8,12.2,1.5,0.0,11.2
2022-06-01,22204 Sallent de Gallego,Formigal,19.3,8.2,14.1,2.6,0.0,15.2
2022-06-02,22204 Sallent de Gallego,Formigal,20.7,8.9,14.8,2.4,0.0,18.9
2022-06-03,22204 Sallent de Gallego,Formigal,20.4,9.8,14.2,9.5,0.0,19.2
2022-06-04,22204 Sallent de Gallego,Formigal,16.9,9.0,12.7,14.1,0.0,14.4
2022-06-05,22204 Sallent de Gallego,Formigal,16.3,9.1,13.0,0.0,0.0,10.2
2022-06-06,22204 Sallent de Gallego,Formigal,16.9,9.4,14.0,0.8,0.0,12.8
2022-06-07,22204 Sallent de Gallego,Formigal,18.6,9.4,14.4,0.0,0.0,11.0
2022-06-08,22204 Sallent de Gallego,Formigal,16.1,10.1,13.0,0.3,0.0,15.8
2022-06-09,22204 Sallent de Gallego,Formigal,16.5,6.9,11.6,0.0,0.0,16.0
2022-06-10,22204 Sallent de Gallego,Formigal,23.2,8.6,16.4,0.0,0.0,9.4
2022-06-11,22204 Sallent de Gallego,Formigal,24.0,13.2,19.1,0.0,0.0,12.6
2022-06-12,22204 Sallent de Gallego,Formigal,22.7,12.6,18.2,1.1,0.0,12.0
2022-06-13,22204 Sallent de Gallego,Formigal,23.6,14.6,20.0,0.2,0.0,12.7
2022-06-14,22204 Sallent de Gallego,Formigal,25.8,16.4,21.1,1.3,0.0,16.8
2022-06-15,22204 Sallent de Gallego,Formigal,26.4,14.6,21.1,0.0,0.0,11.5
2022-06-16,22204 Sallent de Gallego,Formigal,27.9,15.4,22.2,0.8,0.0,13.4
2022-06-17,22204 Sallent de Gallego,Formigal,27.6,14.6,22.1,0.0,0.0,13.4
2022-06-18,22204 Sallent de Gallego,Formigal,28.0,19.1,23.8,0.0,0.0,17.6
2022-06-19,22204 Sallent de Gallego,Formigal,21.5,12.1,17.4,13.1,0.0,22.0
2022-06-20,22204 Sallent de Gallego,Formigal,20.2,10.8,15.4,2.7,0.0,18.4
2022-06-21,22204 Sallent de Gallego,Formigal,20.3,11.8,14.7,5.3,0.0,19.5
2022-06-22,22204 Sallent de Gallego,Formigal,15.4,9.1,12.2,6.3,0.0,15.5
2022-06-23,22204 Sallent de Gallego,Formigal,15.5,8.6,12.2,6.0,0.0,16.6
2022-06-24,22204 Sallent de Gallego,Formigal,14.6,6.0,10.3,2.8,0.0,11.6
2022-06-25,22204 Sallent de Gallego,Formigal,14.4,8.9,11.9,2.5,0.0,16.3
2022-06-26,22204 Sallent de Gallego,Formigal,13.7,9.2,11.1,14.2,0.0,14.5
2022-06-27,22204 Sallent de Gallego,Formigal,14.1,8.4,10.9,7.1,0.0,11.2
2022-06-28,22204 Sallent de Gallego,Formigal,17.5,6.3,12.0,0.1,0.0,9.7
2022-06-29,22204 Sallent de Gallego,Formigal,18.8,8.2,14.4,0.2,0.0,15.8
2022-06-30,22204 Sallent de Gallego,Formigal,14.4,10.0,12.2,3.7,0.0,13.3
2022-07-01,22204 Sallent de Gallego,Formigal,16.9,4.3,11.7,0.0,0.0,8.8
2022-07-02,22204 Sallent de Gallego,Formigal,22.5,10.6,17.2,0.1,0.0,12.3
2022-07-03,22204 Sallent de Gallego,Formigal,23.2,11.9,18.1,0.0,0.0,11.4
2022-07-04,22204 Sallent de Gallego,Formigal,19.5,11.0,16.3,1.8,0.0,10.9
2022-07-05,22204 Sallent de Gallego,Formigal,22.3,15.9,19.0,0.4,0.0,15.0
2022-07-06,22204 Sallent de Gallego,Formigal,17.5,11.1,14.4,4.2,0.0,13.5
2022-07-07,22204 Sallent de Gallego,Formigal,17.5,9.4,12.9,0.0,0.0,16.2
2022-07-08,22204 Sallent de Gallego,Formigal,23.3,8.8,16.1,0.0,0.0,14.3
2022-07-09,22204 Sallent de Gallego,Formigal,23.8,12.1,17.8,0.0,0.0,10.8
2022-07-10,22204 Sallent de Gallego,Formigal,23.2,12.5,19.4,0.1,0.0,9.4
2022-07-11,22204 Sallent de Gallego,Formigal,24.9,13.6,20.4,0.0,0.0,9.9
2022-07-12,22204 Sallent de Gallego,Formigal,25.9,14.5,21.0,0.0,0.0,10.5
2022-07-13,22204 Sallent de Gallego,Formigal,26.7,14.0,20.8,0.0,0.0,10.5
2022-07-14,22204 Sallent de Gallego,Formigal,28.2,14.9,22.3,0.0,0.0,10.8
2022-07-15,22204 Sallent de Gallego,Formigal,28.2,15.4,21.9,0.2,0.0,10.7
2022-07-16,22204 Sallent de Gallego,Formigal,30.2,17.0,24.3,0.0,0.0,11.3
2022-07-17,22204 Sallent de Gallego,Formigal,29.6,18.5,24.6,0.0,0.0,9.0
2022-07-18,22204 Sallent de Gallego,Formigal,29.4,15.9,23.3,0.0,0.0,14.8
2022-07-19,22204 Sallent de Gallego,Formigal,26.0,16.1,21.0,1.1,0.0,17.7
2022-07-20,22204 Sallent de Gallego,Formigal,24.8,12.9,19.7,0.0,0.0,13.8
2022-07-21,22204 Sallent de Gallego,Formigal,25.5,11.5,19.9,0.0,0.0,13.1
2022-07-22,22204 Sallent de Gallego,Formigal,25.2,15.6,20.9,0.2,0.0,15.2
2022-07-23,22204 Sallent de Gallego,Formigal,25.2,13.6,20.6,0.0,0.0,13.5
2022-07-24,22204 Sallent de Gallego,Formigal,27.6,14.9,21.9,0.0,0.0,12.6
2022-07-25,22204 Sallent de Gallego,Formigal,25.5,14.8,20.4,0.3,0.0,15.5
2022-07-26,22204 Sallent de Gallego,Formigal,23.2,12.0,17.9,1.2,0.0,13.8
2022-07-27,22204 Sallent de Gallego,Formigal,22.4,9.6,17.3,0.0,0.0,12.8
2022-07-28,22204 Sallent de Gallego,Formigal,20.1,11.9,16.5,3.6,0.0,13.1
2022-07-29,22204 Sallent de Gallego,Formigal,19.6,12.8,16.3,1.3,0.0,12.5
2022-07-30,22204 Sallent de Gallego,Formigal,22.4,13.6,18.0,0.0,0.0,11.8
2022-07-31,22204 Sallent de Gallego,Formigal,23.2,12.9,18.8,3.0,0.0,10.5
2022-08-01,22204 Sallent de Gallego,Formigal,24.2,13.3,18.9,0.0,0.0,11.2
2022-08-02,22204 Sallent de Gallego,Formigal,26.5,15.4,20.9,0.0,0.0,10.7
2022-08-03,22204 Sallent de Gallego,Formigal,27.0,14.0,22.2,0.2,0.0,14.8
2022-08-04,22204 Sallent de Gallego,Formigal,26.5,17.0,21.4,0.3,0.0,20.7
2022-08-05,22204 Sallent de Gallego,Formigal,25.4,13.1,19.4,0.8,0.0,12.1
2022-08-06,22204 Sallent de Gallego,Formigal,24.0,12.8,19.1,2.7,0.0,13.1
2022-08-07,22204 Sallent de Gallego,Formigal,23.9,14.0,18.7,5.0,0.0,10.2
2022-08-08,22204 Sallent de Gallego,Formigal,23.5,12.7,18.4,4.0,0.0,10.1
2022-08-09,22204 Sallent de Gallego,Formigal,22.5,13.4,17.4,8.4,0.0,12.7
2022-08-10,22204 Sallent de Gallego,Formigal,26.0,13.6,20.7,0.0,0.0,13.3
2022-08-11,22204 Sallent de Gallego,Formigal,25.2,16.3,21.4,0.0,0.0,12.0
2022-08-12,22204 Sallent de Gallego,Formigal,27.5,15.1,22.2,0.0,0.0,14.8
2022-08-13,22204 Sallent de Gallego,Formigal,26.6,17.5,22.4,0.2,0.0,17.5
2022-08-14,22204 Sallent de Gallego,Formigal,20.6,14.1,16.8,0.4,0.0,13.2
2022-08-15,22204 Sallent de Gallego,Formigal,20.1,11.6,15.9,0.0,0.0,12.7
2022-08-16,22204 Sallent de Gallego,Formigal,17.4,10.1,14.0,9.0,0.0,15.2
2022-08-17,22204 Sallent de Gallego,Formigal,17.4,8.9,12.7,0.2,0.0,14.1
2022-08-18,22204 Sallent de Gallego,Formigal,14.3,7.4,10.4,0.0,0.0,18.4
2022-08-19,22204 Sallent de Gallego,Formigal,20.6,8.6,14.1,0.0,0.0,15.0
2022-08-20,22204 Sallent de Gallego,Formigal,22.4,10.3,16.7,0.0,0.0,11.0
2022-08-21,22204 Sallent de Gallego,Formigal,22.3,13.3,17.5,0.3,0.0,11.9
2022-08-22,22204 Sallent de Gallego,Formigal,22.0,10.4,15.8,0.0,0.0,15.8
2022-08-23,22204 Sallent de Gallego,Formigal,23.4,11.4,17.6,0.0,0.0,12.0
2022-08-24,22204 Sallent de Gallego,Formigal,25.2,15.6,19.6,0.3,0.0,15.0
2022-08-25,22204 Sallent de Gallego,Formigal,22.7,13.6,17.2,3.8,0.0,10.5
2022-08-26,22204 Sallent de Gallego,Formigal,22.1,9.9,16.1,0.0,0.0,10.8
2022-08-27,22204 Sallent de Gallego,Formigal,21.5,11.4,16.6,0.0,0.0,14.1
2022-08-28,22204 Sallent de Gallego,Formigal,23.0,11.6,17.8,0.2,0.0,11.3
2022-08-29,22204 Sallent de Gallego,Formigal,21.1,12.1,16.7,3.8,0.0,14.8
2022-08-30,22204 Sallent de Gallego,Formigal,21.8,12.2,17.2,1.5,0.0,9.7
2022-08-31,22204 Sallent de Gallego,Formigal,19.8,12.9,16.5,3.9,0.0,11.3
2022-09-01,22204 Sallent de Gallego,Formigal,19.1,9.8,15.7,0.0,0.0,11.1
2022-09-02,22204 Sallent de Gallego,Formigal,18.2,9.9,14.4,2.0,0.0,11.2
2022-09-03,22204 Sallent de Gallego,Formigal,15.1,8.8,12.6,4.1,0.0,10.8
2022-09-04,22204 Sallent de Gallego,Formigal,19.1,11.1,15.0,0.1,0.0,16.0
2022-09-05,22204 Sallent de Gallego,Formigal,18.8,9.8,14.6,1.9,0.0,17.3
2022-09-06,22204 Sallent de Gallego,Formigal,19.4,10.8,14.8,2.2,0.0,12.5
2022-09-07,22204 Sallent de Gallego,Formigal,17.4,10.1,14.0,0.2,0.0,13.8
2022-09-08,22204 Sallent de Gallego,Formigal,16.9,6.5,12.0,0.0,0.0,12.4
2022-09-09,22204 Sallent de Gallego,Formigal,18.2,7.7,13.0,0.5,0.0,11.6
2022-09-10,22204 Sallent de Gallego,Formigal,20.7,9.2,14.9,0.0,0.0,11.4
2022-09-11,22204 Sallent de Gallego,Formigal,22.2,11.0,17.9,0.0,0.0,11.3
2022-09-12,22204 Sallent de Gallego,Formigal,25.0,12.9,18.4,0.0,0.0,16.0
2022-09-13,22204 Sallent de Gallego,Formigal,16.0,11.8,13.4,11.4,0.0,17.4
2022-09-14,22204 Sallent de Gallego,Formigal,14.9,9.1,11.9,5.1,0.0,12.7
2022-09-15,22204 Sallent de Gallego,Formigal,17.4,7.9,12.8,0.4,0.0,8.9
2022-09-16,22204 Sallent de Gallego,Formigal,17.6,8.9,12.3,0.0,0.0,14.7
2022-09-17,22204 Sallent de Gallego,Formigal,17.8,5.7,12.0,0.0,0.0,14.9
2022-09-18,22204 Sallent de Gallego,Formigal,16.5,8.4,13.0,0.0,0.0,8.5
2022-09-19,22204 Sallent de Gallego,Formigal,19.7,7.2,13.9,0.0,0.0,8.0
2022-09-20,22204 Sallent de Gallego,Formigal,18.2,7.1,13.7,0.0,0.0,9.7
2022-09-21,22204 Sallent de Gallego,Formigal,17.0,7.9,13.0,0.0,0.0,10.3
2022-09-22,22204 Sallent de Gallego,Formigal,16.6,7.7,12.1,0.0,0.0,10.6
2022-09-23,22204 Sallent de Gallego,Formigal,14.0,6.1,10.3,2.1,0.0,11.2
2022-09-24,22204 Sallent de Gallego,Formigal,11.9,4.9,8.1,2.3,0.0,14.9
2022-09-25,22204 Sallent de Gallego,Formigal,11.1,0.3,5.6,0.7,0.0,12.1
2022-09-26,22204 Sallent de Gallego,Formigal,11.4,1.4,5.8,0.0,0.0,13.9
2022-09-27,22204 Sallent de Gallego,Formigal,9.8,4.6,6.7,1.5,0.0,18.7
2022-09-28,22204 Sallent de Gallego,Formigal,9.8,5.5,7.7,5.0,0.0,17.7
2022-09-29,22204 Sallent de Gallego,Formigal,5.8,3.0,4.5,14.3,0.7,12.6
2022-09-30,22204 Sallent de Gallego,Formigal,7.1,1.5,3.7,0.2,0.0,19.2
2022-10-01,22204 Sallent de Gallego,Formigal,14.9,2.7,8.6,0.0,0.0,10.3
2022-10-02,22204 Sallent de Gallego,Formigal,17.7,6.6,13.6,0.0,0.0,6.9
2022-10-03,22204 Sallent de Gallego,Formigal,19.5,9.9,14.8,0.0,0.0,7.3
2022-10-04,22204 Sallent de Gallego,Formigal,19.0,7.6,13.2,0.0,0.0,6.7
2022-10-05,22204 Sallent de Gallego,Formigal,17.1,8.6,13.3,0.0,0.0,7.7
2022-10-06,22204 Sallent de Gallego,Formigal,14.6,5.4,10.1,0.3,0.0,8.0
2022-10-07,22204 Sallent de Gallego,Formigal,13.9,6.5,9.9,1.6,0.0,9.0
2022-10-08,22204 Sallent de Gallego,Formigal,14.4,7.1,10.3,0.4,0.0,10.4
2022-10-09,22204 Sallent de Gallego,Formigal,14.2,5.8,9.8,1.5,0.0,7.0
2022-10-10,22204 Sallent de Gallego,Formigal,12.9,7.8,10.6,0.5,0.0,7.8
2022-10-11,22204 Sallent de Gallego,Formigal,12.1,7.2,9.7,7.6,0.0,8.6
2022-10-12,22204 Sallent de Gallego,Formigal,13.4,4.5,8.9,0.6,0.0,7.7
2022-10-13,22204 Sallent de Gallego,Formigal,14.3,5.3,10.0,0.0,0.0,9.9
2022-10-14,22204 Sallent de Gallego,Formigal,16.1,7.0,11.4,0.3,0.0,11.2
2022-10-15,22204 Sallent de Gallego,Formigal,16.1,5.9,12.4,0.0,0.0,12.1
2022-10-16,22204 Sallent de Gallego,Formigal,15.6,8.8,11.6,0.0,0.0,17.3
2022-10-17,22204 Sallent de Gallego,Formigal,13.9,7.9,10.3,3.4,0.0,12.4
2022-10-18,22204 Sallent de Gallego,Formigal,17.6,8.1,12.1,0.2,0.0,15.3
2022-10-19,22204 Sallent de Gallego,Formigal,16.8,7.8,11.9,7.2,0.0,20.1
2022-10-20,22204 Sallent de Gallego,Formigal,10.1,7.8,8.6,37.2,0.0,23.2
2022-10-21,22204 Sallent de Gallego,Formigal,8.8,6.6,7.6,28.0,0.0,13.8
2022-10-22,22204 Sallent de Gallego,Formigal,10.2,5.9,7.8,5.4,0.0,15.7
2022-10-23,22204 Sallent de Gallego,Formigal,10.1,6.8,8.4,30.1,0.0,21.6
2022-10-24,22204 Sallent de Gallego,Formigal,10.2,5.7,7.4,3.3,0.0,10.7
2022-10-25,22204 Sallent de Gallego,Formigal,13.8,5.9,9.7,2.8,0.0,17.7
2022-10-26,22204 Sallent de Gallego,Formigal,13.0,6.8,9.7,3.2,0.0,12.4
2022-10-27,22204 Sallent de Gallego,Formigal,16.0,7.9,11.5,0.2,0.0,15.0
2022-10-28,22204 Sallent de Gallego,Formigal,16.0,8.3,11.6,0.0,0.0,12.5
2022-10-29,22204 Sallent de Gallego,Formigal,14.3,6.5,10.1,0.0,0.0,13.8
2022-10-30,22204 Sallent de Gallego,Formigal,13.5,6.7,9.8,6.4,0.0,14.2
2022-10-31,22204 Sallent de Gallego,Formigal,10.1,4.1,6.9,18.6,0.0,15.1
2022-11-01,22204 Sallent de Gallego,Formigal,9.6,3.2,7.0,1.3,0.0,8.6
2022-11-02,22204 Sallent de Gallego,Formigal,9.5,2.4,5.8,0.4,0.0,12.3
2022-11-03,22204 Sallent de Gallego,Formigal,6.8,2.3,5.2,16.4,0.49,14.1
2022-11-04,22204 Sallent de Gallego,Formigal,1.9,-0.8,0.7,10.5,7.21,17.8
2022-11-05,22204 Sallent de Gallego,Formigal,11.1,0.2,4.9,0.2,0.07,16.6
2022-11-06,22204 Sallent de Gallego,Formigal,11.1,3.1,9.1,0.0,0.0,6.5
2022-11-07,22204 Sallent de Gallego,Formigal,9.9,2.1,6.6,0.0,0.0,10.0
2022-11-08,22204 Sallent de Gallego,Formigal,8.6,2.8,5.9,7.8,0.0,13.3
2022-11-09,22204 Sallent de Gallego,Formigal,6.8,3.2,5.3,9.5,0.0,9.5
2022-11-10,22204 Sallent de Gallego,Formigal,10.2,-0.8,5.0,0.0,0.0,13.4
2022-11-11,22204 Sallent de Gallego,Formigal,9.3,3.3,6.9,0.1,0.0,18.8
2022-11-12,22204 Sallent de Gallego,Formigal,9.7,2.0,5.6,0.0,0.0,14.6
2022-11-13,22204 Sallent de Gallego,Formigal,10.6,4.2,8.1,0.0,0.0,12.0
2022-11-14,22204 Sallent de Gallego,Formigal,7.2,4.9,5.7,6.4,0.0,8.4
2022-11-15,22204 Sallent de Gallego,Formigal,6.1,4.6,5.2,14.4,0.28,10.8
2022-11-16,22204 Sallent de Gallego,Formigal,6.1,-0.3,3.7,1.5,0.0,8.7
2022-11-17,22204 Sallent de Gallego,Formigal,7.2,3.0,5.4,6.4,0.0,10.5
2022-11-18,22204 Sallent de Gallego,Formigal,4.2,-0.2,1.6,0.6,0.28,11.3
2022-11-19,22204 Sallent de Gallego,Formigal,0.3,-1.6,-0.8,1.6,1.12,17.0
2022-11-20,22204 Sallent de Gallego,Formigal,4.6,-2.3,0.9,1.0,0.14,15.8
2022-11-21,22204 Sallent de Gallego,Formigal,3.7,-1.9,1.3,37.9,12.39,14.4
2022-11-22,22204 Sallent de Gallego,Formigal,0.6,-4.2,-2.2,12.7,8.61,13.8
2022-11-23,22204 Sallent de Gallego,Formigal,4.2,0.1,2.3,23.7,0.0,15.5
2022-11-24,22204 Sallent de Gallego,Formigal,3.8,-2.2,1.7,12.5,4.41,8.4
2022-11-25,22204 Sallent de Gallego,Formigal,3.4,-1.4,0.9,2.0,1.33,18.0
2022-11-26,22204 Sallent de Gallego,Formigal,10.4,-2.1,3.4,0.0,0.0,11.7
2022-11-27,22204 Sallent de Gallego,Formigal,9.4,4.5,7.5,0.0,0.0,7.2
2022-11-28,22204 Sallent de Gallego,Formigal,1.8,-0.4,0.5,8.4,5.88,17.1
2022-11-29,22204 Sallent de Gallego,Formigal,2.0,-0.9,0.1,6.7,4.69,12.4
2022-11-30,22204 Sallent de Gallego,Formigal,2.8,-5.7,-1.2,0.0,0.0,7.6
2022-12-01,22204 Sallent de Gallego,Formigal,3.0,-7.0,-1.6,0.0,0.0,9.2
2022-12-02,22204 Sallent de Gallego,Formigal,0.1,-4.8,-2.5,0.0,0.0,6.5
2022-12-03,22204 Sallent de Gallego,Formigal,-3.0,-4.8,-3.9,11.2,7.84,9.2
2022-12-04,22204 Sallent de Gallego,Formigal,-2.7,-13.6,-6.2,0.5,0.35,6.2
2022-12-05,22204 Sallent de Gallego,Formigal,3.2,-7.2,-0.8,0.3,0.0,8.6
2022-12-06,22204 Sallent de Gallego,Formigal,5.8,0.9,3.5,3.0,0.0,5.4
2022-12-07,22204 Sallent de Gallego,Formigal,5.1,-1.2,1.7,0.9,0.0,6.6
2022-12-08,22204 Sallent de Gallego,Formigal,2.7,-1.3,1.0,14.1,7.35,12.2
2022-12-09,22204 Sallent de Gallego,Formigal,2.8,0.6,1.4,10.7,1.75,5.7
2022-12-10,22204 Sallent de Gallego,Formigal,1.2,-5.4,-2.0,0.9,0.56,19.5
2022-12-11,22204 Sallent de Gallego,Formigal,-0.4,-6.5,-2.5,1.9,1.33,9.4
2022-12-12,22204 Sallent de Gallego,Formigal,1.5,-4.4,-0.9,29.2,12.04,10.0
2022-12-13,22204 Sallent de Gallego,Formigal,5.9,2.2,3.6,14.3,0.63,7.1
2022-12-14,22204 Sallent de Gallego,Formigal,5.2,-0.1,2.6,5.8,0.0,9.1
2022-12-15,22204 Sallent de Gallego,Formigal,4.1,0.2,2.4,14.2,3.08,11.7
2022-12-16,22204 Sallent de Gallego,Formigal,3.5,-0.6,1.2,0.8,0.21,7.6
2022-12-17,22204 Sallent de Gallego,Formigal,3.9,-2.8,0.4,0.0,0.0,6.0
2022-12-18,22204 Sallent de Gallego,Formigal,4.0,-1.3,1.5,0.0,0.0,10.3
2022-12-19,22204 Sallent de Gallego,Formigal,6.9,-0.3,2.8,0.0,0.0,10.9
2022-12-20,22204 Sallent de Gallego,Formigal,5.8,0.4,2.8,11.4,0.07,13.3
2022-12-21,22204 Sallent de Gallego,Formigal,5.9,-0.5,2.8,3.7,0.14,7.7
2022-12-22,22204 Sallent de Gallego,Formigal,7.2,0.9,4.2,0.3,0.0,7.2
2022-12-23,22204 Sallent de Gallego,Formigal,9.4,1.0,4.5,0.0,0.0,10.5
2022-12-24,22204 Sallent de Gallego,Formigal,9.4,2.7,6.3,0.0,0.0,10.8
2022-12-25,22204 Sallent de Gallego,Formigal,6.2,-0.6,2.5,0.0,0.0,13.1
2022-12-26,22204 Sallent de Gallego,Formigal,6.6,0.2,3.9,0.1,0.0,10.9
2022-12-27,22204 Sallent de Gallego,Formigal,5.1,-1.5,2.2,1.9,0.0,8.3
2022-12-28,22204 Sallent de Gallego,Formigal,4.6,1.7,3.0,1.2,0.0,9.7
2022-12-29,22204 Sallent de Gallego,Formigal,2.5,1.5,2.0,7.2,0.49,7.5
2022-12-30,22204 Sallent de Gallego,Formigal,5.9,1.2,3.9,14.9,0.14,5.7
2022-12-31,22204 Sallent de Gallego,Formigal,7.7,0.8,4.7,0.0,0.0,13.0
2023-01-01,22204 Sallent de Gallego,Formigal,7.3,0.7,3.4,0.7,0.0,14.3
2023-01-02,22204 Sallent de Gallego,Formigal,3.8,1.5,2.7,3.6,0.91,9.7
2023-01-03,22204 Sallent de Gallego,Formigal,3.6,-2.2,1.7,0.0,0.0,5.5
2023-01-04,22204 Sallent de Gallego,Formigal,7.8,-1.1,2.5,0.0,0.0,7.7
2023-01-05,22204 Sallent de Gallego,Formigal,7.5,-0.6,4.1,0.0,0.0,3.8
2023-01-06,22204 Sallent de Gallego,Formigal,7.7,-0.2,4.9,0.0,0.0,5.7
2023-01-07,22204 Sallent de Gallego,Formigal,5.1,0.7,3.3,2.9,1.82,7.6
2023-01-08,22204 Sallent de Gallego,Formigal,1.4,0.3,0.7,42.5,24.43,7.6
2023-01-09,22204 Sallent de Gallego,Formigal,1.1,-2.7,-1.0,9.3,6.37,16.0
2023-01-10,22204 Sallent de Gallego,Formigal,6.1,-2.3,1.2,0.0,0.0,14.0
2023-01-11,22204 Sallent de Gallego,Formigal,4.2,-5.3,0.4,0.0,0.0,16.2
2023-01-12,22204 Sallent de Gallego,Formigal,6.9,-3.0,1.6,0.0,0.0,15.7
2023-01-13,22204 Sallent de Gallego,Formigal,4.3,-1.8,1.5,0.4,0.0,13.8
2023-01-14,22204 Sallent de Gallego,Formigal,6.4,-1.2,4.3,0.0,0.0,5.9
2023-01-15,22204 Sallent de Gallego,Formigal,2.5,-5.4,-1.3,0.7,0.35,16.8
2023-01-16,22204 Sallent de Gallego,Formigal,-1.9,-6.0,-3.5,44.7,31.29,8.6
2023-01-17,22204 Sallent de Gallego,Formigal,-0.5,-7.9,-3.3,30.4,21.21,13.1
2023-01-18,22204 Sallent de Gallego,Formigal,-6.2,-8.4,-7.0,6.9,4.76,16.3
2023-01-19,22204 Sallent de Gallego,Formigal,-2.8,-9.2,-6.3,39.8,27.86,10.7
2023-01-20,22204 Sallent de Gallego,Formigal,-1.2,-10.9,-6.5,5.1,3.57,27.4
2023-01-21,22204 Sallent de Gallego,Formigal,-7.3,-12.1,-9.9,0.7,0.49,14.9
2023-01-22,22204 Sallent de Gallego,Formigal,-6.1,-11.0,-8.4,0.5,0.35,35.9
2023-01-23,22204 Sallent de Gallego,Formigal,-6.4,-10.6,-8.6,0.5,0.35,25.9
2023-01-24,22204 Sallent de Gallego,Formigal,-1.5,-12.2,-8.2,0.0,0.0,9.2
2023-01-25,22204 Sallent de Gallego,Formigal,-2.5,-11.6,-7.9,0.0,0.0,17.9
2023-01-26,22204 Sallent de Gallego,Formigal,-3.5,-8.1,-5.8,0.0,0.0,21.4
2023-01-27,22204 Sallent de Gallego,Formigal,-4.7,-8.7,-6.7,0.0,0.0,22.3
2023-01-28,22204 Sallent de Gallego,Formigal,-4.7,-8.8,-6.8,0.0,0.0,13.9
2023-01-29,22204 Sallent de Gallego,Formigal,-2.5,-9.9,-6.6,0.0,0.0,13.6
2023-01-30,22204 Sallent de Gallego,Formigal,3.0,-11.3,-4.2,0.0,0.0,9.9
2023-01-31,22204 Sallent de Gallego,Formigal,6.8,-5.6,-1.7,0.0,0.0,14.0
2023-02-01,22204 Sallent de Gallego,Formigal,5.3,-6.4,-1.9,0.0,0.0,9.5
2023-02-02,22204 Sallent de Gallego,Formigal,6.5,-7.0,-0.5,0.0,0.0,10.6
2023-02-03,22204 Sallent de Gallego,Formigal,9.1,-5.4,0.2,0.0,0.0,10.0
2023-02-04,22204 Sallent de Gallego,Formigal,6.2,-4.2,0.2,0.0,0.0,13.0
2023-02-05,22204 Sallent de Gallego,Formigal,6.8,-4.2,-0.1,0.0,0.0,12.4
2023-02-06,22204 Sallent de Gallego,Formigal,1.0,-6.7,-3.4,0.0,0.0,17.3
2023-02-07,22204 Sallent de Gallego,Formigal,-2.8,-8.5,-5.0,4.7,3.22,10.7
2023-02-08,22204 Sallent de Gallego,Formigal,-0.2,-8.5,-3.0,0.7,0.49,8.3
2023-02-09,22204 Sallent de Gallego,Formigal,-1.2,-9.8,-4.8,3.7,2.59,7.5
2023-02-10,22204 Sallent de Gallego,Formigal,1.4,-10.9,-2.2,0.0,0.0,4.8
2023-02-11,22204 Sallent de Gallego,Formigal,2.7,-4.1,0.7,0.0,0.0,6.6
2023-02-12,22204 Sallent de Gallego,Formigal,3.2,0.9,2.2,0.0,0.0,7.7
2023-02-13,22204 Sallent de Gallego,Formigal,5.1,0.2,3.3,0.0,0.0,10.5
2023-02-14,22204 Sallent de Gallego,Formigal,4.1,-3.9,0.8,0.0,0.0,13.2
2023-02-15,22204 Sallent de Gallego,Formigal,4.4,-4.3,-0.0,0.0,0.0,10.9
2023-02-16,22204 Sallent de Gallego,Formigal,5.5,-6.9,-0.4,0.0,0.0,8.4
2023-02-17,22204 Sallent de Gallego,Formigal,6.8,-4.3,3.3,0.0,0.0,5.3
2023-02-18,22204 Sallent de Gallego,Formigal,8.4,-1.2,5.1,0.0,0.0,5.2
2023-02-19,22204 Sallent de Gallego,Formigal,9.4,-3.1,5.1,0.0,0.0,5.9
2023-02-20,22204 Sallent de Gallego,Formigal,9.4,5.8,7.7,0.0,0.0,8.7
2023-02-21,22204 Sallent de Gallego,Formigal,9.1,-0.5,6.2,0.4,0.0,10.6
2023-02-22,22204 Sallent de Gallego,Formigal,6.2,-1.4,3.2,2.0,0.56,6.9
2023-02-23,22204 Sallent de Gallego,Formigal,1.0,-2.2,-0.6,35.5,24.64,11.5
2023-02-24,22204 Sallent de Gallego,Formigal,-2.2,-10.6,-4.3,3.6,2.52,9.7
2023-02-25,22204 Sallent de Gallego,Formigal,-0.2,-11.9,-3.5,0.3,0.21,11.9
2023-02-26,22204 Sallent de Gallego,Formigal,-3.2,-9.6,-5.2,1.2,0.84,25.9
2023-02-27,22204 Sallent de Gallego,Formigal,-7.2,-12.4,-10.5,3.4,2.38,19.5
2023-02-28,22204 Sallent de Gallego,Formigal,-4.2,-10.0,-7.6,0.0,0.0,16.9
2023-03-01,22204 Sallent de Gallego,Formigal,-0.9,-13.4,-6.8,0.0,0.0,13.0
2023-03-02,22204 Sallent de Gallego,Formigal,-1.3,-12.6,-6.0,0.4,0.28,11.9
2023-03-03,22204 Sallent de Gallego,Formigal,2.2,-7.2,-3.3,0.0,0.0,11.9
2023-03-04,22204 Sallent de Gallego,Formigal,4.3,-6.6,-0.9,0.0,0.0,6.9
2023-03-05,22204 Sallent de Gallego,Formigal,4.6,-4.1,1.7,0.0,0.0,6.5
2023-03-06,22204 Sallent de Gallego,Formigal,3.3,-5.0,-1.4,0.0,0.0,7.4
2023-03-07,22204 Sallent de Gallego,Formigal,3.3,-3.5,0.5,4.7,0.84,11.0
2023-03-08,22204 Sallent de Gallego,Formigal,6.9,1.6,3.5,15.4,0.91,11.3
2023-03-09,22204 Sallent de Gallego,Formigal,5.2,1.7,3.4,8.1,0.7,11.6
2023-03-10,22204 Sallent de Gallego,Formigal,5.9,0.9,3.2,0.7,0.0,19.1
2023-03-11,22204 Sallent de Gallego,Formigal,8.9,5.4,6.8,3.7,0.0,15.9
2023-03-12,22204 Sallent de Gallego,Formigal,11.6,4.7,7.2,1.8,0.0,10.8
2023-03-13,22204 Sallent de Gallego,Formigal,11.1,0.9,7.7,10.1,0.77,17.5
2023-03-14,22204 Sallent de Gallego,Formigal,2.8,-0.3,0.6,3.9,2.66,18.7
2023-03-15,22204 Sallent de Gallego,Formigal,9.9,-1.0,3.9,0.0,0.0,16.9
2023-03-16,22204 Sallent de Gallego,Formigal,12.9,4.0,8.8,0.0,0.0,13.2
2023-03-17,22204 Sallent de Gallego,Formigal,7.7,1.2,3.6,5.4,1.68,18.4
2023-03-18,22204 Sallent de Gallego,Formigal,5.5,1.0,2.9,7.6,2.73,9.4
2023-03-19,22204 Sallent de Gallego,Formigal,6.2,-0.9,2.4,0.0,0.07,11.2
2023-03-20,22204 Sallent de Gallego,Formigal,11.5,-1.7,4.8,0.0,0.0,7.6
2023-03-21,22204 Sallent de Gallego,Formigal,10.4,0.4,7.2,0.0,0.0,8.9
2023-03-22,22204 Sallent de Gallego,Formigal,10.2,0.6,7.1,0.0,0.0,6.9
2023-03-23,22204 Sallent de Gallego,Formigal,12.1,6.0,9.2,0.0,0.0,12.5
2023-03-24,22204 Sallent de Gallego,Formigal,7.5,0.6,5.6,0.9,0.0,11.0
2023-03-25,22204 Sallent de Gallego,Formigal,8.0,-2.9,3.2,0.0,0.0,8.9
2023-03-26,22204 Sallent de Gallego,Formigal,5.2,0.0,3.0,3.3,1.05,16.8
2023-03-27,22204 Sallent de Gallego,Formigal,6.4,-1.8,1.4,2.7,1.89,18.6
2023-03-28,22204 Sallent de Gallego,Formigal,11.6,-1.5,6.5,0.0,0.0,6.9
2023-03-29,22204 Sallent de Gallego,Formigal,13.7,6.2,10.6,0.0,0.0,12.0
2023-03-30,22204 Sallent de Gallego,Formigal,12.0,6.1,9.8,0.0,0.0,9.7
2023-03-31,22204 Sallent de Gallego,Formigal,8.2,0.8,5.1,2.8,0.0,17.1
2023-04-01,22204 Sallent de Gallego,Formigal,3.4,-2.2,1.1,6.2,4.2,18.2
2023-04-02,22204 Sallent de Gallego,Formigal,1.3,-2.3,-0.4,10.3,7.21,26.5
2023-04-03,22204 Sallent de Gallego,Formigal,5.8,-1.5,1.0,0.2,0.14,18.1
2023-04-04,22204 Sallent de Gallego,Formigal,6.0,-3.4,0.5,0.0,0.0,13.4
2023-04-05,22204 Sallent de Gallego,Formigal,8.8,-3.7,2.1,0.0,0.0,10.2
2023-04-06,22204 Sallent de Gallego,Formigal,9.6,-0.6,5.2,0.0,0.0,11.5
2023-04-07,22204 Sallent de Gallego,Formigal,11.8,0.3,6.4,0.0,0.0,8.9
2023-04-08,22204 Sallent de Gallego,Formigal,11.4,2.2,7.0,0.0,0.0,12.6
2023-04-09,22204 Sallent de Gallego,Formigal,13.4,2.3,9.1,0.0,0.0,12.4
2023-04-10,22204 Sallent de Gallego,Formigal,14.1,4.0,8.9,0.0,0.0,9.7
2023-04-11,22204 Sallent de Gallego,Formigal,12.6,2.7,7.7,0.0,0.0,10.1
2023-04-12,22204 Sallent de Gallego,Formigal,10.0,-0.4,5.2,0.6,0.0,16.9
2023-04-13,22204 Sallent de Gallego,Formigal,0.9,-3.4,-1.3,9.4,6.58,16.9
2023-04-14,22204 Sallent de Gallego,Formigal,6.0,-2.8,1.3,7.6,2.66,18.3
2023-04-15,22204 Sallent de Gallego,Formigal,3.2,-1.6,1.4,3.5,1.61,21.6
2023-04-16,22204 Sallent de Gallego,Formigal,6.9,-2.7,1.6,0.0,0.0,18.1
2023-04-17,22204 Sallent de Gallego,Formigal,9.1,-1.4,3.0,0.0,0.0,16.6
2023-04-18,22204 Sallent de Gallego,Formigal,7.6,-3.0,3.1,0.1,0.0,14.3
2023-04-19,22204 Sallent de Gallego,Formigal,11.2,-1.6,5.3,0.3,0.0,11.6
2023-04-20,22204 Sallent de Gallego,Formigal,13.1,2.2,8.3,0.1,0.0,11.7
2023-04-21,22204 Sallent de Gallego,Formigal,13.8,4.7,9.9,3.3,0.0,15.6
2023-04-22,22204 Sallent de Gallego,Formigal,6.4,0.9,4.1,25.1,2.03,11.8
2023-04-23,22204 Sallent de Gallego,Formigal,7.9,0.3,5.1,5.6,0.07,11.3
2023-04-24,22204 Sallent de Gallego,Formigal,9.9,-1.1,5.3,0.0,0.0,11.9
2023-04-25,22204 Sallent de Gallego,Formigal,11.4,5.6,8.2,0.8,0.0,13.6
2023-04-26,22204 Sallent de Gallego,Formigal,13.2,6.4,9.6,7.7,0.0,9.8
2023-04-27,22204 Sallent de Gallego,Formigal,15.8,6.7,11.9,0.2,0.0,9.9
2023-04-28,22204 Sallent de Gallego,Formigal,19.5,8.1,14.5,2.4,0.0,12.7
2023-04-29,22204 Sallent de Gallego,Formigal,17.0,8.9,13.0,0.5,0.0,15.2
2023-04-30,22204 Sallent de Gallego,Formigal,10.9,5.5,7.6,0.0,0.0,17.8
2023-05-01,22204 Sallent de Gallego,Formigal,10.2,2.2,6.3,0.0,0.0,14.3
2023-05-02,22204 Sallent de Gallego,Formigal,17.4,0.6,9.7,0.0,0.0,7.9
2023-05-03,22204 Sallent de Gallego,Formigal,18.1,10.4,14.3,0.0,0.0,9.7
2023-05-04,22204 Sallent de Gallego,Formigal,15.1,6.1,10.8,0.0,0.0,11.8
2023-05-05,22204 Sallent de Gallego,Formigal,15.6,7.9,11.9,0.0,0.0,11.0
2023-05-06,22204 Sallent de Gallego,Formigal,16.7,7.2,12.0,4.6,0.0,14.2
2023-05-07,22204 Sallent de Gallego,Formigal,13.2,4.8,8.9,1.2,0.0,14.2
2023-05-08,22204 Sallent de Gallego,Formigal,15.9,1.5,9.3,0.0,0.0,12.0
2023-05-09,22204 Sallent de Gallego,Formigal,12.4,3.2,9.0,2.7,0.0,17.7
2023-05-10,22204 Sallent de Gallego,Formigal,8.2,0.9,4.1,0.0,0.0,17.5
2023-05-11,22204 Sallent de Gallego,Formigal,8.1,-0.1,3.4,0.1,0.0,15.7
2023-05-12,22204 Sallent de Gallego,Formigal,7.0,-0.8,2.9,2.8,1.75,18.0
2023-05-13,22204 Sallent de Gallego,Formigal,7.4,1.0,3.6,1.5,0.07,18.1
2023-05-14,22204 Sallent de Gallego,Formigal,8.4,1.4,4.7,0.8,0.0,17.8
2023-05-15,22204 Sallent de Gallego,Formigal,8.5,3.0,5.0,1.2,0.0,21.4
2023-05-16,22204 Sallent de Gallego,Formigal,5.8,1.7,3.6,3.3,0.28,21.7
2023-05-17,22204 Sallent de Gallego,Formigal,6.9,-2.0,3.0,0.0,0.0,22.9
2023-05-18,22204 Sallent de Gallego,Formigal,6.8,-1.0,3.2,0.1,0.07,19.9
2023-05-19,22204 Sallent de Gallego,Formigal,7.4,2.2,4.2,0.7,0.0,19.5
2023-05-20,22204 Sallent de Gallego,Formigal,11.6,2.2,5.6,4.9,1.33,13.8
2023-05-21,22204 Sallent de Gallego,Formigal,13.4,0.2,7.2,1.6,0.0,13.0
2023-05-22,22204 Sallent de Gallego,Formigal,12.9,3.1,8.0,4.6,0.0,6.9
2023-05-23,22204 Sallent de Gallego,Formigal,13.9,5.3,8.9,8.0,0.07,10.4
2023-05-24,22204 Sallent de Gallego,Formigal,13.3,3.8,9.2,1.1,0.0,8.7
2023-05-25,22204 Sallent de Gallego,Formigal,11.8,5.0,7.7,6.6,0.84,12.1
2023-05-26,22204 Sallent de Gallego,Formigal,12.7,3.0,8.0,1.8,0.0,13.8
2023-05-27,22204 Sallent de Gallego,Formigal,16.4,5.2,11.0,0.7,0.0,11.4
2023-05-28,22204 Sallent de Gallego,Formigal,15.7,5.6,11.2,11.2,0.0,8.0
2023-05-29,22204 Sallent de Gallego,Formigal,15.1,5.8,10.0,10.5,0.0,9.6
2023-05-30,22204 Sallent de Gallego,Formigal,13.2,5.7,9.7,13.0,0.0,7.6
2023-05-31,22204 Sallent de Gallego,Formigal,14.0,6.7,10.3,10.1,0.0,6.5
2023-06-01,22204 Sallent de Gallego,Formigal,10.9,6.9,8.4,7.4,0.0,13.0
2023-06-02,22204 Sallent de Gallego,Formigal,14.1,4.6,9.4,5.9,0.0,9.4
2023-06-03,22204 Sallent de Gallego,Formigal,13.7,4.8,10.3,16.8,0.0,6.4
2023-06-04,22204 Sallent de Gallego,Formigal,14.1,4.6,9.7,6.8,0.0,7.3
2023-06-05,22204 Sallent de Gallego,Formigal,14.6,6.0,11.2,13.7,0.0,6.9
2023-06-06,22204 Sallent de Gallego,Formigal,15.6,7.4,11.3,8.0,0.0,11.0
2023-06-07,22204 Sallent de Gallego,Formigal,14.8,7.7,10.8,2.9,0.0,10.9
2023-06-08,22204 Sallent de Gallego,Formigal,14.1,7.2,11.1,1.4,0.0,11.5
2023-06-09,22204 Sallent de Gallego,Formigal,13.3,7.9,10.7,12.5,0.0,9.7
2023-06-10,22204 Sallent de Gallego,Formigal,16.1,7.0,12.2,1.6,0.0,8.7
2023-06-11,22204 Sallent de Gallego,Formigal,15.9,8.4,12.1,4.2,0.0,11.4
2023-06-12,22204 Sallent de Gallego,Formigal,15.6,6.4,11.2,3.2,0.0,13.6
2023-06-13,22204 Sallent de Gallego,Formigal,14.6,7.8,11.6,11.0,0.0,8.6
2023-06-14,22204 Sallent de Gallego,Formigal,15.2,8.4,11.7,0.9,0.0,16.9
2023-06-15,22204 Sallent de Gallego,Formigal,19.4,6.7,12.7,0.0,0.0,10.2
2023-06-16,22204 Sallent de Gallego,Formigal,19.4,7.8,14.8,0.0,0.0,8.9
2023-06-17,22204 Sallent de Gallego,Formigal,20.1,10.7,15.5,2.4,0.0,10.5
2023-06-18,22204 Sallent de Gallego,Formigal,16.2,9.7,13.0,4.6,0.0,15.0
2023-06-19,22204 Sallent de Gallego,Formigal,15.9,8.9,12.5,15.2,0.0,12.9
2023-06-20,22204 Sallent de Gallego,Formigal,16.7,10.2,13.2,22.5,0.0,13.3
2023-06-21,22204 Sallent de Gallego,Formigal,16.1,9.8,12.8,11.1,0.0,10.1
2023-06-22,22204 Sallent de Gallego,Formigal,17.2,9.1,13.0,0.8,0.0,13.0
2023-06-23,22204 Sallent de Gallego,Formigal,20.3,8.4,15.1,0.0,0.0,9.4
2023-06-24,22204 Sallent de Gallego,Formigal,21.4,9.7,17.1,0.0,0.0,8.1
2023-06-25,22204 Sallent de Gallego,Formigal,23.6,12.8,19.6,0.0,0.0,10.7
2023-06-26,22204 Sallent de Gallego,Formigal,21.4,13.3,18.1,0.2,0.0,8.9
2023-06-27,22204 Sallent de Gallego,Formigal,20.1,15.3,18.5,6.7,0.0,9.8
2023-06-28,22204 Sallent de Gallego,Formigal,20.8,12.1,17.2,0.4,0.0,8.7
2023-06-29,22204 Sallent de Gallego,Formigal,17.8,10.1,15.0,6.4,0.0,11.9
2023-06-30,22204 Sallent de Gallego,Formigal,14.4,7.2,10.2,0.0,0.0,15.6
2023-07-01,22204 Sallent de Gallego,Formigal,16.5,7.9,12.0,0.0,0.0,15.5
2023-07-02,22204 Sallent de Gallego,Formigal,19.0,8.9,14.2,0.0,0.0,12.6
2023-07-03,22204 Sallent de Gallego,Formigal,18.5,8.9,14.2,1.5,0.0,10.1
2023-07-04,22204 Sallent de Gallego,Formigal,17.0,11.1,14.3,1.3,0.0,10.1
2023-07-05,22204 Sallent de Gallego,Formigal,17.5,8.5,13.4,0.1,0.0,9.8
2023-07-06,22204 Sallent de Gallego,Formigal,17.1,8.8,13.0,4.0,0.0,14.4
2023-07-07,22204 Sallent de Gallego,Formigal,20.2,9.2,13.5,12.3,0.0,16.5
2023-07-08,22204 Sallent de Gallego,Formigal,20.9,10.2,16.1,0.2,0.0,13.3
2023-07-09,22204 Sallent de Gallego,Formigal,21.1,12.7,17.5,0.0,0.0,12.0
2023-07-10,22204 Sallent de Gallego,Formigal,22.8,12.6,19.0,0.0,0.0,12.4
2023-07-11,22204 Sallent de Gallego,Formigal,24.3,15.1,19.9,0.1,0.0,20.3
2023-07-12,22204 Sallent de Gallego,Formigal,21.2,13.3,18.2,0.0,0.0,13.0
2023-07-13,22204 Sallent de Gallego,Formigal,20.1,10.2,15.3,0.0,0.0,12.5
2023-07-14,22204 Sallent de Gallego,Formigal,21.4,13.1,17.8,0.1,0.0,13.1
2023-07-15,22204 Sallent de Gallego,Formigal,19.2,11.4,16.1,6.1,0.0,16.9
2023-07-16,22204 Sallent de Gallego,Formigal,18.6,10.9,15.4,0.0,0.0,16.7
2023-07-17,22204 Sallent de Gallego,Formigal,22.4,10.8,17.2,0.0,0.0,12.0
2023-07-18,22204 Sallent de Gallego,Formigal,26.0,15.1,19.8,0.1,0.0,13.4
2023-07-19,22204 Sallent de Gallego,Formigal,22.6,16.5,19.8,0.0,0.0,12.0
2023-07-20,22204 Sallent de Gallego,Formigal,21.3,15.2,18.9,0.0,0.0,16.1
2023-07-21,22204 Sallent de Gallego,Formigal,19.5,11.6,15.5,0.0,0.0,11.6
2023-07-22,22204 Sallent de Gallego,Formigal,17.8,9.4,14.4,8.6,0.0,10.7
2023-07-23,22204 Sallent de Gallego,Formigal,20.9,10.2,15.6,2.3,0.0,15.2
2023-07-24,22204 Sallent de Gallego,Formigal,20.2,10.4,16.1,0.0,0.0,16.3
2023-07-25,22204 Sallent de Gallego,Formigal,13.4,6.5,9.9,0.0,0.0,17.5
2023-07-26,22204 Sallent de Gallego,Formigal,19.0,6.6,12.6,0.0,0.0,16.0
2023-07-27,22204 Sallent de Gallego,Formigal,20.4,8.9,14.8,2.9,0.0,12.6
2023-07-28,22204 Sallent de Gallego,Formigal,19.5,10.3,16.2,0.0,0.0,10.9
2023-07-29,22204 Sallent de Gallego,Formigal,20.8,14.1,17.5,0.2,0.0,10.1
2023-07-30,22204 Sallent de Gallego,Formigal,21.1,12.4,17.2,0.0,0.0,14.6
2023-07-31,22204 Sallent de Gallego,Formigal,22.1,10.1,17.3,0.0,0.0,12.2
2023-08-01,22204 Sallent de Gallego,Formigal,20.0,10.9,15.5,0.0,0.0,15.9
2023-08-02,22204 Sallent de Gallego,Formigal,21.6,11.6,17.3,0.0,0.0,14.1
2023-08-03,22204 Sallent de Gallego,Formigal,14.4,7.3,11.6,0.0,0.0,20.1
2023-08-04,22204 Sallent de Gallego,Formigal,10.9,5.7,7.6,1.4,0.0,22.2
2023-08-05,22204 Sallent de Gallego,Formigal,19.3,5.7,12.0,0.0,0.0,18.8
2023-08-06,22204 Sallent de Gallego,Formigal,19.2,7.2,12.8,0.0,0.0,20.8
2023-08-07,22204 Sallent de Gallego,Formigal,20.0,6.8,14.1,0.0,0.0,13.6
2023-08-08,22204 Sallent de Gallego,Formigal,23.8,13.1,18.2,0.0,0.0,10.5
2023-08-09,22204 Sallent de Gallego,Formigal,27.9,12.4,21.9,0.0,0.0,12.1
2023-08-10,22204 Sallent de Gallego,Formigal,25.8,15.6,21.9,0.0,0.0,14.4
2023-08-11,22204 Sallent de Gallego,Formigal,25.8,13.1,19.6,0.0,0.0,12.8
2023-08-12,22204 Sallent de Gallego,Formigal,24.0,14.9,20.2,0.8,0.0,13.1
2023-08-13,22204 Sallent de Gallego,Formigal,23.5,12.9,18.4,0.3,0.0,17.0
2023-08-14,22204 Sallent de Gallego,Formigal,22.1,12.8,17.6,0.9,0.0,15.5
2023-08-15,22204 Sallent de Gallego,Formigal,22.2,10.6,16.8,0.4,0.0,16.2
2023-08-16,22204 Sallent de Gallego,Formigal,22.0,12.1,17.1,0.2,0.0,17.6
2023-08-17,22204 Sallent de Gallego,Formigal,24.2,13.0,19.1,0.0,0.0,15.1
2023-08-18,22204 Sallent de Gallego,Formigal,24.5,16.1,20.9,0.0,0.0,16.8
2023-08-19,22204 Sallent de Gallego,Formigal,27.0,18.2,22.3,0.0,0.0,14.6
2023-08-20,22204 Sallent de Gallego,Formigal,27.8,17.2,23.3,0.0,0.0,14.5
2023-08-21,22204 Sallent de Gallego,Formigal,26.7,18.5,22.8,0.3,0.0,11.8
2023-08-22,22204 Sallent de Gallego,Formigal,27.7,17.5,22.5,3.2,0.0,10.1
2023-08-23,22204 Sallent de Gallego,Formigal,27.9,17.6,23.0,0.0,0.0,10.0
2023-08-24,22204 Sallent de Gallego,Formigal,27.6,21.4,24.0,0.0,0.0,14.2
2023-08-25,22204 Sallent de Gallego,Formigal,23.0,15.8,19.9,0.0,0.0,16.4
2023-08-26,22204 Sallent de Gallego,Formigal,18.1,10.1,13.4,16.4,0.0,13.1
2023-08-27,22204 Sallent de Gallego,Formigal,9.4,5.9,7.7,8.7,0.0,24.8
2023-08-28,22204 Sallent de Gallego,Formigal,11.6,6.4,8.5,7.8,0.0,27.4
2023-08-29,22204 Sallent de Gallego,Formigal,12.4,5.2,8.5,0.3,0.0,18.7
2023-08-30,22204 Sallent de Gallego,Formigal,14.4,5.8,9.8,0.0,0.0,14.8
2023-08-31,22204 Sallent de Gallego,Formigal,18.5,5.8,12.0,0.1,0.0,14.3
2023-09-01,22204 Sallent de Gallego,Formigal,19.3,12.3,14.9,0.5,0.0,14.1
2023-09-02,22204 Sallent de Gallego,Formigal,12.6,8.5,10.7,14.4,0.0,15.5
2023-09-03,22204 Sallent de Gallego,Formigal,19.4,8.8,14.1,0.8,0.0,21.4
2023-09-04,22204 Sallent de Gallego,Formigal,22.2,15.2,18.5,0.0,0.0,25.4
2023-09-05,22204 Sallent de Gallego,Formigal,21.1,13.6,16.8,0.0,0.0,16.4
2023-09-06,22204 Sallent de Gallego,Formigal,21.0,13.3,17.5,0.0,0.0,10.8
2023-09-07,22204 Sallent de Gallego,Formigal,20.9,13.4,17.1,0.0,0.0,11.4
2023-09-08,22204 Sallent de Gallego,Formigal,21.2,12.5,16.9,0.1,0.0,10.5
2023-09-09,22204 Sallent de Gallego,Formigal,22.6,12.5,17.9,0.1,0.0,16.2
2023-09-10,22204 Sallent de Gallego,Formigal,21.1,12.6,17.4,0.1,0.0,18.7
2023-09-11,22204 Sallent de Gallego,Formigal,19.7,10.6,14.8,2.2,0.0,16.8
2023-09-12,22204 Sallent de Gallego,Formigal,16.4,9.9,12.3,2.5,0.0,10.2
2023-09-13,22204 Sallent de Gallego,Formigal,16.9,8.6,12.1,0.9,0.0,9.6
2023-09-14,22204 Sallent de Gallego,Formigal,16.1,9.4,12.6,1.6,0.0,9.4
2023-09-15,22204 Sallent de Gallego,Formigal,15.5,8.6,11.2,8.1,0.0,14.8
2023-09-16,22204 Sallent de Gallego,Formigal,15.5,8.2,11.5,2.6,0.0,17.7
2023-09-17,22204 Sallent de Gallego,Formigal,14.9,9.9,12.0,22.3,0.0,18.6
2023-09-18,22204 Sallent de Gallego,Formigal,12.6,7.7,10.2,2.8,0.0,13.0
2023-09-19,22204 Sallent de Gallego,Formigal,14.4,5.2,10.0,0.0,0.0,10.0
2023-09-20,22204 Sallent de Gallego,Formigal,14.4,6.7,11.1,0.2,0.0,9.0
2023-09-21,22204 Sallent de Gallego,Formigal,11.6,6.8,8.8,10.1,0.0,12.6
2023-09-22,22204 Sallent de Gallego,Formigal,8.4,2.5,5.6,2.0,0.0,15.1
2023-09-23,22204 Sallent de Gallego,Formigal,13.1,2.3,6.8,0.0,0.0,11.9
2023-09-24,22204 Sallent de Gallego,Formigal,17.1,5.2,11.7,0.0,0.0,7.9
2023-09-25,22204 Sallent de Gallego,Formigal,18.6,7.8,12.9,0.0,0.0,10.7
2023-09-26,22204 Sallent de Gallego,Formigal,19.2,10.6,14.9,0.0,0.0,7.9
2023-09-27,22204 Sallent de Gallego,Formigal,18.6,10.7,14.9,0.0,0.0,8.4
2023-09-28,22204 Sallent de Gallego,Formigal,18.8,11.1,15.7,0.0,0.0,8.7
2023-09-29,22204 Sallent de Gallego,Formigal,20.5,9.6,15.4,0.0,0.0,8.9
2023-09-30,22204 Sallent de Gallego,Formigal,21.7,13.1,17.4,0.0,0.0,9.0
2023-10-01,22204 Sallent de Gallego,Formigal,22.8,14.2,19.1,0.0,0.0,8.1
2023-10-02,22204 Sallent de Gallego,Formigal,21.5,13.3,18.2,0.0,0.0,8.9
2023-10-03,22204 Sallent de Gallego,Formigal,20.6,11.6,16.6,0.0,0.0,12.0
2023-10-04,22204 Sallent de Gallego,Formigal,17.7,8.6,13.3,0.0,0.0,9.7
2023-10-05,22204 Sallent de Gallego,Formigal,19.7,10.1,15.0,0.0,0.0,10.2
2023-10-06,22204 Sallent de Gallego,Formigal,21.5,9.9,14.7,0.0,0.0,10.2
2023-10-07,22204 Sallent de Gallego,Formigal,21.6,10.3,16.7,0.0,0.0,10.7
2023-10-08,22204 Sallent de Gallego,Formigal,21.4,8.6,16.0,0.0,0.0,10.9
2023-10-09,22204 Sallent de Gallego,Formigal,19.9,12.7,16.2,0.0,0.0,11.6
2023-10-10,22204 Sallent de Gallego,Formigal,19.4,12.4,15.7,0.0,0.0,11.3
2023-10-11,22204 Sallent de Gallego,Formigal,18.9,10.6,15.0,0.0,0.0,11.5
2023-10-12,22204 Sallent de Gallego,Formigal,18.5,12.6,14.7,0.0,0.0,10.8
2023-10-13,22204 Sallent de Gallego,Formigal,18.2,11.1,14.7,0.2,0.0,10.9
2023-10-14,22204 Sallent de Gallego,Formigal,13.2,8.8,10.3,1.6,0.0,8.2
2023-10-15,22204 Sallent de Gallego,Formigal,14.2,6.8,10.1,0.9,0.0,10.2
2023-10-16,22204 Sallent de Gallego,Formigal,11.3,7.6,9.1,3.6,0.0,7.9
2023-10-17,22204 Sallent de Gallego,Formigal,13.6,5.8,9.7,2.8,0.0,18.0
2023-10-18,22204 Sallent de Gallego,Formigal,9.8,7.8,9.3,46.2,0.0,17.8
2023-10-19,22204 Sallent de Gallego,Formigal,8.8,5.8,7.4,79.9,0.0,17.8
2023-10-20,22204 Sallent de Gallego,Formigal,5.2,2.3,3.6,26.3,0.0,15.6
2023-10-21,22204 Sallent de Gallego,Formigal,5.9,-1.0,2.0,0.7,0.0,9.6
2023-10-22,22204 Sallent de Gallego,Formigal,6.0,-0.3,3.6,0.1,0.0,16.6
2023-10-23,22204 Sallent de Gallego,Formigal,6.9,3.7,5.5,44.2,0.0,18.7
2023-10-24,22204 Sallent de Gallego,Formigal,5.8,2.0,4.0,11.4,0.0,12.3
2023-10-25,22204 Sallent de Gallego,Formigal,7.4,3.7,5.5,6.1,0.0,9.1
2023-10-26,22204 Sallent de Gallego,Formigal,8.4,4.7,7.3,81.9,0.0,18.1
2023-10-27,22204 Sallent de Gallego,Formigal,4.6,-0.3,2.3,6.0,0.21,12.3
2023-10-28,22204 Sallent de Gallego,Formigal,5.6,1.4,3.8,10.0,0.35,13.1
2023-10-29,22204 Sallent de Gallego,Formigal,5.5,4.7,5.1,19.8,0.14,17.8
2023-10-30,22204 Sallent de Gallego,Formigal,5.4,-0.1,3.6,46.2,0.0,13.4
2023-10-31,22204 Sallent de Gallego,Formigal,6.2,-0.7,2.3,0.3,0.0,9.7
2023-11-01,22204 Sallent de Gallego,Formigal,4.9,-1.4,2.7,13.9,0.0,10.6
2023-11-02,22204 Sallent de Gallego,Formigal,5.8,-2.7,2.8,52.1,5.18,15.9
2023-11-03,22204 Sallent de Gallego,Formigal,-0.5,-3.3,-1.9,16.5,11.27,13.1
2023-11-04,22204 Sallent de Gallego,Formigal,2.8,-2.0,1.0,46.9,9.03,22.5
2023-11-05,22204 Sallent de Gallego,Formigal,1.1,-1.0,0.1,12.6,8.05,11.1
2023-11-06,22204 Sallent de Gallego,Formigal,0.8,-6.9,-1.3,2.3,1.61,9.0
2023-11-07,22204 Sallent de Gallego,Formigal,0.1,-7.9,-4.0,0.0,0.0,7.7
2023-11-08,22204 Sallent de Gallego,Formigal,2.2,-4.0,-0.4,0.3,0.0,7.2
2023-11-09,22204 Sallent de Gallego,Formigal,2.3,-1.0,1.1,13.6,3.43,11.7
2023-11-10,22204 Sallent de Gallego,Formigal,3.2,-0.9,1.3,7.8,3.64,13.7
2023-11-11,22204 Sallent de Gallego,Formigal,8.0,2.3,5.2,9.6,0.0,11.7
2023-11-12,22204 Sallent de Gallego,Formigal,9.8,3.8,6.6,3.7,0.0,18.3
2023-11-13,22204 Sallent de Gallego,Formigal,11.9,2.8,7.3,0.0,0.0,9.9
2023-11-14,22204 Sallent de Gallego,Formigal,12.4,5.1,8.7,0.0,0.0,12.3
2023-11-15,22204 Sallent de Gallego,Formigal,10.7,2.8,6.8,0.0,0.0,12.4
2023-11-16,22204 Sallent de Gallego,Formigal,10.1,4.4,7.5,0.7,0.0,14.4
2023-11-17,22204 Sallent de Gallego,Formigal,8.6,1.1,4.3,0.0,0.0,14.1
2023-11-18,22204 Sallent de Gallego,Formigal,14.4,3.7,9.0,0.0,0.0,8.8
2023-11-19,22204 Sallent de Gallego,Formigal,13.6,7.8,12.2,0.0,0.0,8.9
2023-11-20,22204 Sallent de Gallego,Formigal,12.4,2.8,9.3,0.1,0.0,16.2
2023-11-21,22204 Sallent de Gallego,Formigal,2.3,-0.2,0.9,12.6,8.4,32.2
2023-11-22,22204 Sallent de Gallego,Formigal,0.5,-2.3,-0.4,1.5,0.77,31.9
2023-11-23,22204 Sallent de Gallego,Formigal,6.8,-3.8,0.9,0.0,0.0,15.6
2023-11-24,22204 Sallent de Gallego,Formigal,10.6,0.8,4.6,0.0,0.0,13.5
2023-11-25,22204 Sallent de Gallego,Formigal,6.7,0.2,2.6,0.0,0.0,18.5
2023-11-26,22204 Sallent de Gallego,Formigal,8.4,-0.5,3.3,0.0,0.0,7.6
2023-11-27,22204 Sallent de Gallego,Formigal,5.7,0.3,2.7,9.3,0.49,15.2
2023-11-28,22204 Sallent de Gallego,Formigal,3.3,0.2,2.0,3.5,0.28,19.3
2023-11-29,22204 Sallent de Gallego,Formigal,4.9,1.2,3.5,12.1,0.0,9.0
2023-11-30,22204 Sallent de Gallego,Formigal,5.8,4.5,4.9,77.8,0.21,14.1
2023-12-01,22204 Sallent de Gallego,Formigal,5.1,-2.8,1.5,23.2,3.85,12.6
2023-12-02,22204 Sallent de Gallego,Formigal,-1.4,-4.9,-2.4,0.7,0.35,17.0
2023-12-03,22204 Sallent de Gallego,Formigal,2.2,-5.9,-2.6,0.0,0.0,11.8
2023-12-04,22204 Sallent de Gallego,Formigal,-0.3,-2.3,-1.3,12.4,7.63,10.5
2023-12-05,22204 Sallent de Gallego,Formigal,-0.9,-4.2,-2.6,0.9,0.63,14.6
2023-12-06,22204 Sallent de Gallego,Formigal,4.1,-7.2,-1.4,0.0,0.0,6.6
2023-12-07,22204 Sallent de Gallego,Formigal,5.4,1.2,3.5,9.2,0.0,6.6
2023-12-08,22204 Sallent de Gallego,Formigal,2.0,-1.8,0.5,6.2,1.33,19.9
2023-12-09,22204 Sallent de Gallego,Formigal,7.4,-1.7,3.3,1.0,0.0,18.0
2023-12-10,22204 Sallent de Gallego,Formigal,9.1,1.0,4.3,0.0,0.0,17.6
2023-12-11,22204 Sallent de Gallego,Formigal,8.9,2.8,6.8,0.0,0.0,9.3
2023-12-12,22204 Sallent de Gallego,Formigal,8.1,3.0,5.7,7.6,0.0,10.1
2023-12-13,22204 Sallent de Gallego,Formigal,3.2,-1.4,0.3,14.0,6.37,15.0
2023-12-14,22204 Sallent de Gallego,Formigal,-1.1,-2.9,-2.1,23.9,16.38,26.8
2023-12-15,22204 Sallent de Gallego,Formigal,1.3,-4.8,-0.9,0.9,0.28,19.0
2023-12-16,22204 Sallent de Gallego,Formigal,9.9,-5.8,-0.1,0.0,0.0,12.0
2023-12-17,22204 Sallent de Gallego,Formigal,7.9,1.5,6.2,0.0,0.0,4.9
2023-12-18,22204 Sallent de Gallego,Formigal,8.9,-0.4,5.7,0.0,0.0,5.1
2023-12-19,22204 Sallent de Gallego,Formigal,10.8,-1.8,3.2,0.0,0.0,10.3
2023-12-20,22204 Sallent de Gallego,Formigal,3.3,-3.5,-0.1,4.9,1.26,25.3
2023-12-21,22204 Sallent de Gallego,Formigal,2.8,-1.0,0.8,1.1,0.14,27.5
2023-12-22,22204 Sallent de Gallego,Formigal,3.2,0.4,1.7,0.3,0.0,23.5
2023-12-23,22204 Sallent de Gallego,Formigal,9.4,-0.4,2.7,0.0,0.0,17.6
2023-12-24,22204 Sallent de Gallego,Formigal,11.4,0.5,5.9,0.0,0.0,6.8
2023-12-25,22204 Sallent de Gallego,Formigal,10.4,0.0,5.0,0.0,0.0,5.2
2023-12-26,22204 Sallent de Gallego,Formigal,8.9,4.1,7.5,0.0,0.0,7.1
2023-12-27,22204 Sallent de Gallego,Formigal,8.6,4.8,6.8,0.0,0.0,9.7
2023-12-28,22204 Sallent de Gallego,Formigal,8.3,4.6,6.8,0.0,0.0,7.5
2023-12-29,22204 Sallent de Gallego,Formigal,6.4,-0.2,4.6,1.2,0.14,6.9
2023-12-30,22204 Sallent de Gallego,Formigal,5.1,-0.9,2.3,0.0,0.0,10.5
2023-12-31,22204 Sallent de Gallego,Formigal,1.4,-3.2,-0.4,4.2,2.1,11.6
2024-01-01,22204 Sallent de Gallego,Formigal,2.0,-3.9,-0.7,0.0,0.0,7.4
2024-01-02,22204 Sallent de Gallego,Formigal,5.1,0.9,2.4,3.9,0.14,6.8
2024-01-03,22204 Sallent de Gallego,Formigal,4.3,1.2,3.0,9.9,0.0,8.4
2024-01-04,22204 Sallent de Gallego,Formigal,6.5,-1.0,2.2,1.1,0.56,11.9
2024-01-05,22204 Sallent de Gallego,Formigal,0.9,-2.8,-0.9,7.2,4.76,19.1
2024-01-06,22204 Sallent de Gallego,Formigal,-2.5,-5.3,-3.9,5.7,3.85,19.8
2024-01-07,22204 Sallent de Gallego,Formigal,-5.3,-7.2,-6.5,4.0,2.73,23.4
2024-01-08,22204 Sallent de Gallego,Formigal,-6.2,-10.2,-8.2,0.1,0.07,30.7
2024-01-09,22204 Sallent de Gallego,Formigal,-1.0,-10.8,-4.7,0.0,0.0,6.2
2024-01-10,22204 Sallent de Gallego,Formigal,-2.5,-5.6,-3.5,3.5,2.31,9.1
2024-01-11,22204 Sallent de Gallego,Formigal,-1.2,-11.3,-7.1,0.0,0.0,12.8
2024-01-12,22204 Sallent de Gallego,Formigal,1.8,-10.6,-3.8,0.0,0.0,5.7
2024-01-13,22204 Sallent de Gallego,Formigal,6.9,0.7,3.7,0.0,0.0,10.3
2024-01-14,22204 Sallent de Gallego,Formigal,6.3,1.5,2.5,6.3,0.0,8.2
2024-01-15,22204 Sallent de Gallego,Formigal,4.8,-0.3,2.2,5.5,0.14,8.6
2024-01-16,22204 Sallent de Gallego,Formigal,5.5,-1.4,2.6,7.9,0.0,8.3
2024-01-17,22204 Sallent de Gallego,Formigal,4.6,1.0,2.8,35.2,0.7,15.8
2024-01-18,22204 Sallent de Gallego,Formigal,2.2,-0.4,0.9,5.8,1.96,11.0
2024-01-19,22204 Sallent de Gallego,Formigal,0.9,-2.9,-1.1,3.2,2.17,12.5
2024-01-20,22204 Sallent de Gallego,Formigal,3.6,-7.8,-2.0,0.0,0.0,12.9
2024-01-21,22204 Sallent de Gallego,Formigal,6.8,-3.4,1.9,0.0,0.0,9.3
2024-01-22,22204 Sallent de Gallego,Formigal,9.9,3.2,6.5,0.1,0.0,9.2
2024-01-23,22204 Sallent de Gallego,Formigal,11.0,2.7,6.1,0.0,0.0,9.6
2024-01-24,22204 Sallent de Gallego,Formigal,15.1,5.0,10.6,0.0,0.0,8.6
2024-01-25,22204 Sallent de Gallego,Formigal,14.9,4.9,10.2,0.0,0.0,11.4
2024-01-26,22204 Sallent de Gallego,Formigal,14.4,3.8,7.7,0.0,0.0,6.3
2024-01-27,22204 Sallent de Gallego,Formigal,13.1,9.6,11.9,0.0,0.0,4.8
2024-01-28,22204 Sallent de Gallego,Formigal,13.4,4.8,10.1,0.0,0.0,11.9
2024-01-29,22204 Sallent de Gallego,Formigal,8.6,3.8,7.1,0.0,0.0,9.3
2024-01-30,22204 Sallent de Gallego,Formigal,8.9,1.5,6.9,0.0,0.0,5.9
2024-01-31,22204 Sallent de Gallego,Formigal,9.6,0.2,6.8,0.0,0.0,9.4
2024-02-01,22204 Sallent de Gallego,Formigal,9.2,0.8,3.6,0.0,0.0,15.1
2024-02-02,22204 Sallent de Gallego,Formigal,10.6,0.3,4.4,0.0,0.0,13.8
2024-02-03,22204 Sallent de Gallego,Formigal,10.6,2.8,7.5,0.0,0.0,5.7
2024-02-04,22204 Sallent de Gallego,Formigal,11.3,1.5,5.8,0.0,0.0,6.8
2024-02-05,22204 Sallent de Gallego,Formigal,10.4,2.5,7.7,0.0,0.0,5.6
2024-02-06,22204 Sallent de Gallego,Formigal,8.8,0.2,3.6,0.0,0.0,9.1
2024-02-07,22204 Sallent de Gallego,Formigal,6.3,-1.2,2.4,0.4,0.0,10.1
2024-02-08,22204 Sallent de Gallego,Formigal,5.3,-0.7,2.1,14.9,9.52,16.6
2024-02-09,22204 Sallent de Gallego,Formigal,1.9,-0.9,0.1,40.7,26.81,10.3
2024-02-10,22204 Sallent de Gallego,Formigal,1.1,-5.0,-1.4,18.8,10.99,19.3
2024-02-11,22204 Sallent de Gallego,Formigal,-1.5,-8.2,-3.3,8.0,5.46,13.9
2024-02-12,22204 Sallent de Gallego,Formigal,0.9,-2.7,-0.6,8.8,5.04,25.1
2024-02-13,22204 Sallent de Gallego,Formigal,6.8,-6.4,1.1,0.0,0.0,10.0
2024-02-14,22204 Sallent de Gallego,Formigal,8.9,0.7,5.7,0.0,0.0,7.3
2024-02-15,22204 Sallent de Gallego,Formigal,10.1,4.6,6.9,0.5,0.0,11.2
2024-02-16,22204 Sallent de Gallego,Formigal,4.6,0.4,2.2,10.6,4.2,16.3
2024-02-17,22204 Sallent de Gallego,Formigal,7.6,-3.0,1.9,0.0,0.0,15.3
2024-02-18,22204 Sallent de Gallego,Formigal,10.1,3.2,6.7,0.1,0.0,13.6
2024-02-19,22204 Sallent de Gallego,Formigal,7.1,0.6,3.8,0.8,0.0,18.0
2024-02-20,22204 Sallent de Gallego,Formigal,10.2,-0.8,3.3,0.0,0.0,12.4
2024-02-21,22204 Sallent de Gallego,Formigal,9.1,1.5,6.8,0.3,0.0,7.5
2024-02-22,22204 Sallent de Gallego,Formigal,6.6,-2.7,4.0,6.6,3.01,20.5
2024-02-23,22204 Sallent de Gallego,Formigal,-2.5,-8.1,-4.5,8.5,5.95,18.2
2024-02-24,22204 Sallent de Gallego,Formigal,-3.2,-10.1,-5.7,5.7,3.92,15.6
2024-02-25,22204 Sallent de Gallego,Formigal,0.7,-5.4,-1.9,47.5,31.78,5.5
2024-02-26,22204 Sallent de Gallego,Formigal,0.4,-2.5,-1.5,13.2,8.26,18.1
2024-02-27,22204 Sallent de Gallego,Formigal,-1.6,-4.8,-3.0,29.6,20.23,32.0
2024-02-28,22204 Sallent de Gallego,Formigal,-0.1,-7.2,-3.9,1.4,0.91,46.2
2024-02-29,22204 Sallent de Gallego,Formigal,5.1,-6.5,-1.2,1.3,0.77,18.0
2024-03-01,22204 Sallent de Gallego,Formigal,0.9,-5.2,-2.1,4.7,3.15,24.2
2024-03-02,22204 Sallent de Gallego,Formigal,-1.2,-2.8,-1.9,68.3,47.74,13.6
2024-03-03,22204 Sallent de Gallego,Formigal,-3.0,-5.8,-4.6,8.3,5.74,22.0
2024-03-04,22204 Sallent de Gallego,Formigal,1.4,-8.9,-3.0,1.8,1.19,11.7
2024-03-05,22204 Sallent de Gallego,Formigal,-0.4,-5.7,-2.9,0.0,0.0,12.8
2024-03-06,22204 Sallent de Gallego,Formigal,1.9,-9.9,-3.0,0.0,0.0,9.5
2024-03-07,22204 Sallent de Gallego,Formigal,2.2,-6.8,-1.0,0.0,0.0,21.9
2024-03-08,22204 Sallent de Gallego,Formigal,-1.6,-3.2,-2.5,24.6,17.29,17.3
2024-03-09,22204 Sallent de Gallego,Formigal,-2.1,-5.2,-3.0,25.7,17.92,18.8
2024-03-10,22204 Sallent de Gallego,Formigal,-0.8,-5.8,-3.3,12.4,8.47,9.0
2024-03-11,22204 Sallent de Gallego,Formigal,-0.4,-3.7,-1.7,10.7,7.42,18.1
2024-03-12,22204 Sallent de Gallego,Formigal,4.7,-5.6,-0.4,0.1,0.07,18.1
2024-03-13,22204 Sallent de Gallego,Formigal,8.4,2.3,5.4,0.0,0.0,4.9
2024-03-14,22204 Sallent de Gallego,Formigal,6.9,0.9,5.4,0.1,0.0,7.3
2024-03-15,22204 Sallent de Gallego,Formigal,5.8,-2.8,2.6,0.3,0.0,9.0
2024-03-16,22204 Sallent de Gallego,Formigal,8.9,-1.3,3.9,0.0,0.0,10.4
2024-03-17,22204 Sallent de Gallego,Formigal,10.5,3.5,8.1,0.0,0.0,9.4
2024-03-18,22204 Sallent de Gallego,Formigal,10.4,-0.2,6.2,0.0,0.0,8.7
2024-03-19,22204 Sallent de Gallego,Formigal,10.4,4.8,8.1,0.5,0.0,9.0
2024-03-20,22204 Sallent de Gallego,Formigal,9.2,3.5,6.9,0.0,0.0,10.8
2024-03-21,22204 Sallent de Gallego,Formigal,13.2,2.2,8.0,0.1,0.0,7.9
2024-03-22,22204 Sallent de Gallego,Formigal,14.1,2.1,8.8,0.0,0.0,7.3
2024-03-23,22204 Sallent de Gallego,Formigal,10.1,-1.5,4.4,0.0,0.0,14.7
2024-03-24,22204 Sallent de Gallego,Formigal,8.9,-2.7,3.0,0.0,0.0,9.8
2024-03-25,22204 Sallent de Gallego,Formigal,4.4,-4.5,0.5,18.0,9.45,10.2
2024-03-26,22204 Sallent de Gallego,Formigal,0.6,-7.4,-1.5,28.7,19.67,9.7
2024-03-27,22204 Sallent de Gallego,Formigal,-0.1,-7.2,-3.5,5.4,3.29,14.7
2024-03-28,22204 Sallent de Gallego,Formigal,2.0,-2.5,-0.3,11.7,6.93,19.8
2024-03-29,22204 Sallent de Gallego,Formigal,3.3,-1.0,2.1,58.3,12.6,20.4
2024-03-30,22204 Sallent de Gallego,Formigal,0.8,-7.9,-2.4,11.0,7.63,17.7
2024-03-31,22204 Sallent de Gallego,Formigal,-0.5,-2.3,-1.5,26.2,18.06,22.1
2024-04-01,22204 Sallent de Gallego,Formigal,0.2,-7.2,-2.9,5.4,3.78,11.3
2024-04-02,22204 Sallent de Gallego,Formigal,2.7,-8.6,-1.5,6.2,4.27,13.1
2024-04-03,22204 Sallent de Gallego,Formigal,4.5,-0.4,2.3,1.6,0.49,6.0
2024-04-04,22204 Sallent de Gallego,Formigal,7.2,2.7,4.6,0.0,0.0,10.9
2024-04-05,22204 Sallent de Gallego,Formigal,9.7,0.6,5.5,0.0,0.0,14.5
2024-04-06,22204 Sallent de Gallego,Formigal,11.6,1.7,6.8,0.0,0.0,16.6
2024-04-07,22204 Sallent de Gallego,Formigal,8.4,4.0,6.5,7.0,0.0,13.8
2024-04-08,22204 Sallent de Gallego,Formigal,8.1,0.7,4.7,21.1,1.26,13.3
2024-04-09,22204 Sallent de Gallego,Formigal,0.1,-2.5,-1.4,1.4,0.91,20.3
2024-04-10,22204 Sallent de Gallego,Formigal,5.8,-4.0,0.3,0.0,0.0,18.3
2024-04-11,22204 Sallent de Gallego,Formigal,12.0,-1.5,4.7,0.0,0.0,15.6
2024-04-12,22204 Sallent de Gallego,Formigal,16.2,3.3,10.4,0.0,0.0,6.4
2024-04-13,22204 Sallent de Gallego,Formigal,18.2,5.8,13.1,0.0,0.0,5.0
2024-04-14,22204 Sallent de Gallego,Formigal,17.0,7.4,13.0,0.0,0.0,7.9
2024-04-15,22204 Sallent de Gallego,Formigal,14.9,4.2,10.2,0.4,0.0,14.3
2024-04-16,22204 Sallent de Gallego,Formigal,7.2,-0.6,3.2,0.0,0.0,22.0
2024-04-17,22204 Sallent de Gallego,Formigal,5.7,-1.5,1.3,0.0,0.0,18.0
2024-04-18,22204 Sallent de Gallego,Formigal,3.0,-2.0,-0.1,0.1,0.07,20.2
2024-04-19,22204 Sallent de Gallego,Formigal,10.3,-4.0,4.3,0.0,0.0,8.7
2024-04-20,22204 Sallent de Gallego,Formigal,12.4,0.3,5.8,0.0,0.0,14.1
2024-04-21,22204 Sallent de Gallego,Formigal,11.2,0.1,4.8,0.0,0.0,20.4
2024-04-22,22204 Sallent de Gallego,Formigal,1.6,-4.0,-1.4,0.0,0.0,18.4
2024-04-23,22204 Sallent de Gallego,Formigal,0.3,-5.2,-3.1,1.8,1.19,19.7
2024-04-24,22204 Sallent de Gallego,Formigal,3.1,-5.0,-0.9,0.0,0.0,17.9
2024-04-25,22204 Sallent de Gallego,Formigal,4.1,-2.8,0.9,2.3,1.4,11.5
2024-04-26,22204 Sallent de Gallego,Formigal,4.8,-1.5,1.6,8.5,4.06,15.1
2024-04-27,22204 Sallent de Gallego,Formigal,3.2,-1.3,1.7,29.3,7.0,19.4
2024-04-28,22204 Sallent de Gallego,Formigal,6.8,-1.1,2.4,3.2,1.82,10.2
2024-04-29,22204 Sallent de Gallego,Formigal,5.9,1.0,3.2,4.6,0.42,8.4
2024-04-30,22204 Sallent de Gallego,Formigal,7.3,1.5,4.2,3.3,0.0,8.9
2024-05-01,22204 Sallent de Gallego,Formigal,4.4,-1.8,1.8,8.5,3.99,15.5
2024-05-02,22204 Sallent de Gallego,Formigal,2.8,-2.6,-0.5,1.6,1.12,13.6
2024-05-03,22204 Sallent de Gallego,Formigal,5.9,-3.0,2.0,1.5,0.84,10.9
2024-05-04,22204 Sallent de Gallego,Formigal,10.4,2.6,6.0,5.1,0.14,10.1
2024-05-05,22204 Sallent de Gallego,Formigal,9.8,5.4,7.5,13.5,0.0,14.1
2024-05-06,22204 Sallent de Gallego,Formigal,9.1,2.0,5.2,7.7,0.0,16.0
2024-05-07,22204 Sallent de Gallego,Formigal,6.8,0.6,3.1,2.0,0.14,22.4
2024-05-08,22204 Sallent de Gallego,Formigal,13.5,-0.1,6.6,0.4,0.0,21.3
2024-05-09,22204 Sallent de Gallego,Formigal,14.7,2.1,9.7,0.0,0.0,10.0
2024-05-10,22204 Sallent de Gallego,Formigal,15.1,7.1,11.3,0.0,0.0,10.5
2024-05-11,22204 Sallent de Gallego,Formigal,16.4,5.2,11.6,0.2,0.0,13.4
2024-05-12,22204 Sallent de Gallego,Formigal,13.4,5.3,10.2,0.9,0.0,10.2
2024-05-13,22204 Sallent de Gallego,Formigal,14.4,4.8,9.5,3.8,0.0,16.8
2024-05-14,22204 Sallent de Gallego,Formigal,8.6,3.2,6.2,18.5,0.42,15.0
2024-05-15,22204 Sallent de Gallego,Formigal,6.3,0.4,3.4,3.2,1.12,9.6
2024-05-16,22204 Sallent de Gallego,Formigal,5.1,-0.6,2.4,3.5,1.33,10.0
2024-05-17,22204 Sallent de Gallego,Formigal,6.8,0.2,3.3,10.5,3.57,12.5
2024-05-18,22204 Sallent de Gallego,Formigal,8.2,1.5,4.8,1.6,0.0,9.5
2024-05-19,22204 Sallent de Gallego,Formigal,7.8,2.2,4.8,3.5,0.07,11.7
2024-05-20,22204 Sallent de Gallego,Formigal,8.0,1.5,4.4,4.8,0.77,9.0
2024-05-21,22204 Sallent de Gallego,Formigal,8.1,-1.2,3.9,0.9,0.0,13.0
2024-05-22,22204 Sallent de Gallego,Formigal,7.9,-1.1,3.8,3.2,0.0,11.4
2024-05-23,22204 Sallent de Gallego,Formigal,9.6,0.6,5.3,2.1,0.84,11.6
2024-05-24,22204 Sallent de Gallego,Formigal,10.4,3.1,7.0,1.7,0.0,9.4
2024-05-25,22204 Sallent de Gallego,Formigal,14.1,2.4,9.6,0.0,0.0,8.0
2024-05-26,22204 Sallent de Gallego,Formigal,14.6,7.2,11.7,0.4,0.0,11.0
2024-05-27,22204 Sallent de Gallego,Formigal,13.1,6.1,9.6,3.5,0.0,11.5
2024-05-28,22204 Sallent de Gallego,Formigal,16.5,3.7,10.9,0.8,0.0,11.3
2024-05-29,22204 Sallent de Gallego,Formigal,17.8,7.1,12.4,0.0,0.0,11.5
2024-05-30,22204 Sallent de Gallego,Formigal,13.8,4.2,10.4,0.0,0.0,20.5
2024-05-31,22204 Sallent de Gallego,Formigal,13.0,3.5,7.3,0.0,0.0,17.6
2024-06-01,22204 Sallent de Gallego,Formigal,10.6,4.0,6.9,0.0,0.0,16.1
2024-06-02,22204 Sallent de Gallego,Formigal,13.6,4.2,8.8,0.0,0.0,12.2
2024-06-03,22204 Sallent de Gallego,Formigal,14.2,5.5,10.4,2.9,0.0,8.7
2024-06-04,22204 Sallent de Gallego,Formigal,16.0,8.1,11.9,0.0,0.0,10.5
2024-06-05,22204 Sallent de Gallego,Formigal,18.0,5.7,13.9,0.0,0.0,12.5
2024-06-06,22204 Sallent de Gallego,Formigal,20.0,9.6,15.8,0.7,0.0,13.5
2024-06-07,22204 Sallent de Gallego,Formigal,20.7,11.4,16.1,0.9,0.0,14.3
2024-06-08,22204 Sallent de Gallego,Formigal,21.3,10.6,16.0,2.9,0.0,12.7
2024-06-09,22204 Sallent de Gallego,Formigal,12.4,7.4,10.6,3.6,0.0,20.3
2024-06-10,22204 Sallent de Gallego,Formigal,13.9,5.6,9.3,1.6,0.0,13.3
2024-06-11,22204 Sallent de Gallego,Formigal,12.5,5.6,8.3,0.5,0.0,12.8
2024-06-12,22204 Sallent de Gallego,Formigal,10.3,4.0,6.7,1.6,0.0,12.3
2024-06-13,22204 Sallent de Gallego,Formigal,13.9,1.4,8.5,0.0,0.0,10.0
2024-06-14,22204 Sallent de Gallego,Formigal,16.5,7.8,13.1,3.0,0.0,19.0
2024-06-15,22204 Sallent de Gallego,Formigal,14.4,6.8,10.9,9.7,0.0,11.2
2024-06-16,22204 Sallent de Gallego,Formigal,15.6,5.2,11.3,0.0,0.0,12.4
2024-06-17,22204 Sallent de Gallego,Formigal,18.5,7.4,13.5,0.0,0.0,15.9
2024-06-18,22204 Sallent de Gallego,Formigal,18.0,9.6,13.3,8.1,0.0,18.3
2024-06-19,22204 Sallent de Gallego,Formigal,15.9,8.9,12.6,2.8,0.0,17.3
2024-06-20,22204 Sallent de Gallego,Formigal,10.4,5.3,8.7,17.0,0.0,16.0
2024-06-21,22204 Sallent de Gallego,Formigal,14.0,3.3,9.1,0.0,0.0,10.3
2024-06-22,22204 Sallent de Gallego,Formigal,15.1,6.4,10.0,0.0,0.0,18.2
2024-06-23,22204 Sallent de Gallego,Formigal,14.9,6.7,10.1,0.1,0.0,18.8
2024-06-24,22204 Sallent de Gallego,Formigal,19.2,5.8,12.5,0.0,0.0,11.0
2024-06-25,22204 Sallent de Gallego,Formigal,19.5,11.3,15.2,0.0,0.0,9.7
2024-06-26,22204 Sallent de Gallego,Formigal,21.8,10.9,16.3,14.3,0.0,10.2
2024-06-27,22204 Sallent de Gallego,Formigal,21.5,11.4,18.0,0.8,0.0,13.4
2024-06-28,22204 Sallent de Gallego,Formigal,21.5,12.5,17.2,0.0,0.0,16.1
2024-06-29,22204 Sallent de Gallego,Formigal,15.4,9.9,12.4,3.2,0.0,12.0
2024-06-30,22204 Sallent de Gallego,Formigal,14.2,8.4,11.3,2.3,0.0,9.2
2024-07-01,22204 Sallent de Gallego,Formigal,15.5,8.1,11.5,0.0,0.0,18.9
2024-07-02,22204 Sallent de Gallego,Formigal,16.2,6.9,11.1,0.0,0.0,15.3
2024-07-03,22204 Sallent de Gallego,Formigal,17.4,7.1,12.1,0.0,0.0,14.8
2024-07-04,22204 Sallent de Gallego,Formigal,21.1,10.4,15.9,0.0,0.0,12.0
2024-07-05,22204 Sallent de Gallego,Formigal,21.6,11.0,16.6,0.5,0.0,13.3
2024-07-06,22204 Sallent de Gallego,Formigal,16.1,8.8,12.7,34.2,0.0,12.0
2024-07-07,22204 Sallent de Gallego,Formigal,15.3,7.3,12.1,0.3,0.0,11.4
2024-07-08,22204 Sallent de Gallego,Formigal,18.9,9.6,14.4,0.3,0.0,14.8
2024-07-09,22204 Sallent de Gallego,Formigal,19.3,10.6,15.3,0.3,0.0,16.0
2024-07-10,22204 Sallent de Gallego,Formigal,20.6,12.4,16.7,0.0,0.0,12.2
2024-07-11,22204 Sallent de Gallego,Formigal,22.2,13.9,18.7,1.8,0.0,17.3
2024-07-12,22204 Sallent de Gallego,Formigal,17.4,9.1,13.8,1.5,0.0,13.9
2024-07-13,22204 Sallent de Gallego,Formigal,15.9,7.8,12.0,0.7,0.0,13.4
2024-07-14,22204 Sallent de Gallego,Formigal,20.1,10.1,15.5,0.3,0.0,12.0
2024-07-15,22204 Sallent de Gallego,Formigal,19.0,12.1,15.5,1.5,0.0,14.2
2024-07-16,22204 Sallent de Gallego,Formigal,19.5,13.1,16.1,0.0,0.0,11.5
2024-07-17,22204 Sallent de Gallego,Formigal,20.9,10.3,16.7,0.1,0.0,11.2
2024-07-18,22204 Sallent de Gallego,Formigal,24.4,13.2,19.5,0.0,0.0,14.1
2024-07-19,22204 Sallent de Gallego,Formigal,23.7,15.6,19.9,1.1,0.0,13.2
2024-07-20,22204 Sallent de Gallego,Formigal,23.5,14.3,19.2,0.6,0.0,16.0
2024-07-21,22204 Sallent de Gallego,Formigal,16.0,7.6,11.3,6.7,0.0,20.4
2024-07-22,22204 Sallent de Gallego,Formigal,22.5,6.8,15.1,0.0,0.0,12.8
2024-07-23,22204 Sallent de Gallego,Formigal,25.5,13.0,19.1,0.0,0.0,10.8
2024-07-24,22204 Sallent de Gallego,Formigal,25.6,12.7,19.5,0.0,0.0,11.5
2024-07-25,22204 Sallent de Gallego,Formigal,25.4,13.1,20.3,0.0,0.0,13.8
2024-07-26,22204 Sallent de Gallego,Formigal,23.2,12.6,19.1,1.3,0.0,12.6
2024-07-27,22204 Sallent de Gallego,Formigal,25.4,13.4,19.2,1.0,0.0,14.1
2024-07-28,22204 Sallent de Gallego,Formigal,25.8,14.1,20.3,0.0,0.0,16.7
2024-07-29,22204 Sallent de Gallego,Formigal,28.1,15.9,22.5,0.0,0.0,15.2
2024-07-30,22204 Sallent de Gallego,Formigal,26.5,17.0,22.2,1.0,0.0,17.4
2024-07-31,22204 Sallent de Gallego,Formigal,27.4,15.9,21.7,0.0,0.0,15.0
2024-08-01,22204 Sallent de Gallego,Formigal,27.5,15.5,21.3,0.0,0.0,19.2
2024-08-02,22204 Sallent de Gallego,Formigal,20.6,13.9,18.1,7.8,0.0,12.1
2024-08-03,22204 Sallent de Gallego,Formigal,24.1,10.6,17.8,0.0,0.0,11.9
2024-08-04,22204 Sallent de Gallego,Formigal,25.5,12.8,18.9,0.0,0.0,12.7
2024-08-05,22204 Sallent de Gallego,Formigal,26.7,14.0,21.2,0.0,0.0,15.5
2024-08-06,22204 Sallent de Gallego,Formigal,24.6,15.1,20.5,1.8,0.0,15.7
2024-08-07,22204 Sallent de Gallego,Formigal,22.6,13.4,18.7,8.0,0.0,14.5
2024-08-08,22204 Sallent de Gallego,Formigal,25.9,15.1,20.5,0.0,0.0,17.6
2024-08-09,22204 Sallent de Gallego,Formigal,27.0,14.6,21.5,0.0,0.0,14.7
2024-08-10,22204 Sallent de Gallego,Formigal,26.9,19.8,23.3,0.0,0.0,12.4
2024-08-11,22204 Sallent de Gallego,Formigal,27.6,18.5,23.0,0.3,0.0,16.9
2024-08-12,22204 Sallent de Gallego,Formigal,26.5,15.2,20.7,0.7,0.0,15.6
2024-08-13,22204 Sallent de Gallego,Formigal,18.5,12.1,16.1,5.3,0.0,11.0
2024-08-14,22204 Sallent de Gallego,Formigal,14.9,9.4,12.5,6.4,0.0,17.7
2024-08-15,22204 Sallent de Gallego,Formigal,19.5,8.6,13.6,0.3,0.0,13.2
2024-08-16,22204 Sallent de Gallego,Formigal,21.1,9.7,15.7,0.2,0.0,8.1
2024-08-17,22204 Sallent de Gallego,Formigal,21.5,12.1,16.2,0.1,0.0,14.5
2024-08-18,22204 Sallent de Gallego,Formigal,17.5,9.6,13.7,2.9,0.0,18.5
2024-08-19,22204 Sallent de Gallego,Formigal,22.8,7.0,15.2,0.0,0.0,14.1
2024-08-20,22204 Sallent de Gallego,Formigal,23.1,12.1,17.9,0.0,0.0,14.4
2024-08-21,22204 Sallent de Gallego,Formigal,22.1,10.2,16.1,0.0,0.0,14.1
2024-08-22,22204 Sallent de Gallego,Formigal,24.8,13.6,19.0,0.0,0.0,13.0
2024-08-23,22204 Sallent de Gallego,Formigal,22.0,12.9,17.5,0.8,0.0,11.8
2024-08-24,22204 Sallent de Gallego,Formigal,22.3,12.5,16.4,10.2,0.0,17.1
2024-08-25,22204 Sallent de Gallego,Formigal,16.5,11.5,13.9,12.7,0.0,11.0
2024-08-26,22204 Sallent de Gallego,Formigal,18.5,12.4,15.3,1.7,0.0,7.8
2024-08-27,22204 Sallent de Gallego,Formigal,21.0,11.7,16.6,0.0,0.0,8.9
2024-08-28,22204 Sallent de Gallego,Formigal,20.8,10.7,17.3,1.1,0.0,10.8
2024-08-29,22204 Sallent de Gallego,Formigal,19.9,12.6,15.0,4.8,0.0,10.5
2024-08-30,22204 Sallent de Gallego,Formigal,19.1,12.2,14.9,5.7,0.0,11.7
2024-08-31,22204 Sallent de Gallego,Formigal,18.5,11.3,14.5,3.0,0.0,14.0
2024-09-01,22204 Sallent de Gallego,Formigal,15.4,10.6,13.0,12.6,0.0,9.2
2024-09-02,22204 Sallent de Gallego,Formigal,18.1,9.4,14.0,0.7,0.0,10.0
2024-09-03,22204 Sallent de Gallego,Formigal,16.0,11.0,13.0,13.0,0.0,11.0
2024-09-04,22204 Sallent de Gallego,Formigal,11.9,6.6,10.0,17.8,0.0,17.9
2024-09-05,22204 Sallent de Gallego,Formigal,12.3,5.1,8.2,0.7,0.0,13.0
2024-09-06,22204 Sallent de Gallego,Formigal,12.4,6.8,8.9,24.3,0.0,18.0
2024-09-07,22204 Sallent de Gallego,Formigal,13.4,7.1,10.3,12.5,0.0,14.8
2024-09-08,22204 Sallent de Gallego,Formigal,12.6,6.3,9.4,5.2,0.0,15.2
2024-09-09,22204 Sallent de Gallego,Formigal,13.4,5.2,8.9,0.0,0.0,16.3
2024-09-10,22204 Sallent de Gallego,Formigal,17.9,6.2,11.4,0.0,0.0,14.6
2024-09-11,22204 Sallent de Gallego,Formigal,14.7,4.8,9.6,0.1,0.0,16.2
2024-09-12,22204 Sallent de Gallego,Formigal,9.4,1.9,6.9,0.9,0.0,20.9
2024-09-13,22204 Sallent de Gallego,Formigal,10.5,1.0,4.7,0.0,0.0,19.9
2024-09-14,22204 Sallent de Gallego,Formigal,14.8,1.7,8.5,0.0,0.0,9.6
2024-09-15,22204 Sallent de Gallego,Formigal,17.9,4.2,10.4,0.0,0.0,11.2
2024-09-16,22204 Sallent de Gallego,Formigal,15.6,5.4,10.1,0.0,0.0,15.3
2024-09-17,22204 Sallent de Gallego,Formigal,15.4,4.1,9.7,0.0,0.0,21.6
2024-09-18,22204 Sallent de Gallego,Formigal,11.6,6.1,8.0,1.0,0.0,10.9
2024-09-19,22204 Sallent de Gallego,Formigal,12.7,4.8,8.3,2.0,0.0,9.4
2024-09-20,22204 Sallent de Gallego,Formigal,10.7,5.0,7.9,4.3,0.0,13.9
2024-09-21,22204 Sallent de Gallego,Formigal,9.9,7.3,8.5,24.8,0.0,14.5
2024-09-22,22204 Sallent de Gallego,Formigal,11.6,6.8,8.9,8.0,0.0,13.9
2024-09-23,22204 Sallent de Gallego,Formigal,11.4,4.2,7.8,0.0,0.0,11.5
2024-09-24,22204 Sallent de Gallego,Formigal,11.6,4.4,8.2,0.9,0.0,14.8
2024-09-25,22204 Sallent de Gallego,Formigal,12.4,6.4,9.2,5.9,0.0,14.8
2024-09-26,22204 Sallent de Gallego,Formigal,11.3,7.8,10.1,19.1,0.0,13.7
2024-09-27,22204 Sallent de Gallego,Formigal,7.8,1.4,4.7,1.6,0.0,14.6
2024-09-28,22204 Sallent de Gallego,Formigal,8.4,2.2,4.4,0.4,0.0,14.5
2024-09-29,22204 Sallent de Gallego,Formigal,13.3,4.0,8.6,0.0,0.0,8.7
2024-09-30,22204 Sallent de Gallego,Formigal,15.4,9.5,12.4,0.0,0.0,7.6
2024-10-01,22204 Sallent de Gallego,Formigal,14.3,8.5,11.9,0.2,0.0,8.6
2024-10-02,22204 Sallent de Gallego,Formigal,11.0,8.9,9.8,31.1,0.0,12.4
2024-10-03,22204 Sallent de Gallego,Formigal,7.9,1.9,5.3,0.9,0.0,20.9
2024-10-04,22204 Sallent de Gallego,Formigal,13.2,0.9,6.2,0.0,0.0,13.2
2024-10-05,22204 Sallent de Gallego,Formigal,13.1,3.5,10.1,3.5,0.0,7.8
2024-10-06,22204 Sallent de Gallego,Formigal,13.1,9.4,10.9,14.3,0.0,10.0
2024-10-07,22204 Sallent de Gallego,Formigal,12.8,7.2,10.1,23.8,0.0,24.7
2024-10-08,22204 Sallent de Gallego,Formigal,8.2,2.0,6.2,11.4,0.0,11.4
2024-10-09,22204 Sallent de Gallego,Formigal,8.9,6.6,7.7,26.8,0.0,21.8
2024-10-10,22204 Sallent de Gallego,Formigal,8.7,2.8,5.7,0.1,0.0,14.8
2024-10-11,22204 Sallent de Gallego,Formigal,8.6,0.4,4.6,0.0,0.0,11.9
2024-10-12,22204 Sallent de Gallego,Formigal,11.5,4.3,8.2,3.3,0.0,11.2
2024-10-13,22204 Sallent de Gallego,Formigal,14.7,6.0,11.1,0.2,0.0,9.7
2024-10-14,22204 Sallent de Gallego,Formigal,15.2,9.2,12.1,0.6,0.0,12.5
2024-10-15,22204 Sallent de Gallego,Formigal,12.6,8.6,10.7,12.1,0.0,23.3
2024-10-16,22204 Sallent de Gallego,Formigal,10.1,8.1,8.8,29.5,0.0,23.0
2024-10-17,22204 Sallent de Gallego,Formigal,8.5,2.5,5.9,44.1,5.95,21.4
2024-10-18,22204 Sallent de Gallego,Formigal,4.9,2.1,3.2,5.1,0.07,16.2
2024-10-19,22204 Sallent de Gallego,Formigal,11.4,0.9,6.5,0.8,0.0,14.0
2024-10-20,22204 Sallent de Gallego,Formigal,15.4,4.6,9.9,0.0,0.0,6.8
2024-10-21,22204 Sallent de Gallego,Formigal,13.1,8.9,11.3,1.1,0.0,7.4
2024-10-22,22204 Sallent de Gallego,Formigal,11.1,7.2,9.2,7.4,0.0,6.0
2024-10-23,22204 Sallent de Gallego,Formigal,10.4,4.7,7.5,1.5,0.0,8.8
2024-10-24,22204 Sallent de Gallego,Formigal,9.4,4.2,7.0,1.9,0.0,9.8
2024-10-25,22204 Sallent de Gallego,Formigal,7.5,4.4,6.1,25.3,0.0,15.5
2024-10-26,22204 Sallent de Gallego,Formigal,5.9,0.9,4.0,26.4,1.61,11.5
2024-10-27,22204 Sallent de Gallego,Formigal,6.8,-0.4,2.8,0.3,0.14,11.5
2024-10-28,22204 Sallent de Gallego,Formigal,12.1,2.3,7.3,0.0,0.0,7.9
2024-10-29,22204 Sallent de Gallego,Formigal,11.9,3.5,7.5,0.0,0.0,10.1
2024-10-30,22204 Sallent de Gallego,Formigal,11.9,5.6,8.4,1.4,0.0,10.8
2024-10-31,22204 Sallent de Gallego,Formigal,12.0,3.5,7.0,0.5,0.0,17.8
2024-11-01,22204 Sallent de Gallego,Formigal,11.5,3.8,7.6,0.1,0.0,13.5
2024-11-02,22204 Sallent de Gallego,Formigal,11.5,2.8,7.2,1.4,0.0,8.3
2024-11-03,22204 Sallent de Gallego,Formigal,10.1,3.5,6.2,0.0,0.0,12.7
2024-11-04,22204 Sallent de Gallego,Formigal,8.9,2.8,5.8,3.6,0.0,16.8
2024-11-05,22204 Sallent de Gallego,Formigal,10.1,4.8,7.3,1.1,0.0,8.1
2024-11-06,22204 Sallent de Gallego,Formigal,11.4,2.6,6.4,0.8,0.0,7.4
2024-11-07,22204 Sallent de Gallego,Formigal,8.6,3.0,5.4,0.0,0.0,9.0
2024-11-08,22204 Sallent de Gallego,Formigal,8.6,0.9,5.4,0.4,0.0,9.0
2024-11-09,22204 Sallent de Gallego,Formigal,7.2,1.8,5.1,0.2,0.0,14.9
2024-11-10,22204 Sallent de Gallego,Formigal,9.9,2.9,5.5,0.0,0.0,12.1
2024-11-11,22204 Sallent de Gallego,Formigal,9.1,1.4,4.4,0.0,0.0,13.3
2024-11-12,22204 Sallent de Gallego,Formigal,2.1,-2.1,0.4,0.0,0.0,19.0
2024-11-13,22204 Sallent de Gallego,Formigal,6.7,-4.9,0.0,0.9,0.56,18.3
2024-11-14,22204 Sallent de Gallego,Formigal,10.6,0.6,4.9,0.0,0.0,5.1
2024-11-15,22204 Sallent de Gallego,Formigal,7.1,1.1,3.7,0.0,0.0,6.5
2024-11-16,22204 Sallent de Gallego,Formigal,8.8,1.9,4.5,0.0,0.0,7.4
2024-11-17,22204 Sallent de Gallego,Formigal,10.9,0.6,5.6,0.0,0.0,10.0
2024-11-18,22204 Sallent de Gallego,Formigal,8.4,0.8,3.7,0.0,0.0,8.6
2024-11-19,22204 Sallent de Gallego,Formigal,7.0,1.5,3.4,0.3,0.0,10.9
2024-11-20,22204 Sallent de Gallego,Formigal,4.5,1.8,3.3,14.1,0.56,21.6
2024-11-21,22204 Sallent de Gallego,Formigal,3.3,1.5,2.4,13.4,0.0,10.7
2024-11-22,22204 Sallent de Gallego,Formigal,2.5,-4.3,-1.1,7.2,3.36,24.1
2024-11-23,22204 Sallent de Gallego,Formigal,5.1,-1.8,1.8,0.0,0.0,8.4
2024-11-24,22204 Sallent de Gallego,Formigal,6.5,0.8,3.7,0.0,0.0,19.9
2024-11-25,22204 Sallent de Gallego,Formigal,5.6,0.0,4.1,31.9,1.75,16.9
2024-11-26,22204 Sallent de Gallego,Formigal,6.2,-1.4,1.4,0.0,0.0,7.5
2024-11-27,22204 Sallent de Gallego,Formigal,8.9,0.9,3.9,0.0,0.0,4.5
2024-11-28,22204 Sallent de Gallego,Formigal,10.6,3.8,6.3,0.0,0.0,5.0
2024-11-29,22204 Sallent de Gallego,Formigal,13.3,3.5,7.8,0.0,0.0,7.3
2024-11-30,22204 Sallent de Gallego,Formigal,10.8,1.8,5.7,0.0,0.0,6.6
2024-12-01,22204 Sallent de Gallego,Formigal,11.0,3.5,6.6,0.0,0.0,10.6
2024-12-02,22204 Sallent de Gallego,Formigal,7.2,1.4,4.8,0.7,0.0,9.7
2024-12-03,22204 Sallent de Gallego,Formigal,4.8,-1.6,1.2,1.2,0.84,11.7
2024-12-04,22204 Sallent de Gallego,Formigal,5.8,-1.8,0.7,0.0,0.0,15.7
2024-12-05,22204 Sallent de Gallego,Formigal,7.4,1.1,3.4,0.0,0.0,11.9
2024-12-06,22204 Sallent de Gallego,Formigal,7.5,3.8,5.8,7.6,0.0,18.6
2024-12-07,22204 Sallent de Gallego,Formigal,5.3,-4.2,1.2,17.2,10.15,25.6
2024-12-08,22204 Sallent de Gallego,Formigal,-2.8,-5.8,-4.0,47.4,33.18,26.6
2024-12-09,22204 Sallent de Gallego,Formigal,-2.8,-6.2,-4.2,9.6,6.44,19.2
2024-12-10,22204 Sallent de Gallego,Formigal,-2.5,-6.8,-4.9,0.0,0.0,14.3
2024-12-11,22204 Sallent de Gallego,Formigal,-4.5,-7.9,-5.9,0.1,0.07,11.7
2024-12-12,22204 Sallent de Gallego,Formigal,0.6,-7.8,-4.0,2.7,1.89,4.9
2024-12-13,22204 Sallent de Gallego,Formigal,-0.6,-4.3,-1.9,0.9,0.63,9.8
2024-12-14,22204 Sallent de Gallego,Formigal,-1.3,-8.9,-3.4,2.2,1.54,13.0
2024-12-15,22204 Sallent de Gallego,Formigal,-1.4,-6.7,-3.2,1.2,0.7,18.6
2024-12-16,22204 Sallent de Gallego,Formigal,5.8,-6.6,1.4,0.0,0.0,3.9
2024-12-17,22204 Sallent de Gallego,Formigal,7.2,-0.2,3.1,0.0,0.0,2.5
2024-12-18,22204 Sallent de Gallego,Formigal,5.8,0.8,3.7,0.0,0.0,3.7
2024-12-19,22204 Sallent de Gallego,Formigal,3.2,-2.9,1.0,4.5,1.19,23.8
2024-12-20,22204 Sallent de Gallego,Formigal,-2.5,-4.9,-3.4,1.8,1.19,32.1
2024-12-21,22204 Sallent de Gallego,Formigal,1.2,-4.7,-1.1,0.5,0.14,15.2
2024-12-22,22204 Sallent de Gallego,Formigal,2.3,-1.5,1.0,10.7,6.09,31.1
2024-12-23,22204 Sallent de Gallego,Formigal,-1.9,-5.2,-4.0,11.0,7.42,39.1
2024-12-24,22204 Sallent de Gallego,Formigal,2.8,-5.2,-0.1,3.6,0.0,19.6
2024-12-25,22204 Sallent de Gallego,Formigal,7.9,-0.3,2.5,0.0,0.0,12.5
2024-12-26,22204 Sallent de Gallego,Formigal,5.4,0.2,2.1,0.0,0.0,3.6
2024-12-27,22204 Sallent de Gallego,Formigal,3.7,-1.7,1.4,0.0,0.0,3.4
2024-12-28,22204 Sallent de Gallego,Formigal,4.8,-1.6,0.6,0.0,0.0,1.8
2024-12-29,22204 Sallent de Gallego,Formigal,4.1,-1.5,0.8,0.0,0.0,2.9
2024-12-30,22204 Sallent de Gallego,Formigal,3.8,-0.7,1.1,0.0,0.0,4.3
2024-12-31,22204 Sallent de Gallego,Formigal,4.0,-1.5,0.6,0.0,0.0,3.8
2025-01-01,22204 Sallent de Gallego,Formigal,2.7,-3.0,-0.2,0.0,0.0,6.5
2025-01-02,22204 Sallent de Gallego,Formigal,1.9,-6.1,-1.9,0.0,0.0,7.3
2025-01-03,22204 Sallent de Gallego,Formigal,2.6,-2.6,0.6,8.0,0.7,7.2
2025-01-04,22204 Sallent de Gallego,Formigal,5.9,0.3,3.3,4.7,0.0,5.3
2025-01-05,22204 Sallent de Gallego,Formigal,4.3,0.2,2.2,0.2,0.0,15.8
2025-01-06,22204 Sallent de Gallego,Formigal,0.9,-4.2,-0.3,11.0,6.51,12.5
2025-01-07,22204 Sallent de Gallego,Formigal,0.8,-5.1,-2.2,1.4,0.84,10.0
2025-01-08,22204 Sallent de Gallego,Formigal,3.4,0.4,1.7,0.7,0.0,11.2
2025-01-09,22204 Sallent de Gallego,Formigal,2.2,0.2,1.1,2.9,0.07,11.8
2025-01-10,22204 Sallent de Gallego,Formigal,6.3,0.2,2.9,0.6,0.0,11.5
2025-01-11,22204 Sallent de Gallego,Formigal,3.7,-1.2,1.5,14.7,2.52,24.8
2025-01-12,22204 Sallent de Gallego,Formigal,-1.0,-6.3,-3.3,0.6,0.21,36.8
2025-01-13,22204 Sallent de Gallego,Formigal,2.1,-5.8,-2.4,0.0,0.0,23.6
2025-01-14,22204 Sallent de Gallego,Formigal,5.6,-4.2,-0.6,0.0,0.0,11.0
2025-01-15,22204 Sallent de Gallego,Formigal,6.6,-4.1,-0.5,0.0,0.0,14.9
2025-01-16,22204 Sallent de Gallego,Formigal,0.2,-6.7,-3.3,1.2,0.84,13.3
2025-01-17,22204 Sallent de Gallego,Formigal,1.0,-7.1,-3.7,0.0,0.0,4.5
2025-01-18,22204 Sallent de Gallego,Formigal,2.5,-5.2,-1.5,0.0,0.0,3.9
2025-01-19,22204 Sallent de Gallego,Formigal,0.3,-4.4,-2.4,0.0,0.0,5.1
2025-01-20,22204 Sallent de Gallego,Formigal,-0.9,-5.5,-2.8,1.3,0.56,6.9
2025-01-21,22204 Sallent de Gallego,Formigal,2.0,-3.8,-0.3,6.3,0.14,7.2
2025-01-22,22204 Sallent de Gallego,Formigal,2.3,1.0,1.7,19.3,0.07,13.5
2025-01-23,22204 Sallent de Gallego,Formigal,5.4,-0.6,2.0,5.0,0.28,9.2
2025-01-24,22204 Sallent de Gallego,Formigal,6.8,-0.7,2.6,0.0,0.0,10.8
2025-01-25,22204 Sallent de Gallego,Formigal,2.3,-2.2,1.0,12.9,6.3,11.5
2025-01-26,22204 Sallent de Gallego,Formigal,1.3,-5.8,-1.7,1.8,0.77,14.9
2025-01-27,22204 Sallent de Gallego,Formigal,2.9,-1.6,1.5,35.8,8.68,15.0
2025-01-28,22204 Sallent de Gallego,Formigal,-2.0,-5.0,-3.4,15.7,10.78,13.7
2025-01-29,22204 Sallent de Gallego,Formigal,-1.6,-6.8,-3.5,12.8,8.54,14.4
2025-01-30,22204 Sallent de Gallego,Formigal,-0.2,-5.5,-2.6,12.7,8.68,26.8
2025-01-31,22204 Sallent de Gallego,Formigal,0.5,-10.0,-3.4,0.5,0.28,16.3
2025-02-01,22204 Sallent de Gallego,Formigal,-0.4,-12.2,-4.5,3.6,2.52,10.7
2025-02-02,22204 Sallent de Gallego,Formigal,0.5,-12.7,-6.3,0.0,0.0,7.7
2025-02-03,22204 Sallent de Gallego,Formigal,3.7,-9.6,-4.0,0.0,0.0,7.1
2025-02-04,22204 Sallent de Gallego,Formigal,4.3,-7.1,-2.3,0.0,0.0,6.0
2025-02-05,22204 Sallent de Gallego,Formigal,6.2,-7.7,-2.4,0.0,0.0,5.3
2025-02-06,22204 Sallent de Gallego,Formigal,4.1,-5.6,-0.9,0.0,0.0,3.4
2025-02-07,22204 Sallent de Gallego,Formigal,0.1,-6.3,-3.1,12.3,8.19,22.1
2025-02-08,22204 Sallent de Gallego,Formigal,-1.8,-9.2,-5.0,13.3,9.31,12.0
2025-02-09,22204 Sallent de Gallego,Formigal,2.1,-9.2,-1.9,3.1,0.49,7.7
2025-02-10,22204 Sallent de Gallego,Formigal,2.7,-1.1,0.8,2.0,0.0,6.0
2025-02-11,22204 Sallent de Gallego,Formigal,1.4,-2.6,0.3,4.6,1.4,8.5
2025-02-12,22204 Sallent de Gallego,Formigal,1.3,-0.8,0.2,10.2,6.93,11.5
2025-02-13,22204 Sallent de Gallego,Formigal,3.8,-6.6,-0.5,0.2,0.07,11.2
2025-02-14,22204 Sallent de Gallego,Formigal,4.6,-2.1,2.0,0.9,0.21,9.2
2025-02-15,22204 Sallent de Gallego,Formigal,5.5,-2.5,2.3,0.0,0.0,4.9
2025-02-16,22204 Sallent de Gallego,Formigal,5.6,-1.4,2.2,0.0,0.0,6.2
2025-02-17,22204 Sallent de Gallego,Formigal,5.4,0.6,3.3,0.0,0.0,6.0
2025-02-18,22204 Sallent de Gallego,Formigal,6.6,0.0,2.6,0.0,0.0,11.7
2025-02-19,22204 Sallent de Gallego,Formigal,8.4,1.5,4.4,0.0,0.0,7.8
2025-02-20,22204 Sallent de Gallego,Formigal,8.8,0.9,3.9,0.0,0.0,6.0
2025-02-21,22204 Sallent de Gallego,Formigal,6.5,1.6,3.6,0.3,0.0,20.0
2025-02-22,22204 Sallent de Gallego,Formigal,5.0,-0.7,1.5,16.6,7.84,18.7
2025-02-23,22204 Sallent de Gallego,Formigal,6.6,-5.7,0.5,0.0,0.0,8.6
2025-02-24,22204 Sallent de Gallego,Formigal,7.2,-0.8,3.1,0.0,0.0,6.0
2025-02-25,22204 Sallent de Gallego,Formigal,2.4,-2.7,0.2,2.8,0.56,19.9
2025-02-26,22204 Sallent de Gallego,Formigal,3.7,-3.9,-1.1,0.4,0.28,16.0
2025-02-27,22204 Sallent de Gallego,Formigal,3.5,-3.5,0.2,0.0,0.0,8.5
2025-02-28,22204 Sallent de Gallego,Formigal,3.9,-4.0,-0.4,0.0,0.0,7.7
2025-03-01,22204 Sallent de Gallego,Formigal,2.4,-4.8,-0.8,1.0,0.7,13.5
2025-03-02,22204 Sallent de Gallego,Formigal,1.1,-6.0,-1.9,3.1,2.17,15.1
2025-03-03,22204 Sallent de Gallego,Formigal,3.8,-3.0,0.2,1.8,0.7,13.5
2025-03-04,22204 Sallent de Gallego,Formigal,5.3,-0.2,2.0,1.6,0.77,13.7
2025-03-05,22204 Sallent de Gallego,Formigal,6.2,-1.0,2.0,0.0,0.0,17.1
2025-03-06,22204 Sallent de Gallego,Formigal,4.9,-0.8,1.6,0.0,0.0,21.7
2025-03-07,22204 Sallent de Gallego,Formigal,2.8,-0.6,1.2,2.7,0.14,18.1
2025-03-08,22204 Sallent de Gallego,Formigal,3.2,1.4,2.1,28.4,5.39,27.4
2025-03-09,22204 Sallent de Gallego,Formigal,1.9,-4.6,-0.9,33.5,20.02,17.9
2025-03-10,22204 Sallent de Gallego,Formigal,1.4,-4.4,-2.0,0.5,0.35,9.4
2025-03-11,22204 Sallent de Gallego,Formigal,1.2,-3.5,-0.4,9.3,5.95,11.4
2025-03-12,22204 Sallent de Gallego,Formigal,2.1,-2.2,-0.3,2.3,1.61,10.6
2025-03-13,22204 Sallent de Gallego,Formigal,1.9,-2.8,-1.0,4.1,2.73,8.6
2025-03-14,22204 Sallent de Gallego,Formigal,-2.0,-5.3,-3.5,1.2,0.84,14.6
2025-03-15,22204 Sallent de Gallego,Formigal,-1.5,-7.2,-4.9,0.0,0.0,14.9
2025-03-16,22204 Sallent de Gallego,Formigal,-1.7,-7.4,-4.6,0.8,0.63,8.5
2025-03-17,22204 Sallent de Gallego,Formigal,2.4,-8.3,-2.9,0.0,0.0,11.6
2025-03-18,22204 Sallent de Gallego,Formigal,4.6,-3.2,-0.0,6.0,3.92,18.9
2025-03-19,22204 Sallent de Gallego,Formigal,3.3,-0.5,1.3,8.9,4.9,18.3
2025-03-20,22204 Sallent de Gallego,Formigal,9.9,-0.1,4.5,1.2,0.0,27.9
2025-03-21,22204 Sallent de Gallego,Formigal,4.4,0.6,2.7,24.0,2.31,21.2
2025-03-22,22204 Sallent de Gallego,Formigal,1.3,-2.3,-0.4,15.6,7.84,20.0
2025-03-23,22204 Sallent de Gallego,Formigal,1.4,-3.5,-0.6,5.1,3.57,11.0
2025-03-24,22204 Sallent de Gallego,Formigal,4.8,-4.6,0.4,0.7,0.21,10.6
2025-03-25,22204 Sallent de Gallego,Formigal,4.5,-1.1,1.5,0.0,0.0,15.8
2025-03-26,22204 Sallent de Gallego,Formigal,5.9,-1.5,1.4,0.0,0.0,14.2
2025-03-27,22204 Sallent de Gallego,Formigal,7.0,-2.0,1.7,0.0,0.0,15.0
2025-03-28,22204 Sallent de Gallego,Formigal,3.4,-1.5,0.4,0.0,0.0,24.9
2025-03-29,22204 Sallent de Gallego,Formigal,1.1,-3.3,-2.2,8.3,5.39,37.9
2025-03-30,22204 Sallent de Gallego,Formigal,8.4,-4.8,1.5,0.0,0.0,24.3
2025-03-31,22204 Sallent de Gallego,Formigal,17.0,0.2,8.0,0.0,0.0,10.9
2025-04-01,22204 Sallent de Gallego,Formigal,16.1,5.8,10.7,0.1,0.0,4.7
2025-04-02,22204 Sallent de Gallego,Formigal,5.6,0.4,1.6,13.6,3.64,18.7
2025-04-03,22204 Sallent de Gallego,Formigal,3.7,0.1,1.7,10.0,5.88,17.6
2025-04-04,22204 Sallent de Gallego,Formigal,8.1,3.0,4.9,4.2,0.0,24.7
2025-04-05,22204 Sallent de Gallego,Formigal,8.9,2.3,5.1,2.6,0.0,11.7
2025-04-06,22204 Sallent de Gallego,Formigal,11.1,2.5,6.1,1.1,0.0,11.5
2025-04-07,22204 Sallent de Gallego,Formigal,14.6,-0.7,6.9,0.0,0.0,12.0
2025-04-08,22204 Sallent de Gallego,Formigal,14.1,3.9,9.3,0.0,0.0,8.2
2025-04-09,22204 Sallent de Gallego,Formigal,13.1,4.3,8.5,0.0,0.0,9.0
2025-04-10,22204 Sallent de Gallego,Formigal,10.1,1.4,6.1,1.4,0.0,13.5
2025-04-11,22204 Sallent de Gallego,Formigal,11.4,2.8,6.6,0.2,0.0,17.8
2025-04-12,22204 Sallent de Gallego,Formigal,8.9,3.5,6.0,4.8,0.0,13.2
2025-04-13,22204 Sallent de Gallego,Formigal,10.1,2.9,5.8,5.7,0.0,6.7
2025-04-14,22204 Sallent de Gallego,Formigal,7.2,2.7,4.3,5.4,0.07,12.0
2025-04-15,22204 Sallent de Gallego,Formigal,3.8,-1.1,1.2,21.7,11.97,13.0
2025-04-16,22204 Sallent de Gallego,Formigal,4.6,-2.3,0.1,2.4,1.68,12.1
2025-04-17,22204 Sallent de Gallego,Formigal,4.5,-4.2,0.2,0.3,0.14,18.7
2025-04-18,22204 Sallent de Gallego,Formigal,8.6,1.2,5.1,4.2,0.0,22.0
2025-04-19,22204 Sallent de Gallego,Formigal,3.8,-2.0,1.1,23.6,7.42,15.3
2025-04-20,22204 Sallent de Gallego,Formigal,1.5,-2.3,-0.4,8.4,5.74,11.3
2025-04-21,22204 Sallent de Gallego,Formigal,8.4,-2.8,3.0,0.2,0.14,9.9
2025-04-22,22204 Sallent de Gallego,Formigal,5.8,0.9,3.6,7.1,0.28,14.2
2025-04-23,22204 Sallent de Gallego,Formigal,9.8,-1.5,4.0,0.0,0.0,17.6
2025-04-24,22204 Sallent de Gallego,Formigal,15.1,3.5,8.2,0.0,0.0,14.9
2025-04-25,22204 Sallent de Gallego,Formigal,15.9,4.1,10.5,1.6,0.0,9.3
2025-04-26,22204 Sallent de Gallego,Formigal,7.8,1.9,5.0,8.3,1.05,19.5
2025-04-27,22204 Sallent de Gallego,Formigal,8.1,0.9,4.0,3.3,1.47,13.5
2025-04-28,22204 Sallent de Gallego,Formigal,10.0,-0.6,5.3,0.2,0.0,10.5
2025-04-29,22204 Sallent de Gallego,Formigal,11.1,2.8,6.5,0.0,0.0,17.7
2025-04-30,22204 Sallent de Gallego,Formigal,12.8,1.9,7.1,0.0,0.0,17.9
2025-05-01,22204 Sallent de Gallego,Formigal,13.4,5.2,9.1,0.2,0.0,19.1
2025-05-02,22204 Sallent de Gallego,Formigal,12.5,4.9,8.0,12.9,0.0,21.6
2025-05-03,22204 Sallent de Gallego,Formigal,11.9,5.7,8.4,5.9,0.0,16.6
2025-05-04,22204 Sallent de Gallego,Formigal,10.7,3.8,6.9,6.8,0.35,12.6
2025-05-05,22204 Sallent de Gallego,Formigal,6.6,0.8,4.3,0.2,0.0,19.6
2025-05-06,22204 Sallent de Gallego,Formigal,4.3,-0.2,1.6,0.0,0.0,15.3
2025-05-07,22204 Sallent de Gallego,Formigal,7.6,-3.6,2.7,0.7,0.07,10.9
2025-05-08,22204 Sallent de Gallego,Formigal,7.7,0.0,3.7,4.1,0.98,7.4
2025-05-09,22204 Sallent de Gallego,Formigal,8.1,-0.2,4.4,6.6,1.96,13.9
2025-05-10,22204 Sallent de Gallego,Formigal,6.1,2.9,4.3,19.4,2.45,21.3
2025-05-11,22204 Sallent de Gallego,Formigal,4.9,0.2,3.3,9.8,1.05,14.7
2025-05-12,22204 Sallent de Gallego,Formigal,7.7,0.0,3.9,0.5,0.0,9.1
2025-05-13,22204 Sallent de Gallego,Formigal,9.1,2.0,5.0,5.9,0.07,9.5
2025-05-14,22204 Sallent de Gallego,Formigal,11.3,2.2,6.1,5.4,0.07,7.8
2025-05-15,22204 Sallent de Gallego,Formigal,10.6,2.4,6.2,0.1,0.0,18.2
2025-05-16,22204 Sallent de Gallego,Formigal,12.1,4.2,7.5,0.0,0.0,19.1
2025-05-17,22204 Sallent de Gallego,Formigal,14.6,1.5,8.6,0.1,0.0,10.3
2025-05-18,22204 Sallent de Gallego,Formigal,15.0,5.8,10.4,0.0,0.0,12.4
2025-05-19,22204 Sallent de Gallego,Formigal,11.0,4.0,7.4,20.5,0.98,19.5
2025-05-20,22204 Sallent de Gallego,Formigal,10.4,3.9,6.4,1.9,0.0,19.1
2025-05-21,22204 Sallent de Gallego,Formigal,14.6,0.9,7.9,0.0,0.0,14.4
2025-05-22,22204 Sallent de Gallego,Formigal,8.1,3.0,5.0,1.0,0.0,21.0
2025-05-23,22204 Sallent de Gallego,Formigal,10.2,0.2,5.5,0.0,0.0,16.6
2025-05-24,22204 Sallent de Gallego,Formigal,14.2,0.6,8.2,0.0,0.0,13.8
2025-05-25,22204 Sallent de Gallego,Formigal,16.6,5.4,11.4,0.0,0.0,10.3
2025-05-26,22204 Sallent de Gallego,Formigal,15.3,5.7,10.8,0.0,0.0,12.4
2025-05-27,22204 Sallent de Gallego,Formigal,17.2,4.0,11.4,0.0,0.0,8.6
2025-05-28,22204 Sallent de Gallego,Formigal,19.5,7.8,13.6,0.0,0.0,12.2
2025-05-29,22204 Sallent de Gallego,Formigal,22.5,9.6,16.2,0.0,0.0,8.9
2025-05-30,22204 Sallent de Gallego,Formigal,22.9,10.6,17.8,0.1,0.0,9.9
2025-05-31,22204 Sallent de Gallego,Formigal,21.7,12.6,17.2,0.0,0.0,15.2
2025-06-01,22204 Sallent de Gallego,Formigal,21.8,10.7,15.5,5.9,0.0,15.3
2025-06-02,22204 Sallent de Gallego,Formigal,12.6,8.9,10.5,17.3,0.0,13.9
2025-06-03,22204 Sallent de Gallego,Formigal,15.9,7.2,11.4,0.7,0.0,17.0
2025-06-04,22204 Sallent de Gallego,Formigal,14.3,7.8,10.3,2.7,0.0,12.1
2025-06-05,22204 Sallent de Gallego,Formigal,14.8,6.4,10.4,1.3,0.0,10.6
2025-06-06,22204 Sallent de Gallego,Formigal,16.5,9.4,12.7,2.1,0.0,13.6
2025-06-07,22204 Sallent de Gallego,Formigal,15.9,9.2,12.6,2.1,0.0,11.4
2025-06-08,22204 Sallent de Gallego,Formigal,18.2,9.9,14.2,0.0,0.0,10.7
2025-06-09,22204 Sallent de Gallego,Formigal,20.9,11.4,15.8,0.0,0.0,9.6
2025-06-10,22204 Sallent de Gallego,Formigal,23.7,13.6,18.8,0.3,0.0,10.2
2025-06-11,22204 Sallent de Gallego,Formigal,22.5,12.3,17.5,1.9,0.0,18.6
2025-06-12,22204 Sallent de Gallego,Formigal,20.4,11.6,16.0,2.9,0.0,15.2
2025-06-13,22204 Sallent de Gallego,Formigal,22.8,13.9,17.0,4.4,0.0,19.6
2025-06-14,22204 Sallent de Gallego,Formigal,21.9,9.4,15.7,12.7,0.0,17.5
2025-06-15,22204 Sallent de Gallego,Formigal,18.0,10.6,14.6,11.2,0.0,10.8
2025-06-16,22204 Sallent de Gallego,Formigal,20.8,12.9,16.9,0.2,0.0,10.7
2025-06-17,22204 Sallent de Gallego,Formigal,21.6,13.0,17.4,0.0,0.0,14.4
2025-06-18,22204 Sallent de Gallego,Formigal,23.0,11.8,17.5,0.0,0.0,9.6
2025-06-19,22204 Sallent de Gallego,Formigal,24.2,14.7,19.1,0.0,0.0,12.9
2025-06-20,22204 Sallent de Gallego,Formigal,24.3,13.5,19.1,0.0,0.0,11.0
2025-06-21,22204 Sallent de Gallego,Formigal,26.1,14.1,20.1,0.0,0.0,8.1
2025-06-22,22204 Sallent de Gallego,Formigal,24.7,14.6,19.3,0.0,0.0,15.8
2025-06-23,22204 Sallent de Gallego,Formigal,24.5,12.2,18.8,0.1,0.0,17.2
2025-06-24,22204 Sallent de Gallego,Formigal,26.3,16.1,20.5,0.9,0.0,17.3
2025-06-25,22204 Sallent de Gallego,Formigal,23.2,12.3,17.2,6.7,0.0,24.5
2025-06-26,22204 Sallent de Gallego,Formigal,22.6,11.9,16.7,0.0,0.0,12.6
2025-06-27,22204 Sallent de Gallego,Formigal,24.7,12.2,18.8,0.0,0.0,12.5
2025-06-28,22204 Sallent de Gallego,Formigal,26.0,14.8,20.9,0.0,0.0,11.5
2025-06-29,22204 Sallent de Gallego,Formigal,26.6,15.5,21.2,0.0,0.0,13.4
2025-06-30,22204 Sallent de Gallego,Formigal,26.6,14.6,20.9,0.0,0.0,14.4
2025-07-01,22204 Sallent de Gallego,Formigal,26.6,16.0,20.3,2.5,0.0,9.8
2025-07-02,22204 Sallent de Gallego,Formigal,24.6,15.7,19.1,6.5,0.0,13.0
2025-07-03,22204 Sallent de Gallego,Formigal,22.9,14.8,18.1,6.3,0.0,12.5
2025-07-04,22204 Sallent de Gallego,Formigal,23.1,13.9,18.6,0.9,0.0,11.5
2025-07-05,22204 Sallent de Gallego,Formigal,21.2,13.4,17.7,2.3,0.0,7.7
2025-07-06,22204 Sallent de Gallego,Formigal,19.0,11.4,15.7,0.2,0.0,16.0
2025-07-07,22204 Sallent de Gallego,Formigal,15.3,8.1,11.7,0.0,0.0,20.4
2025-07-08,22204 Sallent de Gallego,Formigal,20.5,6.2,13.5,0.0,0.0,15.0
2025-07-09,22204 Sallent de Gallego,Formigal,22.4,10.8,16.5,0.0,0.0,14.3
2025-07-10,22204 Sallent de Gallego,Formigal,23.7,11.7,18.0,0.0,0.0,13.0
2025-07-11,22204 Sallent de Gallego,Formigal,21.9,13.6,16.7,7.2,0.0,9.1
2025-07-12,22204 Sallent de Gallego,Formigal,17.5,10.6,13.4,15.9,0.0,9.8
2025-07-13,22204 Sallent de Gallego,Formigal,19.8,7.8,14.2,0.1,0.0,12.8
2025-07-14,22204 Sallent de Gallego,Formigal,21.4,10.9,16.5,0.3,0.0,15.3
2025-07-15,22204 Sallent de Gallego,Formigal,22.5,14.2,17.8,0.0,0.0,13.2
2025-07-16,22204 Sallent de Gallego,Formigal,25.8,12.4,19.4,0.0,0.0,14.3
2025-07-17,22204 Sallent de Gallego,Formigal,27.6,16.5,22.0,0.0,0.0,15.7
2025-07-18,22204 Sallent de Gallego,Formigal,24.0,16.2,20.2,0.0,0.0,18.8
2025-07-19,22204 Sallent de Gallego,Formigal,19.5,11.4,15.1,17.0,0.0,12.5
2025-07-20,22204 Sallent de Gallego,Formigal,16.8,12.1,14.3,3.7,0.0,15.2
2025-07-21,22204 Sallent de Gallego,Formigal,17.9,9.1,13.2,0.0,0.0,8.7
2025-07-22,22204 Sallent de Gallego,Formigal,19.6,8.8,14.8,0.0,0.0,10.9
2025-07-23,22204 Sallent de Gallego,Formigal,17.6,9.6,14.0,2.2,0.0,14.2
2025-07-24,22204 Sallent de Gallego,Formigal,15.8,6.7,10.6,1.4,0.0,17.2
2025-07-25,22204 Sallent de Gallego,Formigal,16.7,5.3,11.0,0.2,0.0,16.1
2025-07-26,22204 Sallent de Gallego,Formigal,20.1,7.4,13.3,0.0,0.0,13.6
2025-07-27,22204 Sallent de Gallego,Formigal,20.5,8.1,14.1,0.0,0.0,18.7
2025-07-28,22204 Sallent de Gallego,Formigal,15.5,9.0,11.8,0.0,0.0,17.2
2025-07-29,22204 Sallent de Gallego,Formigal,19.1,8.1,12.6,0.0,0.0,16.9
2025-07-30,22204 Sallent de Gallego,Formigal,20.5,7.0,13.6,0.0,0.0,14.8
2025-07-31,22204 Sallent de Gallego,Formigal,21.5,9.6,15.8,0.1,0.0,12.3
2025-08-01,22204 Sallent de Gallego,Formigal,21.5,12.1,16.2,0.0,0.0,13.6
2025-08-02,22204 Sallent de Gallego,Formigal,22.0,9.4,15.3,0.0,0.0,13.8
2025-08-03,22204 Sallent de Gallego,Formigal,23.1,8.6,16.0,0.0,0.0,13.6
2025-08-04,22204 Sallent de Gallego,Formigal,25.8,12.4,19.0,0.0,0.0,13.5
2025-08-05,22204 Sallent de Gallego,Formigal,26.1,14.8,20.3,0.0,0.0,11.8
2025-08-06,22204 Sallent de Gallego,Formigal,24.4,13.6,19.2,0.0,0.0,11.1
2025-08-07,22204 Sallent de Gallego,Formigal,27.0,15.7,21.4,0.0,0.0,15.6
2025-08-08,22204 Sallent de Gallego,Formigal,28.6,16.9,22.9,0.0,0.0,13.1
2025-08-09,22204 Sallent de Gallego,Formigal,27.5,18.8,22.3,2.1,0.0,9.8
2025-08-10,22204 Sallent de Gallego,Formigal,28.4,16.4,22.3,0.8,0.0,10.9
2025-08-11,22204 Sallent de Gallego,Formigal,28.9,19.0,23.5,0.0,0.0,11.8
2025-08-12,22204 Sallent de Gallego,Formigal,28.6,17.6,22.4,2.6,0.0,11.0
2025-08-13,22204 Sallent de Gallego,Formigal,24.3,15.7,20.0,0.3,0.0,15.1
2025-08-14,22204 Sallent de Gallego,Formigal,25.1,14.1,19.9,0.1,0.0,8.7
2025-08-15,22204 Sallent de Gallego,Formigal,28.4,17.0,22.3,0.0,0.0,6.3
2025-08-16,22204 Sallent de Gallego,Formigal,27.9,17.2,22.4,4.3,0.0,12.8
2025-08-17,22204 Sallent de Gallego,Formigal,28.5,16.3,22.5,0.2,0.0,14.1
2025-08-18,22204 Sallent de Gallego,Formigal,25.5,14.6,19.7,3.6,0.0,17.8
2025-08-19,22204 Sallent de Gallego,Formigal,16.5,11.1,13.5,5.8,0.0,14.6
2025-08-20,22204 Sallent de Gallego,Formigal,16.5,9.1,12.3,0.5,0.0,15.1
2025-08-21,22204 Sallent de Gallego,Formigal,15.1,9.1,11.4,0.5,0.0,20.3
2025-08-22,22204 Sallent de Gallego,Formigal,18.8,8.4,13.7,0.0,0.0,12.1
2025-08-23,22204 Sallent de Gallego,Formigal,20.6,11.0,15.6,0.0,0.0,12.1
2025-08-24,22204 Sallent de Gallego,Formigal,21.3,12.5,17.0,0.2,0.0,13.1
2025-08-25,22204 Sallent de Gallego,Formigal,21.9,14.3,17.5,2.2,0.0,14.9
2025-08-26,22204 Sallent de Gallego,Formigal,23.1,14.6,17.9,2.1,0.0,16.2
2025-08-27,22204 Sallent de Gallego,Formigal,17.0,11.7,13.6,12.8,0.0,11.9
2025-08-28,22204 Sallent de Gallego,Formigal,12.6,7.4,10.6,3.0,0.0,15.3
2025-08-29,22204 Sallent de Gallego,Formigal,11.6,5.8,8.7,0.8,0.0,17.7
2025-08-30,22204 Sallent de Gallego,Formigal,17.4,8.1,12.1,0.1,0.0,10.9
2025-08-31,22204 Sallent de Gallego,Formigal,16.5,10.4,12.9,10.2,0.0,20.1
2025-09-01,22204 Sallent de Gallego,Formigal,12.1,5.6,9.1,0.2,0.0,15.9
2025-09-02,22204 Sallent de Gallego,Formigal,15.2,4.8,9.2,0.0,0.0,13.5
2025-09-03,22204 Sallent de Gallego,Formigal,18.1,8.1,12.9,0.0,0.0,11.4
2025-09-04,22204 Sallent de Gallego,Formigal,16.2,8.1,12.4,3.4,0.0,13.4
2025-09-05,22204 Sallent de Gallego,Formigal,16.6,3.7,11.1,0.0,0.0,11.7
2025-09-06,22204 Sallent de Gallego,Formigal,20.6,10.4,14.9,0.0,0.0,16.7
2025-09-07,22204 Sallent de Gallego,Formigal,20.7,11.6,15.5,0.0,0.0,14.7
2025-09-08,22204 Sallent de Gallego,Formigal,17.1,10.0,13.1,16.7,0.0,11.8
2025-09-09,22204 Sallent de Gallego,Formigal,15.1,6.3,10.8,1.2,0.0,17.2
2025-09-10,22204 Sallent de Gallego,Formigal,13.6,4.9,9.0,1.3,0.0,13.6
2025-09-11,22204 Sallent de Gallego,Formigal,15.4,7.7,11.1,0.1,0.0,16.1
2025-09-12,22204 Sallent de Gallego,Formigal,13.8,8.8,10.9,3.0,0.0,8.0
2025-09-13,22204 Sallent de Gallego,Formigal,15.2,8.7,11.3,1.6,0.0,8.9
2025-09-14,22204 Sallent de Gallego,Formigal,19.1,9.2,13.6,0.0,0.0,10.4
2025-09-15,22204 Sallent de Gallego,Formigal,19.5,10.8,14.7,0.0,0.0,11.7
2025-09-16,22204 Sallent de Gallego,Formigal,18.2,10.8,14.1,0.2,0.0,9.0
2025-09-17,22204 Sallent de Gallego,Formigal,22.3,11.3,16.4,0.0,0.0,9.9
2025-09-18,22204 Sallent de Gallego,Formigal,23.2,12.8,18.0,0.0,0.0,10.7
2025-09-19,22204 Sallent de Gallego,Formigal,23.5,13.4,18.3,0.0,0.0,13.3
2025-09-20,22204 Sallent de Gallego,Formigal,19.5,11.9,15.4,1.7,0.0,13.6
2025-09-21,22204 Sallent de Gallego,Formigal,11.8,6.0,9.8,29.5,0.0,11.0
2025-09-22,22204 Sallent de Gallego,Formigal,9.4,1.1,5.2,0.6,0.0,10.9
2025-09-23,22204 Sallent de Gallego,Formigal,6.9,1.0,3.7,0.0,0.0,18.0
2025-09-24,22204 Sallent de Gallego,Formigal,7.2,-0.1,3.0,0.0,0.0,15.9
2025-09-25,22204 Sallent de Gallego,Formigal,11.6,0.6,5.8,0.0,0.0,11.8
2025-09-26,22204 Sallent de Gallego,Formigal,11.1,1.1,6.0,0.0,0.0,8.8
2025-09-27,22204 Sallent de Gallego,Formigal,14.6,4.2,9.7,0.0,0.0,7.3
2025-09-28,22204 Sallent de Gallego,Formigal,15.9,7.9,11.8,0.1,0.0,11.0
2025-09-29,22204 Sallent de Gallego,Formigal,13.1,5.3,8.9,0.7,0.0,10.9
2025-09-30,22204 Sallent de Gallego,Formigal,14.4,5.7,9.8,0.4,0.0,8.5
2025-10-01,22204 Sallent de Gallego,Formigal,16.9,3.7,9.8,0.0,0.0,9.3
2025-10-02,22204 Sallent de Gallego,Formigal,16.8,4.8,10.8,0.0,0.0,8.1
2025-10-03,22204 Sallent de Gallego,Formigal,16.8,7.6,11.5,0.0,0.0,9.0
2025-10-04,22204 Sallent de Gallego,Formigal,16.8,8.2,11.6,0.4,0.0,16.3
2025-10-05,22204 Sallent de Gallego,Formigal,7.8,2.0,5.2,0.0,0.0,19.8
2025-10-06,22204 Sallent de Gallego,Formigal,16.0,2.2,9.0,0.0,0.0,8.5
2025-10-07,22204 Sallent de Gallego,Formigal,17.5,8.2,12.6,0.0,0.0,8.5
2025-10-08,22204 Sallent de Gallego,Formigal,17.6,7.2,11.9,0.0,0.0,9.9
2025-10-09,22204 Sallent de Gallego,Formigal,14.8,6.0,9.9,0.0,0.0,12.7
2025-10-10,22204 Sallent de Gallego,Formigal,15.7,5.2,9.9,0.1,0.0,10.4
2025-10-11,22204 Sallent de Gallego,Formigal,15.1,5.7,10.1,0.0,0.0,14.2
2025-10-12,22204 Sallent de Gallego,Formigal,15.0,6.2,10.2,0.0,0.0,14.8
2025-10-13,22204 Sallent de Gallego,Formigal,14.2,6.8,9.2,12.1,0.0,8.1
2025-10-14,22204 Sallent de Gallego,Formigal,13.4,5.8,9.0,1.6,0.0,6.8
2025-10-15,22204 Sallent de Gallego,Formigal,12.8,4.5,8.5,0.5,0.0,7.7
2025-10-16,22204 Sallent de Gallego,Formigal,12.6,2.8,7.7,0.1,0.0,8.3
2025-10-17,22204 Sallent de Gallego,Formigal,13.2,3.2,8.2,0.0,0.0,6.9
2025-10-18,22204 Sallent de Gallego,Formigal,13.1,5.2,8.5,0.0,0.0,8.0
2025-10-19,22204 Sallent de Gallego,Formigal,11.4,3.2,7.2,1.4,0.0,15.3
2025-10-20,22204 Sallent de Gallego,Formigal,9.3,4.0,7.1,16.8,0.0,9.6
2025-10-21,22204 Sallent de Gallego,Formigal,11.4,3.0,7.0,2.1,0.0,13.3
2025-10-22,22204 Sallent de Gallego,Formigal,10.5,6.8,8.2,7.6,0.0,10.4
2025-10-23,22204 Sallent de Gallego,Formigal,8.4,1.2,5.2,21.0,0.0,26.0
2025-10-24,22204 Sallent de Gallego,Formigal,8.5,-1.5,3.2,0.0,0.0,10.2
2025-10-25,22204 Sallent de Gallego,Formigal,8.6,3.5,5.8,5.9,0.0,11.7
2025-10-26,22204 Sallent de Gallego,Formigal,4.5,-0.4,2.0,0.0,0.0,20.0
2025-10-27,22204 Sallent de Gallego,Formigal,11.3,0.4,5.0,0.0,0.0,13.6
2025-10-28,22204 Sallent de Gallego,Formigal,11.1,1.6,6.5,0.0,0.0,7.4
2025-10-29,22204 Sallent de Gallego,Formigal,6.6,3.3,5.3,16.3,0.0,11.5
2025-10-30,22204 Sallent de Gallego,Formigal,10.2,1.6,6.1,0.5,0.0,10.0
2025-10-31,22204 Sallent de Gallego,Formigal,10.3,4.3,6.5,0.0,0.0,10.9
2025-11-01,22204 Sallent de Gallego,Formigal,8.6,5.2,6.6,2.8,0.0,12.5
2025-11-02,22204 Sallent de Gallego,Formigal,6.7,2.5,4.9,3.4,0.0,17.0
2025-11-03,22204 Sallent de Gallego,Formigal,9.6,0.1,4.8,0.0,0.0,11.1
2025-11-04,22204 Sallent de Gallego,Formigal,10.9,3.6,6.6,0.0,0.0,11.1
2025-11-05,22204 Sallent de Gallego,Formigal,11.6,5.2,7.5,1.7,0.35,19.7
2025-11-06,22204 Sallent de Gallego,Formigal,6.0,1.9,3.9,35.1,2.38,16.2
2025-11-07,22204 Sallent de Gallego,Formigal,7.7,-0.9,3.2,2.2,0.35,8.8
2025-11-08,22204 Sallent de Gallego,Formigal,3.8,1.4,2.3,9.0,2.73,20.0
2025-11-09,22204 Sallent de Gallego,Formigal,8.8,-2.0,3.0,0.0,0.0,12.0
2025-11-10,22204 Sallent de Gallego,Formigal,8.8,2.5,5.4,0.0,0.0,7.0
2025-11-11,22204 Sallent de Gallego,Formigal,8.4,1.5,4.5,0.0,0.0,13.3
2025-11-12,22204 Sallent de Gallego,Formigal,12.1,2.3,6.7,0.0,0.0,16.9
2025-11-13,22204 Sallent de Gallego,Formigal,12.2,5.1,7.9,0.0,0.0,22.3
2025-11-14,22204 Sallent de Gallego,Formigal,6.8,3.5,5.4,19.9,0.0,23.8
2025-11-15,22204 Sallent de Gallego,Formigal,3.8,1.2,2.5,22.2,3.5,16.7
2025-11-16,22204 Sallent de Gallego,Formigal,5.6,0.6,2.7,11.1,0.49,14.5
2025-11-17,22204 Sallent de Gallego,Formigal,6.4,0.3,2.9,0.2,0.0,11.8
2025-11-18,22204 Sallent de Gallego,Formigal,7.9,-2.3,2.1,0.0,0.0,13.2
2025-11-19,22204 Sallent de Gallego,Formigal,2.8,-1.4,0.4,0.8,0.56,15.6
2025-11-20,22204 Sallent de Gallego,Formigal,-1.5,-5.2,-3.6,2.0,1.47,16.6
2025-11-21,22204 Sallent de Gallego,Formigal,-5.4,-9.6,-8.0,1.0,0.7,20.8
2025-11-22,22204 Sallent de Gallego,Formigal,-1.5,-9.1,-5.4,0.0,0.0,26.2
2025-11-23,22204 Sallent de Gallego,Formigal,3.2,-0.6,1.2,13.1,5.88,10.9
2025-11-24,22204 Sallent de Gallego,Formigal,1.4,-0.9,0.8,25.9,11.83,15.8
2025-11-25,22204 Sallent de Gallego,Formigal,-1.1,-4.2,-2.1,4.9,3.36,19.8
2025-11-26,22204 Sallent de Gallego,Formigal,-4.2,-7.1,-5.6,2.9,2.03,25.7
2025-11-27,22204 Sallent de Gallego,Formigal,-0.3,-8.9,-5.7,0.0,0.0,22.1
2025-11-28,22204 Sallent de Gallego,Formigal,5.3,-3.8,0.0,0.0,0.0,8.6
2025-11-29,22204 Sallent de Gallego,Formigal,3.2,-2.5,0.6,0.0,0.0,3.3
2025-11-30,22204 Sallent de Gallego,Formigal,0.5,-8.9,-2.4,2.0,1.47,12.6
2025-12-01,22204 Sallent de Gallego,Formigal,2.2,-10.9,-2.8,0.0,0.0,4.0
2025-12-02,22204 Sallent de Gallego,Formigal,-0.1,-6.8,-2.3,3.2,2.24,5.7
2025-12-03,22204 Sallent de Gallego,Formigal,-1.4,-9.9,-4.4,0.4,0.28,12.1
2025-12-04,22204 Sallent de Gallego,Formigal,-0.2,-4.7,-2.2,10.8,7.56,11.6
2025-12-05,22204 Sallent de Gallego,Formigal,1.9,-3.2,-1.1,8.6,5.88,13.1
2025-12-06,22204 Sallent de Gallego,Formigal,3.4,-0.9,2.3,0.8,0.0,5.9
2025-12-07,22204 Sallent de Gallego,Formigal,6.7,1.0,3.2,0.0,0.0,4.0
2025-12-08,22204 Sallent de Gallego,Formigal,5.6,1.5,3.3,0.0,0.0,6.0
2025-12-09,22204 Sallent de Gallego,Formigal,5.1,1.0,3.1,0.0,0.0,7.4
2025-12-10,22204 Sallent de Gallego,Formigal,3.5,1.4,2.2,1.8,0.0,3.2
2025-12-11,22204 Sallent de Gallego,Formigal,3.8,-1.5,1.1,0.0,0.0,7.1
2025-12-12,22204 Sallent de Gallego,Formigal,3.5,-3.2,-0.3,0.0,0.0,8.1
2025-12-13,22204 Sallent de Gallego,Formigal,5.0,-2.2,1.0,0.0,0.0,1.9
2025-12-14,22204 Sallent de Gallego,Formigal,2.8,-3.2,0.1,0.0,0.0,4.5
2025-12-15,22204 Sallent de Gallego,Formigal,1.9,-3.8,0.3,3.7,0.42,15.9
2025-12-16,22204 Sallent de Gallego,Formigal,2.8,-1.5,0.9,4.0,1.61,8.4
2025-12-17,22204 Sallent de Gallego,Formigal,2.8,-4.6,-0.7,0.1,0.0,6.2
2025-12-18,22204 Sallent de Gallego,Formigal,2.8,-1.1,1.0,0.3,0.0,10.1
2025-12-19,22204 Sallent de Gallego,Formigal,2.0,0.5,1.4,0.7,0.07,6.2
2025-12-20,22204 Sallent de Gallego,Formigal,1.3,-2.0,0.0,1.1,0.56,9.4
2025-12-21,22204 Sallent de Gallego,Formigal,0.6,-5.8,-1.4,20.5,14.0,15.5
2025-12-22,22204 Sallent de Gallego,Formigal,-3.6,-8.9,-6.0,0.7,0.49,8.6
2025-12-23,22204 Sallent de Gallego,Formigal,0.3,-4.1,-1.6,0.3,0.21,16.0
2025-12-24,22204 Sallent de Gallego,Formigal,2.5,-6.8,-2.4,0.0,0.0,14.7
2025-12-25,22204 Sallent de Gallego,Formigal,-1.0,-7.9,-4.0,5.8,3.64,12.1
2025-12-26,22204 Sallent de Gallego,Formigal,1.7,-6.3,-1.7,0.7,0.42,5.6
2025-12-27,22204 Sallent de Gallego,Formigal,2.4,-2.5,-0.2,1.0,0.7,5.5
2025-12-28,22204 Sallent de Gallego,Formigal,2.5,-7.1,-2.2,0.1,0.07,10.7
2025-12-29,22204 Sallent de Gallego,Formigal,2.6,-4.5,-1.9,0.0,0.0,6.8
2025-12-30,22204 Sallent de Gallego,Formigal,2.3,-7.5,-3.8,0.0,0.0,14.2
2025-12-31,22204 Sallent de Gallego,Formigal,4.8,-6.3,-2.3,0.0,0.0,7.3
