estacion,anio,mes,comunidad,orientacion,altitud_base_m,altitud_cima_m,desnivel_m,umbria,dias_abierta,dias_totales,pct_dias_abierta,km_abiertos_med,pct_remontes_med,pct_pistas_med,pct_km_med,espesor_max_med,espesor_min_med,dias_nieve_polvo,dias_nieve_dura,dias_nieve_artificial,dias_nieve_pisada,dias_nieve_primavera,dias_finde,dias_festivo,dias_semana_navidad,dias_semana_santa,dias_temporada_esqui,temp_max_med,temp_min_med,temp_media_med,precipitacion_total,nieve_total_cm,viento_max_med,zona_hotelera,ocupacion_general_pct,ocupacion_finde_pct
Alto Campoo,2018,1,Cantabria,N,1530,2175,645,1,30,30,1.0,15.015999999999998,0.725,0.643939393939394,0.5420938628158845,69.33333333333333,15.0,16,8,0,0,1,8,1,1,0,30,,,,0.0,0.0,,,,
Alto Campoo,2018,2,Cantabria,N,1530,2175,645,1,24,27,0.8888888888888888,15.495833333333332,0.6840277777777778,0.6098484848484849,0.5594163658243081,165.19230769230768,73.46153846153847,21,3,0,0,0,7,1,0,0,27,,,,0.0,0.0,,,,
Alto Campoo,2018,3,Cantabria,N,1530,2175,645,1,25,28,0.8928571428571429,15.2684,0.68,0.5727272727272728,0.5512057761732853,219.23076923076923,89.03846153846153,18,10,0,0,0,7,1,0,1,28,,,,0.0,0.0,,,,
Alto Campoo,2018,4,Cantabria,N,1530,2175,645,1,25,29,0.8620689655172413,16.236800000000002,0.5766666666666667,0.6509090909090909,0.5861660649819495,254.13793103448276,120.0,4,1,0,0,22,8,1,0,0,29,,,,0.0,0.0,,,,
Alto Campoo,2018,5,Cantabria,N,1530,2175,645,1,1,31,0.03225806451612903,17.24,0.75,0.7727272727272727,0.6223826714801444,190.0,60.0,1,0,0,0,0,8,2,0,0,31,,,,0.0,0.0,,,,
Alto Campoo,2018,6,Cantabria,N,1530,2175,645,1,0,30,0.0,,,,,,,0,0,0,0,0,9,0,0,0,0,,,,0.0,0.0,,,,
Alto Campoo,2018,7,Cantabria,N,1530,2175,645,1,0,31,0.0,,,,,,,0,0,0,0,0,9,0,0,0,0,,,,0.0,0.0,,,,
Alto Campoo,2018,8,Cantabria,N,1530,2175,645,1,0,31,0.0,,,,,,,0,0,0,0,0,8,1,0,0,0,,,,0.0,0.0,,,,
Alto Campoo,2018,9,Cantabria,N,1530,2175,645,1,0,30,0.0,,,,,,,0,0,0,0,0,10,1,0,0,0,,,,0.0,0.0,,,,
Alto Campoo,2018,10,Cantabria,N,1530,2175,645,1,0,31,0.0,,,,,,,0,0,0,0,0,8,1,0,0,31,,,,0.0,0.0,,,,
Alto Campoo,2018,11,Cantabria,N,1530,2175,645,1,2,30,0.06666666666666667,1.25,0.25,0.0909090909090909,0.0411454904542462,27.5,15.0,0,0,0,0,1,8,1,0,0,30,,,,0.0,0.0,,,,
Alto Campoo,2018,12,Cantabria,N,1530,2175,645,1,0,31,0.0,,,,,,,0,0,0,0,0,10,4,2,0,31,,,,0.0,0.0,,,,
Alto Campoo,2019,1,Cantabria,N,1530,2175,645,1,20,31,0.6451612903225806,8.764,0.4166666666666667,0.32727272727272727,0.28847926267281104,73.0,24.5,14,5,0,0,0,8,2,2,0,31,,,,0.0,0.0,,,,
Alto Campoo,2019,2,Cantabria,N,1530,2175,645,1,27,28,0.9642857142857143,24.465185185185188,0.8981481481481481,0.9242424242424242,0.8053056347987224,174.44444444444446,74.81481481481481,13,23,0,0,0,8,1,0,0,28,,,,0.0,0.0,,,,
Alto Campoo,2019,3,Cantabria,N,1530,2175,645,1,29,29,1.0,20.730689655172416,0.9022988505747127,0.7727272727272727,0.6823795146534699,126.03448275862068,26.724137931034484,6,9,0,0,17,9,0,0,0,29,,,,0.0,0.0,,,,
Alto Campoo,2019,4,Cantabria,N,1530,2175,645,1,18,29,0.6206896551724138,16.611666666666665,0.8055555555555556,0.6565656565656566,0.5467961378099626,86.84210526315789,20.0,5,1,0,0,13,8,3,0,2,29,,,,0.0,0.0,,,,
Alto Campoo,2019,5,Cantabria,N,1530,2175,645,1,0,31,0.0,,,,,,,0,0,0,0,0,8,2,0,0,31,,,,0.0,0.0,,,,
Alto Campoo,2019,6,Cantabria,N,1530,2175,645,1,0,30,0.0,,,,,,,0,0,0,0,0,10,0,0,0,0,,,,0.0,0.0,,,,
Alto Campoo,2019,7,Cantabria,N,1530,2175,645,1,0,31,0.0,,,,,,,0,0,0,0,0,8,0,0,0,0,,,,0.0,0.0,,,,
Alto Campoo,2019,8,Cantabria,N,1530,2175,645,1,0,31,0.0,,,,,,,0,0,0,0,0,9,1,0,0,0,,,,0.0,0.0,,,,
Alto Campoo,2019,9,Cantabria,N,1530,2175,645,1,0,30,0.0,,,,,,,0,0,0,0,0,9,1,0,0,0,,,,0.0,0.0,,,,
Alto Campoo,2019,10,Cantabria,N,1530,2175,645,1,0,31,0.0,,,,,,,0,0,0,0,0,8,1,0,0,31,,,,0.0,0.0,,,,
Alto Campoo,2019,11,Cantabria,N,1530,2175,645,1,9,30,0.3,13.562222222222223,0.5925925925925926,0.5410628019323671,0.4464194279862483,55.0,23.88888888888889,2,2,0,0,0,9,1,0,0,30,,,,0.0,0.0,,,,
Alto Campoo,2019,12,Cantabria,N,1530,2175,645,1,26,31,0.8387096774193549,14.137307692307692,0.6506410256410257,0.5735785953177257,0.4653491669620701,43.96551724137931,13.620689655172415,5,17,0,0,0,9,4,2,0,31,,,,0.0,0.0,,,,
Alto Campoo,2020,1,Cantabria,N,1530,2175,645,1,28,31,0.9032258064516129,10.126785714285715,0.5595238095238095,0.42236024844720493,0.33333725195147185,40.5,11.5,14,23,0,0,0,8,2,2,0,31,,,,0.0,0.0,,,,
Alto Campoo,2020,2,Cantabria,N,1530,2175,645,1,17,27,0.6296296296296297,7.619411764705882,0.5049019607843137,0.329923273657289,0.2508035472253417,34.166666666666664,10.0,1,7,0,0,5,7,1,0,0,27,,,,0.0,0.0,,,,
Alto Campoo,2020,3,Cantabria,N,1530,2175,645,1,4,31,0.12903225806451613,1.9175,0.18749999999999994,0.0543478260869565,0.06311718235681366,20.0,,0,0,0,0,3,9,0,0,0,31,,,,0.0,0.0,,,,
Alto Campoo,2020,4,Cantabria,N,1530,2175,645,1,0,30,0.0,,,,,,,0,0,0,0,0,8,3,0,2,30,,,,0.0,0.0,,,,
Alto Campoo,2020,5,Cantabria,N,1530,2175,645,1,0,31,0.0,,,,,,,0,0,0,0,0,10,2,0,0,31,,,,0.0,0.0,,,,
Alto Campoo,2020,6,Cantabria,N,1530,2175,645,1,0,30,0.0,,,,,,,0,0,0,0,0,8,0,0,0,0,,,,0.0,0.0,,,,
Alto Campoo,2020,7,Cantabria,N,1530,2175,645,1,0,31,0.0,,,,,,,0,0,0,0,0,8,0,0,0,0,,,,0.0,0.0,,,,
Alto Campoo,2020,8,Cantabria,N,1530,2175,645,1,0,31,0.0,,,,,,,0,0,0,0,0,10,1,0,0,0,,,,0.0,0.0,,,,
Alto Campoo,2020,9,Cantabria,N,1530,2175,645,1,0,30,0.0,,,,,,,0,0,0,0,0,8,1,0,0,0,,,,0.0,0.0,,,,
Alto Campoo,2020,10,Cantabria,N,1530,2175,645,1,0,31,0.0,,,,,,,0,0,0,0,0,9,1,0,0,31,,,,0.0,0.0,,,,
Alto Campoo,2020,11,Cantabria,N,1530,2175,645,1,0,30,0.0,,,,,,,0,0,0,0,0,9,1,0,0,30,,,,0.0,0.0,,,,
Alto Campoo,2020,12,Cantabria,N,1530,2175,645,1,1,31,0.03225806451612903,18.29,0.75,0.6956521739130435,0.6020408163265306,70.0,40.0,1,0,0,0,0,8,4,2,0,31,,,,0.0,0.0,,,,
Alto Campoo,2021,1,Cantabria,N,1530,2175,645,1,28,31,0.9032258064516129,18.587857142857143,0.755952380952381,0.7189440993788819,0.6118451989090568,138.33333333333334,71.66666666666667,21,11,0,0,3,10,2,2,0,31,,,,0.0,0.0,,,,
Alto Campoo,2021,2,Cantabria,N,1530,2175,645,1,25,28,0.8928571428571429,12.7568,0.62,0.5008695652173912,0.4199078341013825,64.44444444444444,24.444444444444443,8,7,0,0,11,8,1,0,0,28,,,,0.0,0.0,,,,
Alto Campoo,2021,3,Cantabria,N,1530,2175,645,1,26,31,0.8387096774193549,10.389999999999999,0.5737179487179488,0.46153846153846156,0.34200131665569455,45.0,20.0,4,1,0,0,26,8,0,0,0,31,,,,0.0,0.0,,,,
Alto Campoo,2021,4,Cantabria,N,1530,2175,645,1,11,30,0.36666666666666664,7.087272727272728,0.4318181818181818,0.2924901185770751,0.23328744987731162,38.63636363636363,18.636363636363637,0,0,0,0,10,8,3,0,2,30,,,,0.0,0.0,,,,
Alto Campoo,2021,5,Cantabria,N,1530,2175,645,1,0,31,0.0,,,,,,,0,0,0,0,0,10,2,0,0,31,,,,0.0,0.0,,,,
Alto Campoo,2021,6,Cantabria,N,1530,2175,645,1,0,30,0.0,,,,,,,0,0,0,0,0,8,0,0,0,0,,,,0.0,0.0,,,,
Alto Campoo,2021,7,Cantabria,N,1530,2175,645,1,0,31,0.0,,,,,,,0,0,0,0,0,9,0,0,0,0,,,,0.0,0.0,,,,
Alto Campoo,2021,8,Cantabria,N,1530,2175,645,1,0,31,0.0,,,,,,,0,0,0,0,0,9,1,0,0,0,,,,0.0,0.0,,,,
Alto Campoo,2021,9,Cantabria,N,1530,2175,645,1,0,30,0.0,,,,,,,0,0,0,0,0,8,1,0,0,0,,,,0.0,0.0,,,,
Alto Campoo,2021,10,Cantabria,N,1530,2175,645,1,0,31,0.0,,,,,,,0,0,0,0,0,10,1,0,0,31,,,,0.0,0.0,,,,
Alto Campoo,2021,11,Cantabria,N,1530,2175,645,1,2,30,0.06666666666666667,9.46,0.5,0.3695652173913043,0.31138907175773534,96.66666666666667,50.0,2,0,0,0,0,8,1,0,0,30,,,,0.0,0.0,,,,
Alto Campoo,2021,12,Cantabria,N,1530,2175,645,1,29,31,0.9354838709677419,18.24655172413793,0.6666666666666666,0.6776611694152923,0.6006106558307416,127.25806451612904,62.58064516129032,12,12,0,0,5,8,4,2,0,31,,,,0.0,0.0,,,,
Alto Campoo,2022,1,Cantabria,N,1530,2175,645,1,30,31,0.967741935483871,13.693333333333333,0.5916666666666667,0.5463768115942028,0.45073513276278254,63.225806451612904,10.32258064516129,23,22,0,0,3,10,2,2,0,31,,,,0.0,0.0,,,,
Alto Campoo,2022,2,Cantabria,N,1530,2175,645,1,28,28,1.0,17.011428571428574,0.6041666666666667,0.6614906832298136,0.5599548575190445,60.0,10.0,16,18,0,0,10,8,1,0,0,28,,,,0.0,0.0,,,,
Alto Campoo,2022,3,Cantabria,N,1530,2175,645,1,31,31,1.0,15.144193548387097,0.5349462365591398,0.5918653576437587,0.49849221686593476,68.38709677419355,14.67741935483871,11,9,0,0,17,8,0,0,0,31,,,,0.0,0.0,,,,
Alto Campoo,2022,4,Cantabria,N,1530,2175,645,1,15,30,0.5,9.930666666666667,0.36666666666666664,0.4115942028985507,0.32688172043010755,83.125,15.625,6,4,0,0,10,9,3,0,2,30,,,,0.0,0.0,,,,
Alto Campoo,2022,5,Cantabria,N,1530,2175,645,1,0,31,0.0,,,,,,,0,0,0,0,0,9,2,0,0,31,,,,0.0,0.0,,,,
Alto Campoo,2022,6,Cantabria,N,1530,2175,645,1,0,30,0.0,,,,,,,0,0,0,0,0,8,0,0,0,0,,,,0.0,0.0,,,,
Alto Campoo,2022,7,Cantabria,N,1530,2175,645,1,0,31,0.0,,,,,,,0,0,0,0,0,10,0,0,0,0,,,,0.0,0.0,,,,
Alto Campoo,2022,8,Cantabria,N,1530,2175,645,1,0,31,0.0,,,,,,,0,0,0,0,0,8,1,0,0,0,,,,0.0,0.0,,,,
Alto Campoo,2022,9,Cantabria,N,1530,2175,645,1,0,30,0.0,,,,,,,0,0,0,0,0,8,1,0,0,0,,,,0.0,0.0,,,,
Alto Campoo,2022,10,Cantabria,N,1530,2175,645,1,0,31,0.0,,,,,,,0,0,0,0,0,10,1,0,0,31,,,,0.0,0.0,,,,
Alto Campoo,2022,11,Cantabria,N,1530,2175,645,1,0,30,0.0,,,,,,,0,0,0,0,0,8,1,0,0,30,,,,0.0,0.0,,,,
Alto Campoo,2022,12,Cantabria,N,1530,2175,645,1,0,31,0.0,,,,,,,0,0,0,0,0,9,4,2,0,31,,,,0.0,0.0,,,,
Alto Campoo,2023,1,Cantabria,N,1530,2175,645,1,10,31,0.3225806451612903,12.440999999999999,0.5083333333333333,0.4913043478260869,0.40951283739302174,75.45454545454545,31.363636363636363,10,0,0,0,0,9,2,2,0,31,,,,0.0,0.0,,,,
Alto Campoo,2023,2,Cantabria,N,1530,2175,645,1,27,28,0.9642857142857143,23.28,0.8148148148148148,0.8760064412238326,0.7662936142198816,112.4074074074074,52.592592592592595,25,3,0,0,0,8,1,0,0,28,,,,0.0,0.0,,,,
Alto Campoo,2023,3,Cantabria,N,1530,2175,645,1,28,31,0.9032258064516129,16.750714285714288,0.6458333333333333,0.6413043478260869,0.5513730837957304,78.96551724137932,30.17241379310345,6,9,0,0,16,8,0,0,0,31,,,,0.0,0.0,,,,
Alto Campoo,2023,4,Cantabria,N,1530,2175,645,1,0,30,0.0,,,,,,,0,0,0,0,0,10,3,0,2,30,,,,0.0,0.0,,,,
Alto Campoo,2023,5,Cantabria,N,1530,2175,645,1,0,31,0.0,,,,,,,0,0,0,0,0,8,2,0,0,31,,,,0.0,0.0,,,,
Alto Campoo,2023,6,Cantabria,N,1530,2175,645,1,0,30,0.0,,,,,,,0,0,0,0,0,8,0,0,0,0,,,,0.0,0.0,,,,
Alto Campoo,2023,7,Cantabria,N,1530,2175,645,1,0,31,0.0,,,,,,,0,0,0,0,0,10,0,0,0,0,,,,0.0,0.0,,,,
Alto Campoo,2023,8,Cantabria,N,1530,2175,645,1,0,31,0.0,,,,,,,0,0,0,0,0,8,1,0,0,0,,,,0.0,0.0,,,,
Alto Campoo,2023,9,Cantabria,N,1530,2175,645,1,0,30,0.0,,,,,,,0,0,0,0,0,9,1,0,0,0,,,,0.0,0.0,,,,
Alto Campoo,2023,10,Cantabria,N,1530,2175,645,1,0,31,0.0,,,,,,,0,0,0,0,0,9,1,0,0,31,,,,0.0,0.0,,,,
Alto Campoo,2023,11,Cantabria,N,1530,2175,645,1,0,30,0.0,,,,,,,0,0,0,0,0,8,1,0,0,30,,,,0.0,0.0,,,,
Alto Campoo,2023,12,Cantabria,N,1530,2175,645,1,0,31,0.0,,,,,,,0,0,0,0,0,10,4,2,0,31,,,,0.0,0.0,,,,
Alto Campoo,2024,1,Cantabria,N,1530,2175,645,1,7,31,0.22580645161290322,9.047142857142857,0.27777777777777773,0.4161490683229814,0.29779930405341853,37.857142857142854,20.0,3,0,0,0,0,8,2,2,0,31,,,,0.0,0.0,,,,
Alto Campoo,2024,2,Cantabria,N,1530,2175,645,1,2,29,0.06896551724137931,8.11,0.14999999999999997,0.2826086956521739,0.2669519420671494,30.0,20.0,2,0,0,0,0,8,1,0,0,29,,,,0.0,0.0,,,,
Alto Campoo,2024,3,Cantabria,N,1530,2175,645,1,20,31,0.6451612903225806,12.527,0.5291666666666667,0.48478260869565215,0.4123436471362739,53.0,35.0,12,7,0,0,8,10,2,0,2,31,,,,0.0,0.0,,,,
Alto Campoo,2024,4,Cantabria,N,1530,2175,645,1,0,30,0.0,,,,,,,0,0,0,0,0,8,1,0,0,30,,,,0.0,0.0,,,,
Alto Campoo,2024,5,Cantabria,N,1530,2175,645,1,0,31,0.0,,,,,,,0,0,0,0,0,8,2,0,0,31,,,,0.0,0.0,,,,
Alto Campoo,2024,6,Cantabria,N,1530,2175,645,1,0,30,0.0,,,,,,,0,0,0,0,0,10,0,0,0,0,,,,0.0,0.0,,,,
Alto Campoo,2024,7,Cantabria,N,1530,2175,645,1,0,31,0.0,,,,,,,0,0,0,0,0,8,0,0,0,0,,,,0.0,0.0,,,,
Alto Campoo,2024,8,Cantabria,N,1530,2175,645,1,0,31,0.0,,,,,,,0,0,0,0,0,9,1,0,0,0,,,,0.0,0.0,,,,
Alto Campoo,2024,9,Cantabria,N,1530,2175,645,1,0,30,0.0,,,,,,,0,0,0,0,0,9,1,0,0,0,,,,0.0,0.0,,,,
Alto Campoo,2024,10,Cantabria,N,1530,2175,645,1,0,31,0.0,,,,,,,0,0,0,0,0,8,1,0,0,31,,,,0.0,0.0,,,,
Alto Campoo,2024,11,Cantabria,N,1530,2175,645,1,0,30,0.0,,,,,,,0,0,0,0,0,9,1,0,0,30,,,,0.0,0.0,,,,
Alto Campoo,2024,12,Cantabria,N,1530,2175,645,1,19,31,0.6129032258064516,13.274736842105263,0.44298245614035087,0.528604118993135,0.43695644641557807,36.45,18.75,7,5,0,0,5,9,4,2,0,31,,,,0.0,0.0,,,,
Alto Campoo,2025,1,Cantabria,N,1530,2175,645,1,19,31,0.6129032258064516,4.751578947368421,0.2894736842105263,0.20823798627002285,0.15640483697723565,27.61904761904762,15.952380952380953,2,9,0,0,2,8,2,2,0,31,,,,0.0,0.0,,,,
Alto Campoo,2025,2,Cantabria,N,1530,2175,645,1,27,28,0.9642857142857143,13.044074074074073,0.4876543209876543,0.4975845410628019,0.4293638602394363,39.44444444444444,21.296296296296298,6,7,0,0,13,8,1,0,0,28,,,,0.0,0.0,,,,
Alto Campoo,2025,3,Cantabria,N,1530,2175,645,1,17,31,0.5483870967741935,5.522941176470589,0.2892156862745098,0.2301790281329923,0.18179529876466713,32.529411764705884,15.882352941176471,6,4,0,0,8,10,0,0,0,31,,,,0.0,0.0,,,,
Alto Campoo,2025,4,Cantabria,N,1530,2175,645,1,0,30,0.0,,,,,,,0,0,0,0,0,8,3,0,2,30,,,,0.0,0.0,,,,
Alto Campoo,2025,5,Cantabria,N,1530,2175,645,1,0,31,0.0,,,,,,,0,0,0,0,0,9,2,0,0,31,,,,0.0,0.0,,,,
Alto Campoo,2025,6,Cantabria,N,1530,2175,645,1,0,30,0.0,,,,,,,0,0,0,0,0,9,0,0,0,0,,,,0.0,0.0,,,,
Alto Campoo,2025,7,Cantabria,N,1530,2175,645,1,0,31,0.0,,,,,,,0,0,0,0,0,8,0,0,0,0,,,,0.0,0.0,,,,
Alto Campoo,2025,8,Cantabria,N,1530,2175,645,1,0,31,0.0,,,,,,,0,0,0,0,0,10,1,0,0,0,,,,0.0,0.0,,,,
Alto Campoo,2025,9,Cantabria,N,1530,2175,645,1,0,8,0.0,,,,,,,0,0,0,0,0,2,0,0,0,0,,,,0.0,0.0,,,,
Astún,2018,1,Aragón,N,1700,2300,600,1,29,29,1.0,37.672413793103445,0.9310344827586207,0.7833333333333333,0.753448275862069,150.86206896551724,115.0,20,13,0,0,2,7,1,1,0,29,4.413793103448276,-1.2689655172413792,1.5999999999999999,124.2,48.300000000000004,14.486206896551725,Jaca,59.25,66.0
Astún,2018,2,Aragón,N,1700,2300,600,1,25,26,0.9615384615384616,41.36,0.9226666666666666,0.8673333333333333,0.8271999999999999,213.46153846153845,129.6153846153846,22,13,0,0,0,7,1,0,0,26,1.1153846153846154,-5.553846153846154,-2.1384615384615384,142.2,83.50999999999999,16.96923076923077,Jaca,61.04,79.99
Astún,2018,3,Aragón,N,1700,2300,600,1,28,29,0.9655172413793104,41.875,0.9261904761904762,0.8744047619047618,0.8375,244.31034482758622,143.6206896551724,24,11,0,0,1,8,1,0,1,29,2.693103448275862,-2.6241379310344826,0.08275862068965519,308.8,135.24,16.02758620689655,Jaca,56.59,68.01
Astún,2018,4,Aragón,N,1700,2300,600,1,10,29,0.3448275862068966,38.35,0.6933333333333334,0.78,0.767,233.8095238095238,133.8095238095238,1,6,0,0,20,8,1,0,0,29,9.217241379310344,1.6586206896551725,5.286206896551724,235.8,83.58,12.182758620689656,Jaca,46.41,62.44
Astún,2018,5,Aragón,N,1700,2300,600,1,0,31,0.0,,,,,,,0,0,0,0,0,8,2,0,0,31,12.319354838709677,4.064516129032258,8.303225806451612,124.7,3.71,13.770967741935483,Jaca,46.06,54.46
Astún,2018,6,Aragón,N,1700,2300,600,1,0,30,0.0,,,,,,,0,0,0,0,0,9,0,0,0,0,17.790000000000003,9.586666666666668,13.813333333333333,136.8,0.0,12.55,Jaca,49.79,60.92
Astún,2018,7,Aragón,N,1700,2300,600,1,0,31,0.0,,,,,,,0,0,0,0,0,9,0,0,0,0,20.94193548387097,12.441935483870967,17.032258064516128,101.0,0.0,12.325806451612904,Jaca,60.27,72.31
Astún,2018,8,Aragón,N,1700,2300,600,1,0,31,0.0,,,,,,,0,0,0,0,0,8,1,0,0,0,21.80322580645161,12.258064516129032,17.187096774193545,50.7,0.0,13.067741935483872,Jaca,73.54,76.17
Astún,2018,9,Aragón,N,1700,2300,600,1,0,30,0.0,,,,,,,0,0,0,0,0,10,1,0,0,0,19.56,10.203333333333335,14.913333333333332,56.5,0.0,11.423333333333334,Jaca,67.69,76.89
Astún,2018,10,Aragón,N,1700,2300,600,1,0,31,0.0,,,,,,,0,0,0,0,0,8,1,0,0,31,12.680645161290323,4.770967741935484,8.619354838709677,188.3,8.469999999999999,14.254838709677419,Jaca,,
Astún,2018,11,Aragón,N,1700,2300,600,1,0,30,0.0,,,,,,,0,0,0,0,0,8,1,0,0,30,6.426666666666667,-0.026666666666666602,3.57,140.7,50.26,12.966666666666667,Jaca,,
Astún,2018,12,Aragón,N,1700,2300,600,1,6,31,0.1935483870967742,13.666666666666666,0.4666666666666666,0.28961748633879775,0.2733333333333334,20.0,5.0,0,6,0,0,0,10,4,2,0,31,8.170967741935485,0.5903225806451613,4.364516129032259,56.8,18.060000000000002,12.183870967741935,Jaca,40.03,45.76
Astún,2019,1,Aragón,N,1700,2300,600,1,29,31,0.9354838709677419,18.620689655172413,0.5885057471264368,0.3680045223289994,0.3724137931034483,46.29032258064516,20.967741935483872,25,20,0,0,0,8,2,2,0,31,4.258064516129032,-2.545161290322581,0.41935483870967744,214.1,139.23,18.62258064516129,Jaca,46.07,58.21
Astún,2019,2,Aragón,N,1700,2300,600,1,27,28,0.9642857142857143,39.81481481481482,0.945679012345679,0.8129933211900424,0.7962962962962963,148.57142857142858,98.57142857142857,16,20,0,0,2,8,1,0,0,28,7.178571428571429,-0.7107142857142856,3.582142857142857,57.7,27.580000000000002,13.103571428571428,Jaca,64.27,80.04
Astún,2019,3,Aragón,N,1700,2300,600,1,29,29,1.0,36.6551724137931,0.9103448275862068,0.7586206896551724,0.7331034482758622,133.10344827586206,83.10344827586206,8,25,0,0,16,9,0,0,0,29,7.686206896551725,-1.1482758620689655,3.3275862068965516,34.5,7.91,15.344827586206897,Jaca,60.26,76.92
Astún,2019,4,Aragón,N,1700,2300,600,1,20,29,0.6896551724137931,31.275,0.7266666666666667,0.6327868852459017,0.6255,129.5,79.5,9,10,0,0,11,8,3,0,2,29,8.158620689655173,0.3931034482758621,4.310344827586207,183.9,53.97,13.796551724137931,Jaca,52.42,51.69
Astún,2019,5,Aragón,N,1700,2300,600,1,0,31,0.0,,,,,,,0,0,0,0,0,8,2,0,0,31,12.251612903225807,3.4838709677419355,7.951612903225806,110.89999999999999,12.04,15.67741935483871,Jaca,48.19,66.13
Astún,2019,6,Aragón,N,1700,2300,600,1,0,30,0.0,,,,,,,0,0,0,0,0,10,0,0,0,0,19.046666666666667,10.576666666666666,15.073333333333332,87.2,1.26,13.963333333333333,Jaca,58.02,73.6
Astún,2019,7,Aragón,N,1700,2300,600,1,0,31,0.0,,,,,,,0,0,0,0,0,8,0,0,0,0,22.838709677419356,13.454838709677418,18.43548387096774,39.5,0.0,12.893548387096773,Jaca,56.75,72.17
Astún,2019,8,Aragón,N,1700,2300,600,1,0,31,0.0,,,,,,,0,0,0,0,0,9,1,0,0,0,21.796774193548387,12.94516129032258,17.52258064516129,100.4,0.0,12.245161290322581,Jaca,70.9,68.18
Astún,2019,9,Aragón,N,1700,2300,600,1,0,30,0.0,,,,,,,0,0,0,0,0,9,1,0,0,0,18.11,9.386666666666667,13.776666666666667,43.1,0.0,14.286666666666667,Jaca,54.96,64.32
Astún,2019,10,Aragón,N,1700,2300,600,1,0,31,0.0,,,,,,,0,0,0,0,0,8,1,0,0,31,13.832258064516129,6.441935483870967,10.225806451612904,162.9,0.21,13.819354838709677,Jaca,48.83,68.23
Astún,2019,11,Aragón,N,1700,2300,600,1,6,30,0.2,25.916666666666668,0.5777777777777777,0.4918032786885245,0.5183333333333333,107.5,58.333333333333336,4,1,0,0,0,9,1,0,0,30,3.8833333333333333,-0.9566666666666667,1.54,334.8,105.63,13.85,Jaca,43.73,61.56
Astún,2019,12,Aragón,N,1700,2300,600,1,28,31,0.9032258064516129,31.5,0.8833333333333332,0.614168618266979,0.63,100.3225806451613,46.12903225806452,15,23,0,0,0,9,4,2,0,31,7.0,0.7387096774193548,3.7096774193548385,243.4,58.870000000000005,14.193548387096774,Jaca,51.94,77.36
Astún,2020,1,Aragón,N,1700,2300,600,1,31,31,1.0,32.79032258064516,0.9397849462365592,0.6615547329455315,0.6558064516129032,128.2258064516129,65.16129032258064,19,18,0,0,1,8,2,2,0,31,6.638709677419355,-0.7032258064516129,3.141935483870968,105.4,57.33,12.077419354838709,Jaca,54.46,67.53
Astún,2020,2,Aragón,N,1700,2300,600,1,27,27,1.0,33.074074074074076,0.9234567901234567,0.6690953248330297,0.6614814814814814,144.44444444444446,68.33333333333333,13,24,0,0,11,7,1,0,0,27,9.192592592592591,1.7962962962962963,5.4185185185185185,21.3,3.15,13.848148148148148,Jaca,67.06,76.08
Astún,2020,3,Aragón,N,1700,2300,600,1,13,31,0.41935483870967744,30.346153846153847,0.7794871794871795,0.626733921815889,0.6069230769230769,156.53846153846155,76.53846153846153,8,3,0,0,3,9,0,0,0,31,7.67741935483871,0.2806451612903226,4.048387096774194,219.1,64.12,14.790322580645162,Jaca,48.47,46.36
Astún,2020,4,Aragón,N,1700,2300,600,1,0,30,0.0,,,,,,,0,0,0,0,0,8,3,0,2,30,10.596666666666666,3.94,7.1866666666666665,144.9,1.54,13.04,Jaca,0.0,0.0
Astún,2020,5,Aragón,N,1700,2300,600,1,0,31,0.0,,,,,,,0,0,0,0,0,10,2,0,0,31,16.322580645161292,7.867741935483871,12.251612903225807,171.0,0.0,12.63225806451613,Jaca,,
Astún,2020,6,Aragón,N,1700,2300,600,1,0,30,0.0,,,,,,,0,0,0,0,0,8,0,0,0,0,16.163333333333334,8.386666666666667,12.373333333333333,98.1,0.0,12.486666666666668,Jaca,,
Astún,2020,7,Aragón,N,1700,2300,600,1,0,31,0.0,,,,,,,0,0,0,0,0,8,0,0,0,0,23.154838709677417,13.396774193548387,18.490322580645163,34.2,0.0,13.132258064516128,Jaca,35.97,48.75
Astún,2020,8,Aragón,N,1700,2300,600,1,0,31,0.0,,,,,,,0,0,0,0,0,10,1,0,0,0,22.725806451612904,13.167741935483871,17.870967741935484,60.7,0.0,14.374193548387096,Jaca,48.8,59.02
Astún,2020,9,Aragón,N,1700,2300,600,1,0,30,0.0,,,,,,,0,0,0,0,0,8,1,0,0,0,18.223333333333336,9.206666666666667,13.516666666666667,141.9,6.09,14.366666666666667,Jaca,23.2,33.82
Astún,2020,10,Aragón,N,1700,2300,600,1,0,31,0.0,,,,,,,0,0,0,0,0,9,1,0,0,31,9.751612903225807,3.5161290322580645,6.877419354838709,213.0,29.12,14.225806451612904,Jaca,20.92,26.07
Astún,2020,11,Aragón,N,1700,2300,600,1,0,30,0.0,,,,,,,0,0,0,0,0,9,1,0,0,30,10.303333333333335,3.61,7.196666666666667,56.0,0.14,12.576666666666666,Jaca,,
Astún,2020,12,Aragón,N,1700,2300,600,1,8,31,0.25806451612903225,21.0,0.23333333333333328,0.3565573770491803,0.42,78.125,40.625,6,3,0,0,0,8,4,2,0,31,2.896774193548387,-2.1451612903225805,0.4838709677419355,239.4,128.24,13.941935483870967,Jaca,,
Astún,2021,1,Aragón,N,1700,2300,600,1,31,31,1.0,22.5,0.25161290322580643,0.4394500264410365,0.44999999999999996,110.0,80.0,27,12,0,0,0,10,2,2,0,31,1.8258064516129033,-4.029032258064516,-1.2774193548387098,159.2,84.35,15.338709677419354,Jaca,,
Astún,2021,2,Aragón,N,1700,2300,600,1,28,28,1.0,22.696428571428573,0.33095238095238094,0.4596018735362998,0.4539285714285714,97.67857142857143,67.67857142857143,6,8,0,0,18,8,1,0,0,28,6.428571428571429,0.8535714285714285,3.4285714285714284,123.0,38.5,14.157142857142857,Jaca,,
Astún,2021,3,Aragón,N,1700,2300,600,1,31,31,1.0,26.419354838709676,0.45806451612903226,0.5230037017451084,0.5283870967741935,90.3225806451613,60.32258064516129,7,7,0,0,24,8,0,0,0,31,6.687096774193549,-0.7903225806451613,3.0354838709677416,17.6,7.140000000000001,14.458064516129031,Jaca,,
Astún,2021,4,Aragón,N,1700,2300,600,1,4,30,0.13333333333333333,28.625,0.6666666666666667,0.5327868852459017,0.5725,77.5,43.75,0,0,0,0,4,8,3,0,2,30,9.389999999999999,1.3966666666666667,5.2733333333333325,108.9,6.510000000000001,14.37,Jaca,25.21,36.92
Astún,2021,5,Aragón,N,1700,2300,600,1,0,31,0.0,,,,,,,0,0,0,0,0,10,2,0,0,31,12.374193548387098,4.325806451612903,8.525806451612903,120.8,3.22,13.932258064516128,Jaca,,
Astún,2021,6,Aragón,N,1700,2300,600,1,0,30,0.0,,,,,,,0,0,0,0,0,8,0,0,0,0,17.933333333333334,9.586666666666668,14.023333333333333,137.1,0.0,12.716666666666667,Jaca,38.51,60.54
Astún,2021,7,Aragón,N,1700,2300,600,1,0,31,0.0,,,,,,,0,0,0,0,0,9,0,0,0,0,21.067741935483873,11.3,16.412903225806453,59.1,0.0,13.899999999999999,Jaca,61.79,70.78
Astún,2021,8,Aragón,N,1700,2300,600,1,0,31,0.0,,,,,,,0,0,0,0,0,9,1,0,0,0,22.73225806451613,12.17741935483871,17.274193548387096,47.2,0.0,13.574193548387097,Jaca,79.17,80.39
Astún,2021,9,Aragón,N,1700,2300,600,1,0,30,0.0,,,,,,,0,0,0,0,0,8,1,0,0,0,17.346666666666668,9.78,13.44,133.4,0.0,12.07,Jaca,56.68,66.84
Astún,2021,10,Aragón,N,1700,2300,600,1,0,31,0.0,,,,,,,0,0,0,0,0,10,1,0,0,31,13.641935483870967,5.090322580645162,9.419354838709678,76.3,0.0,11.667741935483871,Jaca,51.8,59.07
Astún,2021,11,Aragón,N,1700,2300,600,1,0,30,0.0,,,,,,,0,0,0,0,0,8,1,0,0,30,5.873333333333333,-0.6133333333333334,2.5866666666666664,115.2,62.790000000000006,16.513333333333332,Jaca,,
Astún,2021,12,Aragón,N,1700,2300,600,1,28,31,0.9032258064516129,32.19642857142857,0.7523809523809524,0.6510538641686183,0.6439285714285715,182.74193548387098,85.16129032258064,21,15,0,0,0,8,4,2,0,31,6.9,0.4645161290322581,4.067741935483871,261.3,126.7,13.290322580645162,Jaca,43.82,38.61
Astún,2022,1,Aragón,N,1700,2300,600,1,30,31,0.967741935483871,34.9,0.9466666666666667,0.7038251366120218,0.6980000000000001,186.93548387096774,86.93548387096774,25,28,0,0,0,10,2,2,0,31,5.95483870967742,-2.032258064516129,2.729032258064516,103.9,34.72,12.170967741935485,Jaca,52.26,71.33
Astún,2022,2,Aragón,N,1700,2300,600,1,28,28,1.0,37.089285714285715,0.9666666666666667,0.7564402810304449,0.7417857142857143,197.67857142857142,97.67857142857143,9,24,0,0,0,8,1,0,0,28,7.121428571428572,-0.010714285714285716,3.542857142857143,25.2,8.61,13.646428571428572,Jaca,64.38,77.99
Astún,2022,3,Aragón,N,1700,2300,600,1,31,31,1.0,37.53225806451613,0.9655913978494624,0.775251189846642,0.7506451612903225,234.19354838709677,108.38709677419355,10,9,0,0,9,8,0,0,0,31,5.848387096774194,-0.03870967741935488,2.8096774193548386,102.3,45.01,14.90967741935484,Jaca,45.02,54.38
Astún,2022,4,Aragón,N,1700,2300,600,1,16,30,0.5333333333333333,36.09375,0.9374999999999999,0.7366803278688525,0.721875,223.52941176470588,90.29411764705883,4,4,0,0,11,9,3,0,2,30,9.24,0.5133333333333334,4.876666666666667,140.5,47.81,16.273333333333333,Jaca,50.11,46.72
Astún,2022,5,Aragón,N,1700,2300,600,1,0,31,0.0,,,,,,,0,0,0,0,0,9,2,0,0,31,17.64516129032258,7.945161290322581,12.874193548387098,50.5,0.49,14.812903225806451,Jaca,41.31,47.1
Astún,2022,6,Aragón,N,1700,2300,600,1,0,30,0.0,,,,,,,0,0,0,0,0,8,0,0,0,0,21.740000000000002,12.26,16.986666666666668,132.4,0.0,15.323333333333332,Jaca,50.69,60.58
Astún,2022,7,Aragón,N,1700,2300,600,1,0,31,0.0,,,,,,,0,0,0,0,0,10,0,0,0,0,25.980645161290322,14.90967741935484,20.70967741935484,15.899999999999999,0.0,13.567741935483872,Jaca,60.29,65.28
Astún,2022,8,Aragón,N,1700,2300,600,1,0,31,0.0,,,,,,,0,0,0,0,0,8,1,0,0,0,24.87741935483871,14.470967741935485,19.55483870967742,38.2,0.0,13.83548387096774,Jaca,71.17,78.12
Astún,2022,9,Aragón,N,1700,2300,600,1,0,30,0.0,,,,,,,0,0,0,0,0,8,1,0,0,0,18.28666666666667,9.626666666666667,13.766666666666667,68.5,0.07,14.443333333333333,Jaca,56.62,69.38
Astún,2022,10,Aragón,N,1700,2300,600,1,0,31,0.0,,,,,,,0,0,0,0,0,10,1,0,0,31,16.425806451612903,8.83548387096774,12.474193548387097,165.7,0.0,13.670967741935485,Jaca,,
Astún,2022,11,Aragón,N,1700,2300,600,1,0,30,0.0,,,,,,,0,0,0,0,0,8,1,0,0,30,8.476666666666667,2.6166666666666667,5.6466666666666665,177.5,31.5,14.686666666666666,Jaca,,
Astún,2022,12,Aragón,N,1700,2300,600,1,28,31,0.9032258064516129,23.214285714285715,0.5952380952380951,0.4110070257611241,0.4642857142857143,40.0,20.0,12,11,0,0,0,9,4,2,0,31,6.32258064516129,0.6903225806451613,3.616129032258064,138.6,15.33,10.848387096774195,Jaca,39.96,34.12
Astún,2023,1,Aragón,N,1700,2300,600,1,31,31,1.0,25.532258064516128,0.6795698924731183,0.49233209941829714,0.5106451612903226,102.58064516129032,71.29032258064517,22,11,0,0,0,9,2,2,0,31,3.1806451612903226,-4.064516129032258,-0.38064516129032255,169.4,92.82000000000001,16.258064516129032,Jaca,52.71,54.33
Astún,2023,2,Aragón,N,1700,2300,600,1,28,28,1.0,38.55357142857143,0.9666666666666667,0.8161592505854801,0.7710714285714285,187.14285714285714,108.21428571428571,26,21,0,0,0,8,1,0,0,28,6.096428571428571,-2.475,2.0321428571428575,59.60000000000001,38.36,12.132142857142856,Jaca,69.7,81.46
Astún,2023,3,Aragón,N,1700,2300,600,1,31,31,1.0,28.483870967741936,0.8236559139784946,0.5716552088841882,0.5696774193548387,171.4516129032258,52.903225806451616,7,5,0,0,15,8,0,0,0,31,9.725806451612904,1.4806451612903226,5.732258064516128,68.6,7.35,14.23225806451613,Jaca,52.84,60.25
Astún,2023,4,Aragón,N,1700,2300,600,1,9,30,0.3,20.88888888888889,0.6148148148148148,0.3934426229508196,0.41777777777777775,137.77777777777777,35.55555555555556,2,6,0,0,7,10,3,0,2,30,12.139999999999999,2.99,7.713333333333334,85.1,16.31,16.24,Jaca,46.02,58.86
Astún,2023,5,Aragón,N,1700,2300,600,1,0,31,0.0,,,,,,,0,0,0,0,0,8,2,0,0,31,14.225806451612904,5.148387096774194,9.577419354838709,87.3,0.77,15.680645161290323,Jaca,38.18,47.26
Astún,2023,6,Aragón,N,1700,2300,600,1,0,30,0.0,,,,,,,0,0,0,0,0,8,0,0,0,0,18.903333333333332,10.613333333333333,14.966666666666667,169.1,0.0,11.92,Jaca,51.93,53.89
Astún,2023,7,Aragón,N,1700,2300,600,1,0,31,0.0,,,,,,,0,0,0,0,0,10,0,0,0,0,22.203225806451613,12.770967741935483,17.664516129032258,44.8,0.0,13.916129032258064,Jaca,55.24,58.48
Astún,2023,8,Aragón,N,1700,2300,600,1,0,31,0.0,,,,,,,0,0,0,0,0,8,1,0,0,0,23.4741935483871,13.429032258064517,18.59032258064516,32.2,0.0,16.16774193548387,Jaca,67.58,74.49
Astún,2023,9,Aragón,N,1700,2300,600,1,0,30,0.0,,,,,,,0,0,0,0,0,9,1,0,0,0,19.540000000000003,11.163333333333332,15.323333333333332,83.8,0.0,13.786666666666667,Jaca,51.93,57.74
Astún,2023,10,Aragón,N,1700,2300,600,1,0,31,0.0,,,,,,,0,0,0,0,0,9,1,0,0,31,15.183870967741935,8.351612903225806,12.093548387096773,320.5,0.0,13.287096774193548,Jaca,48.88,62.59
Astún,2023,11,Aragón,N,1700,2300,600,1,0,30,0.0,,,,,,,0,0,0,0,0,8,1,0,0,30,8.533333333333333,2.2333333333333334,5.413333333333333,253.4,24.85,14.99,Jaca,,
Astún,2023,12,Aragón,N,1700,2300,600,1,15,31,0.4838709677419355,22.566666666666666,0.5466666666666666,0.4120218579234972,0.44686468646864685,37.1875,27.1875,0,14,0,0,0,10,4,2,0,31,7.232258064516129,0.23870967741935487,3.8258064516129036,111.8,34.23,13.345161290322581,Jaca,32.67,34.16
Astún,2024,1,Aragón,N,1700,2300,600,1,30,31,0.967741935483871,23.883333333333333,0.6422222222222221,0.43661202185792347,0.47293729372937293,85.16666666666667,45.833333333333336,15,20,0,0,8,8,2,2,0,31,7.16774193548387,-0.25483870967741934,3.670967741935484,91.8,13.86,11.393548387096773,Jaca,52.42,44.06
Astún,2024,2,Aragón,N,1700,2300,600,1,29,29,1.0,24.913793103448278,0.6275862068965516,0.4861503674392312,0.49334243769204505,62.41379310344828,42.06896551724138,15,14,0,0,13,8,1,0,0,29,7.558620689655172,-0.34137931034482755,3.6724137931034484,209.0,102.97,15.762068965517242,Jaca,57.5,59.45
Astún,2024,3,Aragón,N,1700,2300,600,1,29,31,0.9354838709677419,35.86206896551724,0.9172413793103448,0.7275296777840587,0.7101399795151929,203.8709677419355,129.3548387096774,19,8,0,0,12,10,2,0,2,31,6.506451612903225,-1.364516129032258,2.9838709677419355,307.5,165.62,14.648387096774194,Jaca,57.23,57.15
Astún,2024,4,Aragón,N,1700,2300,600,1,7,30,0.23333333333333334,29.714285714285715,0.9047619047619048,0.5971896955503512,0.5884016973125884,179.28571428571428,79.28571428571429,2,1,0,0,5,8,1,0,0,30,10.229999999999999,1.4733333333333332,5.9399999999999995,99.8,23.87,15.69,Jaca,38.04,41.05
Astún,2024,5,Aragón,N,1700,2300,600,1,0,31,0.0,,,,,,,0,0,0,0,0,8,2,0,0,31,12.845161290322581,4.080645161290323,8.561290322580644,108.3,4.550000000000001,13.548387096774194,Jaca,43.36,53.12
Astún,2024,6,Aragón,N,1700,2300,600,1,0,30,0.0,,,,,,,0,0,0,0,0,10,0,0,0,0,18.456666666666667,9.22,13.996666666666666,68.7,0.0,14.273333333333333,Jaca,54.17,61.17
Astún,2024,7,Aragón,N,1700,2300,600,1,0,31,0.0,,,,,,,0,0,0,0,0,8,0,0,0,0,23.76451612903226,13.287096774193548,18.580645161290324,52.3,0.0,15.009677419354839,Jaca,59.7,70.67
Astún,2024,8,Aragón,N,1700,2300,600,1,0,31,0.0,,,,,,,0,0,0,0,0,9,1,0,0,0,24.60322580645161,13.958064516129031,19.258064516129032,86.9,0.0,14.196774193548388,Jaca,74.9,74.9
Astún,2024,9,Aragón,N,1700,2300,600,1,0,30,0.0,,,,,,,0,0,0,0,0,9,1,0,0,0,14.936666666666667,7.0233333333333325,10.846666666666666,151.6,0.07,14.636666666666667,Jaca,57.86,64.58
Astún,2024,10,Aragón,N,1700,2300,600,1,0,31,0.0,,,,,,,0,0,0,0,0,8,1,0,0,31,12.90967741935484,6.412903225806452,9.725806451612904,277.90000000000003,1.61,14.193548387096774,Jaca,42.07,55.19
Astún,2024,11,Aragón,N,1700,2300,600,1,0,30,0.0,,,,,,,0,0,0,0,0,9,1,0,0,30,10.296666666666665,3.246666666666667,6.463333333333334,59.2,2.8000000000000003,12.633333333333333,Jaca,33.98,55.2
Astún,2024,12,Aragón,N,1700,2300,600,1,18,31,0.5806451612903226,22.055555555555557,0.5888888888888889,0.46704331450094166,0.4367436743674367,100.78947368421052,52.89473684210526,17,6,0,0,0,9,4,2,0,31,4.967741935483871,-1.167741935483871,1.964516129032258,118.0,65.8,14.338709677419354,Jaca,32.81,47.12
Astún,2025,1,Aragón,N,1700,2300,600,1,29,31,0.9354838709677419,21.810344827586206,0.6183908045977011,0.4921098772647574,0.4318880163878457,91.20689655172414,42.06896551724138,17,18,0,0,0,8,2,2,0,31,4.693548387096774,-1.6387096774193548,1.4709677419354839,156.7,42.63,14.12258064516129,Jaca,46.14,55.05
Astún,2025,2,Aragón,N,1700,2300,600,1,28,28,1.0,35.125,0.8404761904761904,0.6997578692493948,0.6955445544554456,114.28571428571429,59.285714285714285,14,20,0,0,10,8,1,0,0,28,6.925,-1.6892857142857143,2.6107142857142853,64.0,27.580000000000002,11.453571428571427,Jaca,64.79,75.39
Astún,2025,3,Aragón,N,1700,2300,600,1,30,31,0.967741935483871,28.55,0.7755555555555556,0.5983050847457627,0.5653465346534653,102.58064516129032,62.58064516129032,18,17,0,0,10,10,0,0,0,31,6.338709677419355,-0.5645161290322581,2.512903225806452,152.8,43.05,18.38064516129032,Jaca,41.99,44.1
Astún,2025,4,Aragón,N,1700,2300,600,1,11,30,0.36666666666666664,24.09090909090909,0.4727272727272727,0.5546995377503852,0.477047704770477,91.81818181818181,47.27272727272727,0,8,0,0,11,8,3,0,2,30,11.636666666666665,3.0833333333333335,7.11,149.2,30.8,14.6,Jaca,40.78,50.2
Astún,2025,5,Aragón,N,1700,2300,600,1,0,31,0.0,,,,,,,0,0,0,0,0,9,2,0,0,31,14.651612903225805,5.138709677419355,9.90967741935484,105.19999999999999,3.5,14.73225806451613,Jaca,48.28,64.96
Astún,2025,6,Aragón,N,1700,2300,600,1,0,30,0.0,,,,,,,0,0,0,0,0,9,0,0,0,0,23.44,13.16,18.34,98.5,0.0,13.879999999999999,Jaca,53.98,64.96
Astún,2025,7,Aragón,N,1700,2300,600,1,0,31,0.0,,,,,,,0,0,0,0,0,8,0,0,0,0,22.583870967741937,12.174193548387096,17.241935483870968,76.60000000000001,0.0,13.9,Jaca,63.38,73.49
Astún,2025,8,Aragón,N,1700,2300,600,1,0,31,0.0,,,,,,,0,0,0,0,0,10,1,0,0,0,24.916129032258063,14.438709677419356,19.45483870967742,50.699999999999996,0.0,14.016129032258064,Jaca,70.63,71.07
Astún,2025,9,Aragón,N,1700,2300,600,1,0,8,0.0,,,,,,,0,0,0,0,0,2,0,0,0,0,19.45,9.4125,14.2875,16.5,0.0,14.0,Jaca,56.7,67.88
Baqueira Beret,2018,1,Cataluña,N,1500,2610,1110,1,29,29,1.0,124.13793103448276,0.8443349753694582,0.7963875205254516,0.8166969147005445,177.93103448275863,120.86206896551724,19,5,0,0,5,7,1,1,0,29,,,,0.0,0.0,,Vielha e Mijaran,46.54,50.29
Baqueira Beret,2018,2,Cataluña,N,1500,2610,1110,1,26,26,1.0,112.07692307692308,0.8120879120879121,0.7205128205128205,0.7373481781376519,219.23076923076923,140.76923076923077,21,3,0,0,3,7,1,0,0,26,,,,0.0,0.0,,Vielha e Mijaran,58.89,73.78
Baqueira Beret,2018,3,Cataluña,N,1500,2610,1110,1,29,29,1.0,131.79310344827587,0.8926108374384236,0.8400656814449917,0.867059891107078,263.7931034482759,183.79310344827587,23,10,0,0,7,8,1,0,1,29,,,,0.0,0.0,,Vielha e Mijaran,49.66,63.61
Baqueira Beret,2018,4,Cataluña,N,1500,2610,1110,1,8,29,0.27586206896551724,121.0,0.8607142857142858,0.7642857142857143,0.7960526315789473,300.0,220.0,1,4,0,0,4,8,1,0,0,29,,,,0.0,0.0,,Vielha e Mijaran,20.79,22.91
Baqueira Beret,2018,5,Cataluña,N,1500,2610,1110,1,0,31,0.0,,,,,,,0,0,0,0,0,8,2,0,0,31,,,,0.0,0.0,,Vielha e Mijaran,,
Baqueira Beret,2018,6,Cataluña,N,1500,2610,1110,1,0,30,0.0,,,,,,,0,0,0,0,0,9,0,0,0,0,,,,0.0,0.0,,Vielha e Mijaran,28.11,37.13
Baqueira Beret,2018,7,Cataluña,N,1500,2610,1110,1,0,31,0.0,,,,,,,0,0,0,0,0,9,0,0,0,0,,,,0.0,0.0,,Vielha e Mijaran,44.63,54.48
Baqueira Beret,2018,8,Cataluña,N,1500,2610,1110,1,0,31,0.0,,,,,,,0,0,0,0,0,8,1,0,0,0,,,,0.0,0.0,,Vielha e Mijaran,67.03,71.71
Baqueira Beret,2018,9,Cataluña,N,1500,2610,1110,1,0,30,0.0,,,,,,,0,0,0,0,0,10,1,0,0,0,,,,0.0,0.0,,Vielha e Mijaran,42.22,44.11
Baqueira Beret,2018,10,Cataluña,N,1500,2610,1110,1,0,31,0.0,,,,,,,0,0,0,0,0,8,1,0,0,31,,,,0.0,0.0,,Vielha e Mijaran,30.0,53.17
Baqueira Beret,2018,11,Cataluña,N,1500,2610,1110,1,0,30,0.0,,,,,,,0,0,0,0,0,8,1,0,0,30,,,,0.0,0.0,,Vielha e Mijaran,23.24,37.44
Baqueira Beret,2018,12,Cataluña,N,1500,2610,1110,1,31,31,1.0,59.03225806451613,0.5340501792114696,0.34691567628749287,0.36955213512280033,39.193548387096776,17.903225806451612,9,17,0,0,0,10,4,2,0,31,,,,0.0,0.0,,Vielha e Mijaran,44.3,52.32
Baqueira Beret,2019,1,Cataluña,N,1500,2610,1110,1,31,31,1.0,92.6774193548387,0.807347670250896,0.5540464063384267,0.5801766580370521,91.45161290322581,61.45161290322581,23,8,0,0,0,8,2,2,0,31,,,,0.0,0.0,,Vielha e Mijaran,38.58,44.45
Baqueira Beret,2019,2,Cataluña,N,1500,2610,1110,1,27,27,1.0,142.96296296296296,0.9207818930041152,0.8700454840805718,0.8949728493987915,239.44444444444446,198.33333333333334,23,17,0,0,4,7,1,0,0,27,,,,0.0,0.0,,Vielha e Mijaran,58.43,68.43
Baqueira Beret,2019,3,Cataluña,N,1500,2610,1110,1,29,29,1.0,147.6206896551724,0.9377394636015325,0.8886872353297036,0.9241310232576212,194.31034482758622,126.37931034482759,4,27,0,0,25,9,0,0,0,29,,,,0.0,0.0,,Vielha e Mijaran,45.5,63.2
Baqueira Beret,2019,4,Cataluña,N,1500,2610,1110,1,21,29,0.7241379310344828,105.0952380952381,0.7288359788359788,0.6700083542188805,0.6579143489122204,157.38095238095238,77.38095238095238,11,6,0,0,10,8,3,0,2,29,,,,0.0,0.0,,Vielha e Mijaran,25.6,42.66
Baqueira Beret,2019,5,Cataluña,N,1500,2610,1110,1,0,31,0.0,,,,,,,0,0,0,0,0,8,2,0,0,31,,,,0.0,0.0,,Vielha e Mijaran,20.69,16.65
Baqueira Beret,2019,6,Cataluña,N,1500,2610,1110,1,0,30,0.0,,,,,,,0,0,0,0,0,10,0,0,0,0,,,,0.0,0.0,,Vielha e Mijaran,36.21,54.7
Baqueira Beret,2019,7,Cataluña,N,1500,2610,1110,1,0,31,0.0,,,,,,,0,0,0,0,0,8,0,0,0,0,,,,0.0,0.0,,Vielha e Mijaran,42.38,52.36
Baqueira Beret,2019,8,Cataluña,N,1500,2610,1110,1,0,31,0.0,,,,,,,0,0,0,0,0,9,1,0,0,0,,,,0.0,0.0,,Vielha e Mijaran,65.29,67.54
Baqueira Beret,2019,9,Cataluña,N,1500,2610,1110,1,0,30,0.0,,,,,,,0,0,0,0,0,9,1,0,0,0,,,,0.0,0.0,,Vielha e Mijaran,38.55,44.24
Baqueira Beret,2019,10,Cataluña,N,1500,2610,1110,1,0,31,0.0,,,,,,,0,0,0,0,0,8,1,0,0,31,,,,0.0,0.0,,Vielha e Mijaran,29.02,35.82
Baqueira Beret,2019,11,Cataluña,N,1500,2610,1110,1,8,30,0.26666666666666666,50.375,0.3680555555555556,0.37282608695652175,0.3112642115669797,90.0,60.0,8,5,0,0,0,9,1,0,0,30,,,,0.0,0.0,,Vielha e Mijaran,20.88,29.64
Baqueira Beret,2019,12,Cataluña,N,1500,2610,1110,1,31,31,1.0,137.29032258064515,0.8745519713261649,0.8022440392706872,0.8483089630539122,122.25806451612904,67.74193548387096,18,15,0,0,5,9,4,2,0,31,,,,0.0,0.0,,Vielha e Mijaran,46.7,54.4
Baqueira Beret,2020,1,Cataluña,N,1500,2610,1110,1,31,31,1.0,153.61290322580646,0.9283154121863799,0.9051893408134642,0.9491652448455663,144.51612903225808,65.80645161290323,22,9,0,0,9,8,2,2,0,31,,,,0.0,0.0,,Vielha e Mijaran,43.31,58.98
Baqueira Beret,2020,2,Cataluña,N,1500,2610,1110,1,26,26,1.0,147.5,0.9594017094017093,0.8080267558528428,0.9113939693524469,162.30769230769232,62.30769230769231,6,26,0,0,20,6,1,0,0,26,,,,0.0,0.0,,Vielha e Mijaran,53.82,63.67
Baqueira Beret,2020,3,Cataluña,N,1500,2610,1110,1,13,31,0.41935483870967744,129.30769230769232,0.8504273504273504,0.6916387959866221,0.7989847522719494,171.53846153846155,66.15384615384616,7,5,0,0,5,9,0,0,0,31,,,,0.0,0.0,,Vielha e Mijaran,34.2,25.63
Baqueira Beret,2020,4,Cataluña,N,1500,2610,1110,1,0,30,0.0,,,,,,,0,0,0,0,0,8,3,0,2,30,,,,0.0,0.0,,Vielha e Mijaran,0.0,0.0
Baqueira Beret,2020,5,Cataluña,N,1500,2610,1110,1,0,31,0.0,,,,,,,0,0,0,0,0,10,2,0,0,31,,,,0.0,0.0,,Vielha e Mijaran,,
Baqueira Beret,2020,6,Cataluña,N,1500,2610,1110,1,0,30,0.0,,,,,,,0,0,0,0,0,8,0,0,0,0,,,,0.0,0.0,,Vielha e Mijaran,,
Baqueira Beret,2020,7,Cataluña,N,1500,2610,1110,1,0,31,0.0,,,,,,,0,0,0,0,0,8,0,0,0,0,,,,0.0,0.0,,Vielha e Mijaran,35.44,42.04
Baqueira Beret,2020,8,Cataluña,N,1500,2610,1110,1,0,31,0.0,,,,,,,0,0,0,0,0,10,1,0,0,0,,,,0.0,0.0,,Vielha e Mijaran,59.72,61.89
Baqueira Beret,2020,9,Cataluña,N,1500,2610,1110,1,0,30,0.0,,,,,,,0,0,0,0,0,8,1,0,0,0,,,,0.0,0.0,,Vielha e Mijaran,35.68,46.06
Baqueira Beret,2020,10,Cataluña,N,1500,2610,1110,1,0,31,0.0,,,,,,,0,0,0,0,0,9,1,0,0,31,,,,0.0,0.0,,Vielha e Mijaran,22.18,30.65
Baqueira Beret,2020,11,Cataluña,N,1500,2610,1110,1,0,30,0.0,,,,,,,0,0,0,0,0,9,1,0,0,30,,,,0.0,0.0,,Vielha e Mijaran,12.2,7.99
Baqueira Beret,2020,12,Cataluña,N,1500,2610,1110,1,18,31,0.5806451612903226,61.22222222222222,0.4598765432098766,0.3922705314009662,0.3666001330671989,65.0,51.666666666666664,9,8,0,0,1,8,4,2,0,31,,,,0.0,0.0,,Vielha e Mijaran,26.28,16.18
Baqueira Beret,2021,1,Cataluña,N,1500,2610,1110,1,30,30,1.0,65.06666666666666,0.3944444444444445,0.4318840579710145,0.3896207584830339,111.0,91.0,25,5,0,0,3,9,2,2,0,30,,,,0.0,0.0,,Vielha e Mijaran,25.74,33.72
Baqueira Beret,2021,2,Cataluña,N,1500,2610,1110,1,28,28,1.0,37.607142857142854,0.23214285714285715,0.2891304347826087,0.2251924721984602,136.07142857142858,116.07142857142857,16,13,0,0,15,8,1,0,0,28,,,,0.0,0.0,,Vielha e Mijaran,10.41,8.65
Baqueira Beret,2021,3,Cataluña,N,1500,2610,1110,1,31,31,1.0,52.354838709677416,0.33602150537634407,0.36774193548387096,0.3135020282016612,127.41935483870968,107.41935483870968,8,15,0,0,23,8,0,0,0,31,,,,0.0,0.0,,Vielha e Mijaran,17.64,24.19
Baqueira Beret,2021,4,Cataluña,N,1500,2610,1110,1,5,30,0.16666666666666666,87.0,0.6333333333333333,0.5043478260869565,0.5209580838323353,68.0,48.0,0,5,0,0,5,8,3,0,2,30,,,,0.0,0.0,,Vielha e Mijaran,14.67,21.31
Baqueira Beret,2021,5,Cataluña,N,1500,2610,1110,1,0,31,0.0,,,,,,,0,0,0,0,0,10,2,0,0,31,,,,0.0,0.0,,Vielha e Mijaran,24.51,34.9
Baqueira Beret,2021,6,Cataluña,N,1500,2610,1110,1,0,30,0.0,,,,,,,0,0,0,0,0,8,0,0,0,0,,,,0.0,0.0,,Vielha e Mijaran,31.01,43.63
Baqueira Beret,2021,7,Cataluña,N,1500,2610,1110,1,0,31,0.0,,,,,,,0,0,0,0,0,9,0,0,0,0,,,,0.0,0.0,,Vielha e Mijaran,47.99,56.35
Baqueira Beret,2021,8,Cataluña,N,1500,2610,1110,1,0,31,0.0,,,,,,,0,0,0,0,0,9,1,0,0,0,,,,0.0,0.0,,Vielha e Mijaran,67.17,71.16
Baqueira Beret,2021,9,Cataluña,N,1500,2610,1110,1,0,30,0.0,,,,,,,0,0,0,0,0,8,1,0,0,0,,,,0.0,0.0,,Vielha e Mijaran,39.2,52.4
Baqueira Beret,2021,10,Cataluña,N,1500,2610,1110,1,0,31,0.0,,,,,,,0,0,0,0,0,10,1,0,0,31,,,,0.0,0.0,,Vielha e Mijaran,34.72,37.68
Baqueira Beret,2021,11,Cataluña,N,1500,2610,1110,1,4,30,0.13333333333333333,63.5,0.5347222222222222,0.3771929824561403,0.3919753086419753,81.25,55.0,4,0,0,0,0,8,1,0,0,30,,,,0.0,0.0,,Vielha e Mijaran,22.1,30.49
Baqueira Beret,2021,12,Cataluña,N,1500,2610,1110,1,31,31,1.0,127.51612903225806,0.8225806451612904,0.7405206564799094,0.7871365989645559,229.83870967741936,181.29032258064515,26,3,0,0,0,8,4,2,0,31,,,,0.0,0.0,,Vielha e Mijaran,44.54,40.91
Baqueira Beret,2022,1,Cataluña,N,1500,2610,1110,1,31,31,1.0,147.83870967741936,0.8888888888888888,0.8384267119411432,0.9125846276383911,254.67741935483872,161.93548387096774,26,4,0,0,0,10,2,2,0,31,,,,0.0,0.0,,Vielha e Mijaran,54.95,75.67
Baqueira Beret,2022,2,Cataluña,N,1500,2610,1110,1,28,28,1.0,153.0,0.9702380952380952,0.8417919799498746,0.9444444444444445,245.0,143.75,23,24,0,0,5,8,1,0,0,28,,,,0.0,0.0,,Vielha e Mijaran,69.32,82.28
Baqueira Beret,2022,3,Cataluña,N,1500,2610,1110,1,31,31,1.0,149.29032258064515,0.9301075268817204,0.811262026032824,0.9215452011150936,224.67741935483872,133.06451612903226,13,14,0,0,16,8,0,0,0,31,,,,0.0,0.0,,Vielha e Mijaran,36.8,56.42
Baqueira Beret,2022,4,Cataluña,N,1500,2610,1110,1,18,30,0.6,132.5,0.8503086419753086,0.7212475633528265,0.8179012345679012,183.33333333333334,105.27777777777777,7,6,0,0,10,9,3,0,2,30,,,,0.0,0.0,,Vielha e Mijaran,28.37,27.17
Baqueira Beret,2022,5,Cataluña,N,1500,2610,1110,1,0,31,0.0,,,,,,,0,0,0,0,0,9,2,0,0,31,,,,0.0,0.0,,Vielha e Mijaran,18.3,28.88
Baqueira Beret,2022,6,Cataluña,N,1500,2610,1110,1,0,30,0.0,,,,,,,0,0,0,0,0,8,0,0,0,0,,,,0.0,0.0,,Vielha e Mijaran,33.3,44.03
Baqueira Beret,2022,7,Cataluña,N,1500,2610,1110,1,0,31,0.0,,,,,,,0,0,0,0,0,10,0,0,0,0,,,,0.0,0.0,,Vielha e Mijaran,49.1,55.44
Baqueira Beret,2022,8,Cataluña,N,1500,2610,1110,1,0,31,0.0,,,,,,,0,0,0,0,0,8,1,0,0,0,,,,0.0,0.0,,Vielha e Mijaran,63.39,67.38
Baqueira Beret,2022,9,Cataluña,N,1500,2610,1110,1,0,30,0.0,,,,,,,0,0,0,0,0,8,1,0,0,0,,,,0.0,0.0,,Vielha e Mijaran,39.86,47.09
Baqueira Beret,2022,10,Cataluña,N,1500,2610,1110,1,0,31,0.0,,,,,,,0,0,0,0,0,10,1,0,0,31,,,,0.0,0.0,,Vielha e Mijaran,32.64,29.05
Baqueira Beret,2022,11,Cataluña,N,1500,2610,1110,1,5,30,0.16666666666666666,45.4,0.4722222222222222,0.27758620689655167,0.26705882352941174,43.0,32.0,5,0,0,0,0,8,1,0,0,30,,,,0.0,0.0,,Vielha e Mijaran,24.38,33.13
Baqueira Beret,2022,12,Cataluña,N,1500,2610,1110,1,31,31,1.0,113.38709677419355,0.8799283154121864,0.64293659621802,0.6669829222011385,52.74193548387097,38.225806451612904,18,20,0,0,2,9,4,2,0,31,,,,0.0,0.0,,Vielha e Mijaran,43.04,42.29
Baqueira Beret,2023,1,Cataluña,N,1500,2610,1110,1,31,31,1.0,106.51612903225806,0.8593189964157706,0.5931590656284761,0.6265654648956356,87.09677419354838,55.806451612903224,23,14,0,0,2,9,2,2,0,31,,,,0.0,0.0,,Vielha e Mijaran,47.07,55.18
Baqueira Beret,2023,2,Cataluña,N,1500,2610,1110,1,28,28,1.0,145.85714285714286,0.9702380952380952,0.8149630541871922,0.8579831932773109,163.57142857142858,113.57142857142857,28,17,0,0,0,8,1,0,0,28,,,,0.0,0.0,,Vielha e Mijaran,65.88,80.2
Baqueira Beret,2023,3,Cataluña,N,1500,2610,1110,1,31,31,1.0,104.83870967741936,0.8360215053763441,0.5778642936596218,0.6166982922201139,132.41935483870967,82.41935483870968,9,13,0,0,22,8,0,0,0,31,,,,0.0,0.0,,Vielha e Mijaran,39.37,62.73
Baqueira Beret,2023,4,Cataluña,N,1500,2610,1110,1,10,30,0.3333333333333333,65.4,0.6666666666666666,0.3568965517241379,0.3847058823529411,60.0,20.0,2,4,0,0,8,10,3,0,2,30,,,,0.0,0.0,,Vielha e Mijaran,28.44,30.64
Baqueira Beret,2023,5,Cataluña,N,1500,2610,1110,1,0,31,0.0,,,,,,,0,0,0,0,0,8,2,0,0,31,,,,0.0,0.0,,Vielha e Mijaran,22.35,31.98
Baqueira Beret,2023,6,Cataluña,N,1500,2610,1110,1,0,30,0.0,,,,,,,0,0,0,0,0,8,0,0,0,0,,,,0.0,0.0,,Vielha e Mijaran,36.12,46.31
Baqueira Beret,2023,7,Cataluña,N,1500,2610,1110,1,0,31,0.0,,,,,,,0,0,0,0,0,10,0,0,0,0,,,,0.0,0.0,,Vielha e Mijaran,45.84,55.31
Baqueira Beret,2023,8,Cataluña,N,1500,2610,1110,1,0,31,0.0,,,,,,,0,0,0,0,0,8,1,0,0,0,,,,0.0,0.0,,Vielha e Mijaran,66.75,72.99
Baqueira Beret,2023,9,Cataluña,N,1500,2610,1110,1,0,30,0.0,,,,,,,0,0,0,0,0,9,1,0,0,0,,,,0.0,0.0,,Vielha e Mijaran,45.66,51.17
Baqueira Beret,2023,10,Cataluña,N,1500,2610,1110,1,0,31,0.0,,,,,,,0,0,0,0,0,9,1,0,0,31,,,,0.0,0.0,,Vielha e Mijaran,33.3,56.14
Baqueira Beret,2023,11,Cataluña,N,1500,2610,1110,1,6,30,0.2,25.166666666666668,0.3333333333333333,0.13247863247863245,0.14803921568627448,30.0,10.0,4,5,0,0,1,8,1,0,0,30,,,,0.0,0.0,,Vielha e Mijaran,21.56,30.39
Baqueira Beret,2023,12,Cataluña,N,1500,2610,1110,1,31,31,1.0,80.70967741935483,0.7598566308243728,0.44499586435070304,0.4747628083491461,41.61290322580645,27.419354838709676,24,16,0,0,0,10,4,2,0,31,,,,0.0,0.0,,Vielha e Mijaran,43.29,40.1
Baqueira Beret,2024,1,Cataluña,N,1500,2610,1110,1,31,31,1.0,118.19354838709677,0.9211469534050178,0.6639095671353736,0.6952561669829223,116.45161290322581,91.61290322580645,19,19,0,0,6,8,2,2,0,31,,,,0.0,0.0,,Vielha e Mijaran,60.26,69.68
Baqueira Beret,2024,2,Cataluña,N,1500,2610,1110,1,29,29,1.0,104.03448275862068,0.9511494252873562,0.5809018567639257,0.6119675456389452,103.62068965517241,72.58620689655173,15,17,0,0,13,8,1,0,0,29,,,,0.0,0.0,,Vielha e Mijaran,65.7,75.5
Baqueira Beret,2024,3,Cataluña,N,1500,2610,1110,1,31,31,1.0,129.32258064516128,0.9408602150537634,0.7576509511993382,0.7607210626185958,167.90322580645162,112.90322580645162,18,10,0,0,13,10,2,0,2,31,,,,0.0,0.0,,Vielha e Mijaran,52.28,63.8
Baqueira Beret,2024,4,Cataluña,N,1500,2610,1110,1,7,30,0.23333333333333334,99.0,0.8492063492063492,0.5592185592185592,0.5823529411764705,115.0,55.0,2,6,0,0,5,8,1,0,0,30,,,,0.0,0.0,,Vielha e Mijaran,25.07,29.46
Baqueira Beret,2024,5,Cataluña,N,1500,2610,1110,1,0,31,0.0,,,,,,,0,0,0,0,0,8,2,0,0,31,,,,0.0,0.0,,Vielha e Mijaran,30.04,31.7
Baqueira Beret,2024,6,Cataluña,N,1500,2610,1110,1,0,30,0.0,,,,,,,0,0,0,0,0,10,0,0,0,0,,,,0.0,0.0,,Vielha e Mijaran,42.13,55.55
Baqueira Beret,2024,7,Cataluña,N,1500,2610,1110,1,0,31,0.0,,,,,,,0,0,0,0,0,8,0,0,0,0,,,,0.0,0.0,,Vielha e Mijaran,55.66,70.27
Baqueira Beret,2024,8,Cataluña,N,1500,2610,1110,1,0,31,0.0,,,,,,,0,0,0,0,0,9,1,0,0,0,,,,0.0,0.0,,Vielha e Mijaran,68.06,71.03
Baqueira Beret,2024,9,Cataluña,N,1500,2610,1110,1,0,30,0.0,,,,,,,0,0,0,0,0,9,1,0,0,0,,,,0.0,0.0,,Vielha e Mijaran,42.7,43.4
Baqueira Beret,2024,10,Cataluña,N,1500,2610,1110,1,0,31,0.0,,,,,,,0,0,0,0,0,8,1,0,0,31,,,,0.0,0.0,,Vielha e Mijaran,33.19,46.28
Baqueira Beret,2024,11,Cataluña,N,1500,2610,1110,1,0,30,0.0,,,,,,,0,0,0,0,0,9,1,0,0,30,,,,0.0,0.0,,Vielha e Mijaran,32.72,38.23
Baqueira Beret,2024,12,Cataluña,N,1500,2610,1110,1,20,31,0.6451612903225806,94.85,0.773611111111111,0.5605691056910569,0.5579411764705882,73.5,40.75,19,6,0,0,0,9,4,2,0,31,,,,0.0,0.0,,Vielha e Mijaran,41.93,55.88
Baqueira Beret,2025,1,Cataluña,N,1500,2610,1110,1,31,31,1.0,114.3225806451613,0.9256272401433692,0.6666666666666667,0.6724857685009488,70.80645161290323,49.67741935483871,25,26,0,0,0,8,2,2,0,31,,,,0.0,0.0,,Vielha e Mijaran,56.32,62.97
Baqueira Beret,2025,2,Cataluña,N,1500,2610,1110,1,28,28,1.0,130.0,0.9662698412698413,0.775842044134727,0.7647058823529411,88.21428571428571,71.78571428571429,18,20,0,0,9,8,1,0,0,28,,,,0.0,0.0,,Vielha e Mijaran,61.9,75.14
Baqueira Beret,2025,3,Cataluña,N,1500,2610,1110,1,31,31,1.0,114.90322580645162,0.8790322580645161,0.6842381327039077,0.6759013282732448,97.41935483870968,87.09677419354838,20,9,0,0,9,10,0,0,0,31,,,,0.0,0.0,,Vielha e Mijaran,44.09,59.42
Baqueira Beret,2025,4,Cataluña,N,1500,2610,1110,1,21,30,0.7,99.71428571428571,0.8386243386243386,0.5648470770421989,0.5865546218487395,102.61904761904762,87.61904761904762,2,16,0,0,17,8,3,0,2,30,,,,0.0,0.0,,Vielha e Mijaran,40.9,49.89
Baqueira Beret,2025,5,Cataluña,N,1500,2610,1110,1,0,31,0.0,,,,,,,0,0,0,0,0,9,2,0,0,31,,,,0.0,0.0,,Vielha e Mijaran,40.05,45.24
Baqueira Beret,2025,6,Cataluña,N,1500,2610,1110,1,0,30,0.0,,,,,,,0,0,0,0,0,9,0,0,0,0,,,,0.0,0.0,,Vielha e Mijaran,42.5,50.66
Baqueira Beret,2025,7,Cataluña,N,1500,2610,1110,1,0,31,0.0,,,,,,,0,0,0,0,0,8,0,0,0,0,,,,0.0,0.0,,Vielha e Mijaran,53.05,65.88
Baqueira Beret,2025,8,Cataluña,N,1500,2610,1110,1,0,31,0.0,,,,,,,0,0,0,0,0,10,1,0,0,0,,,,0.0,0.0,,Vielha e Mijaran,69.93,70.81
Baqueira Beret,2025,9,Cataluña,N,1500,2610,1110,1,0,8,0.0,,,,,,,0,0,0,0,0,2,0,0,0,0,,,,0.0,0.0,,Vielha e Mijaran,48.22,56.64
Boí Taüll,2018,1,Cataluña,N,2020,2751,731,1,29,29,1.0,31.482758620689655,0.7648902821316615,0.6840417000801924,0.6996168582375478,127.24137931034483,110.6896551724138,22,5,0,0,6,7,1,1,0,29,,,,0.0,0.0,,"Vall de Boí, La",,
Boí Taüll,2018,2,Cataluña,N,2020,2751,731,1,26,26,1.0,28.846153846153847,0.6888111888111889,0.6547406082289803,0.641025641025641,197.5,166.15384615384616,26,9,0,0,0,7,1,0,0,26,,,,0.0,0.0,,"Vall de Boí, La",,
Boí Taüll,2018,3,Cataluña,N,2020,2751,731,1,28,29,0.9655172413793104,33.25,0.7045454545454545,0.7599667774086379,0.7388888888888889,277.2413793103448,218.44827586206895,25,3,0,0,2,8,1,0,1,29,,,,0.0,0.0,,"Vall de Boí, La",,
Boí Taüll,2018,4,Cataluña,N,2020,2751,731,1,8,29,0.27586206896551724,35.5,0.6931818181818182,0.7587209302325582,0.7888888888888889,275.0,215.0,1,0,0,0,7,8,1,0,0,29,,,,0.0,0.0,,"Vall de Boí, La",,
Boí Taüll,2018,5,Cataluña,N,2020,2751,731,1,0,31,0.0,,,,,,,0,0,0,0,0,8,2,0,0,31,,,,0.0,0.0,,"Vall de Boí, La",,
Boí Taüll,2018,6,Cataluña,N,2020,2751,731,1,0,30,0.0,,,,,,,0,0,0,0,0,9,0,0,0,0,,,,0.0,0.0,,"Vall de Boí, La",,
Boí Taüll,2018,7,Cataluña,N,2020,2751,731,1,0,31,0.0,,,,,,,0,0,0,0,0,9,0,0,0,0,,,,0.0,0.0,,"Vall de Boí, La",,
Boí Taüll,2018,8,Cataluña,N,2020,2751,731,1,0,31,0.0,,,,,,,0,0,0,0,0,8,1,0,0,0,,,,0.0,0.0,,"Vall de Boí, La",,
Boí Taüll,2018,9,Cataluña,N,2020,2751,731,1,0,30,0.0,,,,,,,0,0,0,0,0,10,1,0,0,0,,,,0.0,0.0,,"Vall de Boí, La",,
Boí Taüll,2018,10,Cataluña,N,2020,2751,731,1,0,31,0.0,,,,,,,0,0,0,0,0,8,1,0,0,31,,,,0.0,0.0,,"Vall de Boí, La",,
Boí Taüll,2018,11,Cataluña,N,2020,2751,731,1,0,30,0.0,,,,,,,0,0,0,0,0,8,1,0,0,30,,,,0.0,0.0,,"Vall de Boí, La",,
Boí Taüll,2018,12,Cataluña,N,2020,2751,731,1,31,31,1.0,26.580645161290324,0.8181818181818181,0.6129032258064516,0.5906810035842294,86.12903225806451,25.483870967741936,31,14,0,0,0,10,4,2,0,31,,,,0.0,0.0,,"Vall de Boí, La",,
Boí Taüll,2019,1,Cataluña,N,2020,2751,731,1,29,31,0.9354838709677419,20.862068965517242,0.664576802507837,0.45629510825982356,0.46360153256704983,101.61290322580645,48.38709677419355,30,20,0,0,0,8,2,2,0,31,,,,0.0,0.0,,"Vall de Boí, La",,
Boí Taüll,2019,2,Cataluña,N,2020,2751,731,1,26,27,0.9629629629629629,32.46153846153846,0.7867132867132867,0.6878354203935599,0.7213675213675214,159.8148148148148,130.74074074074073,27,5,0,0,0,7,1,0,0,27,,,,0.0,0.0,,"Vall de Boí, La",,
Boí Taüll,2019,3,Cataluña,N,2020,2751,731,1,29,29,1.0,29.655172413793103,0.7774294670846396,0.6391339214113873,0.6590038314176245,123.44827586206897,97.58620689655173,17,13,0,0,12,9,0,0,0,29,,,,0.0,0.0,,"Vall de Boí, La",,
Boí Taüll,2019,4,Cataluña,N,2020,2751,731,1,21,29,0.7241379310344828,27.0,0.7402597402597403,0.6378737541528239,0.6,104.52380952380952,75.95238095238095,10,3,0,0,11,8,3,0,2,29,,,,0.0,0.0,,"Vall de Boí, La",,
Boí Taüll,2019,5,Cataluña,N,2020,2751,731,1,0,31,0.0,,,,,,,0,0,0,0,0,8,2,0,0,31,,,,0.0,0.0,,"Vall de Boí, La",,
Boí Taüll,2019,6,Cataluña,N,2020,2751,731,1,0,30,0.0,,,,,,,0,0,0,0,0,10,0,0,0,0,,,,0.0,0.0,,"Vall de Boí, La",,
Boí Taüll,2019,7,Cataluña,N,2020,2751,731,1,0,31,0.0,,,,,,,0,0,0,0,0,8,0,0,0,0,,,,0.0,0.0,,"Vall de Boí, La",,
Boí Taüll,2019,8,Cataluña,N,2020,2751,731,1,0,31,0.0,,,,,,,0,0,0,0,0,9,1,0,0,0,,,,0.0,0.0,,"Vall de Boí, La",,
Boí Taüll,2019,9,Cataluña,N,2020,2751,731,1,0,30,0.0,,,,,,,0,0,0,0,0,9,1,0,0,0,,,,0.0,0.0,,"Vall de Boí, La",,
Boí Taüll,2019,10,Cataluña,N,2020,2751,731,1,0,31,0.0,,,,,,,0,0,0,0,0,8,1,0,0,31,,,,0.0,0.0,,"Vall de Boí, La",,
Boí Taüll,2019,11,Cataluña,N,2020,2751,731,1,1,30,0.03333333333333333,28.0,0.7272727272727273,0.3953488372093023,0.6222222222222222,90.0,30.0,1,1,0,0,0,9,1,0,0,30,,,,0.0,0.0,,"Vall de Boí, La",,
Boí Taüll,2019,12,Cataluña,N,2020,2751,731,1,31,31,1.0,23.161290322580644,0.7390029325513197,0.5176294073518379,0.5146953405017921,122.58064516129032,45.806451612903224,26,13,0,0,0,9,4,2,0,31,,,,0.0,0.0,,"Vall de Boí, La",,
Boí Taüll,2020,1,Cataluña,N,2020,2751,731,1,30,31,0.967741935483871,26.866666666666667,0.7121212121212122,0.6263565891472868,0.597037037037037,171.29032258064515,80.64516129032258,31,17,0,0,0,8,2,2,0,31,,,,0.0,0.0,,"Vall de Boí, La",,
Boí Taüll,2020,2,Cataluña,N,2020,2751,731,1,26,26,1.0,29.23076923076923,0.7587412587412588,0.6627906976744187,0.6495726495726496,197.69230769230768,102.6923076923077,12,11,0,0,14,6,1,0,0,26,,,,0.0,0.0,,"Vall de Boí, La",,
Boí Taüll,2020,3,Cataluña,N,2020,2751,731,1,12,31,0.3870967741935484,20.25,0.6287878787878788,0.4670542635658914,0.44999999999999996,193.46153846153845,93.46153846153847,8,3,0,0,5,9,0,0,0,31,,,,0.0,0.0,,"Vall de Boí, La",,
Boí Taüll,2020,4,Cataluña,N,2020,2751,731,1,0,30,0.0,,,,,,,0,0,0,0,0,8,3,0,2,30,,,,0.0,0.0,,"Vall de Boí, La",,
Boí Taüll,2020,5,Cataluña,N,2020,2751,731,1,0,31,0.0,,,,,,,0,0,0,0,0,10,2,0,0,31,,,,0.0,0.0,,"Vall de Boí, La",,
Boí Taüll,2020,6,Cataluña,N,2020,2751,731,1,0,30,0.0,,,,,,,0,0,0,0,0,8,0,0,0,0,,,,0.0,0.0,,"Vall de Boí, La",,
Boí Taüll,2020,7,Cataluña,N,2020,2751,731,1,0,31,0.0,,,,,,,0,0,0,0,0,8,0,0,0,0,,,,0.0,0.0,,"Vall de Boí, La",,
Boí Taüll,2020,8,Cataluña,N,2020,2751,731,1,0,31,0.0,,,,,,,0,0,0,0,0,10,1,0,0,0,,,,0.0,0.0,,"Vall de Boí, La",,
Boí Taüll,2020,9,Cataluña,N,2020,2751,731,1,0,30,0.0,,,,,,,0,0,0,0,0,8,1,0,0,0,,,,0.0,0.0,,"Vall de Boí, La",,
Boí Taüll,2020,10,Cataluña,N,2020,2751,731,1,0,31,0.0,,,,,,,0,0,0,0,0,9,1,0,0,31,,,,0.0,0.0,,"Vall de Boí, La",,
Boí Taüll,2020,11,Cataluña,N,2020,2751,731,1,0,30,0.0,,,,,,,0,0,0,0,0,9,1,0,0,30,,,,0.0,0.0,,"Vall de Boí, La",,
Boí Taüll,2020,12,Cataluña,N,2020,2751,731,1,17,31,0.5483870967741935,12.529411764705882,0.5187165775401069,0.2599179206566347,0.27843137254901956,40.0,30.0,18,3,0,0,0,8,4,2,0,31,,,,0.0,0.0,,"Vall de Boí, La",,
Boí Taüll,2021,1,Cataluña,N,2020,2751,731,1,28,30,0.9333333333333333,14.444444444444445,0.38636363636363635,0.3264119601328903,0.32098765432098764,81.5,71.5,26,7,0,0,0,9,2,2,0,30,,,,0.0,0.0,,"Vall de Boí, La",,
Boí Taüll,2021,2,Cataluña,N,2020,2751,731,1,27,28,0.9642857142857143,15.222222222222221,0.33333333333333326,0.3626184323858742,0.3382716049382716,112.14285714285714,91.07142857142857,16,14,0,0,5,8,1,0,0,28,,,,0.0,0.0,,"Vall de Boí, La",,
Boí Taüll,2021,3,Cataluña,N,2020,2751,731,1,30,31,0.967741935483871,17.862068965517242,0.39811912225705326,0.4081796311146752,0.3969348659003831,130.0,88.54838709677419,8,12,0,0,15,8,0,0,0,31,,,,0.0,0.0,,"Vall de Boí, La",,
Boí Taüll,2021,4,Cataluña,N,2020,2751,731,1,5,30,0.16666666666666666,21.4,0.6363636363636364,0.43720930232558136,0.47555555555555556,100.0,55.0,0,0,0,0,5,8,3,0,2,30,,,,0.0,0.0,,"Vall de Boí, La",,
Boí Taüll,2021,5,Cataluña,N,2020,2751,731,1,0,31,0.0,,,,,,,0,0,0,0,0,10,2,0,0,31,,,,0.0,0.0,,"Vall de Boí, La",,
Boí Taüll,2021,6,Cataluña,N,2020,2751,731,1,0,30,0.0,,,,,,,0,0,0,0,0,8,0,0,0,0,,,,0.0,0.0,,"Vall de Boí, La",,
Boí Taüll,2021,7,Cataluña,N,2020,2751,731,1,0,31,0.0,,,,,,,0,0,0,0,0,9,0,0,0,0,,,,0.0,0.0,,"Vall de Boí, La",,
Boí Taüll,2021,8,Cataluña,N,2020,2751,731,1,0,31,0.0,,,,,,,0,0,0,0,0,9,1,0,0,0,,,,0.0,0.0,,"Vall de Boí, La",,
Boí Taüll,2021,9,Cataluña,N,2020,2751,731,1,0,30,0.0,,,,,,,0,0,0,0,0,8,1,0,0,0,,,,0.0,0.0,,"Vall de Boí, La",,
Boí Taüll,2021,10,Cataluña,N,2020,2751,731,1,0,31,0.0,,,,,,,0,0,0,0,0,10,1,0,0,31,,,,0.0,0.0,,"Vall de Boí, La",,
Boí Taüll,2021,11,Cataluña,N,2020,2751,731,1,3,30,0.1,9.333333333333334,0.4545454545454544,0.19841269841269835,0.2074074074074074,40.0,27.5,4,0,0,0,0,8,1,0,0,30,,,,0.0,0.0,,"Vall de Boí, La",,
Boí Taüll,2021,12,Cataluña,N,2020,2751,731,1,28,31,0.9032258064516129,18.785714285714285,0.6461038961038961,0.4209183673469387,0.4174603174603174,83.33333333333333,57.333333333333336,30,0,0,0,0,8,4,2,0,31,,,,0.0,0.0,,"Vall de Boí, La",,
Boí Taüll,2022,1,Cataluña,N,2020,2751,731,1,30,31,0.967741935483871,22.5,0.7303030303030303,0.49126984126984125,0.5,70.3225806451613,60.0,30,0,0,0,0,10,2,2,0,31,,,,0.0,0.0,,"Vall de Boí, La",,
Boí Taüll,2022,2,Cataluña,N,2020,2751,731,1,28,28,1.0,22.678571428571427,0.6818181818181818,0.4761904761904762,0.503968253968254,68.57142857142857,63.214285714285715,28,0,0,0,0,8,1,0,0,28,,,,0.0,0.0,,"Vall de Boí, La",,
Boí Taüll,2022,3,Cataluña,N,2020,2751,731,1,31,31,1.0,27.387096774193548,0.7126099706744867,0.6059907834101382,0.6086021505376344,101.45161290322581,79.03225806451613,21,17,0,0,13,8,0,0,0,31,,,,0.0,0.0,,"Vall de Boí, La",,
Boí Taüll,2022,4,Cataluña,N,2020,2751,731,1,16,30,0.5333333333333333,27.9375,0.7329545454545455,0.6264880952380952,0.6208333333333333,112.77777777777777,72.77777777777777,5,6,0,0,1,9,3,0,2,30,,,,0.0,0.0,,"Vall de Boí, La",,
Boí Taüll,2022,5,Cataluña,N,2020,2751,731,1,0,31,0.0,,,,,,,0,0,0,0,0,9,2,0,0,31,,,,0.0,0.0,,"Vall de Boí, La",,
Boí Taüll,2022,6,Cataluña,N,2020,2751,731,1,0,30,0.0,,,,,,,0,0,0,0,0,8,0,0,0,0,,,,0.0,0.0,,"Vall de Boí, La",,
Boí Taüll,2022,7,Cataluña,N,2020,2751,731,1,0,31,0.0,,,,,,,0,0,0,0,0,10,0,0,0,0,,,,0.0,0.0,,"Vall de Boí, La",,
Boí Taüll,2022,8,Cataluña,N,2020,2751,731,1,0,31,0.0,,,,,,,0,0,0,0,0,8,1,0,0,0,,,,0.0,0.0,,"Vall de Boí, La",,
Boí Taüll,2022,9,Cataluña,N,2020,2751,731,1,0,30,0.0,,,,,,,0,0,0,0,0,8,1,0,0,0,,,,0.0,0.0,,"Vall de Boí, La",,
Boí Taüll,2022,10,Cataluña,N,2020,2751,731,1,0,31,0.0,,,,,,,0,0,0,0,0,10,1,0,0,31,,,,0.0,0.0,,"Vall de Boí, La",,
Boí Taüll,2022,11,Cataluña,N,2020,2751,731,1,0,30,0.0,,,,,,,0,0,0,0,0,8,1,0,0,30,,,,0.0,0.0,,"Vall de Boí, La",,
Boí Taüll,2022,12,Cataluña,N,2020,2751,731,1,30,31,0.967741935483871,26.633333333333333,0.8033333333333333,0.5751937984496124,0.5789855072463769,82.83333333333333,42.0,29,13,0,0,0,9,4,2,0,31,,,,0.0,0.0,,"Vall de Boí, La",,
Boí Taüll,2023,1,Cataluña,N,2020,2751,731,1,29,31,0.9354838709677419,30.620689655172413,0.7999999999999999,0.6864474739374499,0.6656671664167916,116.61290322580645,51.45161290322581,31,11,0,0,0,9,2,2,0,31,,,,0.0,0.0,,"Vall de Boí, La",,
Boí Taüll,2023,2,Cataluña,N,2020,2751,731,1,28,28,1.0,34.714285714285715,0.8535714285714286,0.7375415282392027,0.7546583850931677,139.64285714285714,65.0,27,16,0,0,1,8,1,0,0,28,,,,0.0,0.0,,"Vall de Boí, La",,
Boí Taüll,2023,3,Cataluña,N,2020,2751,731,1,31,31,1.0,29.677419354838708,0.8193548387096775,0.6354088522130533,0.6451612903225806,154.83870967741936,63.87096774193548,10,20,0,0,21,8,0,0,0,31,,,,0.0,0.0,,"Vall de Boí, La",,
Boí Taüll,2023,4,Cataluña,N,2020,2751,731,1,9,30,0.3,21.333333333333332,0.7444444444444445,0.4108527131782946,0.463768115942029,103.0,43.0,0,10,0,0,10,10,3,0,2,30,,,,0.0,0.0,,"Vall de Boí, La",,
Boí Taüll,2023,5,Cataluña,N,2020,2751,731,1,0,31,0.0,,,,,,,0,0,0,0,0,8,2,0,0,31,,,,0.0,0.0,,"Vall de Boí, La",,
Boí Taüll,2023,6,Cataluña,N,2020,2751,731,1,0,30,0.0,,,,,,,0,0,0,0,0,8,0,0,0,0,,,,0.0,0.0,,"Vall de Boí, La",,
Boí Taüll,2023,7,Cataluña,N,2020,2751,731,1,0,31,0.0,,,,,,,0,0,0,0,0,10,0,0,0,0,,,,0.0,0.0,,"Vall de Boí, La",,
Boí Taüll,2023,8,Cataluña,N,2020,2751,731,1,0,31,0.0,,,,,,,0,0,0,0,0,8,1,0,0,0,,,,0.0,0.0,,"Vall de Boí, La",,
Boí Taüll,2023,9,Cataluña,N,2020,2751,731,1,0,30,0.0,,,,,,,0,0,0,0,0,9,1,0,0,0,,,,0.0,0.0,,"Vall de Boí, La",,
Boí Taüll,2023,10,Cataluña,N,2020,2751,731,1,0,31,0.0,,,,,,,0,0,0,0,0,9,1,0,0,31,,,,0.0,0.0,,"Vall de Boí, La",,
Boí Taüll,2023,11,Cataluña,N,2020,2751,731,1,0,30,0.0,,,,,,,0,0,0,0,0,8,1,0,0,30,,,,0.0,0.0,,"Vall de Boí, La",,
Boí Taüll,2023,12,Cataluña,N,2020,2751,731,1,27,31,0.8709677419354839,10.962962962962964,0.5629629629629629,0.19465977605512486,0.23832528180354265,29.25925925925926,22.40740740740741,13,23,0,0,5,10,4,2,0,31,,,,0.0,0.0,,"Vall de Boí, La",,
Boí Taüll,2024,1,Cataluña,N,2020,2751,731,1,30,31,0.967741935483871,17.166666666666668,0.7633333333333334,0.31085271317829455,0.37318840579710144,52.25806451612903,38.38709677419355,22,28,0,0,6,8,2,2,0,31,,,,0.0,0.0,,"Vall de Boí, La",46.7,42.8
Boí Taüll,2024,2,Cataluña,N,2020,2751,731,1,28,29,0.9655172413793104,20.142857142857142,0.7928571428571429,0.4161129568106312,0.43788819875776397,80.0,40.172413793103445,18,23,0,0,9,8,1,0,0,29,,,,0.0,0.0,,"Vall de Boí, La",61.78,49.2
Boí Taüll,2024,3,Cataluña,N,2020,2751,731,1,31,31,1.0,31.967741935483872,0.7838709677419355,0.7164291072768192,0.6949509116409538,208.38709677419354,98.38709677419355,25,12,0,0,7,10,2,0,2,31,,,,0.0,0.0,,"Vall de Boí, La",64.03,77.49
Boí Taüll,2024,4,Cataluña,N,2020,2751,731,1,9,30,0.3,31.88888888888889,0.6444444444444444,0.7286821705426356,0.6932367149758455,253.33333333333334,114.44444444444444,4,5,0,0,5,8,1,0,0,30,,,,0.0,0.0,,"Vall de Boí, La",,
Boí Taüll,2024,5,Cataluña,N,2020,2751,731,1,0,31,0.0,,,,,,,0,0,0,0,0,8,2,0,0,31,,,,0.0,0.0,,"Vall de Boí, La",,
Boí Taüll,2024,6,Cataluña,N,2020,2751,731,1,0,30,0.0,,,,,,,0,0,0,0,0,10,0,0,0,0,,,,0.0,0.0,,"Vall de Boí, La",25.35,34.35
Boí Taüll,2024,7,Cataluña,N,2020,2751,731,1,0,31,0.0,,,,,,,0,0,0,0,0,8,0,0,0,0,,,,0.0,0.0,,"Vall de Boí, La",46.43,65.33
Boí Taüll,2024,8,Cataluña,N,2020,2751,731,1,0,31,0.0,,,,,,,0,0,0,0,0,9,1,0,0,0,,,,0.0,0.0,,"Vall de Boí, La",66.1,54.95
Boí Taüll,2024,9,Cataluña,N,2020,2751,731,1,0,30,0.0,,,,,,,0,0,0,0,0,9,1,0,0,0,,,,0.0,0.0,,"Vall de Boí, La",40.21,44.41
Boí Taüll,2024,10,Cataluña,N,2020,2751,731,1,0,31,0.0,,,,,,,0,0,0,0,0,8,1,0,0,31,,,,0.0,0.0,,"Vall de Boí, La",,
Boí Taüll,2024,11,Cataluña,N,2020,2751,731,1,0,30,0.0,,,,,,,0,0,0,0,0,9,1,0,0,30,,,,0.0,0.0,,"Vall de Boí, La",,
Boí Taüll,2024,12,Cataluña,N,2020,2751,731,1,20,31,0.6451612903225806,10.85,0.545,0.19767441860465113,0.23586956521739127,55.22727272727273,20.454545454545453,15,21,0,0,0,9,4,2,0,31,,,,0.0,0.0,,"Vall de Boí, La",41.65,71.15
Boí Taüll,2025,1,Cataluña,N,2020,2751,731,1,31,31,1.0,17.70967741935484,0.6612903225806451,0.34433608402100524,0.38499298737727905,62.96774193548387,25.806451612903224,27,26,0,0,0,8,2,2,0,31,,,,0.0,0.0,,"Vall de Boí, La",54.08,61.72
Boí Taüll,2025,2,Cataluña,N,2020,2751,731,1,28,28,1.0,29.714285714285715,0.8571428571428571,0.659468438538206,0.6459627329192547,103.75,75.0,25,20,0,0,0,8,1,0,0,28,,,,0.0,0.0,,"Vall de Boí, La",67.03,82.53
Boí Taüll,2025,3,Cataluña,N,2020,2751,731,1,29,31,0.9354838709677419,35.689655172413794,0.7965517241379311,0.7923015236567762,0.7758620689655172,212.58064516129033,132.41935483870967,29,11,0,0,0,10,0,0,0,31,,,,0.0,0.0,,"Vall de Boí, La",52.4,65.38
Boí Taüll,2025,4,Cataluña,N,2020,2751,731,1,21,30,0.7,38.714285714285715,0.8142857142857144,0.8582502768549279,0.8416149068322982,280.0,152.38095238095238,7,15,0,0,14,8,3,0,2,30,,,,0.0,0.0,,"Vall de Boí, La",,
Boí Taüll,2025,5,Cataluña,N,2020,2751,731,1,0,31,0.0,,,,,,,0,0,0,0,0,9,2,0,0,31,,,,0.0,0.0,,"Vall de Boí, La",,
Boí Taüll,2025,6,Cataluña,N,2020,2751,731,1,0,30,0.0,,,,,,,0,0,0,0,0,9,0,0,0,0,,,,0.0,0.0,,"Vall de Boí, La",38.89,47.53
Boí Taüll,2025,7,Cataluña,N,2020,2751,731,1,0,31,0.0,,,,,,,0,0,0,0,0,8,0,0,0,0,,,,0.0,0.0,,"Vall de Boí, La",52.77,72.44
Boí Taüll,2025,8,Cataluña,N,2020,2751,731,1,0,31,0.0,,,,,,,0,0,0,0,0,10,1,0,0,0,,,,0.0,0.0,,"Vall de Boí, La",60.75,48.12
Boí Taüll,2025,9,Cataluña,N,2020,2751,731,1,0,8,0.0,,,,,,,0,0,0,0,0,2,0,0,0,0,,,,0.0,0.0,,"Vall de Boí, La",35.59,41.65
Candanchú,2018,1,Aragón,N,1530,2400,870,1,29,29,1.0,33.41379310344828,0.7020689655172414,0.7254901960784313,0.6616592693752135,146.89655172413794,55.689655172413794,16,13,0,0,0,7,1,1,0,29,4.413793103448276,-1.2689655172413792,1.5999999999999999,124.2,48.300000000000004,14.486206896551725,Jaca,59.25,66.0
Candanchú,2018,2,Aragón,N,1530,2400,870,1,26,26,1.0,37.98076923076923,0.7307692307692307,0.8031674208144797,0.7520944402132521,198.26923076923077,64.03846153846153,22,11,0,0,0,7,1,0,0,26,1.1653846153846155,-5.4423076923076925,-2.0538461538461537,141.0,82.67,17.36923076923077,Jaca,61.04,79.99
Candanchú,2018,3,Aragón,N,1530,2400,870,1,29,29,1.0,33.1551724137931,0.7172413793103448,0.7241379310344828,0.6565380675998634,287.58620689655174,94.48275862068965,24,8,0,0,0,8,1,0,1,29,2.693103448275862,-2.6241379310344826,0.08275862068965519,308.8,135.24,16.02758620689655,Jaca,56.59,68.01
Candanchú,2018,4,Aragón,N,1530,2400,870,1,8,29,0.27586206896551724,35.0,0.7,0.7475490196078431,0.693069306930693,400.0,113.75,3,4,0,0,3,8,1,0,0,29,9.217241379310344,1.6586206896551725,5.286206896551724,235.8,83.58,12.182758620689656,Jaca,46.41,62.44
Candanchú,2018,5,Aragón,N,1530,2400,870,1,0,31,0.0,,,,,,,0,0,0,0,0,8,2,0,0,31,12.319354838709677,4.064516129032258,8.303225806451612,124.7,3.71,13.770967741935483,Jaca,46.06,54.46
Candanchú,2018,6,Aragón,N,1530,2400,870,1,0,30,0.0,,,,,,,0,0,0,0,0,9,0,0,0,0,17.790000000000003,9.586666666666668,13.813333333333333,136.8,0.0,12.55,Jaca,49.79,60.92
Candanchú,2018,7,Aragón,N,1530,2400,870,1,0,31,0.0,,,,,,,0,0,0,0,0,9,0,0,0,0,20.94193548387097,12.441935483870967,17.032258064516128,101.0,0.0,12.325806451612904,Jaca,60.27,72.31
Candanchú,2018,8,Aragón,N,1530,2400,870,1,0,31,0.0,,,,,,,0,0,0,0,0,8,1,0,0,0,21.80322580645161,12.258064516129032,17.187096774193545,50.7,0.0,13.067741935483872,Jaca,73.54,76.17
Candanchú,2018,9,Aragón,N,1530,2400,870,1,0,30,0.0,,,,,,,0,0,0,0,0,10,1,0,0,0,19.56,10.203333333333335,14.913333333333332,56.5,0.0,11.423333333333334,Jaca,67.69,76.89
Candanchú,2018,10,Aragón,N,1530,2400,870,1,0,31,0.0,,,,,,,0,0,0,0,0,8,1,0,0,31,12.680645161290323,4.770967741935484,8.619354838709677,188.3,8.469999999999999,14.254838709677419,Jaca,,
Candanchú,2018,11,Aragón,N,1530,2400,870,1,0,30,0.0,,,,,,,0,0,0,0,0,8,1,0,0,30,6.426666666666667,-0.026666666666666602,3.57,140.7,50.26,12.966666666666667,Jaca,,
Candanchú,2018,12,Aragón,N,1530,2400,870,1,0,31,0.0,,,,,,,0,0,0,0,0,10,4,2,0,31,8.170967741935485,0.5903225806451613,4.364516129032259,56.8,18.060000000000002,12.183870967741935,Jaca,40.03,45.76
Candanchú,2019,1,Aragón,N,1530,2400,870,1,21,31,0.6774193548387096,9.523809523809524,0.373015873015873,0.2642390289449113,0.18859028760018856,53.95238095238095,27.142857142857142,19,9,0,0,0,8,2,2,0,31,4.258064516129032,-2.545161290322581,0.41935483870967744,214.1,139.23,18.62258064516129,Jaca,46.07,58.21
Candanchú,2019,2,Aragón,N,1530,2400,870,1,28,28,1.0,37.964285714285715,0.7038690476190476,0.7941176470588235,0.7517680339462517,159.28571428571428,64.28571428571429,17,21,0,0,0,8,1,0,0,28,7.178571428571429,-0.7107142857142856,3.582142857142857,57.7,27.580000000000002,13.103571428571428,Jaca,64.27,80.04
Candanchú,2019,3,Aragón,N,1530,2400,870,1,29,29,1.0,38.51724137931034,0.6882183908045977,0.7707910750507099,0.7627176510754524,163.79310344827587,40.3448275862069,10,21,0,0,5,9,0,0,0,29,7.686206896551725,-1.1482758620689655,3.3275862068965516,34.5,7.91,15.344827586206897,Jaca,60.26,76.92
Candanchú,2019,4,Aragón,N,1530,2400,870,1,20,29,0.6896551724137931,30.075,0.45625,0.6019607843137255,0.5955445544554456,157.25,32.75,7,0,0,0,14,8,3,0,2,29,8.158620689655173,0.3931034482758621,4.310344827586207,183.9,53.97,13.796551724137931,Jaca,52.42,51.69
Candanchú,2019,5,Aragón,N,1530,2400,870,1,0,31,0.0,,,,,,,0,0,0,0,0,8,2,0,0,31,12.251612903225807,3.4838709677419355,7.951612903225806,110.89999999999999,12.04,15.67741935483871,Jaca,48.19,66.13
Candanchú,2019,6,Aragón,N,1530,2400,870,1,0,30,0.0,,,,,,,0,0,0,0,0,10,0,0,0,0,19.046666666666667,10.576666666666666,15.073333333333332,87.2,1.26,13.963333333333333,Jaca,58.02,73.6
Candanchú,2019,7,Aragón,N,1530,2400,870,1,0,31,0.0,,,,,,,0,0,0,0,0,8,0,0,0,0,22.838709677419356,13.454838709677418,18.43548387096774,39.5,0.0,12.893548387096773,Jaca,56.75,72.17
Candanchú,2019,8,Aragón,N,1530,2400,870,1,0,31,0.0,,,,,,,0,0,0,0,0,9,1,0,0,0,21.796774193548387,12.94516129032258,17.52258064516129,100.4,0.0,12.245161290322581,Jaca,70.9,68.18
Candanchú,2019,9,Aragón,N,1530,2400,870,1,0,30,0.0,,,,,,,0,0,0,0,0,9,1,0,0,0,18.11,9.386666666666667,13.776666666666667,43.1,0.0,14.286666666666667,Jaca,54.96,64.32
Candanchú,2019,10,Aragón,N,1530,2400,870,1,0,31,0.0,,,,,,,0,0,0,0,0,8,1,0,0,31,13.832258064516129,6.441935483870967,10.225806451612904,162.9,0.21,13.819354838709677,Jaca,48.83,68.23
Candanchú,2019,11,Aragón,N,1530,2400,870,1,8,30,0.26666666666666666,18.4125,0.38541666666666663,0.45588235294117646,0.3646039603960396,136.25,47.5,5,3,0,0,0,9,1,0,0,30,3.8833333333333333,-0.9566666666666667,1.54,334.8,105.63,13.85,Jaca,43.73,61.56
Candanchú,2019,12,Aragón,N,1530,2400,870,1,29,31,0.9354838709677419,23.017241379310345,0.5732758620689655,0.5314401622718052,0.45578695800614544,133.2258064516129,26.29032258064516,13,20,0,0,0,9,4,2,0,31,7.0,0.7387096774193548,3.7096774193548385,243.4,58.870000000000005,14.193548387096774,Jaca,51.94,77.36
Candanchú,2020,1,Aragón,N,1530,2400,870,1,31,31,1.0,27.887096774193548,0.5604838709677419,0.5768500948766604,0.5522197381028425,139.67741935483872,17.903225806451612,17,23,0,0,0,8,2,2,0,31,6.638709677419355,-0.7032258064516129,3.141935483870968,105.4,57.33,12.077419354838709,Jaca,54.46,67.53
Candanchú,2020,2,Aragón,N,1530,2400,870,1,27,27,1.0,24.90740740740741,0.566358024691358,0.5185185185185185,0.49321598826549323,131.11111111111111,12.222222222222221,2,25,0,0,0,7,1,0,0,27,9.192592592592591,1.7962962962962963,5.4185185185185185,21.3,3.15,13.848148148148148,Jaca,67.06,76.08
Candanchú,2020,3,Aragón,N,1530,2400,870,1,13,31,0.41935483870967744,21.0,0.4807692307692308,0.4675716440422323,0.4158415841584158,146.15384615384616,13.076923076923077,7,3,0,0,0,9,0,0,0,31,7.67741935483871,0.2806451612903226,4.048387096774194,219.1,64.12,14.790322580645162,Jaca,48.47,46.36
Candanchú,2020,4,Aragón,N,1530,2400,870,1,0,30,0.0,,,,,,,0,0,0,0,0,8,3,0,2,30,10.596666666666666,3.94,7.1866666666666665,144.9,1.54,13.04,Jaca,0.0,0.0
Candanchú,2020,5,Aragón,N,1530,2400,870,1,0,31,0.0,,,,,,,0,0,0,0,0,10,2,0,0,31,16.322580645161292,7.867741935483871,12.251612903225807,171.0,0.0,12.63225806451613,Jaca,,
Candanchú,2020,6,Aragón,N,1530,2400,870,1,0,30,0.0,,,,,,,0,0,0,0,0,8,0,0,0,0,16.163333333333334,8.386666666666667,12.373333333333333,98.1,0.0,12.486666666666668,Jaca,,
Candanchú,2020,7,Aragón,N,1530,2400,870,1,0,31,0.0,,,,,,,0,0,0,0,0,8,0,0,0,0,23.154838709677417,13.396774193548387,18.490322580645163,34.2,0.0,13.132258064516128,Jaca,35.97,48.75
Candanchú,2020,8,Aragón,N,1530,2400,870,1,0,31,0.0,,,,,,,0,0,0,0,0,10,1,0,0,0,22.725806451612904,13.167741935483871,17.870967741935484,60.7,0.0,14.374193548387096,Jaca,48.8,59.02
Candanchú,2020,9,Aragón,N,1530,2400,870,1,0,30,0.0,,,,,,,0,0,0,0,0,8,1,0,0,0,18.223333333333336,9.206666666666667,13.516666666666667,141.9,6.09,14.366666666666667,Jaca,23.2,33.82
Candanchú,2020,10,Aragón,N,1530,2400,870,1,0,31,0.0,,,,,,,0,0,0,0,0,9,1,0,0,31,9.751612903225807,3.5161290322580645,6.877419354838709,213.0,29.12,14.225806451612904,Jaca,20.92,26.07
Candanchú,2020,11,Aragón,N,1530,2400,870,1,0,30,0.0,,,,,,,0,0,0,0,0,9,1,0,0,30,10.303333333333335,3.61,7.196666666666667,56.0,0.14,12.576666666666666,Jaca,,
Candanchú,2020,12,Aragón,N,1530,2400,870,1,0,31,0.0,,,,,,,0,0,0,0,0,8,4,2,0,31,2.896774193548387,-2.1451612903225805,0.4838709677419355,239.4,128.24,13.941935483870967,Jaca,,
Candanchú,2021,1,Aragón,N,1530,2400,870,1,0,31,0.0,,,,,,,0,0,0,0,0,10,2,2,0,31,1.8258064516129033,-4.029032258064516,-1.2774193548387098,159.2,84.35,15.338709677419354,Jaca,,
Candanchú,2021,2,Aragón,N,1530,2400,870,1,0,28,0.0,,,,,,,0,0,0,0,0,8,1,0,0,28,6.428571428571429,0.8535714285714285,3.4285714285714284,123.0,38.5,14.157142857142857,Jaca,,
Candanchú,2021,3,Aragón,N,1530,2400,870,1,0,31,0.0,,,,,,,0,0,0,0,0,8,0,0,0,31,6.687096774193549,-0.7903225806451613,3.0354838709677416,17.6,7.140000000000001,14.458064516129031,Jaca,,
Candanchú,2021,4,Aragón,N,1530,2400,870,1,0,30,0.0,,,,,,,0,0,0,0,0,8,3,0,2,30,9.389999999999999,1.3966666666666667,5.2733333333333325,108.9,6.510000000000001,14.37,Jaca,25.21,36.92
Candanchú,2021,5,Aragón,N,1530,2400,870,1,0,31,0.0,,,,,,,0,0,0,0,0,10,2,0,0,31,12.374193548387098,4.325806451612903,8.525806451612903,120.8,3.22,13.932258064516128,Jaca,,
Candanchú,2021,6,Aragón,N,1530,2400,870,1,0,30,0.0,,,,,,,0,0,0,0,0,8,0,0,0,0,17.933333333333334,9.586666666666668,14.023333333333333,137.1,0.0,12.716666666666667,Jaca,38.51,60.54
Candanchú,2021,7,Aragón,N,1530,2400,870,1,0,31,0.0,,,,,,,0,0,0,0,0,9,0,0,0,0,21.067741935483873,11.3,16.412903225806453,59.1,0.0,13.899999999999999,Jaca,61.79,70.78
Candanchú,2021,8,Aragón,N,1530,2400,870,1,0,31,0.0,,,,,,,0,0,0,0,0,9,1,0,0,0,22.73225806451613,12.17741935483871,17.274193548387096,47.2,0.0,13.574193548387097,Jaca,79.17,80.39
Candanchú,2021,9,Aragón,N,1530,2400,870,1,0,30,0.0,,,,,,,0,0,0,0,0,8,1,0,0,0,17.346666666666668,9.78,13.44,133.4,0.0,12.07,Jaca,56.68,66.84
Candanchú,2021,10,Aragón,N,1530,2400,870,1,0,31,0.0,,,,,,,0,0,0,0,0,10,1,0,0,31,13.641935483870967,5.090322580645162,9.419354838709678,76.3,0.0,11.667741935483871,Jaca,51.8,59.07
Candanchú,2021,11,Aragón,N,1530,2400,870,1,0,30,0.0,,,,,,,0,0,0,0,0,8,1,0,0,30,5.873333333333333,-0.6133333333333334,2.5866666666666664,115.2,62.790000000000006,16.513333333333332,Jaca,,
Candanchú,2021,12,Aragón,N,1530,2400,870,1,29,31,0.9354838709677419,34.0,0.6386806596701649,0.7058823529411764,0.6732673267326732,192.0,91.0,21,15,0,0,1,8,4,2,0,31,6.9,0.4645161290322581,4.067741935483871,261.3,126.7,13.290322580645162,Jaca,43.82,38.61
Candanchú,2022,1,Aragón,N,1530,2400,870,1,31,31,1.0,33.88709677419355,0.7124824684431978,0.7330803289057559,0.6710316192909613,158.70967741935485,91.93548387096774,21,28,0,0,4,10,2,2,0,31,5.95483870967742,-2.032258064516129,2.729032258064516,103.9,34.72,12.170967741935485,Jaca,52.26,71.33
Candanchú,2022,2,Aragón,N,1530,2400,870,1,28,28,1.0,37.714285714285715,0.7158385093167702,0.757703081232493,0.7468175388967468,167.5,95.35714285714286,6,20,0,0,1,8,1,0,0,28,7.121428571428572,-0.010714285714285716,3.542857142857143,25.2,8.61,13.646428571428572,Jaca,64.38,77.99
Candanchú,2022,3,Aragón,N,1530,2400,870,1,31,31,1.0,35.04838709677419,0.635343618513324,0.7008222643896268,0.6940274672628554,235.0,98.06451612903226,11,3,0,0,10,8,0,0,0,31,5.848387096774194,-0.03870967741935488,2.8096774193548386,102.3,45.01,14.90967741935484,Jaca,45.02,54.38
Candanchú,2022,4,Aragón,N,1530,2400,870,1,12,30,0.4,28.416666666666668,0.5217391304347826,0.5441176470588235,0.5627062706270627,228.75,36.25,3,2,0,0,6,9,3,0,2,30,9.24,0.5133333333333334,4.876666666666667,140.5,47.81,16.273333333333333,Jaca,50.11,46.72
Candanchú,2022,5,Aragón,N,1530,2400,870,1,0,31,0.0,,,,,,,0,0,0,0,0,9,2,0,0,31,17.64516129032258,7.945161290322581,12.874193548387098,50.5,0.49,14.812903225806451,Jaca,41.31,47.1
Candanchú,2022,6,Aragón,N,1530,2400,870,1,0,30,0.0,,,,,,,0,0,0,0,0,8,0,0,0,0,21.740000000000002,12.26,16.986666666666668,132.4,0.0,15.323333333333332,Jaca,50.69,60.58
Candanchú,2022,7,Aragón,N,1530,2400,870,1,0,31,0.0,,,,,,,0,0,0,0,0,10,0,0,0,0,25.980645161290322,14.90967741935484,20.70967741935484,15.899999999999999,0.0,13.567741935483872,Jaca,60.29,65.28
Candanchú,2022,8,Aragón,N,1530,2400,870,1,0,31,0.0,,,,,,,0,0,0,0,0,8,1,0,0,0,24.87741935483871,14.470967741935485,19.55483870967742,38.2,0.0,13.83548387096774,Jaca,71.17,78.12
Candanchú,2022,9,Aragón,N,1530,2400,870,1,0,30,0.0,,,,,,,0,0,0,0,0,8,1,0,0,0,18.28666666666667,9.626666666666667,13.766666666666667,68.5,0.07,14.443333333333333,Jaca,56.62,69.38
Candanchú,2022,10,Aragón,N,1530,2400,870,1,0,31,0.0,,,,,,,0,0,0,0,0,10,1,0,0,31,16.425806451612903,8.83548387096774,12.474193548387097,165.7,0.0,13.670967741935485,Jaca,,
Candanchú,2022,11,Aragón,N,1530,2400,870,1,0,30,0.0,,,,,,,0,0,0,0,0,8,1,0,0,30,8.476666666666667,2.6166666666666667,5.6466666666666665,177.5,31.5,14.686666666666666,Jaca,,
Candanchú,2022,12,Aragón,N,1530,2400,870,1,27,31,0.8709677419354839,14.018518518518519,0.3804713804713804,0.24886289798570493,0.2775944261092776,44.81481481481482,15.0,11,13,0,0,0,9,4,2,0,31,6.32258064516129,0.6903225806451613,3.616129032258064,138.6,15.33,10.848387096774195,Jaca,39.96,34.12
Candanchú,2023,1,Aragón,N,1530,2400,870,1,30,31,0.967741935483871,25.166666666666668,0.4257575757575758,0.47076023391812866,0.49834983498349833,135.0,54.166666666666664,24,6,0,0,0,9,2,2,0,31,3.1806451612903226,-4.064516129032258,-0.38064516129032255,169.4,92.82000000000001,16.258064516129032,Jaca,52.71,54.33
Candanchú,2023,2,Aragón,N,1530,2400,870,1,28,28,1.0,44.125,0.7207792207792209,0.8840852130325815,0.8737623762376238,233.92857142857142,83.39285714285714,27,2,0,0,0,8,1,0,0,28,6.096428571428571,-2.475,2.0321428571428575,59.60000000000001,38.36,12.132142857142856,Jaca,69.7,81.46
Candanchú,2023,3,Aragón,N,1530,2400,870,1,31,31,1.0,28.70967741935484,0.5645161290322581,0.5800792303338993,0.5685084637496008,186.93548387096774,45.16129032258065,6,0,0,0,14,8,0,0,0,31,9.725806451612904,1.4806451612903226,5.732258064516128,68.6,7.35,14.23225806451613,Jaca,52.84,60.25
Candanchú,2023,4,Aragón,N,1530,2400,870,1,9,30,0.3,11.944444444444445,0.28787878787878785,0.23586744639376211,0.23652365236523648,146.66666666666666,18.88888888888889,2,0,0,0,7,10,3,0,2,30,12.139999999999999,2.99,7.713333333333334,85.1,16.31,16.24,Jaca,46.02,58.86
Candanchú,2023,5,Aragón,N,1530,2400,870,1,0,31,0.0,,,,,,,0,0,0,0,0,8,2,0,0,31,14.225806451612904,5.148387096774194,9.577419354838709,87.3,0.77,15.680645161290323,Jaca,38.18,47.26
Candanchú,2023,6,Aragón,N,1530,2400,870,1,0,30,0.0,,,,,,,0,0,0,0,0,8,0,0,0,0,18.903333333333332,10.613333333333333,14.966666666666667,169.1,0.0,11.92,Jaca,51.93,53.89
Candanchú,2023,7,Aragón,N,1530,2400,870,1,0,31,0.0,,,,,,,0,0,0,0,0,10,0,0,0,0,22.203225806451613,12.770967741935483,17.664516129032258,44.8,0.0,13.916129032258064,Jaca,55.24,58.48
Candanchú,2023,8,Aragón,N,1530,2400,870,1,0,31,0.0,,,,,,,0,0,0,0,0,8,1,0,0,0,23.4741935483871,13.429032258064517,18.59032258064516,32.2,0.0,16.16774193548387,Jaca,67.58,74.49
Candanchú,2023,9,Aragón,N,1530,2400,870,1,0,30,0.0,,,,,,,0,0,0,0,0,9,1,0,0,0,19.540000000000003,11.163333333333332,15.323333333333332,83.8,0.0,13.786666666666667,Jaca,51.93,57.74
Candanchú,2023,10,Aragón,N,1530,2400,870,1,0,31,0.0,,,,,,,0,0,0,0,0,9,1,0,0,31,15.183870967741935,8.351612903225806,12.093548387096773,320.5,0.0,13.287096774193548,Jaca,48.88,62.59
Candanchú,2023,11,Aragón,N,1530,2400,870,1,0,30,0.0,,,,,,,0,0,0,0,0,8,1,0,0,30,8.533333333333333,2.2333333333333334,5.413333333333333,253.4,24.85,14.99,Jaca,,
Candanchú,2023,12,Aragón,N,1530,2400,870,1,15,31,0.4838709677419355,5.733333333333333,0.21515151515151512,0.10175438596491224,0.11353135313531351,30.0,17.666666666666668,6,12,0,0,0,10,4,2,0,31,7.232258064516129,0.23870967741935487,3.8258064516129036,111.8,34.23,13.345161290322581,Jaca,32.67,34.16
Candanchú,2024,1,Aragón,N,1530,2400,870,1,30,31,0.967741935483871,13.683333333333334,0.4287878787878788,0.29298245614035084,0.27095709570957094,63.333333333333336,26.0,16,11,0,0,9,8,2,2,0,31,7.16774193548387,-0.25483870967741934,3.670967741935484,91.8,13.86,11.393548387096773,Jaca,52.42,44.06
Candanchú,2024,2,Aragón,N,1530,2400,870,1,29,29,1.0,15.03448275862069,0.34796238244514105,0.29038112522686016,0.29771252987367697,69.48275862068965,28.448275862068964,16,6,0,0,13,8,1,0,0,29,7.558620689655172,-0.34137931034482755,3.6724137931034484,209.0,102.97,15.762068965517242,Jaca,57.5,59.45
Candanchú,2024,3,Aragón,N,1530,2400,870,1,31,31,1.0,40.645161290322584,0.6495601173020528,0.7860780984719864,0.8048546790162887,263.7096774193548,103.06451612903226,19,0,0,0,11,10,2,0,2,31,6.506451612903225,-1.364516129032258,2.9838709677419355,307.5,165.62,14.648387096774194,Jaca,57.23,57.15
Candanchú,2024,4,Aragón,N,1530,2400,870,1,7,30,0.23333333333333334,32.642857142857146,0.512987012987013,0.619047619047619,0.6463932107496463,230.0,28.571428571428573,3,0,0,0,2,8,1,0,0,30,10.229999999999999,1.4733333333333332,5.9399999999999995,99.8,23.87,15.69,Jaca,38.04,41.05
Candanchú,2024,5,Aragón,N,1530,2400,870,1,0,31,0.0,,,,,,,0,0,0,0,0,8,2,0,0,31,12.845161290322581,4.080645161290323,8.561290322580644,108.3,4.550000000000001,13.548387096774194,Jaca,43.36,53.12
Candanchú,2024,6,Aragón,N,1530,2400,870,1,0,30,0.0,,,,,,,0,0,0,0,0,10,0,0,0,0,18.456666666666667,9.22,13.996666666666666,68.7,0.0,14.273333333333333,Jaca,54.17,61.17
Candanchú,2024,7,Aragón,N,1530,2400,870,1,0,31,0.0,,,,,,,0,0,0,0,0,8,0,0,0,0,23.76451612903226,13.287096774193548,18.580645161290324,52.3,0.0,15.009677419354839,Jaca,59.7,70.67
Candanchú,2024,8,Aragón,N,1530,2400,870,1,0,31,0.0,,,,,,,0,0,0,0,0,9,1,0,0,0,24.60322580645161,13.958064516129031,19.258064516129032,86.9,0.0,14.196774193548388,Jaca,74.9,74.9
Candanchú,2024,9,Aragón,N,1530,2400,870,1,0,30,0.0,,,,,,,0,0,0,0,0,9,1,0,0,0,14.936666666666667,7.0233333333333325,10.846666666666666,151.6,0.07,14.636666666666667,Jaca,57.86,64.58
Candanchú,2024,10,Aragón,N,1530,2400,870,1,0,31,0.0,,,,,,,0,0,0,0,0,8,1,0,0,31,12.90967741935484,6.412903225806452,9.725806451612904,277.90000000000003,1.61,14.193548387096774,Jaca,42.07,55.19
Candanchú,2024,11,Aragón,N,1530,2400,870,1,0,30,0.0,,,,,,,0,0,0,0,0,9,1,0,0,30,10.296666666666665,3.246666666666667,6.463333333333334,59.2,2.8000000000000003,12.633333333333333,Jaca,33.98,55.2
Candanchú,2024,12,Aragón,N,1530,2400,870,1,18,31,0.5806451612903226,23.02777777777778,0.6994949494949495,0.5087719298245613,0.45599559955995594,86.94444444444444,46.111111111111114,11,8,0,0,7,9,4,2,0,31,4.967741935483871,-1.167741935483871,1.964516129032258,118.0,65.8,14.338709677419354,Jaca,32.81,47.12
Candanchú,2025,1,Aragón,N,1530,2400,870,1,31,31,1.0,18.580645161290324,0.6187683284457478,0.3978494623655914,0.3679335675503034,75.48387096774194,34.354838709677416,17,13,0,0,4,8,2,2,0,31,4.693548387096774,-1.6387096774193548,1.4709677419354839,156.7,42.63,14.12258064516129,Jaca,46.14,55.05
Candanchú,2025,2,Aragón,N,1530,2400,870,1,28,28,1.0,36.07142857142857,0.6996753246753247,0.7236842105263158,0.7142857142857143,147.5,40.714285714285715,12,8,0,0,12,8,1,0,0,28,6.925,-1.6892857142857143,2.6107142857142853,64.0,27.580000000000002,11.453571428571427,Jaca,64.79,75.39
Candanchú,2025,3,Aragón,N,1530,2400,870,1,31,31,1.0,21.85483870967742,0.48680351906158353,0.4301075268817203,0.43276908335994885,157.41935483870967,30.0,22,2,0,0,7,10,0,0,0,31,6.338709677419355,-0.5645161290322581,2.512903225806452,152.8,43.05,18.38064516129032,Jaca,41.99,44.1
Candanchú,2025,4,Aragón,N,1530,2400,870,1,13,30,0.43333333333333335,16.692307692307693,0.2622377622377622,0.32523616734143046,0.3305407463823305,163.84615384615384,34.23076923076923,0,0,0,0,9,8,3,0,2,30,11.636666666666665,3.0833333333333335,7.11,149.2,30.8,14.6,Jaca,40.78,50.2
Candanchú,2025,5,Aragón,N,1530,2400,870,1,0,31,0.0,,,,,,,0,0,0,0,0,9,2,0,0,31,14.651612903225805,5.138709677419355,9.90967741935484,105.19999999999999,3.5,14.73225806451613,Jaca,48.28,64.96
Candanchú,2025,6,Aragón,N,1530,2400,870,1,0,30,0.0,,,,,,,0,0,0,0,0,9,0,0,0,0,23.44,13.16,18.34,98.5,0.0,13.879999999999999,Jaca,53.98,64.96
Candanchú,2025,7,Aragón,N,1530,2400,870,1,0,31,0.0,,,,,,,0,0,0,0,0,8,0,0,0,0,22.583870967741937,12.174193548387096,17.241935483870968,76.60000000000001,0.0,13.9,Jaca,63.38,73.49
Candanchú,2025,8,Aragón,N,1530,2400,870,1,0,31,0.0,,,,,,,0,0,0,0,0,10,1,0,0,0,24.916129032258063,14.438709677419356,19.45483870967742,50.699999999999996,0.0,14.016129032258064,Jaca,70.63,71.07
Candanchú,2025,9,Aragón,N,1530,2400,870,1,0,8,0.0,,,,,,,0,0,0,0,0,2,0,0,0,0,19.45,9.4125,14.2875,16.5,0.0,14.0,Jaca,56.7,67.88
Cerler,2018,1,Aragón,NE,1550,2630,1080,0,29,29,1.0,55.758620689655174,0.883847549909256,0.7011494252873562,0.6883780332056194,112.06896551724138,51.89655172413793,29,14,0,0,0,7,1,1,0,29,-0.9724137931034482,-6.482758620689655,-3.6551724137931036,109.39999999999999,75.11,12.120689655172415,Benasque,61.99,60.14
Cerler,2018,2,Aragón,NE,1550,2630,1080,0,26,26,1.0,59.61538461538461,0.8744939271255061,0.7681159420289856,0.7359924026590693,178.84615384615384,94.8076923076923,26,9,0,0,0,7,1,0,0,26,-4.934615384615385,-11.696153846153846,-8.038461538461538,187.6,130.62,12.334615384615384,Benasque,75.78,88.49
Cerler,2018,3,Aragón,NE,1550,2630,1080,0,29,29,1.0,56.275862068965516,0.8021778584392014,0.7231384307846077,0.6947637292464879,254.48275862068965,118.79310344827586,29,3,0,0,5,8,1,0,1,29,-2.3310344827586205,-8.13103448275862,-5.217241379310345,258.90000000000003,176.68,13.724137931034482,Benasque,60.95,71.29
Cerler,2018,4,Aragón,NE,1550,2630,1080,0,8,29,0.27586206896551724,69.125,0.8289473684210527,0.8768115942028986,0.8533950617283951,262.5,88.75,8,0,0,0,8,8,1,0,0,29,3.486206896551724,-2.8241379310344827,0.44137931034482747,224.1,136.43,10.286206896551725,Benasque,44.73,35.93
Cerler,2018,5,Aragón,NE,1550,2630,1080,0,0,31,0.0,,,,,,,0,0,0,0,0,8,2,0,0,31,5.367741935483871,-1.2322580645161292,2.1870967741935483,118.3,33.6,10.138709677419355,Benasque,,
Cerler,2018,6,Aragón,NE,1550,2630,1080,0,0,30,0.0,,,,,,,0,0,0,0,0,9,0,0,0,0,12.5,5.026666666666667,8.67,137.3,0.49,9.396666666666667,Benasque,33.83,54.5
Cerler,2018,7,Aragón,NE,1550,2630,1080,0,0,31,0.0,,,,,,,0,0,0,0,0,9,0,0,0,0,15.729032258064516,8.012903225806452,11.874193548387098,107.4,0.0,9.625806451612902,Benasque,52.61,64.68
Cerler,2018,8,Aragón,NE,1550,2630,1080,0,0,31,0.0,,,,,,,0,0,0,0,0,8,1,0,0,0,16.04516129032258,7.716129032258064,11.667741935483871,101.69999999999999,0.0,9.04516129032258,Benasque,69.86,68.58
Cerler,2018,9,Aragón,NE,1550,2630,1080,0,0,30,0.0,,,,,,,0,0,0,0,0,10,1,0,0,0,14.53,5.739999999999999,9.876666666666667,65.6,0.0,7.9366666666666665,Benasque,40.41,49.63
Cerler,2018,10,Aragón,NE,1550,2630,1080,0,0,31,0.0,,,,,,,0,0,0,0,0,8,1,0,0,31,6.961290322580646,-0.6000000000000001,3.2193548387096773,197.4,73.22,12.219354838709679,Benasque,32.86,55.9
Cerler,2018,11,Aragón,NE,1550,2630,1080,0,1,30,0.03333333333333333,30.0,0.3684210526315789,0.3382352941176471,0.3896103896103896,100.0,30.0,1,0,0,0,0,8,1,0,0,30,0.6733333333333333,-4.573333333333333,-1.6966666666666665,99.0,63.21,11.273333333333333,Benasque,,
Cerler,2018,12,Aragón,NE,1550,2630,1080,0,31,31,1.0,36.38709677419355,0.6400679117147707,0.4947817836812144,0.4725596983661499,94.51612903225806,26.774193548387096,31,24,0,0,0,10,4,2,0,31,3.0548387096774197,-3.541935483870968,0.09032258064516126,32.199999999999996,21.21,10.67741935483871,Benasque,58.02,58.3
Cerler,2019,1,Aragón,NE,1550,2630,1080,0,31,31,1.0,37.25806451612903,0.7521222410865874,0.48339658444022765,0.4838709677419355,87.74193548387096,36.12903225806452,29,22,0,0,0,8,2,2,0,31,-2.638709677419355,-9.735483870967743,-5.964516129032258,173.9,121.8,15.0,Benasque,64.41,70.09
Cerler,2019,2,Aragón,NE,1550,2630,1080,0,27,28,0.9642857142857143,61.407407407407405,0.9239766081871345,0.8208061002178648,0.7974987974987975,127.4074074074074,59.25925925925926,27,22,0,0,0,8,1,0,0,28,1.65,-4.932142857142857,-1.4607142857142856,48.5,33.95,11.242857142857144,Benasque,74.89,81.4
Cerler,2019,3,Aragón,NE,1550,2630,1080,0,29,29,1.0,56.0,0.9147005444646098,0.7707910750507099,0.7272727272727273,114.82758620689656,45.172413793103445,16,22,0,0,13,9,0,0,0,29,1.7241379310344827,-5.482758620689655,-2.0310344827586206,45.0,31.01,12.044827586206896,Benasque,55.16,78.05
Cerler,2019,4,Aragón,NE,1550,2630,1080,0,20,29,0.6896551724137931,38.4,0.4368421052631578,0.5058823529411764,0.4987012987012987,109.5,35.75,12,14,0,0,8,8,3,0,2,29,1.6482758620689657,-4.506896551724138,-1.206896551724138,158.7,105.42,10.910344827586208,Benasque,25.34,38.51
Cerler,2019,5,Aragón,NE,1550,2630,1080,0,0,31,0.0,,,,,,,0,0,0,0,0,8,2,0,0,31,4.251612903225807,-2.370967741935484,1.0161290322580645,100.1,41.86,11.861290322580645,Benasque,,
Cerler,2019,6,Aragón,NE,1550,2630,1080,0,0,30,0.0,,,,,,,0,0,0,0,0,10,0,0,0,0,12.976666666666667,4.746666666666667,9.223333333333333,125.9,17.29,11.736666666666668,Benasque,38.56,64.03
Cerler,2019,7,Aragón,NE,1550,2630,1080,0,0,31,0.0,,,,,,,0,0,0,0,0,8,0,0,0,0,17.26451612903226,9.116129032258065,13.280645161290321,112.7,0.0,10.47741935483871,Benasque,51.69,67.08
Cerler,2019,8,Aragón,NE,1550,2630,1080,0,0,31,0.0,,,,,,,0,0,0,0,0,9,1,0,0,0,16.406451612903226,8.52258064516129,12.470967741935485,176.2,0.07,9.880645161290323,Benasque,71.68,66.86
Cerler,2019,9,Aragón,NE,1550,2630,1080,0,0,30,0.0,,,,,,,0,0,0,0,0,9,1,0,0,0,12.806666666666667,4.923333333333333,8.606666666666666,71.7,3.64,10.396666666666667,Benasque,39.66,49.57
Cerler,2019,10,Aragón,NE,1550,2630,1080,0,0,31,0.0,,,,,,,0,0,0,0,0,8,1,0,0,31,9.59032258064516,1.867741935483871,5.596774193548387,133.1,16.17,11.393548387096773,Benasque,31.85,45.17
Cerler,2019,11,Aragón,NE,1550,2630,1080,0,3,30,0.1,28.0,0.4561403508771929,0.32843137254901955,0.3636363636363636,75.0,28.333333333333332,3,2,0,0,0,9,1,0,0,30,-1.1900000000000002,-6.9399999999999995,-3.6300000000000003,162.7,96.18,11.956666666666667,Benasque,,
Cerler,2019,12,Aragón,NE,1550,2630,1080,0,31,31,1.0,41.516129032258064,0.7096774193548387,0.530360531309298,0.5391705069124424,100.80645161290323,30.0,31,27,0,0,0,9,4,2,0,31,1.6548387096774195,-3.916129032258065,-1.0,218.1,147.7,11.82258064516129,Benasque,53.88,64.35
Cerler,2020,1,Aragón,NE,1550,2630,1080,0,31,31,1.0,55.83870967741935,0.8234295415959253,0.7343453510436433,0.7251780477586929,125.96774193548387,27.903225806451612,31,24,0,0,0,8,2,2,0,31,0.6806451612903226,-5.425806451612903,-2.0903225806451613,76.3,51.94,10.358064516129032,Benasque,68.88,78.09
Cerler,2020,2,Aragón,NE,1550,2630,1080,0,27,27,1.0,64.18518518518519,0.9473684210526316,0.8605664488017429,0.8335738335738335,136.11111111111111,27.40740740740741,26,25,0,0,2,7,1,0,0,27,3.803703703703704,-3.125925925925926,0.3370370370370371,12.2,7.77,9.992592592592594,Benasque,75.84,85.79
Cerler,2020,3,Aragón,NE,1550,2630,1080,0,13,31,0.41935483870967744,49.30769230769231,0.8056680161943319,0.6708144796380091,0.6403596403596404,143.46153846153845,27.692307692307693,10,8,0,0,5,9,0,0,0,31,1.7870967741935484,-5.112903225806452,-1.4774193548387096,222.3,141.68,11.438709677419356,Benasque,49.33,45.85
Cerler,2020,4,Aragón,NE,1550,2630,1080,0,0,30,0.0,,,,,,,0,0,0,0,0,8,3,0,2,30,5.13,-0.9633333333333333,1.9566666666666668,101.6,20.44,10.476666666666667,Benasque,0.0,0.0
Cerler,2020,5,Aragón,NE,1550,2630,1080,0,0,31,0.0,,,,,,,0,0,0,0,0,10,2,0,0,31,11.212903225806452,2.8161290322580643,6.925806451612903,120.3,28.49,10.087096774193547,Benasque,,
Cerler,2020,6,Aragón,NE,1550,2630,1080,0,0,30,0.0,,,,,,,0,0,0,0,0,8,0,0,0,0,11.333333333333334,3.75,7.55,188.7,7.35,10.46,Benasque,,
Cerler,2020,7,Aragón,NE,1550,2630,1080,0,0,31,0.0,,,,,,,0,0,0,0,0,8,0,0,0,0,16.970967741935485,8.906451612903227,12.941935483870967,101.8,0.0,9.493548387096775,Benasque,40.78,46.02
Cerler,2020,8,Aragón,NE,1550,2630,1080,0,0,31,0.0,,,,,,,0,0,0,0,0,10,1,0,0,0,16.706451612903226,8.293548387096775,12.387096774193548,87.60000000000001,1.6800000000000002,10.703225806451613,Benasque,69.18,70.32
Cerler,2020,9,Aragón,NE,1550,2630,1080,0,0,30,0.0,,,,,,,0,0,0,0,0,8,1,0,0,0,11.533333333333333,4.213333333333334,7.63,123.3,28.77,10.563333333333333,Benasque,43.55,58.76
Cerler,2020,10,Aragón,NE,1550,2630,1080,0,0,31,0.0,,,,,,,0,0,0,0,0,9,1,0,0,31,5.012903225806451,-1.6483870967741936,1.8193548387096774,152.0,43.33,11.396774193548387,Benasque,22.54,32.57
Cerler,2020,11,Aragón,NE,1550,2630,1080,0,0,30,0.0,,,,,,,0,0,0,0,0,9,1,0,0,30,5.856666666666667,-0.7599999999999999,2.4466666666666668,81.1,18.55,9.879999999999999,Benasque,,
Cerler,2020,12,Aragón,NE,1550,2630,1080,0,0,31,0.0,,,,,,,0,0,0,0,0,8,4,2,0,31,-2.335483870967742,-8.845161290322581,-5.274193548387097,134.79999999999998,91.7,11.916129032258064,Benasque,11.06,4.21
Cerler,2021,1,Aragón,NE,1550,2630,1080,0,0,31,0.0,,,,,,,0,0,0,0,0,10,2,2,0,31,-4.006451612903226,-9.932258064516128,-6.66774193548387,99.8,65.52,11.780645161290321,Benasque,8.95,17.67
Cerler,2021,2,Aragón,NE,1550,2630,1080,0,0,28,0.0,,,,,,,0,0,0,0,0,8,1,0,0,28,0.8678571428571429,-4.6571428571428575,-1.7285714285714284,98.39999999999999,68.46,12.1,Benasque,23.77,15.55
Cerler,2021,3,Aragón,NE,1550,2630,1080,0,0,31,0.0,,,,,,,0,0,0,0,0,8,0,0,0,31,0.09032258064516129,-5.125806451612903,-2.4193548387096775,29.9,20.79,12.283870967741937,Benasque,11.36,12.86
Cerler,2021,4,Aragón,NE,1550,2630,1080,0,0,30,0.0,,,,,,,0,0,0,0,0,8,3,0,2,30,1.7766666666666666,-3.82,-0.94,69.2,39.269999999999996,10.05,Benasque,15.76,8.56
Cerler,2021,5,Aragón,NE,1550,2630,1080,0,0,31,0.0,,,,,,,0,0,0,0,0,10,2,0,0,31,5.551612903225807,-1.4064516129032258,2.232258064516129,82.6,15.75,9.754838709677419,Benasque,,
Cerler,2021,6,Aragón,NE,1550,2630,1080,0,0,30,0.0,,,,,,,0,0,0,0,0,8,0,0,0,0,12.343333333333334,4.6899999999999995,8.620000000000001,155.5,0.07,10.96,Benasque,40.79,65.32
Cerler,2021,7,Aragón,NE,1550,2630,1080,0,0,31,0.0,,,,,,,0,0,0,0,0,9,0,0,0,0,15.203225806451613,6.709677419354839,11.203225806451613,98.6,0.35,11.280645161290321,Benasque,57.92,50.07
Cerler,2021,8,Aragón,NE,1550,2630,1080,0,0,31,0.0,,,,,,,0,0,0,0,0,9,1,0,0,0,16.725806451612904,7.435483870967742,12.106451612903227,78.5,0.0,10.12258064516129,Benasque,77.82,80.51
Cerler,2021,9,Aragón,NE,1550,2630,1080,0,0,30,0.0,,,,,,,0,0,0,0,0,8,1,0,0,0,12.246666666666666,4.930000000000001,8.389999999999999,104.8,1.12,9.746666666666666,Benasque,44.67,59.84
Cerler,2021,10,Aragón,NE,1550,2630,1080,0,0,31,0.0,,,,,,,0,0,0,0,0,10,1,0,0,31,8.651612903225805,0.39677419354838706,4.458064516129032,91.19999999999999,9.17,10.038709677419355,Benasque,38.08,38.38
Cerler,2021,11,Aragón,NE,1550,2630,1080,0,0,30,0.0,,,,,,,0,0,0,0,0,8,1,0,0,30,-0.8133333333333334,-6.666666666666667,-3.546666666666667,122.2,80.78,12.19,Benasque,,
Cerler,2021,12,Aragón,NE,1550,2630,1080,0,29,31,0.9354838709677419,41.6551724137931,0.7172413793103448,0.48659003831417624,0.5206896551724138,87.06896551724138,40.51724137931034,28,21,0,0,1,8,4,2,0,31,1.5225806451612904,-4.377419354838709,-1.106451612903226,208.70000000000002,143.29,10.85483870967742,Benasque,45.24,47.78
Cerler,2022,1,Aragón,NE,1550,2630,1080,0,30,31,0.967741935483871,43.56666666666667,0.8,0.5143518518518518,0.5445833333333333,85.16666666666667,32.166666666666664,26,30,0,0,2,10,2,2,0,31,0.07096774193548387,-5.374193548387097,-2.4741935483870967,117.5,80.36,11.874193548387098,Benasque,64.43,66.62
Cerler,2022,2,Aragón,NE,1550,2630,1080,0,28,28,1.0,43.5,0.8464285714285714,0.533234126984127,0.54375,80.89285714285714,33.57142857142857,27,4,0,0,24,8,1,0,0,28,1.0107142857142857,-5.6571428571428575,-1.9535714285714287,42.300000000000004,29.400000000000002,11.732142857142858,Benasque,71.66,79.79
Cerler,2022,3,Aragón,NE,1550,2630,1080,0,31,31,1.0,48.74193548387097,0.8145161290322581,0.5945340501792116,0.6092741935483871,99.19354838709677,36.774193548387096,24,5,0,0,17,8,0,0,0,31,0.09999999999999999,-4.848387096774194,-2.2161290322580647,142.9,99.12,11.374193548387098,Benasque,55.52,64.94
Cerler,2022,4,Aragón,NE,1550,2630,1080,0,16,30,0.5333333333333333,35.3125,0.596875,0.4357638888888889,0.44140625,109.41176470588235,37.94117647058823,11,15,0,0,1,9,3,0,2,30,1.8233333333333335,-4.83,-1.2533333333333334,167.1,109.13,11.356666666666666,Benasque,40.95,38.0
Cerler,2022,5,Aragón,NE,1550,2630,1080,0,0,31,0.0,,,,,,,0,0,0,0,0,9,2,0,0,31,10.33548387096774,2.545161290322581,6.487096774193549,59.0,20.23,11.296774193548387,Benasque,,
Cerler,2022,6,Aragón,NE,1550,2630,1080,0,0,30,0.0,,,,,,,0,0,0,0,0,8,0,0,0,0,16.466666666666665,7.786666666666666,11.956666666666667,99.4,0.0,13.756666666666666,Benasque,40.21,61.4
Cerler,2022,7,Aragón,NE,1550,2630,1080,0,0,31,0.0,,,,,,,0,0,0,0,0,10,0,0,0,0,19.73225806451613,10.509677419354839,15.093548387096773,59.3,0.0,10.46774193548387,Benasque,51.61,55.96
Cerler,2022,8,Aragón,NE,1550,2630,1080,0,0,31,0.0,,,,,,,0,0,0,0,0,8,1,0,0,0,17.86774193548387,9.519354838709678,13.432258064516128,77.0,0.0,9.09032258064516,Benasque,76.46,72.71
Cerler,2022,9,Aragón,NE,1550,2630,1080,0,0,30,0.0,,,,,,,0,0,0,0,0,8,1,0,0,0,12.543333333333333,4.933333333333334,8.466666666666667,59.5,4.0600000000000005,11.043333333333333,Benasque,46.88,64.21
Cerler,2022,10,Aragón,NE,1550,2630,1080,0,0,31,0.0,,,,,,,0,0,0,0,0,10,1,0,0,31,11.070967741935483,3.9612903225806453,7.341935483870968,138.2,0.14,12.432258064516128,Benasque,35.18,37.72
Cerler,2022,11,Aragón,NE,1550,2630,1080,0,0,30,0.0,,,,,,,0,0,0,0,0,8,1,0,0,30,3.496666666666667,-2.856666666666667,0.4466666666666666,120.0,63.28,12.993333333333334,Benasque,,
Cerler,2022,12,Aragón,NE,1550,2630,1080,0,26,31,0.8387096774193549,20.076923076923077,0.5115384615384616,0.23824786324786326,0.25096153846153846,62.69230769230769,29.615384615384617,20,17,0,0,4,9,4,2,0,31,0.2774193548387096,-5.867741935483871,-2.541935483870968,91.0,61.11,9.638709677419355,Benasque,45.07,30.41
Cerler,2023,1,Aragón,NE,1550,2630,1080,0,30,31,0.967741935483871,29.966666666666665,0.5800000000000001,0.34444444444444444,0.3745833333333333,65.5,30.5,25,24,0,0,3,9,2,2,0,31,-3.096774193548387,-9.241935483870968,-5.925806451612903,91.3,63.839999999999996,12.458064516129031,Benasque,59.35,54.95
Cerler,2023,2,Aragón,NE,1550,2630,1080,0,28,28,1.0,51.82142857142857,0.8928571428571429,0.6760912698412699,0.6477678571428571,75.71428571428571,40.0,28,20,0,0,0,8,1,0,0,28,-0.9500000000000001,-6.946428571428571,-3.7857142857142856,67.9,47.6,10.87857142857143,Benasque,72.34,81.62
Cerler,2023,3,Aragón,NE,1550,2630,1080,0,31,31,1.0,41.225806451612904,0.8225806451612904,0.5264336917562723,0.5153225806451612,76.29032258064517,36.29032258064516,10,22,0,0,19,8,0,0,0,31,2.9709677419354836,-4.883870967741935,-0.7193548387096773,34.1,14.28,11.14516129032258,Benasque,49.64,67.83
Cerler,2023,4,Aragón,NE,1550,2630,1080,0,9,30,0.3,24.666666666666668,0.538888888888889,0.27006172839506176,0.30833333333333335,70.0,30.555555555555557,1,8,0,0,7,10,3,0,2,30,4.319999999999999,-2.5900000000000003,0.91,58.6,30.380000000000003,11.606666666666666,Benasque,34.78,21.18
Cerler,2023,5,Aragón,NE,1550,2630,1080,0,0,31,0.0,,,,,,,0,0,0,0,0,8,2,0,0,31,6.974193548387096,-0.13548387096774192,3.429032258064516,99.1,31.57,12.135483870967741,Benasque,,
Cerler,2023,6,Aragón,NE,1550,2630,1080,0,0,30,0.0,,,,,,,0,0,0,0,0,8,0,0,0,0,13.616666666666667,6.003333333333333,9.8,139.1,0.91,9.639999999999999,Benasque,54.89,69.03
Cerler,2023,7,Aragón,NE,1550,2630,1080,0,0,31,0.0,,,,,,,0,0,0,0,0,10,0,0,0,0,17.664516129032258,8.5,13.093548387096773,78.5,1.61,13.5,Benasque,52.31,52.91
Cerler,2023,8,Aragón,NE,1550,2630,1080,0,0,31,0.0,,,,,,,0,0,0,0,0,8,1,0,0,0,18.03548387096774,8.712903225806452,13.261290322580646,108.0,0.0,12.90967741935484,Benasque,69.15,70.75
Cerler,2023,9,Aragón,NE,1550,2630,1080,0,0,30,0.0,,,,,,,0,0,0,0,0,9,1,0,0,0,14.756666666666666,6.823333333333333,10.603333333333333,70.6,0.91,11.03,Benasque,48.34,52.65
Cerler,2023,10,Aragón,NE,1550,2630,1080,0,0,31,0.0,,,,,,,0,0,0,0,0,9,1,0,0,31,10.63225806451613,4.306451612903226,7.309677419354839,209.7,11.76,11.774193548387096,Benasque,42.18,67.58
Cerler,2023,11,Aragón,NE,1550,2630,1080,0,0,30,0.0,,,,,,,0,0,0,0,0,8,1,0,0,30,3.8400000000000003,-2.4033333333333333,0.7300000000000001,156.1,45.71,12.120000000000001,Benasque,,
Cerler,2023,12,Aragón,NE,1550,2630,1080,0,16,31,0.5161290322580645,5.625,0.29375,0.08274647887323938,0.0703125,40.0,30.0,16,16,0,0,0,10,4,2,0,31,2.929032258064516,-3.667741935483871,-0.16774193548387106,87.89999999999999,47.67,12.45483870967742,Benasque,41.07,54.73
Cerler,2024,1,Aragón,NE,1550,2630,1080,0,31,31,1.0,20.967741935483872,0.6032258064516128,0.25397546569741025,0.2620967741935484,45.645161290322584,35.645161290322584,28,27,0,0,3,8,2,2,0,31,2.696774193548387,-3.42258064516129,-0.2129032258064517,72.9,41.51,10.683870967741935,Benasque,54.3,46.25
Cerler,2024,2,Aragón,NE,1550,2630,1080,0,29,29,1.0,26.896551724137932,0.7344827586206897,0.3472559494900437,0.33620689655172414,49.6551724137931,33.44827586206897,18,24,0,0,12,8,1,0,0,29,2.2413793103448274,-4.917241379310345,-0.9793103448275863,137.2,89.67,12.879310344827585,Benasque,60.82,66.54
Cerler,2024,3,Aragón,NE,1550,2630,1080,0,31,31,1.0,44.064516129032256,0.8032258064516129,0.5065879145842799,0.5508064516129032,99.83870967741936,50.806451612903224,22,16,0,0,15,10,2,0,2,31,1.4870967741935484,-5.16774193548387,-1.5451612903225809,316.4,212.38,13.745161290322581,Benasque,60.54,67.88
Cerler,2024,4,Aragón,NE,1550,2630,1080,0,7,30,0.23333333333333334,33.0,0.6928571428571428,0.38832997987927564,0.41250000000000003,120.0,22.857142857142858,4,1,0,0,5,8,1,0,0,30,3.85,-3.82,0.14666666666666667,131.8,83.16,14.636666666666667,Benasque,,
Cerler,2024,5,Aragón,NE,1550,2630,1080,0,0,31,0.0,,,,,,,0,0,0,0,0,8,2,0,0,31,7.335483870967742,-1.0,3.296774193548387,166.29999999999998,57.82,10.587096774193547,Benasque,,
Cerler,2024,6,Aragón,NE,1550,2630,1080,0,0,30,0.0,,,,,,,0,0,0,0,0,10,0,0,0,0,12.583333333333334,4.533333333333333,8.629999999999999,154.0,10.01,12.123333333333333,Benasque,38.17,57.2
Cerler,2024,7,Aragón,NE,1550,2630,1080,0,0,31,0.0,,,,,,,0,0,0,0,0,8,0,0,0,0,17.65806451612903,8.63225806451613,13.251612903225807,86.5,0.0,12.464516129032257,Benasque,55.06,68.67
Cerler,2024,8,Aragón,NE,1550,2630,1080,0,0,31,0.0,,,,,,,0,0,0,0,0,9,1,0,0,0,18.006451612903227,9.251612903225807,13.680645161290323,70.0,0.0,9.903225806451612,Benasque,70.01,67.62
Cerler,2024,9,Aragón,NE,1550,2630,1080,0,0,30,0.0,,,,,,,0,0,0,0,0,9,1,0,0,0,9.736666666666668,2.2333333333333334,5.963333333333334,220.5,0.49,12.643333333333334,Benasque,41.11,51.73
Cerler,2024,10,Aragón,NE,1550,2630,1080,0,0,31,0.0,,,,,,,0,0,0,0,0,8,1,0,0,31,8.345161290322581,1.9870967741935481,5.22258064516129,239.79999999999998,37.45,12.341935483870968,Benasque,,
Cerler,2024,11,Aragón,NE,1550,2630,1080,0,0,30,0.0,,,,,,,0,0,0,0,0,9,1,0,0,30,5.22,-1.9066666666666667,1.38,53.8,16.52,9.403333333333334,Benasque,,
Cerler,2024,12,Aragón,NE,1550,2630,1080,0,17,31,0.5483870967741935,21.647058823529413,0.538235294117647,0.2808616404308202,0.27058823529411763,54.73684210526316,23.157894736842106,9,14,0,0,0,9,4,2,0,31,0.20645161290322578,-6.296774193548386,-3.167741935483871,114.0,67.55,12.254838709677419,Benasque,52.18,54.9
Cerler,2025,1,Aragón,NE,1550,2630,1080,0,31,31,1.0,32.516129032258064,0.7161290322580645,0.39345751930940476,0.4064516129032258,54.03225806451613,24.677419354838708,18,25,0,0,0,8,2,2,0,31,-0.7,-8.506451612903225,-4.548387096774194,106.5,62.370000000000005,12.183870967741935,Benasque,55.12,58.34
Cerler,2025,2,Aragón,NE,1550,2630,1080,0,28,28,1.0,53.07142857142857,0.9125,0.6680080482897385,0.6633928571428571,74.82142857142857,44.82142857142857,26,19,0,0,2,8,1,0,0,28,1.0678571428571428,-8.246428571428572,-3.507142857142857,71.2,46.13,8.796428571428573,Benasque,71.18,83.82
Cerler,2025,3,Aragón,NE,1550,2630,1080,0,30,31,0.967741935483871,57.666666666666664,0.86,0.7328638497652583,0.7208333333333333,120.16666666666667,52.333333333333336,30,11,0,0,5,10,0,0,0,31,-0.7064516129032258,-7.351612903225806,-3.725806451612903,222.8,145.39,13.903225806451612,Benasque,54.13,64.18
Cerler,2025,4,Aragón,NE,1550,2630,1080,0,20,30,0.6666666666666666,58.2,0.7350000000000001,0.7112676056338028,0.7275,146.25,41.25,8,10,0,0,18,8,3,0,2,30,4.626666666666667,-3.17,0.7799999999999999,126.10000000000001,69.79,10.383333333333333,Benasque,32.16,49.81
Cerler,2025,5,Aragón,NE,1550,2630,1080,0,0,31,0.0,,,,,,,0,0,0,0,0,9,2,0,0,31,8.203225806451613,-0.4967741935483871,3.9387096774193546,110.1,30.87,10.46774193548387,Benasque,,
Cerler,2025,6,Aragón,NE,1550,2630,1080,0,0,30,0.0,,,,,,,0,0,0,0,0,9,0,0,0,0,17.543333333333333,8.633333333333333,12.973333333333333,99.89999999999999,0.0,11.296666666666665,Benasque,46.52,78.43
Cerler,2025,7,Aragón,NE,1550,2630,1080,0,0,31,0.0,,,,,,,0,0,0,0,0,8,0,0,0,0,15.896774193548387,7.148387096774194,11.32258064516129,97.5,0.0,9.793548387096775,Benasque,50.53,62.15
Cerler,2025,8,Aragón,NE,1550,2630,1080,0,0,31,0.0,,,,,,,0,0,0,0,0,10,1,0,0,0,17.712903225806453,8.570967741935483,12.903225806451612,115.9,0.0,10.329032258064515,Benasque,63.15,54.66
Cerler,2025,9,Aragón,NE,1550,2630,1080,0,0,8,0.0,,,,,,,0,0,0,0,0,2,0,0,0,0,13.875,4.6875,9.125,29.4,0.0,12.1,Benasque,47.25,63.39
Espot,2018,1,Cataluña,N,1540,2520,980,1,26,29,0.896551724137931,22.576923076923077,0.8269230769230769,0.8461538461538461,0.9030769230769231,119.82758620689656,71.89655172413794,19,4,0,0,0,7,1,1,0,29,,,,0.0,0.0,,Lleida,26.22,30.86
Espot,2018,2,Cataluña,N,1540,2520,980,1,27,27,1.0,21.14814814814815,0.808641975308642,0.8484848484848485,0.845925925925926,222.59259259259258,136.4814814814815,26,0,0,0,0,7,1,0,0,27,,,,0.0,0.0,,Lleida,37.01,48.89
Espot,2018,3,Cataluña,N,1540,2520,980,1,28,29,0.9655172413793104,20.964285714285715,0.8154761904761906,0.8441558441558442,0.8385714285714286,269.82758620689657,106.55172413793103,16,18,0,0,2,8,1,0,1,29,,,,0.0,0.0,,Lleida,42.78,50.98
Espot,2018,4,Cataluña,N,1540,2520,980,1,8,29,0.27586206896551724,24.5,0.8333333333333334,0.9829545454545454,0.98,250.0,90.0,0,0,0,0,8,8,1,0,0,29,,,,0.0,0.0,,Lleida,45.08,51.75
Espot,2018,5,Cataluña,N,1540,2520,980,1,0,31,0.0,,,,,,,0,0,0,0,0,8,2,0,0,31,,,,0.0,0.0,,Lleida,46.03,56.19
Espot,2018,6,Cataluña,N,1540,2520,980,1,0,30,0.0,,,,,,,0,0,0,0,0,9,0,0,0,0,,,,0.0,0.0,,Lleida,38.6,47.59
Espot,2018,7,Cataluña,N,1540,2520,980,1,0,31,0.0,,,,,,,0,0,0,0,0,9,0,0,0,0,,,,0.0,0.0,,Lleida,40.49,45.94
Espot,2018,8,Cataluña,N,1540,2520,980,1,0,31,0.0,,,,,,,0,0,0,0,0,8,1,0,0,0,,,,0.0,0.0,,Lleida,45.99,55.73
Espot,2018,9,Cataluña,N,1540,2520,980,1,0,30,0.0,,,,,,,0,0,0,0,0,10,1,0,0,0,,,,0.0,0.0,,Lleida,48.63,62.87
Espot,2018,10,Cataluña,N,1540,2520,980,1,0,31,0.0,,,,,,,0,0,0,0,0,8,1,0,0,31,,,,0.0,0.0,,Lleida,45.47,61.51
Espot,2018,11,Cataluña,N,1540,2520,980,1,1,30,0.03333333333333333,9.0,0.6,0.2727272727272727,0.36,50.0,20.0,1,0,0,0,0,8,1,0,0,30,,,,0.0,0.0,,Lleida,39.25,53.59
Espot,2018,12,Cataluña,N,1540,2520,980,1,31,31,1.0,14.806451612903226,0.8064516129032258,0.5102639296187683,0.5922580645161291,50.0,20.0,30,19,0,0,0,10,4,2,0,31,,,,0.0,0.0,,Lleida,37.89,44.18
Espot,2019,1,Cataluña,N,1540,2520,980,1,31,31,1.0,17.774193548387096,0.9483870967741935,0.6510263929618768,0.7109677419354838,75.3225806451613,38.70967741935484,31,22,0,0,0,8,2,2,0,31,,,,0.0,0.0,,Lleida,26.44,29.32
Espot,2019,2,Cataluña,N,1540,2520,980,1,16,27,0.5925925925925926,20.25,0.8,0.7698863636363636,0.81,177.5,115.5,15,0,0,0,5,7,1,0,0,27,,,,0.0,0.0,,Lleida,33.03,40.66
Espot,2019,3,Cataluña,N,1540,2520,980,1,29,29,1.0,18.862068965517242,0.8,0.7633228840125392,0.7544827586206896,133.10344827586206,73.10344827586206,0,0,0,0,29,9,0,0,0,29,,,,0.0,0.0,,Lleida,50.45,59.85
Espot,2019,4,Cataluña,N,1540,2520,980,1,0,29,0.0,,,,,,,0,0,0,0,0,8,3,0,2,29,,,,0.0,0.0,,Lleida,46.44,48.41
Espot,2019,5,Cataluña,N,1540,2520,980,1,0,31,0.0,,,,,,,0,0,0,0,0,8,2,0,0,31,,,,0.0,0.0,,Lleida,53.04,67.91
Espot,2019,6,Cataluña,N,1540,2520,980,1,0,30,0.0,,,,,,,0,0,0,0,0,10,0,0,0,0,,,,0.0,0.0,,Lleida,52.44,61.34
Espot,2019,7,Cataluña,N,1540,2520,980,1,0,31,0.0,,,,,,,0,0,0,0,0,8,0,0,0,0,,,,0.0,0.0,,Lleida,47.79,52.65
Espot,2019,8,Cataluña,N,1540,2520,980,1,0,31,0.0,,,,,,,0,0,0,0,0,9,1,0,0,0,,,,0.0,0.0,,Lleida,50.57,60.74
Espot,2019,9,Cataluña,N,1540,2520,980,1,0,30,0.0,,,,,,,0,0,0,0,0,9,1,0,0,0,,,,0.0,0.0,,Lleida,45.02,56.75
Espot,2019,10,Cataluña,N,1540,2520,980,1,0,31,0.0,,,,,,,0,0,0,0,0,8,1,0,0,31,,,,0.0,0.0,,Lleida,48.66,53.76
Espot,2019,11,Cataluña,N,1540,2520,980,1,0,30,0.0,,,,,,,0,0,0,0,0,9,1,0,0,30,,,,0.0,0.0,,Lleida,39.47,47.88
Espot,2019,12,Cataluña,N,1540,2520,980,1,24,31,0.7741935483870968,22.541666666666668,0.9916666666666667,0.8825757575757577,0.9016666666666667,78.07692307692308,32.30769230769231,17,20,0,0,0,9,4,2,0,31,,,,0.0,0.0,,Lleida,43.65,52.04
Espot,2020,1,Cataluña,N,1540,2520,980,1,31,31,1.0,22.64516129032258,0.9870967741935485,0.8826979472140764,0.9058064516129032,113.38709677419355,55.806451612903224,31,21,0,0,0,8,2,2,0,31,,,,0.0,0.0,,Lleida,27.09,32.25
Espot,2020,2,Cataluña,N,1540,2520,980,1,27,27,1.0,22.59259259259259,0.9777777777777777,0.8956228956228957,0.9037037037037037,157.77777777777777,81.66666666666667,27,27,0,0,0,7,1,0,0,27,,,,0.0,0.0,,Lleida,36.76,49.05
Espot,2020,3,Cataluña,N,1540,2520,980,1,13,31,0.41935483870967744,17.923076923076923,0.8615384615384615,0.6853146853146854,0.716923076923077,160.0,65.0,7,3,0,0,6,9,0,0,0,31,,,,0.0,0.0,,Lleida,32.26,28.02
Espot,2020,4,Cataluña,N,1540,2520,980,1,0,30,0.0,,,,,,,0,0,0,0,0,8,3,0,2,30,,,,0.0,0.0,,Lleida,0.0,0.0
Espot,2020,5,Cataluña,N,1540,2520,980,1,0,31,0.0,,,,,,,0,0,0,0,0,10,2,0,0,31,,,,0.0,0.0,,Lleida,,
Espot,2020,6,Cataluña,N,1540,2520,980,1,0,30,0.0,,,,,,,0,0,0,0,0,8,0,0,0,0,,,,0.0,0.0,,Lleida,,
Espot,2020,7,Cataluña,N,1540,2520,980,1,0,31,0.0,,,,,,,0,0,0,0,0,8,0,0,0,0,,,,0.0,0.0,,Lleida,,
Espot,2020,8,Cataluña,N,1540,2520,980,1,0,31,0.0,,,,,,,0,0,0,0,0,10,1,0,0,0,,,,0.0,0.0,,Lleida,,
Espot,2020,9,Cataluña,N,1540,2520,980,1,0,30,0.0,,,,,,,0,0,0,0,0,8,1,0,0,0,,,,0.0,0.0,,Lleida,22.73,28.69
Espot,2020,10,Cataluña,N,1540,2520,980,1,0,31,0.0,,,,,,,0,0,0,0,0,9,1,0,0,31,,,,0.0,0.0,,Lleida,23.23,28.38
Espot,2020,11,Cataluña,N,1540,2520,980,1,0,30,0.0,,,,,,,0,0,0,0,0,9,1,0,0,30,,,,0.0,0.0,,Lleida,16.45,11.08
Espot,2020,12,Cataluña,N,1540,2520,980,1,18,31,0.5806451612903226,14.166666666666666,0.6333333333333333,0.4722222222222222,0.5666666666666668,55.55555555555556,20.0,17,10,0,0,0,8,4,2,0,31,,,,0.0,0.0,,Lleida,19.11,18.07
Espot,2021,1,Cataluña,N,1540,2520,980,1,31,31,1.0,19.580645161290324,0.7161290322580645,0.7214076246334311,0.783225806451613,73.06451612903226,32.41935483870968,28,14,0,0,0,10,2,2,0,31,,,,0.0,0.0,,Lleida,20.84,19.52
Espot,2021,2,Cataluña,N,1540,2520,980,1,27,28,0.9642857142857143,19.74074074074074,0.6,0.6784511784511784,0.7896296296296297,71.07142857142857,33.92857142857143,11,22,0,0,9,8,1,0,0,28,,,,0.0,0.0,,Lleida,27.46,28.76
Espot,2021,3,Cataluña,N,1540,2520,980,1,31,31,1.0,18.06451612903226,0.6322580645161291,0.626099706744868,0.7225806451612903,68.2258064516129,23.225806451612904,3,25,0,0,27,8,0,0,0,31,,,,0.0,0.0,,Lleida,29.63,34.71
Espot,2021,4,Cataluña,N,1540,2520,980,1,4,30,0.13333333333333333,11.75,0.6,0.3977272727272727,0.47000000000000003,47.5,10.0,0,2,0,0,4,8,3,0,2,30,,,,0.0,0.0,,Lleida,36.96,47.85
Espot,2021,5,Cataluña,N,1540,2520,980,1,0,31,0.0,,,,,,,0,0,0,0,0,10,2,0,0,31,,,,0.0,0.0,,Lleida,31.62,36.37
Espot,2021,6,Cataluña,N,1540,2520,980,1,0,30,0.0,,,,,,,0,0,0,0,0,8,0,0,0,0,,,,0.0,0.0,,Lleida,47.27,59.37
Espot,2021,7,Cataluña,N,1540,2520,980,1,0,31,0.0,,,,,,,0,0,0,0,0,9,0,0,0,0,,,,0.0,0.0,,Lleida,56.07,56.85
Espot,2021,8,Cataluña,N,1540,2520,980,1,0,31,0.0,,,,,,,0,0,0,0,0,9,1,0,0,0,,,,0.0,0.0,,Lleida,58.7,66.57
Espot,2021,9,Cataluña,N,1540,2520,980,1,0,30,0.0,,,,,,,0,0,0,0,0,8,1,0,0,0,,,,0.0,0.0,,Lleida,52.03,62.43
Espot,2021,10,Cataluña,N,1540,2520,980,1,0,31,0.0,,,,,,,0,0,0,0,0,10,1,0,0,31,,,,0.0,0.0,,Lleida,49.83,57.81
Espot,2021,11,Cataluña,N,1540,2520,980,1,0,30,0.0,,,,,,,0,0,0,0,0,8,1,0,0,30,,,,0.0,0.0,,Lleida,48.34,58.4
Espot,2021,12,Cataluña,N,1540,2520,980,1,30,31,0.967741935483871,18.733333333333334,0.9266666666666666,0.7212121212121212,0.7493333333333333,94.16666666666667,60.333333333333336,25,0,0,0,1,8,4,2,0,31,,,,0.0,0.0,,Lleida,35.67,42.9
Espot,2022,1,Cataluña,N,1540,2520,980,1,29,31,0.9354838709677419,21.03448275862069,0.993103448275862,0.7915360501567399,0.8413793103448275,77.41935483870968,48.70967741935484,24,26,0,0,4,10,2,2,0,31,,,,0.0,0.0,,Lleida,29.05,37.57
Espot,2022,2,Cataluña,N,1540,2520,980,1,28,28,1.0,21.571428571428573,1.0,0.814935064935065,0.8628571428571429,80.0,50.0,28,27,0,0,0,8,1,0,0,28,,,,0.0,0.0,,Lleida,43.46,58.89
Espot,2022,3,Cataluña,N,1540,2520,980,1,31,31,1.0,22.258064516129032,0.9032258064516129,0.8782991202346042,0.8903225806451613,97.41935483870968,55.16129032258065,15,12,0,0,14,8,0,0,0,31,,,,0.0,0.0,,Lleida,46.75,64.95
Espot,2022,4,Cataluña,N,1540,2520,980,1,18,30,0.6,19.0,0.7888888888888889,0.7297979797979798,0.76,93.33333333333333,30.0,5,7,0,0,10,9,3,0,2,30,,,,0.0,0.0,,Lleida,57.08,71.31
Espot,2022,5,Cataluña,N,1540,2520,980,1,0,31,0.0,,,,,,,0,0,0,0,0,9,2,0,0,31,,,,0.0,0.0,,Lleida,62.31,74.22
Espot,2022,6,Cataluña,N,1540,2520,980,1,0,30,0.0,,,,,,,0,0,0,0,0,8,0,0,0,0,,,,0.0,0.0,,Lleida,58.85,70.31
Espot,2022,7,Cataluña,N,1540,2520,980,1,0,31,0.0,,,,,,,0,0,0,0,0,10,0,0,0,0,,,,0.0,0.0,,Lleida,56.17,67.77
Espot,2022,8,Cataluña,N,1540,2520,980,1,0,31,0.0,,,,,,,0,0,0,0,0,8,1,0,0,0,,,,0.0,0.0,,Lleida,61.74,65.2
Espot,2022,9,Cataluña,N,1540,2520,980,1,0,30,0.0,,,,,,,0,0,0,0,0,8,1,0,0,0,,,,0.0,0.0,,Lleida,55.86,64.03
Espot,2022,10,Cataluña,N,1540,2520,980,1,0,31,0.0,,,,,,,0,0,0,0,0,10,1,0,0,31,,,,0.0,0.0,,Lleida,51.6,62.46
Espot,2022,11,Cataluña,N,1540,2520,980,1,0,30,0.0,,,,,,,0,0,0,0,0,8,1,0,0,30,,,,0.0,0.0,,Lleida,45.32,52.91
Espot,2022,12,Cataluña,N,1540,2520,980,1,30,31,0.967741935483871,15.133333333333333,0.9,0.5136363636363636,0.6053333333333334,48.666666666666664,32.666666666666664,24,20,0,0,0,9,4,2,0,31,,,,0.0,0.0,,Lleida,36.78,47.07
Espot,2023,1,Cataluña,N,1540,2520,980,1,30,31,0.967741935483871,17.3,0.9666666666666667,0.6393939393939394,0.6920000000000001,69.6774193548387,42.903225806451616,26,24,0,0,0,9,2,2,0,31,,,,0.0,0.0,,Lleida,40.67,44.57
Espot,2023,2,Cataluña,N,1540,2520,980,1,28,28,1.0,22.428571428571427,0.9857142857142858,0.875,0.8971428571428571,104.82142857142857,60.0,27,27,0,0,0,8,1,0,0,28,,,,0.0,0.0,,Lleida,45.63,59.93
Espot,2023,3,Cataluña,N,1540,2520,980,1,30,31,0.967741935483871,18.366666666666667,0.9066666666666666,0.6515151515151516,0.7346666666666667,92.74193548387096,35.483870967741936,9,9,0,0,22,8,0,0,0,31,,,,0.0,0.0,,Lleida,47.72,64.99
Espot,2023,4,Cataluña,N,1540,2520,980,1,0,30,0.0,,,,,,,0,0,0,0,0,10,3,0,2,30,,,,0.0,0.0,,Lleida,52.94,68.09
Espot,2023,5,Cataluña,N,1540,2520,980,1,0,31,0.0,,,,,,,0,0,0,0,0,8,2,0,0,31,,,,0.0,0.0,,Lleida,53.07,62.82
Espot,2023,6,Cataluña,N,1540,2520,980,1,0,30,0.0,,,,,,,0,0,0,0,0,8,0,0,0,0,,,,0.0,0.0,,Lleida,51.52,66.91
Espot,2023,7,Cataluña,N,1540,2520,980,1,0,31,0.0,,,,,,,0,0,0,0,0,10,0,0,0,0,,,,0.0,0.0,,Lleida,51.46,57.12
Espot,2023,8,Cataluña,N,1540,2520,980,1,0,31,0.0,,,,,,,0,0,0,0,0,8,1,0,0,0,,,,0.0,0.0,,Lleida,53.42,63.93
Espot,2023,9,Cataluña,N,1540,2520,980,1,0,30,0.0,,,,,,,0,0,0,0,0,9,1,0,0,0,,,,0.0,0.0,,Lleida,51.95,58.41
Espot,2023,10,Cataluña,N,1540,2520,980,1,0,31,0.0,,,,,,,0,0,0,0,0,9,1,0,0,31,,,,0.0,0.0,,Lleida,54.33,62.32
Espot,2023,11,Cataluña,N,1540,2520,980,1,0,30,0.0,,,,,,,0,0,0,0,0,8,1,0,0,30,,,,0.0,0.0,,Lleida,43.84,52.33
Espot,2023,12,Cataluña,N,1540,2520,980,1,27,31,0.8709677419354839,9.518518518518519,0.7481481481481481,0.29966329966329963,0.3807407407407407,35.55555555555556,17.77777777777778,25,16,0,0,0,10,4,2,0,31,,,,0.0,0.0,,Lleida,41.39,45.0
Espot,2024,1,Cataluña,N,1540,2520,980,1,31,31,1.0,15.580645161290322,0.967741935483871,0.5205278592375366,0.623225806451613,56.61290322580645,23.451612903225808,22,19,0,0,5,8,2,2,0,31,,,,0.0,0.0,,Lleida,38.88,41.55
Espot,2024,2,Cataluña,N,1540,2520,980,1,29,29,1.0,16.24137931034483,0.9655172413793104,0.5689655172413793,0.6496551724137931,66.20689655172414,25.0,14,21,0,0,13,8,1,0,0,29,,,,0.0,0.0,,Lleida,46.3,56.1
Espot,2024,3,Cataluña,N,1540,2520,980,1,29,31,0.9354838709677419,19.75862068965517,0.9379310344827586,0.7586206896551724,0.7903448275862069,141.61290322580646,84.51612903225806,20,10,0,0,9,10,2,0,2,31,,,,0.0,0.0,,Lleida,51.67,69.27
Espot,2024,4,Cataluña,N,1540,2520,980,1,7,30,0.23333333333333334,16.142857142857142,0.8857142857142858,0.6623376623376623,0.6457142857142858,134.28571428571428,74.28571428571429,4,1,0,0,4,8,1,0,0,30,,,,0.0,0.0,,Lleida,47.53,52.79
Espot,2024,5,Cataluña,N,1540,2520,980,1,0,31,0.0,,,,,,,0,0,0,0,0,8,2,0,0,31,,,,0.0,0.0,,Lleida,55.23,66.44
Espot,2024,6,Cataluña,N,1540,2520,980,1,0,30,0.0,,,,,,,0,0,0,0,0,10,0,0,0,0,,,,0.0,0.0,,Lleida,57.62,66.38
Espot,2024,7,Cataluña,N,1540,2520,980,1,0,31,0.0,,,,,,,0,0,0,0,0,8,0,0,0,0,,,,0.0,0.0,,Lleida,53.05,69.47
Espot,2024,8,Cataluña,N,1540,2520,980,1,0,31,0.0,,,,,,,0,0,0,0,0,9,1,0,0,0,,,,0.0,0.0,,Lleida,54.76,63.24
Espot,2024,9,Cataluña,N,1540,2520,980,1,0,30,0.0,,,,,,,0,0,0,0,0,9,1,0,0,0,,,,0.0,0.0,,Lleida,51.44,59.78
Espot,2024,10,Cataluña,N,1540,2520,980,1,0,31,0.0,,,,,,,0,0,0,0,0,8,1,0,0,31,,,,0.0,0.0,,Lleida,54.64,66.75
Espot,2024,11,Cataluña,N,1540,2520,980,1,0,30,0.0,,,,,,,0,0,0,0,0,9,1,0,0,30,,,,0.0,0.0,,Lleida,46.61,55.41
Espot,2024,12,Cataluña,N,1540,2520,980,1,19,31,0.6129032258064516,10.68421052631579,0.8,0.3708133971291866,0.4273684210526316,55.0,35.0,19,15,0,0,0,9,4,2,0,31,,,,0.0,0.0,,Lleida,43.91,55.38
Espot,2025,1,Cataluña,N,1540,2520,980,1,30,31,0.967741935483871,16.066666666666666,0.9933333333333334,0.5590909090909091,0.6426666666666667,55.96774193548387,35.0,23,25,0,0,1,8,2,2,0,31,,,,0.0,0.0,,Lleida,35.68,42.8
Espot,2025,2,Cataluña,N,1540,2520,980,1,28,28,1.0,20.75,1.0,0.7418831168831169,0.83,91.25,53.75,19,22,0,0,6,8,1,0,0,28,,,,0.0,0.0,,Lleida,46.3,59.2
Espot,2025,3,Cataluña,N,1540,2520,980,1,30,31,0.967741935483871,19.833333333333332,0.9533333333333334,0.7621212121212121,0.7933333333333333,158.70967741935485,67.25806451612904,20,16,0,0,11,10,0,0,0,31,,,,0.0,0.0,,Lleida,46.45,61.46
Espot,2025,4,Cataluña,N,1540,2520,980,1,20,30,0.6666666666666666,19.75,0.76,0.7727272727272727,0.79,194.76190476190476,39.04761904761905,2,5,0,0,21,8,3,0,2,30,,,,0.0,0.0,,Lleida,49.2,68.12
Espot,2025,5,Cataluña,N,1540,2520,980,1,0,31,0.0,,,,,,,0,0,0,0,0,9,2,0,0,31,,,,0.0,0.0,,Lleida,50.87,62.37
Espot,2025,6,Cataluña,N,1540,2520,980,1,0,30,0.0,,,,,,,0,0,0,0,0,9,0,0,0,0,,,,0.0,0.0,,Lleida,53.1,65.03
Espot,2025,7,Cataluña,N,1540,2520,980,1,0,31,0.0,,,,,,,0,0,0,0,0,8,0,0,0,0,,,,0.0,0.0,,Lleida,53.13,63.78
Espot,2025,8,Cataluña,N,1540,2520,980,1,0,31,0.0,,,,,,,0,0,0,0,0,10,1,0,0,0,,,,0.0,0.0,,Lleida,59.81,70.16
Espot,2025,9,Cataluña,N,1540,2520,980,1,0,8,0.0,,,,,,,0,0,0,0,0,2,0,0,0,0,,,,0.0,0.0,,Lleida,50.46,60.76
Formigal,2018,1,Aragón,N,1510,2250,740,1,29,29,1.0,108.24137931034483,0.8714733542319749,0.7872994195971321,0.7676693568109563,213.10344827586206,75.17241379310344,19,9,0,0,1,7,1,1,0,29,2.5724137931034488,-3.117241379310345,-0.15517241379310345,132.8,64.26,13.455172413793104,Sallent de Gállego,57.28,61.15
Formigal,2018,2,Aragón,N,1510,2250,740,1,26,26,1.0,103.5,0.8986013986013988,0.7753236862147753,0.7340425531914894,249.23076923076923,90.38461538461539,22,2,0,0,2,7,1,0,0,26,-0.8423076923076922,-7.761538461538462,-4.226923076923077,146.7,96.03999999999999,15.007692307692308,Sallent de Gállego,72.99,83.71
Formigal,2018,3,Aragón,N,1510,2250,740,1,29,29,1.0,106.20689655172414,0.852664576802508,0.7627176510754524,0.7532404010760578,258.44827586206895,110.0,27,1,0,0,1,8,1,0,1,29,0.606896551724138,-4.651724137931034,-1.9655172413793103,320.59999999999997,177.17000000000002,13.972413793103447,Sallent de Gállego,57.69,72.27
Formigal,2018,4,Aragón,N,1510,2250,740,1,8,29,0.27586206896551724,126.0,0.9090909090909092,0.900990099009901,0.8936170212765958,255.0,110.0,1,0,0,0,4,8,1,0,0,29,6.889655172413794,0.01034482758620692,3.5344827586206895,249.1,110.53,10.048275862068964,Sallent de Gállego,52.87,20.83
Formigal,2018,5,Aragón,N,1510,2250,740,1,0,31,0.0,,,,,,,0,0,0,0,0,8,2,0,0,31,10.16451612903226,2.1580645161290324,6.187096774193549,111.3,4.48,11.783870967741937,Sallent de Gállego,,
Formigal,2018,6,Aragón,N,1510,2250,740,1,0,30,0.0,,,,,,,0,0,0,0,0,9,0,0,0,0,15.896666666666667,7.783333333333333,12.143333333333334,140.6,0.0,11.273333333333333,Sallent de Gállego,27.14,48.74
Formigal,2018,7,Aragón,N,1510,2250,740,1,0,31,0.0,,,,,,,0,0,0,0,0,9,0,0,0,0,18.783870967741933,10.5,15.196774193548388,79.8,0.0,11.203225806451613,Sallent de Gállego,39.89,53.89
Formigal,2018,8,Aragón,N,1510,2250,740,1,0,31,0.0,,,,,,,0,0,0,0,0,8,1,0,0,0,19.69677419354839,10.393548387096773,15.37741935483871,66.8,0.0,10.938709677419356,Sallent de Gállego,60.62,70.21
Formigal,2018,9,Aragón,N,1510,2250,740,1,0,30,0.0,,,,,,,0,0,0,0,0,10,1,0,0,0,17.486666666666668,8.32,13.043333333333333,66.1,0.0,10.120000000000001,Sallent de Gállego,24.3,34.94
Formigal,2018,10,Aragón,N,1510,2250,740,1,0,31,0.0,,,,,,,0,0,0,0,0,8,1,0,0,31,10.69032258064516,2.948387096774194,6.774193548387097,177.0,18.97,12.525806451612903,Sallent de Gállego,,
Formigal,2018,11,Aragón,N,1510,2250,740,1,0,30,0.0,,,,,,,0,0,0,0,0,8,1,0,0,30,4.136666666666667,-2.29,1.3933333333333335,132.6,65.17,10.573333333333332,Sallent de Gállego,,
Formigal,2018,12,Aragón,N,1510,2250,740,1,6,31,0.1935483870967742,10.0,0.35714285714285704,0.0858085808580858,0.0709219858156028,50.0,20.0,0,6,0,0,0,10,4,2,0,31,6.258064516129032,-2.116129032258064,2.3,53.400000000000006,26.39,11.51290322580645,Sallent de Gállego,26.48,23.48
Formigal,2019,1,Aragón,N,1510,2250,740,1,29,31,0.9354838709677419,21.448275862068964,0.4991789819376026,0.16217138955274837,0.15211543164587918,67.41935483870968,30.322580645161292,20,20,0,0,0,8,2,2,0,31,2.629032258064516,-4.464516129032258,-1.4580645161290322,212.5,143.85,16.61935483870968,Sallent de Gállego,20.15,20.92
Formigal,2019,2,Aragón,N,1510,2250,740,1,27,28,0.9642857142857143,116.55555555555556,0.9241622574955909,0.8236156949028236,0.8266351457840819,115.35714285714286,65.35714285714286,20,23,0,0,5,8,1,0,0,28,5.196428571428571,-2.85,1.657142857142857,61.6,38.64,11.924999999999999,Sallent de Gállego,63.66,76.42
Formigal,2019,3,Aragón,N,1510,2250,740,1,29,29,1.0,105.13793103448276,0.9277504105090312,0.7739842949812222,0.7456590853509416,90.6896551724138,37.41379310344828,9,25,0,0,20,9,0,0,0,29,5.675862068965517,-2.689655172413793,1.406896551724138,35.4,13.44,13.155172413793103,Sallent de Gállego,54.0,77.52
Formigal,2019,4,Aragón,N,1510,2250,740,1,20,29,0.6896551724137931,78.55,0.7309523809523809,0.5826732673267327,0.5570921985815602,71.5,36.5,7,8,0,0,9,8,3,0,2,29,5.627586206896551,-2.2344827586206897,1.7448275862068967,184.8,77.98,11.762068965517242,Sallent de Gállego,20.36,35.54
Formigal,2019,5,Aragón,N,1510,2250,740,1,0,31,0.0,,,,,,,0,0,0,0,0,8,2,0,0,31,10.04516129032258,1.2967741935483872,5.883870967741935,101.9,15.68,13.461290322580645,Sallent de Gállego,,
Formigal,2019,6,Aragón,N,1510,2250,740,1,0,30,0.0,,,,,,,0,0,0,0,0,10,0,0,0,0,16.736666666666668,7.99,12.876666666666667,89.3,1.54,12.576666666666666,Sallent de Gállego,21.93,37.65
Formigal,2019,7,Aragón,N,1510,2250,740,1,0,31,0.0,,,,,,,0,0,0,0,0,8,0,0,0,0,20.570967741935487,11.561290322580644,16.603225806451615,53.6,0.0,11.667741935483871,Sallent de Gállego,44.31,65.56
Formigal,2019,8,Aragón,N,1510,2250,740,1,0,31,0.0,,,,,,,0,0,0,0,0,9,1,0,0,0,19.55483870967742,11.03225806451613,15.683870967741935,100.5,0.0,11.074193548387097,Sallent de Gállego,67.29,77.79
Formigal,2019,9,Aragón,N,1510,2250,740,1,0,30,0.0,,,,,,,0,0,0,0,0,9,1,0,0,0,15.99,7.666666666666667,11.9,52.8,0.0,12.366666666666667,Sallent de Gállego,16.91,30.53
Formigal,2019,10,Aragón,N,1510,2250,740,1,0,31,0.0,,,,,,,0,0,0,0,0,8,1,0,0,31,11.870967741935484,4.748387096774193,8.425806451612903,165.9,1.47,11.983870967741936,Sallent de Gállego,,
Formigal,2019,11,Aragón,N,1510,2250,740,1,10,30,0.3333333333333333,69.7,0.6849999999999999,0.5198019801980198,0.49432624113475176,136.5,20.5,4,2,0,0,0,9,1,0,0,30,1.9733333333333332,-3.2633333333333336,-0.4066666666666666,323.4,127.26,12.346666666666666,Sallent de Gállego,,
Formigal,2019,12,Aragón,N,1510,2250,740,1,30,31,0.967741935483871,85.66666666666667,0.77,0.6425742574257426,0.607565011820331,103.83333333333333,20.0,13,23,0,0,0,9,4,2,0,31,4.919354838709677,-1.564516129032258,1.5225806451612904,261.7,85.89,12.838709677419354,Sallent de Gállego,48.57,63.97
Formigal,2020,1,Aragón,N,1510,2250,740,1,31,31,1.0,95.58064516129032,0.8935483870967742,0.7055253912488023,0.67787691603752,116.7741935483871,35.0,20,21,0,0,0,8,2,2,0,31,4.474193548387096,-2.8129032258064517,1.1548387096774193,103.19999999999999,62.3,10.706451612903225,Sallent de Gállego,58.94,77.92
Formigal,2020,2,Aragón,N,1510,2250,740,1,27,27,1.0,94.88888888888889,0.9685185185185184,0.7128712871287128,0.6729708431836092,139.07407407407408,34.81481481481482,11,22,0,0,12,7,1,0,0,27,7.062962962962962,-0.24814814814814812,3.485185185185185,23.7,8.19,12.255555555555555,Sallent de Gállego,69.38,88.35
Formigal,2020,3,Aragón,N,1510,2250,740,1,13,31,0.41935483870967744,79.84615384615384,0.8730769230769231,0.607006854531607,0.5662847790507365,167.30769230769232,28.076923076923077,7,3,0,0,3,9,0,0,0,31,5.383870967741935,-2.035483870967742,1.8709677419354838,213.0,97.02,13.203225806451613,Sallent de Gállego,37.53,38.34
Formigal,2020,4,Aragón,N,1510,2250,740,1,0,30,0.0,,,,,,,0,0,0,0,0,8,3,0,2,30,8.47,1.9833333333333334,5.193333333333333,161.0,3.15,11.24,Sallent de Gállego,0.0,0.0
Formigal,2020,5,Aragón,N,1510,2250,740,1,0,31,0.0,,,,,,,0,0,0,0,0,10,2,0,0,31,14.26774193548387,6.206451612903226,10.358064516129033,189.3,3.15,10.938709677419356,Sallent de Gállego,,
Formigal,2020,6,Aragón,N,1510,2250,740,1,0,30,0.0,,,,,,,0,0,0,0,0,8,0,0,0,0,14.193333333333333,6.3533333333333335,10.56,101.7,0.21,11.023333333333333,Sallent de Gállego,,
Formigal,2020,7,Aragón,N,1510,2250,740,1,0,31,0.0,,,,,,,0,0,0,0,0,8,0,0,0,0,21.03548387096774,11.63225806451613,16.716129032258067,48.0,0.0,11.63225806451613,Sallent de Gállego,33.1,41.91
Formigal,2020,8,Aragón,N,1510,2250,740,1,0,31,0.0,,,,,,,0,0,0,0,0,10,1,0,0,0,20.570967741935487,11.374193548387098,16.051612903225806,69.3,0.0,13.196774193548388,Sallent de Gállego,61.38,75.06
Formigal,2020,9,Aragón,N,1510,2250,740,1,0,30,0.0,,,,,,,0,0,0,0,0,8,1,0,0,0,15.74,7.636666666666667,11.573333333333332,144.7,20.79,12.46,Sallent de Gállego,21.73,40.36
Formigal,2020,10,Aragón,N,1510,2250,740,1,0,31,0.0,,,,,,,0,0,0,0,0,9,1,0,0,31,7.745161290322581,1.3709677419354838,4.948387096774193,214.9,37.45,12.374193548387098,Sallent de Gállego,,
Formigal,2020,11,Aragón,N,1510,2250,740,1,0,30,0.0,,,,,,,0,0,0,0,0,9,1,0,0,30,8.596666666666666,2.1533333333333333,5.573333333333333,63.800000000000004,0.9099999999999999,10.333333333333334,Sallent de Gállego,,
Formigal,2020,12,Aragón,N,1510,2250,740,1,0,31,0.0,,,,,,,0,0,0,0,0,8,4,2,0,31,1.035483870967742,-4.474193548387096,-1.4064516129032258,237.70000000000002,140.14,12.52258064516129,Sallent de Gállego,,
Formigal,2021,1,Aragón,N,1510,2250,740,1,0,31,0.0,,,,,,,0,0,0,0,0,10,2,2,0,31,-0.2516129032258065,-6.393548387096774,-3.2870967741935484,167.9,107.59,13.82258064516129,Sallent de Gállego,,
Formigal,2021,2,Aragón,N,1510,2250,740,1,0,28,0.0,,,,,,,0,0,0,0,0,8,1,0,0,28,4.1535714285714285,-1.3,1.4142857142857144,136.8,70.49,12.564285714285715,Sallent de Gállego,,
Formigal,2021,3,Aragón,N,1510,2250,740,1,0,31,0.0,,,,,,,0,0,0,0,0,8,0,0,0,31,4.093548387096774,-2.6193548387096777,0.9322580645161291,17.3,11.129999999999999,12.290322580645162,Sallent de Gállego,,
Formigal,2021,4,Aragón,N,1510,2250,740,1,0,30,0.0,,,,,,,0,0,0,0,0,8,3,0,2,30,6.443333333333333,-1.21,2.6633333333333336,114.7,11.83,11.583333333333334,Sallent de Gállego,17.4,38.66
Formigal,2021,5,Aragón,N,1510,2250,740,1,0,31,0.0,,,,,,,0,0,0,0,0,10,2,0,0,31,10.016129032258064,2.3548387096774195,6.487096774193549,112.8,7.5600000000000005,12.574193548387097,Sallent de Gállego,,
Formigal,2021,6,Aragón,N,1510,2250,740,1,0,30,0.0,,,,,,,0,0,0,0,0,8,0,0,0,0,15.713333333333333,7.513333333333334,12.003333333333334,161.5,0.0,11.610000000000001,Sallent de Gállego,14.85,32.14
Formigal,2021,7,Aragón,N,1510,2250,740,1,0,31,0.0,,,,,,,0,0,0,0,0,9,0,0,0,0,18.887096774193548,9.396774193548387,14.564516129032258,72.4,0.0,12.425806451612903,Sallent de Gállego,50.17,55.54
Formigal,2021,8,Aragón,N,1510,2250,740,1,0,31,0.0,,,,,,,0,0,0,0,0,9,1,0,0,0,20.432258064516127,10.067741935483872,15.5,51.800000000000004,0.0,12.141935483870967,Sallent de Gállego,76.74,85.01
Formigal,2021,9,Aragón,N,1510,2250,740,1,0,30,0.0,,,,,,,0,0,0,0,0,8,1,0,0,0,15.193333333333333,7.843333333333334,11.526666666666667,127.9,0.0,11.07,Sallent de Gállego,28.14,44.0
Formigal,2021,10,Aragón,N,1510,2250,740,1,0,31,0.0,,,,,,,0,0,0,0,0,10,1,0,0,31,11.703225806451613,3.325806451612903,7.629032258064516,94.39999999999999,0.0,10.04516129032258,Sallent de Gállego,24.04,40.4
Formigal,2021,11,Aragón,N,1510,2250,740,1,0,30,0.0,,,,,,,0,0,0,0,0,8,1,0,0,30,3.9166666666666665,-2.5833333333333335,0.6633333333333333,118.0,72.17,14.7,Sallent de Gállego,,
Formigal,2021,12,Aragón,N,1510,2250,740,1,28,31,0.9032258064516129,87.75,0.8230519480519481,0.6460084033613446,0.6136363636363635,183.03571428571428,49.642857142857146,21,19,0,0,1,8,4,2,0,31,4.767741935483872,-1.2419354838709677,1.8193548387096774,274.6,163.1,11.922580645161291,Sallent de Gállego,46.3,39.12
Formigal,2022,1,Aragón,N,1510,2250,740,1,30,31,0.967741935483871,88.7,0.8696969696969697,0.6669934640522875,0.6202797202797202,180.66666666666666,31.666666666666668,24,25,0,0,0,10,2,2,0,31,3.832258064516129,-4.012903225806451,0.5870967741935483,114.10000000000001,51.940000000000005,11.403225806451612,Sallent de Gállego,65.36,77.4
Formigal,2022,2,Aragón,N,1510,2250,740,1,28,28,1.0,91.35714285714286,0.8961038961038962,0.6831232492997199,0.6388611388611388,182.85714285714286,35.535714285714285,7,24,0,0,14,8,1,0,0,28,5.110714285714286,-1.8607142857142858,1.9000000000000001,30.400000000000002,17.71,12.49642857142857,Sallent de Gállego,74.18,82.62
Formigal,2022,3,Aragón,N,1510,2250,740,1,31,31,1.0,86.80645161290323,0.8387096774193549,0.6739405439595194,0.6070381231671553,188.5483870967742,28.225806451612904,11,18,0,0,17,8,0,0,0,31,3.5354838709677416,-2.0129032258064514,0.8096774193548387,119.5,70.42,12.470967741935485,Sallent de Gállego,44.61,75.36
Formigal,2022,4,Aragón,N,1510,2250,740,1,15,30,0.5,70.33333333333333,0.7454545454545455,0.561437908496732,0.49184149184149184,181.76470588235293,57.05882352941177,4,8,0,0,11,9,3,0,2,30,6.65,-1.4733333333333332,2.56,147.8,64.75,13.376666666666667,Sallent de Gállego,33.05,42.61
Formigal,2022,5,Aragón,N,1510,2250,740,1,0,31,0.0,,,,,,,0,0,0,0,0,9,2,0,0,31,15.170967741935485,6.054838709677419,10.893548387096773,39.1,0.91,12.916129032258064,Sallent de Gállego,,
Formigal,2022,6,Aragón,N,1510,2250,740,1,0,30,0.0,,,,,,,0,0,0,0,0,8,0,0,0,0,19.709999999999997,10.643333333333334,15.35,97.1,0.0,14.576666666666666,Sallent de Gállego,23.72,42.29
Formigal,2022,7,Aragón,N,1510,2250,740,1,0,31,0.0,,,,,,,0,0,0,0,0,10,0,0,0,0,23.983870967741936,13.019354838709678,19.05483870967742,17.5,0.0,12.451612903225806,Sallent de Gállego,46.73,60.12
Formigal,2022,8,Aragón,N,1510,2250,740,1,0,31,0.0,,,,,,,0,0,0,0,0,8,1,0,0,0,22.79032258064516,12.696774193548388,17.816129032258065,45.0,0.0,13.225806451612904,Sallent de Gállego,61.18,70.47
Formigal,2022,9,Aragón,N,1510,2250,740,1,0,30,0.0,,,,,,,0,0,0,0,0,8,1,0,0,0,16.09,7.553333333333333,11.926666666666668,54.0,0.7,13.046666666666665,Sallent de Gállego,31.49,28.79
Formigal,2022,10,Aragón,N,1510,2250,740,1,0,31,0.0,,,,,,,0,0,0,0,0,10,1,0,0,31,14.2,6.758064516129032,10.374193548387098,158.8,0.0,12.303225806451614,Sallent de Gállego,,
Formigal,2022,11,Aragón,N,1510,2250,740,1,0,30,0.0,,,,,,,0,0,0,0,0,8,1,0,0,30,6.430000000000001,0.7033333333333334,3.7366666666666664,182.0,46.9,12.536666666666667,Sallent de Gállego,,
Formigal,2022,12,Aragón,N,1510,2250,740,1,28,31,0.9032258064516129,43.535714285714285,0.7435064935064936,0.33893557422969184,0.3044455544455544,73.57142857142857,27.142857142857142,11,21,0,0,3,9,4,2,0,31,4.164516129032258,-1.6,1.435483870967742,148.5,35.98,9.319354838709677,Sallent de Gállego,36.08,27.88
Formigal,2023,1,Aragón,N,1510,2250,740,1,31,31,1.0,70.41935483870968,0.750733137829912,0.523719165085389,0.49244304083013757,111.45161290322581,35.0,23,8,0,0,2,9,2,2,0,31,1.0870967741935484,-5.641935483870968,-2.303225806451613,188.7,123.76,14.041935483870969,Sallent de Gállego,58.41,57.2
Formigal,2023,2,Aragón,N,1510,2250,740,1,28,28,1.0,131.10714285714286,0.9512987012987013,0.9103641456582634,0.9168331668331667,189.64285714285714,58.035714285714285,25,14,0,0,2,8,1,0,0,28,3.2285714285714286,-5.396428571428571,-0.5357142857142857,55.5,37.45,10.692857142857141,Sallent de Gállego,74.7,86.59
Formigal,2023,3,Aragón,N,1510,2250,740,1,31,31,1.0,76.45161290322581,0.8724340175953079,0.5506008855154965,0.5346266636589218,150.6451612903226,36.935483870967744,6,8,0,0,18,8,0,0,0,31,7.319354838709677,-0.6580645161290322,3.5903225806451613,71.5,13.58,12.241935483870968,Sallent de Gállego,45.34,74.65
Formigal,2023,4,Aragón,N,1510,2250,740,1,9,30,0.3,31.11111111111111,0.6515151515151515,0.22657952069716775,0.2175602175602175,88.33333333333333,34.44444444444444,3,5,0,0,5,10,3,0,2,30,9.733333333333333,0.9700000000000001,5.5233333333333325,83.9,24.5,14.24,Sallent de Gállego,35.03,45.1
Formigal,2023,5,Aragón,N,1510,2250,740,1,0,31,0.0,,,,,,,0,0,0,0,0,8,2,0,0,31,12.035483870967743,3.2838709677419353,7.635483870967741,93.1,4.41,13.77741935483871,Sallent de Gállego,,
Formigal,2023,6,Aragón,N,1510,2250,740,1,0,30,0.0,,,,,,,0,0,0,0,0,8,0,0,0,0,16.779999999999998,8.563333333333333,13.0,166.6,0.0,10.743333333333334,Sallent de Gállego,,
Formigal,2023,7,Aragón,N,1510,2250,740,1,0,31,0.0,,,,,,,0,0,0,0,0,10,0,0,0,0,20.07741935483871,10.996774193548386,15.893548387096773,39.8,0.0,13.561290322580644,Sallent de Gállego,46.46,71.12
Formigal,2023,8,Aragón,N,1510,2250,740,1,0,31,0.0,,,,,,,0,0,0,0,0,8,1,0,0,0,21.396774193548385,11.845161290322581,16.783870967741933,40.8,0.0,15.848387096774195,Sallent de Gállego,63.36,68.99
Formigal,2023,9,Aragón,N,1510,2250,740,1,0,30,0.0,,,,,,,0,0,0,0,0,9,1,0,0,0,17.513333333333332,9.573333333333332,13.456666666666667,71.3,0.0,13.020000000000001,Sallent de Gállego,26.93,32.29
Formigal,2023,10,Aragón,N,1510,2250,740,1,0,31,0.0,,,,,,,0,0,0,0,0,9,1,0,0,31,13.080645161290322,6.732258064516128,10.01290322580645,388.20000000000005,0.7,12.35483870967742,Sallent de Gállego,,
Formigal,2023,11,Aragón,N,1510,2250,740,1,0,30,0.0,,,,,,,0,0,0,0,0,8,1,0,0,30,6.319999999999999,0.19666666666666666,3.4433333333333334,296.9,52.36,14.213333333333333,Sallent de Gállego,,
Formigal,2023,12,Aragón,N,1510,2250,740,1,16,31,0.5161290322580645,19.625,0.5089285714285714,0.14727722772277227,0.13723776223776218,44.375,20.0,0,13,0,0,0,10,4,2,0,31,5.47741935483871,-1.070967741935484,2.296774193548387,111.7,40.46,13.125806451612904,Sallent de Gállego,28.45,28.21
Formigal,2024,1,Aragón,N,1510,2250,740,1,29,31,0.9354838709677419,35.3448275862069,0.6912972085385879,0.2686923864800273,0.24716662647697127,48.44827586206897,17.06896551724138,11,17,0,0,8,8,2,2,0,31,5.238709677419355,-1.2935483870967743,2.1193548387096777,99.4,19.39,11.116129032258065,Sallent de Gállego,45.87,51.86
Formigal,2024,2,Aragón,N,1510,2250,740,1,29,29,1.0,50.793103448275865,0.8177339901477833,0.400819392284056,0.35519652761032067,91.37931034482759,27.586206896551722,14,15,0,0,12,8,1,0,0,29,5.337931034482759,-1.9689655172413794,1.813793103448276,217.70000000000002,136.85,15.072413793103449,Sallent de Gállego,49.32,54.44
Formigal,2024,3,Aragón,N,1510,2250,740,1,31,31,1.0,102.90322580645162,0.8863287250384025,0.7476844458639412,0.7196029776674938,208.5483870967742,71.29032258064517,16,0,0,0,12,10,2,0,2,31,4.158064516129032,-2.92258064516129,1.1225806451612903,316.9,186.62,13.574193548387097,Sallent de Gállego,63.95,64.82
Formigal,2024,4,Aragón,N,1510,2250,740,1,7,30,0.23333333333333334,94.0,0.8503401360544218,0.6973125884016973,0.6573426573426574,183.57142857142858,20.0,3,1,0,0,5,8,1,0,0,30,7.45,-0.6633333333333333,3.4733333333333336,96.2,26.669999999999998,14.006666666666666,Sallent de Gállego,23.42,17.62
Formigal,2024,5,Aragón,N,1510,2250,740,1,0,31,0.0,,,,,,,0,0,0,0,0,8,2,0,0,31,10.529032258064515,2.3096774193548386,6.619354838709677,103.4,14.35,12.86774193548387,Sallent de Gállego,,
Formigal,2024,6,Aragón,N,1510,2250,740,1,0,30,0.0,,,,,,,0,0,0,0,0,10,0,0,0,0,16.12666666666667,7.3566666666666665,11.956666666666667,76.0,0.0,13.606666666666666,Sallent de Gállego,,
Formigal,2024,7,Aragón,N,1510,2250,740,1,0,31,0.0,,,,,,,0,0,0,0,0,8,0,0,0,0,21.29032258064516,11.412903225806453,16.63225806451613,53.2,0.0,14.12258064516129,Sallent de Gállego,48.61,57.59
Formigal,2024,8,Aragón,N,1510,2250,740,1,0,31,0.0,,,,,,,0,0,0,0,0,9,1,0,0,0,22.25483870967742,12.603225806451613,17.51290322580645,73.8,0.0,13.580645161290322,Sallent de Gállego,69.28,71.63
Formigal,2024,9,Aragón,N,1510,2250,740,1,0,30,0.0,,,,,,,0,0,0,0,0,9,1,0,0,0,12.993333333333334,5.576666666666667,9.133333333333333,155.8,0.0,13.916666666666666,Sallent de Gállego,29.07,36.19
Formigal,2024,10,Aragón,N,1510,2250,740,1,0,31,0.0,,,,,,,0,0,0,0,0,8,1,0,0,31,10.845161290322581,4.619354838709677,7.838709677419355,273.6,7.7700000000000005,13.312903225806451,Sallent de Gállego,,
Formigal,2024,11,Aragón,N,1510,2250,740,1,0,30,0.0,,,,,,,0,0,0,0,0,9,1,0,0,30,8.193333333333333,1.2133333333333334,4.3933333333333335,75.4,6.23,11.446666666666665,Sallent de Gállego,,
Formigal,2024,12,Aragón,N,1510,2250,740,1,18,31,0.5806451612903226,49.44444444444444,0.8148148148148148,0.3916391639163916,0.34576534576534573,59.21052631578947,21.05263157894737,8,17,0,0,0,9,4,2,0,31,2.9451612903225803,-2.893548387096774,0.09354838709677414,122.9,71.47,13.716129032258063,Sallent de Gállego,33.99,33.61
Formigal,2025,1,Aragón,N,1510,2250,740,1,31,31,1.0,51.70967741935484,0.8494623655913978,0.40945384861066747,0.36160613579968415,63.064516129032256,26.29032258064516,16,21,0,0,0,8,2,2,0,31,2.2838709677419353,-3.5870967741935487,-0.5774193548387097,170.1,56.769999999999996,12.812903225806451,Sallent de Gállego,54.42,65.82
Formigal,2025,2,Aragón,N,1510,2250,740,1,28,28,1.0,100.5,0.9829931972789117,0.7492927864214993,0.7027972027972027,145.35714285714286,52.857142857142854,13,14,0,0,9,8,1,0,0,28,3.9892857142857143,-4.05,-0.04642857142857139,70.3,37.8,9.87142857142857,Sallent de Gállego,72.01,89.49
Formigal,2025,3,Aragón,N,1510,2250,740,1,30,31,0.967741935483871,88.36666666666666,0.9111111111111111,0.6534653465346535,0.6179487179487179,154.19354838709677,41.45161290322581,13,14,0,0,12,10,0,0,0,31,3.6258064516129034,-2.8483870967741933,0.19677419354838716,160.1,70.14,16.725806451612904,Sallent de Gállego,52.63,68.22
Formigal,2025,4,Aragón,N,1510,2250,740,1,19,30,0.6333333333333333,59.8421052631579,0.6240601503759399,0.45492443981240227,0.4184762605815237,143.5,28.0,3,6,0,0,11,8,3,0,2,30,9.153333333333334,1.1766666666666665,4.9366666666666665,130.4,39.480000000000004,13.956666666666667,Sallent de Gállego,19.08,37.0
Formigal,2025,5,Aragón,N,1510,2250,740,1,0,31,0.0,,,,,,,0,0,0,0,0,9,2,0,0,31,12.206451612903225,3.416129032258065,7.84516129032258,102.1,7.98,14.235483870967743,Sallent de Gállego,,
Formigal,2025,6,Aragón,N,1510,2250,740,1,0,30,0.0,,,,,,,0,0,0,0,0,9,0,0,0,0,21.513333333333332,11.883333333333333,16.58,73.4,0.0,13.733333333333333,Sallent de Gállego,,
Formigal,2025,7,Aragón,N,1510,2250,740,1,0,31,0.0,,,,,,,0,0,0,0,0,8,0,0,0,0,20.674193548387095,10.851612903225806,15.600000000000001,66.8,0.0,13.887096774193548,Sallent de Gállego,47.17,64.92
Formigal,2025,8,Aragón,N,1510,2250,740,1,0,31,0.0,,,,,,,0,0,0,0,0,10,1,0,0,0,22.596774193548388,13.02258064516129,17.561290322580643,52.2,0.0,13.506451612903225,Sallent de Gállego,63.07,53.33
Formigal,2025,9,Aragón,N,1510,2250,740,1,0,8,0.0,,,,,,,0,0,0,0,0,2,0,0,0,0,17.075,7.7875,12.275,20.3,0.0,13.6375,Sallent de Gállego,26.64,32.34
Fuentes de Invierno,2018,1,Asturias,N,1650,1920,270,1,30,30,1.0,7.563999999999999,0.94,0.851111111111111,0.8634703196347032,93.33333333333333,24.666666666666668,18,13,0,0,4,8,1,1,0,30,,,,0.0,0.0,,,,
Fuentes de Invierno,2018,2,Asturias,N,1650,1920,270,1,22,27,0.8148148148148148,8.00478260869565,0.9565217391304348,0.8869565217391304,0.913787969029184,320.74074074074076,135.92592592592592,21,7,0,0,0,7,1,0,0,27,,,,0.0,0.0,,,,
Fuentes de Invierno,2018,3,Asturias,N,1650,1920,270,1,27,29,0.9310344827586207,7.523333333333333,0.9185185185185185,0.8320987654320987,0.8588280060882801,337.9310344827586,133.79310344827587,22,6,0,0,1,8,1,0,1,29,,,,0.0,0.0,,,,
Fuentes de Invierno,2018,4,Asturias,N,1650,1920,270,1,8,29,0.27586206896551724,7.547499999999999,0.9,0.8333333333333333,0.8615867579908676,406.25,196.25,3,3,0,0,5,8,1,0,0,29,,,,0.0,0.0,,,,
Fuentes de Invierno,2018,5,Asturias,N,1650,1920,270,1,0,31,0.0,,,,,,,0,0,0,0,0,8,2,0,0,31,,,,0.0,0.0,,,,
Fuentes de Invierno,2018,6,Asturias,N,1650,1920,270,1,0,30,0.0,,,,,,,0,0,0,0,0,9,0,0,0,0,,,,0.0,0.0,,,,
Fuentes de Invierno,2018,7,Asturias,N,1650,1920,270,1,0,31,0.0,,,,,,,0,0,0,0,0,9,0,0,0,0,,,,0.0,0.0,,,,
Fuentes de Invierno,2018,8,Asturias,N,1650,1920,270,1,0,31,0.0,,,,,,,0,0,0,0,0,8,1,0,0,0,,,,0.0,0.0,,,,
Fuentes de Invierno,2018,9,Asturias,N,1650,1920,270,1,0,30,0.0,,,,,,,0,0,0,0,0,10,1,0,0,0,,,,0.0,0.0,,,,
Fuentes de Invierno,2018,10,Asturias,N,1650,1920,270,1,0,31,0.0,,,,,,,0,0,0,0,0,8,1,0,0,31,,,,0.0,0.0,,,,
Fuentes de Invierno,2018,11,Asturias,N,1650,1920,270,1,0,30,0.0,,,,,,,0,0,0,0,0,8,1,0,0,30,,,,0.0,0.0,,,,
Fuentes de Invierno,2018,12,Asturias,N,1650,1920,270,1,0,31,0.0,,,,,,,0,0,0,0,0,10,4,2,0,31,,,,0.0,0.0,,,,
Fuentes de Invierno,2019,1,Asturias,N,1650,1920,270,1,8,31,0.25806451612903225,6.65625,0.875,0.6833333333333332,0.7598458904109588,133.33333333333334,28.88888888888889,7,3,0,0,1,8,2,2,0,31,,,,0.0,0.0,,,,
Fuentes de Invierno,2019,2,Asturias,N,1650,1920,270,1,26,28,0.9285714285714286,8.62653846153846,0.9923076923076923,0.9794871794871796,0.9847646645591852,191.11111111111111,39.629629629629626,15,22,0,0,11,8,1,0,0,28,,,,0.0,0.0,,,,
Fuentes de Invierno,2019,3,Asturias,N,1650,1920,270,1,29,29,1.0,8.052413793103447,0.9724137931034482,0.9379310344827586,0.9192253188474255,163.44827586206895,18.448275862068964,14,7,0,0,13,9,0,0,0,29,,,,0.0,0.0,,,,
Fuentes de Invierno,2019,4,Asturias,N,1650,1920,270,1,20,29,0.6896551724137931,5.321,0.97,0.7633333333333334,0.6074200913242009,148.5,34.0,9,9,0,0,5,8,3,0,2,29,,,,0.0,0.0,,,,
Fuentes de Invierno,2019,5,Asturias,N,1650,1920,270,1,0,31,0.0,,,,,,,0,0,0,0,0,8,2,0,0,31,,,,0.0,0.0,,,,
Fuentes de Invierno,2019,6,Asturias,N,1650,1920,270,1,0,30,0.0,,,,,,,0,0,0,0,0,10,0,0,0,0,,,,0.0,0.0,,,,
Fuentes de Invierno,2019,7,Asturias,N,1650,1920,270,1,0,31,0.0,,,,,,,0,0,0,0,0,8,0,0,0,0,,,,0.0,0.0,,,,
Fuentes de Invierno,2019,8,Asturias,N,1650,1920,270,1,0,31,0.0,,,,,,,0,0,0,0,0,9,1,0,0,0,,,,0.0,0.0,,,,
Fuentes de Invierno,2019,9,Asturias,N,1650,1920,270,1,0,30,0.0,,,,,,,0,0,0,0,0,9,1,0,0,0,,,,0.0,0.0,,,,
Fuentes de Invierno,2019,10,Asturias,N,1650,1920,270,1,0,31,0.0,,,,,,,0,0,0,0,0,8,1,0,0,31,,,,0.0,0.0,,,,
Fuentes de Invierno,2019,11,Asturias,N,1650,1920,270,1,2,30,0.06666666666666667,7.8149999999999995,1.0,0.8333333333333333,0.8921232876712328,130.0,30.0,0,1,0,0,1,9,1,0,0,30,,,,0.0,0.0,,,,
Fuentes de Invierno,2019,12,Asturias,N,1650,1920,270,1,27,31,0.8709677419354839,8.087407407407406,0.9629629629629629,0.9135802469135802,0.9232200236766447,145.17241379310346,27.93103448275862,12,12,0,0,11,9,4,2,0,31,,,,0.0,0.0,,,,
Fuentes de Invierno,2020,1,Asturias,N,1650,1920,270,1,31,31,1.0,7.604516129032257,0.9419354838709677,0.8602150537634408,0.8680954485196642,158.06451612903226,16.451612903225808,13,16,0,0,4,8,2,2,0,31,,,,0.0,0.0,,,,
Fuentes de Invierno,2020,2,Asturias,N,1650,1920,270,1,26,27,0.9629629629629629,5.053461538461539,0.9846153846153847,0.7384615384615384,0.5768791710572533,88.46153846153847,18.846153846153847,3,3,0,0,17,7,1,0,0,27,,,,0.0,0.0,,,,
Fuentes de Invierno,2020,3,Asturias,N,1650,1920,270,1,11,31,0.3548387096774194,2.645454545454545,0.8181818181818182,0.4606060606060606,0.30199252801992527,38.18181818181818,9.090909090909092,3,1,0,0,5,9,0,0,0,31,,,,0.0,0.0,,,,
Fuentes de Invierno,2020,4,Asturias,N,1650,1920,270,1,0,30,0.0,,,,,,,0,0,0,0,0,8,3,0,2,30,,,,0.0,0.0,,,,
Fuentes de Invierno,2020,5,Asturias,N,1650,1920,270,1,0,31,0.0,,,,,,,0,0,0,0,0,10,2,0,0,31,,,,0.0,0.0,,,,
Fuentes de Invierno,2020,6,Asturias,N,1650,1920,270,1,0,30,0.0,,,,,,,0,0,0,0,0,8,0,0,0,0,,,,0.0,0.0,,,,
Fuentes de Invierno,2020,7,Asturias,N,1650,1920,270,1,0,31,0.0,,,,,,,0,0,0,0,0,8,0,0,0,0,,,,0.0,0.0,,,,
Fuentes de Invierno,2020,8,Asturias,N,1650,1920,270,1,0,31,0.0,,,,,,,0,0,0,0,0,10,1,0,0,0,,,,0.0,0.0,,,,
Fuentes de Invierno,2020,9,Asturias,N,1650,1920,270,1,0,30,0.0,,,,,,,0,0,0,0,0,8,1,0,0,0,,,,0.0,0.0,,,,
Fuentes de Invierno,2020,10,Asturias,N,1650,1920,270,1,0,31,0.0,,,,,,,0,0,0,0,0,9,1,0,0,31,,,,0.0,0.0,,,,
Fuentes de Invierno,2020,11,Asturias,N,1650,1920,270,1,0,30,0.0,,,,,,,0,0,0,0,0,9,1,0,0,30,,,,0.0,0.0,,,,
Fuentes de Invierno,2020,12,Asturias,N,1650,1920,270,1,0,31,0.0,,,,,,,0,0,0,0,0,8,4,2,0,31,,,,0.0,0.0,,,,
Fuentes de Invierno,2021,1,Asturias,N,1650,1920,270,1,0,31,0.0,,,,,,,0,0,0,0,0,10,2,2,0,31,,,,0.0,0.0,,,,
Fuentes de Invierno,2021,2,Asturias,N,1650,1920,270,1,17,28,0.6071428571428571,7.856470588235294,0.9294117647058824,0.8823529411764706,0.8968573730862208,156.57894736842104,40.26315789473684,2,9,0,0,8,8,1,0,0,28,,,,0.0,0.0,,,,
Fuentes de Invierno,2021,3,Asturias,N,1650,1920,270,1,31,31,1.0,8.151935483870968,0.967741935483871,0.9333333333333333,0.9305862424510237,159.3548387096774,24.193548387096776,10,23,0,0,18,8,0,0,0,31,,,,0.0,0.0,,,,
Fuentes de Invierno,2021,4,Asturias,N,1650,1920,270,1,4,30,0.13333333333333333,4.5825000000000005,0.95,0.7000000000000001,0.5231164383561644,100.0,21.25,0,2,0,0,3,8,3,0,2,30,,,,0.0,0.0,,,,
Fuentes de Invierno,2021,5,Asturias,N,1650,1920,270,1,0,31,0.0,,,,,,,0,0,0,0,0,10,2,0,0,31,,,,0.0,0.0,,,,
Fuentes de Invierno,2021,6,Asturias,N,1650,1920,270,1,0,30,0.0,,,,,,,0,0,0,0,0,8,0,0,0,0,,,,0.0,0.0,,,,
Fuentes de Invierno,2021,7,Asturias,N,1650,1920,270,1,0,31,0.0,,,,,,,0,0,0,0,0,9,0,0,0,0,,,,0.0,0.0,,,,
Fuentes de Invierno,2021,8,Asturias,N,1650,1920,270,1,0,31,0.0,,,,,,,0,0,0,0,0,9,1,0,0,0,,,,0.0,0.0,,,,
Fuentes de Invierno,2021,9,Asturias,N,1650,1920,270,1,0,30,0.0,,,,,,,0,0,0,0,0,8,1,0,0,0,,,,0.0,0.0,,,,
Fuentes de Invierno,2021,10,Asturias,N,1650,1920,270,1,0,31,0.0,,,,,,,0,0,0,0,0,10,1,0,0,31,,,,0.0,0.0,,,,
Fuentes de Invierno,2021,11,Asturias,N,1650,1920,270,1,0,30,0.0,,,,,,,0,0,0,0,0,8,1,0,0,30,,,,0.0,0.0,,,,
Fuentes de Invierno,2021,12,Asturias,N,1650,1920,270,1,29,31,0.9354838709677419,7.06551724137931,0.8714285714285713,0.7793103448275862,0.8065658951346244,172.0,56.333333333333336,4,10,0,0,2,8,4,2,0,31,,,,0.0,0.0,,,,
Fuentes de Invierno,2022,1,Asturias,N,1650,1920,270,1,31,31,1.0,8.636129032258063,0.9870967741935485,0.9827956989247313,0.9858594785682722,119.6774193548387,20.967741935483872,21,19,0,0,2,10,2,2,0,31,,,,0.0,0.0,,,,
Fuentes de Invierno,2022,2,Asturias,N,1650,1920,270,1,28,28,1.0,8.69142857142857,0.9928571428571429,0.9904761904761905,0.9921722113502935,118.92857142857143,18.214285714285715,9,11,0,0,15,8,1,0,0,28,,,,0.0,0.0,,,,
Fuentes de Invierno,2022,3,Asturias,N,1650,1920,270,1,30,31,0.967741935483871,7.116333333333333,0.9533333333333334,0.8666666666666667,0.8123668188736682,102.58064516129032,19.677419354838708,10,4,0,0,4,8,0,0,0,31,,,,0.0,0.0,,,,
Fuentes de Invierno,2022,4,Asturias,N,1650,1920,270,1,15,30,0.5,3.9526666666666666,0.88,0.6088888888888888,0.45121765601217656,82.5,25.3125,5,3,0,0,8,9,3,0,2,30,,,,0.0,0.0,,,,
Fuentes de Invierno,2022,5,Asturias,N,1650,1920,270,1,0,31,0.0,,,,,,,0,0,0,0,0,9,2,0,0,31,,,,0.0,0.0,,,,
Fuentes de Invierno,2022,6,Asturias,N,1650,1920,270,1,0,30,0.0,,,,,,,0,0,0,0,0,8,0,0,0,0,,,,0.0,0.0,,,,
Fuentes de Invierno,2022,7,Asturias,N,1650,1920,270,1,0,31,0.0,,,,,,,0,0,0,0,0,10,0,0,0,0,,,,0.0,0.0,,,,
Fuentes de Invierno,2022,8,Asturias,N,1650,1920,270,1,0,31,0.0,,,,,,,0,0,0,0,0,8,1,0,0,0,,,,0.0,0.0,,,,
Fuentes de Invierno,2022,9,Asturias,N,1650,1920,270,1,0,30,0.0,,,,,,,0,0,0,0,0,8,1,0,0,0,,,,0.0,0.0,,,,
Fuentes de Invierno,2022,10,Asturias,N,1650,1920,270,1,0,31,0.0,,,,,,,0,0,0,0,0,10,1,0,0,31,,,,0.0,0.0,,,,
Fuentes de Invierno,2022,11,Asturias,N,1650,1920,270,1,0,30,0.0,,,,,,,0,0,0,0,0,8,1,0,0,30,,,,0.0,0.0,,,,
Fuentes de Invierno,2022,12,Asturias,N,1650,1920,270,1,0,31,0.0,,,,,,,0,0,0,0,0,9,4,2,0,31,,,,0.0,0.0,,,,
Fuentes de Invierno,2023,1,Asturias,N,1650,1920,270,1,10,31,0.3225806451612903,7.275,0.9,0.7733333333333332,0.8304794520547946,102.0,32.0,10,3,0,0,0,9,2,2,0,31,,,,0.0,0.0,,,,
Fuentes de Invierno,2023,2,Asturias,N,1650,1920,270,1,28,28,1.0,8.485714285714286,0.9714285714285714,0.9619047619047619,0.9686888454011742,145.71428571428572,45.714285714285715,24,14,0,0,3,8,1,0,0,28,,,,0.0,0.0,,,,
Fuentes de Invierno,2023,3,Asturias,N,1650,1920,270,1,23,31,0.7419354838709677,4.653478260869565,0.773913043478261,0.5420289855072464,0.5312189795513202,76.52173913043478,27.17391304347826,6,1,0,0,12,8,0,0,0,31,,,,0.0,0.0,,,,
Fuentes de Invierno,2023,4,Asturias,N,1650,1920,270,1,0,30,0.0,,,,,,,0,0,0,0,0,10,3,0,2,30,,,,0.0,0.0,,,,
Fuentes de Invierno,2023,5,Asturias,N,1650,1920,270,1,0,31,0.0,,,,,,,0,0,0,0,0,8,2,0,0,31,,,,0.0,0.0,,,,
Fuentes de Invierno,2023,6,Asturias,N,1650,1920,270,1,0,30,0.0,,,,,,,0,0,0,0,0,8,0,0,0,0,,,,0.0,0.0,,,,
Fuentes de Invierno,2023,7,Asturias,N,1650,1920,270,1,0,31,0.0,,,,,,,0,0,0,0,0,10,0,0,0,0,,,,0.0,0.0,,,,
Fuentes de Invierno,2023,8,Asturias,N,1650,1920,270,1,0,31,0.0,,,,,,,0,0,0,0,0,8,1,0,0,0,,,,0.0,0.0,,,,
Fuentes de Invierno,2023,9,Asturias,N,1650,1920,270,1,0,30,0.0,,,,,,,0,0,0,0,0,9,1,0,0,0,,,,0.0,0.0,,,,
Fuentes de Invierno,2023,10,Asturias,N,1650,1920,270,1,0,31,0.0,,,,,,,0,0,0,0,0,9,1,0,0,31,,,,0.0,0.0,,,,
Fuentes de Invierno,2023,11,Asturias,N,1650,1920,270,1,0,30,0.0,,,,,,,0,0,0,0,0,8,1,0,0,30,,,,0.0,0.0,,,,
Fuentes de Invierno,2023,12,Asturias,N,1650,1920,270,1,0,31,0.0,,,,,,,0,0,0,0,0,10,4,2,0,31,,,,0.0,0.0,,,,
Fuentes de Invierno,2024,1,Asturias,N,1650,1920,270,1,7,31,0.22580645161290322,5.105714285714286,0.7142857142857143,0.5047619047619047,0.5828440965427266,22.857142857142858,16.428571428571427,4,0,0,0,0,8,2,2,0,31,,,,0.0,0.0,,,,
Fuentes de Invierno,2024,2,Asturias,N,1650,1920,270,1,3,29,0.10344827586206896,4.513333333333333,0.7333333333333334,0.4444444444444444,0.515220700152207,63.333333333333336,26.666666666666668,3,0,0,0,0,8,1,0,0,29,,,,0.0,0.0,,,,
Fuentes de Invierno,2024,3,Asturias,N,1650,1920,270,1,31,31,1.0,5.1012903225806445,0.8064516129032258,0.5827956989247312,0.5823390779201649,70.64516129032258,27.258064516129032,18,6,0,0,13,10,2,0,2,31,,,,0.0,0.0,,,,
Fuentes de Invierno,2024,4,Asturias,N,1650,1920,270,1,5,30,0.16666666666666666,0.6679999999999999,0.6,0.18666666666666668,0.07625570776255705,13.0,13.0,2,1,0,0,3,8,1,0,0,30,,,,0.0,0.0,,,,
Fuentes de Invierno,2024,5,Asturias,N,1650,1920,270,1,0,31,0.0,,,,,,,0,0,0,0,0,8,2,0,0,31,,,,0.0,0.0,,,,
Fuentes de Invierno,2024,6,Asturias,N,1650,1920,270,1,0,30,0.0,,,,,,,0,0,0,0,0,10,0,0,0,0,,,,0.0,0.0,,,,
Fuentes de Invierno,2024,7,Asturias,N,1650,1920,270,1,0,31,0.0,,,,,,,0,0,0,0,0,8,0,0,0,0,,,,0.0,0.0,,,,
Fuentes de Invierno,2024,8,Asturias,N,1650,1920,270,1,0,31,0.0,,,,,,,0,0,0,0,0,9,1,0,0,0,,,,0.0,0.0,,,,
Fuentes de Invierno,2024,9,Asturias,N,1650,1920,270,1,0,30,0.0,,,,,,,0,0,0,0,0,9,1,0,0,0,,,,0.0,0.0,,,,
Fuentes de Invierno,2024,10,Asturias,N,1650,1920,270,1,0,31,0.0,,,,,,,0,0,0,0,0,8,1,0,0,31,,,,0.0,0.0,,,,
Fuentes de Invierno,2024,11,Asturias,N,1650,1920,270,1,0,30,0.0,,,,,,,0,0,0,0,0,9,1,0,0,30,,,,0.0,0.0,,,,
Fuentes de Invierno,2024,12,Asturias,N,1650,1920,270,1,19,31,0.6129032258064516,5.581052631578947,0.8421052631578947,0.5403508771929824,0.6371064647921173,24.0,17.0,8,5,0,0,7,9,4,2,0,31,,,,0.0,0.0,,,,
Fuentes de Invierno,2025,1,Asturias,N,1650,1920,270,1,4,31,0.12903225806451613,4.505,0.75,0.43333333333333335,0.514269406392694,10.0,10.0,0,0,0,0,1,8,2,2,0,31,,,,0.0,0.0,,,,
Fuentes de Invierno,2025,2,Asturias,N,1650,1920,270,1,18,28,0.6428571428571429,4.147222222222222,0.7222222222222222,0.41481481481481475,0.4734271943176053,13.055555555555555,13.055555555555555,5,3,0,0,6,8,1,0,0,28,,,,0.0,0.0,,,,
Fuentes de Invierno,2025,3,Asturias,N,1650,1920,270,1,5,31,0.16129032258064516,1.6779999999999997,0.76,0.29333333333333333,0.1915525114155251,16.0,14.0,0,1,0,0,4,10,0,0,0,31,,,,0.0,0.0,,,,
Fuentes de Invierno,2025,4,Asturias,N,1650,1920,270,1,0,30,0.0,,,,,,,0,0,0,0,0,8,3,0,2,30,,,,0.0,0.0,,,,
Fuentes de Invierno,2025,5,Asturias,N,1650,1920,270,1,0,31,0.0,,,,,,,0,0,0,0,0,9,2,0,0,31,,,,0.0,0.0,,,,
Fuentes de Invierno,2025,6,Asturias,N,1650,1920,270,1,0,30,0.0,,,,,,,0,0,0,0,0,9,0,0,0,0,,,,0.0,0.0,,,,
Fuentes de Invierno,2025,7,Asturias,N,1650,1920,270,1,0,31,0.0,,,,,,,0,0,0,0,0,8,0,0,0,0,,,,0.0,0.0,,,,
Fuentes de Invierno,2025,8,Asturias,N,1650,1920,270,1,0,31,0.0,,,,,,,0,0,0,0,0,10,1,0,0,0,,,,0.0,0.0,,,,
Fuentes de Invierno,2025,9,Asturias,N,1650,1920,270,1,0,8,0.0,,,,,,,0,0,0,0,0,2,0,0,0,0,,,,0.0,0.0,,,,
Javalambre,2018,1,Aragón,N,1730,2020,290,1,30,30,1.0,13.733333333333333,0.9458333333333333,0.8425925925925927,0.9155555555555555,85.0,28.333333333333332,24,20,0,0,5,8,1,1,0,30,,,,0.0,0.0,,,,
Javalambre,2018,2,Aragón,N,1730,2020,290,1,26,27,0.9629629629629629,14.5,0.8894230769230769,0.9615384615384616,0.9666666666666667,149.25925925925927,53.7037037037037,23,13,0,0,0,7,1,0,0,27,,,,0.0,0.0,,,,
Javalambre,2018,3,Aragón,N,1730,2020,290,1,29,29,1.0,13.655172413793103,0.8362068965517241,0.8659003831417624,0.9103448275862068,137.24137931034483,33.44827586206897,15,21,0,0,11,8,1,0,1,29,,,,0.0,0.0,,,,
Javalambre,2018,4,Aragón,N,1730,2020,290,1,2,29,0.06896551724137931,15.0,1.0,0.9444444444444444,1.0,120.0,30.0,0,1,0,0,2,8,1,0,0,29,,,,0.0,0.0,,,,
Javalambre,2018,5,Aragón,N,1730,2020,290,1,0,31,0.0,,,,,,,0,0,0,0,0,8,2,0,0,31,,,,0.0,0.0,,,,
Javalambre,2018,6,Aragón,N,1730,2020,290,1,0,30,0.0,,,,,,,0,0,0,0,0,9,0,0,0,0,,,,0.0,0.0,,,,
Javalambre,2018,7,Aragón,N,1730,2020,290,1,0,31,0.0,,,,,,,0,0,0,0,0,9,0,0,0,0,,,,0.0,0.0,,,,
Javalambre,2018,8,Aragón,N,1730,2020,290,1,0,31,0.0,,,,,,,0,0,0,0,0,8,1,0,0,0,,,,0.0,0.0,,,,
Javalambre,2018,9,Aragón,N,1730,2020,290,1,0,30,0.0,,,,,,,0,0,0,0,0,10,1,0,0,0,,,,0.0,0.0,,,,
Javalambre,2018,10,Aragón,N,1730,2020,290,1,0,31,0.0,,,,,,,0,0,0,0,0,8,1,0,0,31,,,,0.0,0.0,,,,
Javalambre,2018,11,Aragón,N,1730,2020,290,1,0,30,0.0,,,,,,,0,0,0,0,0,8,1,0,0,30,,,,0.0,0.0,,,,
Javalambre,2018,12,Aragón,N,1730,2020,290,1,0,31,0.0,,,,,,,0,0,0,0,0,10,4,2,0,31,,,,0.0,0.0,,,,
Javalambre,2019,1,Aragón,N,1730,2020,290,1,19,31,0.6129032258064516,12.627777777777778,0.8187134502923976,0.7251461988304094,0.8418518518518519,58.94736842105263,27.63157894736842,18,17,0,0,0,8,2,2,0,31,,,,0.0,0.0,,,,
Javalambre,2019,2,Aragón,N,1730,2020,290,1,28,28,1.0,13.975,0.8373015873015872,0.8253968253968254,0.9316666666666666,78.57142857142857,33.92857142857143,24,28,0,0,3,8,1,0,0,28,,,,0.0,0.0,,,,
Javalambre,2019,3,Aragón,N,1730,2020,290,1,24,29,0.8275862068965517,11.625,0.7638888888888888,0.7083333333333334,0.775,55.0,18.75,0,20,0,0,20,9,0,0,0,29,,,,0.0,0.0,,,,
Javalambre,2019,4,Aragón,N,1730,2020,290,1,0,29,0.0,,,,,,,0,0,0,0,0,8,3,0,2,29,,,,0.0,0.0,,,,
Javalambre,2019,5,Aragón,N,1730,2020,290,1,0,31,0.0,,,,,,,0,0,0,0,0,8,2,0,0,31,,,,0.0,0.0,,,,
Javalambre,2019,6,Aragón,N,1730,2020,290,1,0,30,0.0,,,,,,,0,0,0,0,0,10,0,0,0,0,,,,0.0,0.0,,,,
Javalambre,2019,7,Aragón,N,1730,2020,290,1,0,31,0.0,,,,,,,0,0,0,0,0,8,0,0,0,0,,,,0.0,0.0,,,,
Javalambre,2019,8,Aragón,N,1730,2020,290,1,0,31,0.0,,,,,,,0,0,0,0,0,9,1,0,0,0,,,,0.0,0.0,,,,
Javalambre,2019,9,Aragón,N,1730,2020,290,1,0,30,0.0,,,,,,,0,0,0,0,0,9,1,0,0,0,,,,0.0,0.0,,,,
Javalambre,2019,10,Aragón,N,1730,2020,290,1,0,31,0.0,,,,,,,0,0,0,0,0,8,1,0,0,31,,,,0.0,0.0,,,,
Javalambre,2019,11,Aragón,N,1730,2020,290,1,1,30,0.03333333333333333,8.0,0.7777777777777778,0.5,0.5333333333333333,70.0,20.0,0,0,0,0,1,9,1,0,0,30,,,,0.0,0.0,,,,
Javalambre,2019,12,Aragón,N,1730,2020,290,1,20,31,0.6451612903225806,6.8549999999999995,0.611111111111111,0.45,0.457,72.25,25.25,9,15,0,0,5,9,4,2,0,31,,,,0.0,0.0,,,,
Javalambre,2020,1,Aragón,N,1730,2020,290,1,14,31,0.45161290322580644,10.907142857142857,0.6984126984126984,0.6785714285714286,0.7271428571428571,85.71428571428571,37.142857142857146,10,2,0,0,0,8,2,2,0,31,,,,0.0,0.0,,,,
Javalambre,2020,2,Aragón,N,1730,2020,290,1,27,27,1.0,9.72962962962963,0.7860082304526749,0.5617283950617283,0.6486419753086419,78.14814814814815,17.22222222222222,5,12,0,0,18,7,1,0,0,27,,,,0.0,0.0,,,,
Javalambre,2020,3,Aragón,N,1730,2020,290,1,6,31,0.1935483870967742,2.6,0.38888888888888884,0.19444444444444442,0.1733333333333333,40.0,15.0,0,1,0,0,7,9,0,0,0,31,,,,0.0,0.0,,,,
Javalambre,2020,4,Aragón,N,1730,2020,290,1,0,30,0.0,,,,,,,0,0,0,0,0,8,3,0,2,30,,,,0.0,0.0,,,,
Javalambre,2020,5,Aragón,N,1730,2020,290,1,0,31,0.0,,,,,,,0,0,0,0,0,10,2,0,0,31,,,,0.0,0.0,,,,
Javalambre,2020,6,Aragón,N,1730,2020,290,1,0,30,0.0,,,,,,,0,0,0,0,0,8,0,0,0,0,,,,0.0,0.0,,,,
Javalambre,2020,7,Aragón,N,1730,2020,290,1,0,31,0.0,,,,,,,0,0,0,0,0,8,0,0,0,0,,,,0.0,0.0,,,,
Javalambre,2020,8,Aragón,N,1730,2020,290,1,0,31,0.0,,,,,,,0,0,0,0,0,10,1,0,0,0,,,,0.0,0.0,,,,
Javalambre,2020,9,Aragón,N,1730,2020,290,1,0,30,0.0,,,,,,,0,0,0,0,0,8,1,0,0,0,,,,0.0,0.0,,,,
Javalambre,2020,10,Aragón,N,1730,2020,290,1,0,31,0.0,,,,,,,0,0,0,0,0,9,1,0,0,31,,,,0.0,0.0,,,,
Javalambre,2020,11,Aragón,N,1730,2020,290,1,0,30,0.0,,,,,,,0,0,0,0,0,9,1,0,0,30,,,,0.0,0.0,,,,
Javalambre,2020,12,Aragón,N,1730,2020,290,1,0,31,0.0,,,,,,,0,0,0,0,0,8,4,2,0,31,,,,0.0,0.0,,,,
Javalambre,2021,1,Aragón,N,1730,2020,290,1,0,31,0.0,,,,,,,0,0,0,0,0,10,2,2,0,31,,,,0.0,0.0,,,,
Javalambre,2021,2,Aragón,N,1730,2020,290,1,0,28,0.0,,,,,,,0,0,0,0,0,8,1,0,0,28,,,,0.0,0.0,,,,
Javalambre,2021,3,Aragón,N,1730,2020,290,1,0,31,0.0,,,,,,,0,0,0,0,0,8,0,0,0,31,,,,0.0,0.0,,,,
Javalambre,2021,4,Aragón,N,1730,2020,290,1,0,30,0.0,,,,,,,0,0,0,0,0,8,3,0,2,30,,,,0.0,0.0,,,,
Javalambre,2021,5,Aragón,N,1730,2020,290,1,0,31,0.0,,,,,,,0,0,0,0,0,10,2,0,0,31,,,,0.0,0.0,,,,
Javalambre,2021,6,Aragón,N,1730,2020,290,1,0,30,0.0,,,,,,,0,0,0,0,0,8,0,0,0,0,,,,0.0,0.0,,,,
Javalambre,2021,7,Aragón,N,1730,2020,290,1,0,31,0.0,,,,,,,0,0,0,0,0,9,0,0,0,0,,,,0.0,0.0,,,,
Javalambre,2021,8,Aragón,N,1730,2020,290,1,0,31,0.0,,,,,,,0,0,0,0,0,9,1,0,0,0,,,,0.0,0.0,,,,
Javalambre,2021,9,Aragón,N,1730,2020,290,1,0,30,0.0,,,,,,,0,0,0,0,0,8,1,0,0,0,,,,0.0,0.0,,,,
Javalambre,2021,10,Aragón,N,1730,2020,290,1,0,31,0.0,,,,,,,0,0,0,0,0,10,1,0,0,31,,,,0.0,0.0,,,,
Javalambre,2021,11,Aragón,N,1730,2020,290,1,0,30,0.0,,,,,,,0,0,0,0,0,8,1,0,0,30,,,,0.0,0.0,,,,
Javalambre,2021,12,Aragón,N,1730,2020,290,1,29,31,0.9354838709677419,6.586206896551724,0.5708812260536399,0.4272030651340996,0.4390804597701149,94.13793103448276,24.482758620689655,16,17,0,0,11,8,4,2,0,31,,,,0.0,0.0,,,,
Javalambre,2022,1,Aragón,N,1730,2020,290,1,31,31,1.0,7.096774193548387,0.6881720430107526,0.4623655913978495,0.47311827956989244,80.64516129032258,31.612903225806452,25,23,0,0,4,10,2,2,0,31,,,,0.0,0.0,,,,
Javalambre,2022,2,Aragón,N,1730,2020,290,1,28,28,1.0,10.0,0.861111111111111,0.6111111111111113,0.6666666666666666,98.92857142857143,38.92857142857143,23,27,0,0,2,8,1,0,0,28,,,,0.0,0.0,,,,
Javalambre,2022,3,Aragón,N,1730,2020,290,1,19,30,0.6333333333333333,8.947368421052632,0.7777777777777777,0.5555555555555557,0.5964912280701754,97.36842105263158,36.8421052631579,10,4,0,0,8,8,0,0,0,30,,,,0.0,0.0,,,,
Javalambre,2022,4,Aragón,N,1730,2020,290,1,0,30,0.0,,,,,,,0,0,0,0,0,9,3,0,2,30,,,,0.0,0.0,,,,
Javalambre,2022,5,Aragón,N,1730,2020,290,1,0,31,0.0,,,,,,,0,0,0,0,0,9,2,0,0,31,,,,0.0,0.0,,,,
Javalambre,2022,6,Aragón,N,1730,2020,290,1,0,30,0.0,,,,,,,0,0,0,0,0,8,0,0,0,0,,,,0.0,0.0,,,,
Javalambre,2022,7,Aragón,N,1730,2020,290,1,0,31,0.0,,,,,,,0,0,0,0,0,10,0,0,0,0,,,,0.0,0.0,,,,
Javalambre,2022,8,Aragón,N,1730,2020,290,1,0,31,0.0,,,,,,,0,0,0,0,0,8,1,0,0,0,,,,0.0,0.0,,,,
Javalambre,2022,9,Aragón,N,1730,2020,290,1,0,30,0.0,,,,,,,0,0,0,0,0,8,1,0,0,0,,,,0.0,0.0,,,,
Javalambre,2022,10,Aragón,N,1730,2020,290,1,0,31,0.0,,,,,,,0,0,0,0,0,10,1,0,0,31,,,,0.0,0.0,,,,
Javalambre,2022,11,Aragón,N,1730,2020,290,1,0,30,0.0,,,,,,,0,0,0,0,0,8,1,0,0,30,,,,0.0,0.0,,,,
Javalambre,2022,12,Aragón,N,1730,2020,290,1,0,31,0.0,,,,,,,0,0,0,0,0,9,4,2,0,31,,,,0.0,0.0,,,,
Javalambre,2023,1,Aragón,N,1730,2020,290,1,11,31,0.3548387096774194,8.0,0.7171717171717171,0.5303030303030303,0.5333333333333333,61.81818181818182,30.0,11,11,0,0,0,9,2,2,0,31,,,,0.0,0.0,,,,
Javalambre,2023,2,Aragón,N,1730,2020,290,1,28,28,1.0,10.714285714285714,0.8730158730158729,0.7678571428571429,0.7142857142857143,90.71428571428571,37.142857142857146,24,21,0,0,2,8,1,0,0,28,,,,0.0,0.0,,,,
Javalambre,2023,3,Aragón,N,1730,2020,290,1,19,31,0.6129032258064516,8.31578947368421,0.7719298245614035,0.5730994152046783,0.5543859649122806,76.84210526315789,29.210526315789473,6,12,0,0,11,8,0,0,0,31,,,,0.0,0.0,,,,
Javalambre,2023,4,Aragón,N,1730,2020,290,1,0,30,0.0,,,,,,,0,0,0,0,0,10,3,0,2,30,,,,0.0,0.0,,,,
Javalambre,2023,5,Aragón,N,1730,2020,290,1,0,31,0.0,,,,,,,0,0,0,0,0,8,2,0,0,31,,,,0.0,0.0,,,,
Javalambre,2023,6,Aragón,N,1730,2020,290,1,0,30,0.0,,,,,,,0,0,0,0,0,8,0,0,0,0,,,,0.0,0.0,,,,
Javalambre,2023,7,Aragón,N,1730,2020,290,1,0,31,0.0,,,,,,,0,0,0,0,0,10,0,0,0,0,,,,0.0,0.0,,,,
Javalambre,2023,8,Aragón,N,1730,2020,290,1,0,31,0.0,,,,,,,0,0,0,0,0,8,1,0,0,0,,,,0.0,0.0,,,,
Javalambre,2023,9,Aragón,N,1730,2020,290,1,0,30,0.0,,,,,,,0,0,0,0,0,9,1,0,0,0,,,,0.0,0.0,,,,
Javalambre,2023,10,Aragón,N,1730,2020,290,1,0,31,0.0,,,,,,,0,0,0,0,0,9,1,0,0,31,,,,0.0,0.0,,,,
Javalambre,2023,11,Aragón,N,1730,2020,290,1,0,30,0.0,,,,,,,0,0,0,0,0,8,1,0,0,30,,,,0.0,0.0,,,,
Javalambre,2023,12,Aragón,N,1730,2020,290,1,9,31,0.2903225806451613,3.2,0.2222222222222222,0.2222222222222222,0.2133333333333333,35.0,15.0,9,8,0,0,0,10,4,2,0,31,,,,0.0,0.0,,,,
Javalambre,2024,1,Aragón,N,1730,2020,290,1,31,31,1.0,3.9387096774193546,0.3814814814814815,0.29569892473118276,0.26258064516129026,43.87096774193548,20.0,13,26,0,0,9,8,2,2,0,31,,,,0.0,0.0,,,,
Javalambre,2024,2,Aragón,N,1730,2020,290,1,29,29,1.0,3.2482758620689656,0.47509578544061304,0.2638888888888889,0.216551724137931,33.275862068965516,16.724137931034484,8,24,0,0,17,8,1,0,0,29,,,,0.0,0.0,,,,
Javalambre,2024,3,Aragón,N,1730,2020,290,1,19,31,0.6129032258064516,3.3578947368421055,0.4502923976608187,0.25438596491228066,0.223859649122807,36.578947368421055,18.94736842105263,14,11,0,0,5,10,2,0,2,31,,,,0.0,0.0,,,,
Javalambre,2024,4,Aragón,N,1730,2020,290,1,0,30,0.0,,,,,,,0,0,0,0,0,8,1,0,0,30,,,,0.0,0.0,,,,
Javalambre,2024,5,Aragón,N,1730,2020,290,1,0,31,0.0,,,,,,,0,0,0,0,0,8,2,0,0,31,,,,0.0,0.0,,,,
Javalambre,2024,6,Aragón,N,1730,2020,290,1,0,30,0.0,,,,,,,0,0,0,0,0,10,0,0,0,0,,,,0.0,0.0,,,,
Javalambre,2024,7,Aragón,N,1730,2020,290,1,0,31,0.0,,,,,,,0,0,0,0,0,8,0,0,0,0,,,,0.0,0.0,,,,
Javalambre,2024,8,Aragón,N,1730,2020,290,1,0,31,0.0,,,,,,,0,0,0,0,0,9,1,0,0,0,,,,0.0,0.0,,,,
Javalambre,2024,9,Aragón,N,1730,2020,290,1,0,30,0.0,,,,,,,0,0,0,0,0,9,1,0,0,0,,,,0.0,0.0,,,,
Javalambre,2024,10,Aragón,N,1730,2020,290,1,0,31,0.0,,,,,,,0,0,0,0,0,8,1,0,0,31,,,,0.0,0.0,,,,
Javalambre,2024,11,Aragón,N,1730,2020,290,1,0,30,0.0,,,,,,,0,0,0,0,0,9,1,0,0,30,,,,0.0,0.0,,,,
Javalambre,2024,12,Aragón,N,1730,2020,290,1,10,31,0.3225806451612903,7.3,0.75,0.4444444444444445,0.4866666666666665,69.0909090909091,29.545454545454547,11,11,0,0,0,9,4,2,0,31,,,,0.0,0.0,,,,
Javalambre,2025,1,Aragón,N,1730,2020,290,1,29,31,0.9354838709677419,8.451724137931034,0.7931034482758621,0.4846743295019157,0.5634482758620689,73.62068965517241,27.06896551724138,18,24,0,0,5,8,2,2,0,31,,,,0.0,0.0,,,,
Javalambre,2025,2,Aragón,N,1730,2020,290,1,28,28,1.0,10.8,0.9866071428571429,0.6706349206349207,0.7200000000000001,71.42857142857143,26.428571428571427,14,19,0,0,13,8,1,0,0,28,,,,0.0,0.0,,,,
Javalambre,2025,3,Aragón,N,1730,2020,290,1,21,31,0.6774193548387096,9.295238095238094,0.8928571428571429,0.582010582010582,0.6196825396825397,73.33333333333333,23.095238095238095,17,8,0,0,0,10,0,0,0,31,,,,0.0,0.0,,,,
Javalambre,2025,4,Aragón,N,1730,2020,290,1,0,30,0.0,,,,,,,0,0,0,0,0,8,3,0,2,30,,,,0.0,0.0,,,,
Javalambre,2025,5,Aragón,N,1730,2020,290,1,0,31,0.0,,,,,,,0,0,0,0,0,9,2,0,0,31,,,,0.0,0.0,,,,
Javalambre,2025,6,Aragón,N,1730,2020,290,1,0,30,0.0,,,,,,,0,0,0,0,0,9,0,0,0,0,,,,0.0,0.0,,,,
Javalambre,2025,7,Aragón,N,1730,2020,290,1,0,31,0.0,,,,,,,0,0,0,0,0,8,0,0,0,0,,,,0.0,0.0,,,,
Javalambre,2025,8,Aragón,N,1730,2020,290,1,0,31,0.0,,,,,,,0,0,0,0,0,10,1,0,0,0,,,,0.0,0.0,,,,
Javalambre,2025,9,Aragón,N,1730,2020,290,1,0,8,0.0,,,,,,,0,0,0,0,0,2,0,0,0,0,,,,0.0,0.0,,,,
La Molina,2018,1,Cataluña,N,1700,2537,837,1,29,29,1.0,54.3448275862069,0.8045977011494254,0.8264915161466886,0.7991886409736308,107.24137931034483,48.275862068965516,24,1,0,0,0,7,1,1,0,29,,,,0.0,0.0,,Lleida,26.22,30.86
La Molina,2018,2,Cataluña,N,1700,2537,837,1,26,26,1.0,57.26923076923077,0.7692307692307693,0.8675213675213674,0.8421945701357466,256.53846153846155,146.53846153846155,26,3,0,0,0,7,1,0,0,26,,,,0.0,0.0,,Lleida,37.01,48.89
La Molina,2018,3,Cataluña,N,1700,2537,837,1,29,29,1.0,60.172413793103445,0.7977011494252874,0.900383141762452,0.8848884381338742,224.13793103448276,115.17241379310344,19,1,0,0,8,8,1,0,1,29,,,,0.0,0.0,,Lleida,42.78,50.98
La Molina,2018,4,Cataluña,N,1700,2537,837,1,8,29,0.27586206896551724,58.875,0.7916666666666666,0.9047619047619048,0.8658088235294117,213.125,91.25,0,0,0,0,8,8,1,0,0,29,,,,0.0,0.0,,Lleida,45.08,51.75
La Molina,2018,5,Cataluña,N,1700,2537,837,1,0,31,0.0,,,,,,,0,0,0,0,0,8,2,0,0,31,,,,0.0,0.0,,Lleida,46.03,56.19
La Molina,2018,6,Cataluña,N,1700,2537,837,1,0,30,0.0,,,,,,,0,0,0,0,0,9,0,0,0,0,,,,0.0,0.0,,Lleida,38.6,47.59
La Molina,2018,7,Cataluña,N,1700,2537,837,1,0,31,0.0,,,,,,,0,0,0,0,0,9,0,0,0,0,,,,0.0,0.0,,Lleida,40.49,45.94
La Molina,2018,8,Cataluña,N,1700,2537,837,1,0,31,0.0,,,,,,,0,0,0,0,0,8,1,0,0,0,,,,0.0,0.0,,Lleida,45.99,55.73
La Molina,2018,9,Cataluña,N,1700,2537,837,1,0,30,0.0,,,,,,,0,0,0,0,0,10,1,0,0,0,,,,0.0,0.0,,Lleida,48.63,62.87
La Molina,2018,10,Cataluña,N,1700,2537,837,1,0,31,0.0,,,,,,,0,0,0,0,0,8,1,0,0,31,,,,0.0,0.0,,Lleida,45.47,61.51
La Molina,2018,11,Cataluña,N,1700,2537,837,1,2,30,0.06666666666666667,2.0,0.1333333333333333,0.0151515151515151,0.0285714285714285,40.0,20.0,2,0,0,0,0,8,1,0,0,30,,,,0.0,0.0,,Lleida,39.25,53.59
La Molina,2018,12,Cataluña,N,1700,2537,837,1,31,31,1.0,18.258064516129032,0.3870967741935483,0.24584555229716518,0.2608294930875576,46.774193548387096,20.0,31,11,0,0,0,10,4,2,0,31,,,,0.0,0.0,,Lleida,37.89,44.18
La Molina,2019,1,Cataluña,N,1700,2537,837,1,31,31,1.0,30.193548387096776,0.664516129032258,0.48778103616813295,0.43133640552995395,66.45161290322581,32.25806451612903,30,9,0,0,0,8,2,2,0,31,,,,0.0,0.0,,Lleida,26.44,29.32
La Molina,2019,2,Cataluña,N,1700,2537,837,1,28,28,1.0,50.535714285714285,0.7952380952380952,0.7597402597402597,0.7219387755102041,98.57142857142857,48.214285714285715,21,4,0,0,3,8,1,0,0,28,,,,0.0,0.0,,Lleida,33.03,40.66
La Molina,2019,3,Cataluña,N,1700,2537,837,1,29,29,1.0,38.41379310344828,0.7770114942528736,0.5783699059561129,0.548768472906404,59.6551724137931,22.413793103448278,0,0,0,0,29,9,0,0,0,29,,,,0.0,0.0,,Lleida,50.45,59.85
La Molina,2019,4,Cataluña,N,1700,2537,837,1,21,29,0.7241379310344828,26.19047619047619,0.5460317460317461,0.4018759018759019,0.3741496598639455,50.476190476190474,20.0,6,0,0,0,15,8,3,0,2,29,,,,0.0,0.0,,Lleida,46.44,48.41
La Molina,2019,5,Cataluña,N,1700,2537,837,1,0,31,0.0,,,,,,,0,0,0,0,0,8,2,0,0,31,,,,0.0,0.0,,Lleida,53.04,67.91
La Molina,2019,6,Cataluña,N,1700,2537,837,1,0,30,0.0,,,,,,,0,0,0,0,0,10,0,0,0,0,,,,0.0,0.0,,Lleida,52.44,61.34
La Molina,2019,7,Cataluña,N,1700,2537,837,1,0,31,0.0,,,,,,,0,0,0,0,0,8,0,0,0,0,,,,0.0,0.0,,Lleida,47.79,52.65
La Molina,2019,8,Cataluña,N,1700,2537,837,1,0,31,0.0,,,,,,,0,0,0,0,0,9,1,0,0,0,,,,0.0,0.0,,Lleida,50.57,60.74
La Molina,2019,9,Cataluña,N,1700,2537,837,1,0,30,0.0,,,,,,,0,0,0,0,0,9,1,0,0,0,,,,0.0,0.0,,Lleida,45.02,56.75
La Molina,2019,10,Cataluña,N,1700,2537,837,1,0,31,0.0,,,,,,,0,0,0,0,0,8,1,0,0,31,,,,0.0,0.0,,Lleida,48.66,53.76
La Molina,2019,11,Cataluña,N,1700,2537,837,1,5,30,0.16666666666666666,16.8,0.375,0.2647058823529411,0.23661971830985915,36.0,24.0,3,1,0,0,0,9,1,0,0,30,,,,0.0,0.0,,Lleida,39.47,47.88
La Molina,2019,12,Cataluña,N,1700,2537,837,1,31,31,1.0,38.74193548387097,0.6350806451612904,0.5796963946869069,0.5456610631531122,53.87096774193548,19.032258064516128,21,2,0,0,0,9,4,2,0,31,,,,0.0,0.0,,Lleida,43.65,52.04
La Molina,2020,1,Cataluña,N,1700,2537,837,1,29,31,0.9354838709677419,45.275862068965516,0.6810344827586207,0.6389452332657201,0.6376881981544439,103.2258064516129,42.58064516129032,30,0,0,0,0,8,2,2,0,31,,,,0.0,0.0,,Lleida,27.09,32.25
La Molina,2020,2,Cataluña,N,1700,2537,837,1,27,27,1.0,57.55555555555556,0.7847222222222222,0.835511982570806,0.810641627543036,154.07407407407408,39.629629629629626,11,11,0,0,16,7,1,0,0,27,,,,0.0,0.0,,Lleida,36.76,49.05
La Molina,2020,3,Cataluña,N,1700,2537,837,1,13,31,0.41935483870967744,39.61538461538461,0.6490384615384616,0.5871040723981901,0.5579631635969664,106.92307692307692,23.076923076923077,8,5,0,0,4,9,0,0,0,31,,,,0.0,0.0,,Lleida,32.26,28.02
La Molina,2020,4,Cataluña,N,1700,2537,837,1,0,30,0.0,,,,,,,0,0,0,0,0,8,3,0,2,30,,,,0.0,0.0,,Lleida,0.0,0.0
La Molina,2020,5,Cataluña,N,1700,2537,837,1,0,31,0.0,,,,,,,0,0,0,0,0,10,2,0,0,31,,,,0.0,0.0,,Lleida,,
La Molina,2020,6,Cataluña,N,1700,2537,837,1,0,30,0.0,,,,,,,0,0,0,0,0,8,0,0,0,0,,,,0.0,0.0,,Lleida,,
La Molina,2020,7,Cataluña,N,1700,2537,837,1,0,31,0.0,,,,,,,0,0,0,0,0,8,0,0,0,0,,,,0.0,0.0,,Lleida,,
La Molina,2020,8,Cataluña,N,1700,2537,837,1,0,31,0.0,,,,,,,0,0,0,0,0,10,1,0,0,0,,,,0.0,0.0,,Lleida,,
La Molina,2020,9,Cataluña,N,1700,2537,837,1,0,30,0.0,,,,,,,0,0,0,0,0,8,1,0,0,0,,,,0.0,0.0,,Lleida,22.73,28.69
La Molina,2020,10,Cataluña,N,1700,2537,837,1,0,31,0.0,,,,,,,0,0,0,0,0,9,1,0,0,31,,,,0.0,0.0,,Lleida,23.23,28.38
La Molina,2020,11,Cataluña,N,1700,2537,837,1,0,30,0.0,,,,,,,0,0,0,0,0,9,1,0,0,30,,,,0.0,0.0,,Lleida,16.45,11.08
La Molina,2020,12,Cataluña,N,1700,2537,837,1,18,31,0.5806451612903226,31.055555555555557,0.4930555555555556,0.4509803921568627,0.43740219092331767,43.333333333333336,23.333333333333332,12,7,0,0,0,8,4,2,0,31,,,,0.0,0.0,,Lleida,19.11,18.07
La Molina,2021,1,Cataluña,N,1700,2537,837,1,30,30,1.0,25.733333333333334,0.35625,0.4024509803921568,0.3624413145539906,73.66666666666667,52.666666666666664,25,0,0,0,0,9,2,2,0,30,,,,0.0,0.0,,Lleida,20.84,19.52
La Molina,2021,2,Cataluña,N,1700,2537,837,1,28,28,1.0,26.285714285714285,0.38169642857142855,0.38655462184873945,0.37022132796780677,49.642857142857146,29.642857142857142,6,3,0,0,3,8,1,0,0,28,,,,0.0,0.0,,Lleida,27.46,28.76
La Molina,2021,3,Cataluña,N,1700,2537,837,1,31,31,1.0,28.903225806451612,0.4717741935483871,0.3970588235294117,0.40708768741481144,41.935483870967744,21.93548387096774,6,0,0,0,25,8,0,0,0,31,,,,0.0,0.0,,Lleida,29.63,34.71
La Molina,2021,4,Cataluña,N,1700,2537,837,1,5,30,0.16666666666666666,16.0,0.225,0.19411764705882348,0.22535211267605632,30.0,10.0,0,0,0,0,5,8,3,0,2,30,,,,0.0,0.0,,Lleida,36.96,47.85
La Molina,2021,5,Cataluña,N,1700,2537,837,1,0,31,0.0,,,,,,,0,0,0,0,0,10,2,0,0,31,,,,0.0,0.0,,Lleida,31.62,36.37
La Molina,2021,6,Cataluña,N,1700,2537,837,1,0,30,0.0,,,,,,,0,0,0,0,0,8,0,0,0,0,,,,0.0,0.0,,Lleida,47.27,59.37
La Molina,2021,7,Cataluña,N,1700,2537,837,1,0,31,0.0,,,,,,,0,0,0,0,0,9,0,0,0,0,,,,0.0,0.0,,Lleida,56.07,56.85
La Molina,2021,8,Cataluña,N,1700,2537,837,1,0,31,0.0,,,,,,,0,0,0,0,0,9,1,0,0,0,,,,0.0,0.0,,Lleida,58.7,66.57
La Molina,2021,9,Cataluña,N,1700,2537,837,1,0,30,0.0,,,,,,,0,0,0,0,0,8,1,0,0,0,,,,0.0,0.0,,Lleida,52.03,62.43
La Molina,2021,10,Cataluña,N,1700,2537,837,1,0,31,0.0,,,,,,,0,0,0,0,0,10,1,0,0,31,,,,0.0,0.0,,Lleida,49.83,57.81
La Molina,2021,11,Cataluña,N,1700,2537,837,1,4,30,0.13333333333333333,18.0,0.3125,0.3125,0.2535211267605633,45.0,25.0,4,0,0,0,0,8,1,0,0,30,,,,0.0,0.0,,Lleida,48.34,58.4
La Molina,2021,12,Cataluña,N,1700,2537,837,1,31,31,1.0,46.064516129032256,0.6310483870967742,0.6707779886148008,0.6487960018173557,75.80645161290323,37.41935483870968,27,4,0,0,0,8,4,2,0,31,,,,0.0,0.0,,Lleida,35.67,42.9
La Molina,2022,1,Cataluña,N,1700,2537,837,1,31,31,1.0,39.25806451612903,0.6108870967741935,0.543168880455408,0.5529304861426625,77.41935483870968,37.41935483870968,25,4,0,0,0,10,2,2,0,31,,,,0.0,0.0,,Lleida,29.05,37.57
La Molina,2022,2,Cataluña,N,1700,2537,837,1,28,28,1.0,36.357142857142854,0.5825892857142857,0.5010504201680672,0.5120724346076458,79.64285714285714,39.642857142857146,26,4,0,0,2,8,1,0,0,28,,,,0.0,0.0,,Lleida,43.46,58.89
La Molina,2022,3,Cataluña,N,1700,2537,837,1,31,31,1.0,39.483870967741936,0.5866935483870968,0.5583491461100569,0.5561108587005906,79.51612903225806,32.41935483870968,15,3,0,0,14,8,0,0,0,31,,,,0.0,0.0,,Lleida,46.75,64.95
La Molina,2022,4,Cataluña,N,1700,2537,837,1,18,30,0.6,27.61111111111111,0.3055555555555556,0.3455882352941176,0.3888888888888889,86.66666666666667,24.72222222222222,5,3,0,0,13,9,3,0,2,30,,,,0.0,0.0,,Lleida,57.08,71.31
La Molina,2022,5,Cataluña,N,1700,2537,837,1,0,31,0.0,,,,,,,0,0,0,0,0,9,2,0,0,31,,,,0.0,0.0,,Lleida,62.31,74.22
La Molina,2022,6,Cataluña,N,1700,2537,837,1,0,30,0.0,,,,,,,0,0,0,0,0,8,0,0,0,0,,,,0.0,0.0,,Lleida,58.85,70.31
La Molina,2022,7,Cataluña,N,1700,2537,837,1,0,31,0.0,,,,,,,0,0,0,0,0,10,0,0,0,0,,,,0.0,0.0,,Lleida,56.17,67.77
La Molina,2022,8,Cataluña,N,1700,2537,837,1,0,31,0.0,,,,,,,0,0,0,0,0,8,1,0,0,0,,,,0.0,0.0,,Lleida,61.74,65.2
La Molina,2022,9,Cataluña,N,1700,2537,837,1,0,30,0.0,,,,,,,0,0,0,0,0,8,1,0,0,0,,,,0.0,0.0,,Lleida,55.86,64.03
La Molina,2022,10,Cataluña,N,1700,2537,837,1,0,31,0.0,,,,,,,0,0,0,0,0,10,1,0,0,31,,,,0.0,0.0,,Lleida,51.6,62.46
La Molina,2022,11,Cataluña,N,1700,2537,837,1,0,30,0.0,,,,,,,0,0,0,0,0,8,1,0,0,30,,,,0.0,0.0,,Lleida,45.32,52.91
La Molina,2022,12,Cataluña,N,1700,2537,837,1,29,31,0.9354838709677419,21.82758620689655,0.4956896551724138,0.36363636363636365,0.3074307916464303,34.310344827586206,20.0,12,3,0,0,0,9,4,2,0,31,,,,0.0,0.0,,Lleida,36.78,47.07
La Molina,2023,1,Cataluña,N,1700,2537,837,1,31,31,1.0,24.0,0.5120967741935484,0.4046920821114369,0.33802816901408445,50.483870967741936,29.032258064516128,24,4,0,0,0,9,2,2,0,31,,,,0.0,0.0,,Lleida,40.67,44.57
La Molina,2023,2,Cataluña,N,1700,2537,837,1,28,28,1.0,44.392857142857146,0.6540178571428571,0.650974025974026,0.625251509054326,79.82142857142857,42.32142857142857,26,0,0,0,0,8,1,0,0,28,,,,0.0,0.0,,Lleida,45.63,59.93
La Molina,2023,3,Cataluña,N,1700,2537,837,1,31,31,1.0,27.161290322580644,0.4798387096774194,0.41691104594330397,0.3825533848250795,59.67741935483871,28.548387096774192,8,0,0,0,23,8,0,0,0,31,,,,0.0,0.0,,Lleida,47.72,64.99
La Molina,2023,4,Cataluña,N,1700,2537,837,1,10,30,0.3333333333333333,8.0,0.26875,0.10757575757575752,0.11267605633802813,38.5,20.0,0,0,0,0,10,10,3,0,2,30,,,,0.0,0.0,,Lleida,52.94,68.09
La Molina,2023,5,Cataluña,N,1700,2537,837,1,0,31,0.0,,,,,,,0,0,0,0,0,8,2,0,0,31,,,,0.0,0.0,,Lleida,53.07,62.82
La Molina,2023,6,Cataluña,N,1700,2537,837,1,0,30,0.0,,,,,,,0,0,0,0,0,8,0,0,0,0,,,,0.0,0.0,,Lleida,51.52,66.91
La Molina,2023,7,Cataluña,N,1700,2537,837,1,0,31,0.0,,,,,,,0,0,0,0,0,10,0,0,0,0,,,,0.0,0.0,,Lleida,51.46,57.12
La Molina,2023,8,Cataluña,N,1700,2537,837,1,0,31,0.0,,,,,,,0,0,0,0,0,8,1,0,0,0,,,,0.0,0.0,,Lleida,53.42,63.93
La Molina,2023,9,Cataluña,N,1700,2537,837,1,0,30,0.0,,,,,,,0,0,0,0,0,9,1,0,0,0,,,,0.0,0.0,,Lleida,51.95,58.41
La Molina,2023,10,Cataluña,N,1700,2537,837,1,0,31,0.0,,,,,,,0,0,0,0,0,9,1,0,0,31,,,,0.0,0.0,,Lleida,54.33,62.32
La Molina,2023,11,Cataluña,N,1700,2537,837,1,0,30,0.0,,,,,,,0,0,0,0,0,8,1,0,0,30,,,,0.0,0.0,,Lleida,43.84,52.33
La Molina,2023,12,Cataluña,N,1700,2537,837,1,27,31,0.8709677419354839,13.0,0.4444444444444444,0.20650953984287312,0.18309859154929567,24.814814814814813,14.814814814814815,23,6,0,0,0,10,4,2,0,31,,,,0.0,0.0,,Lleida,41.39,45.0
La Molina,2024,1,Cataluña,N,1700,2537,837,1,31,31,1.0,18.677419354838708,0.5403225806451613,0.3260019550342131,0.263062244434348,38.70967741935484,26.451612903225808,20,4,0,0,7,8,2,2,0,31,,,,0.0,0.0,,Lleida,38.88,41.55
La Molina,2024,2,Cataluña,N,1700,2537,837,1,29,29,1.0,21.103448275862068,0.5818965517241379,0.3949843260188088,0.29723166585721217,37.41379310344828,26.551724137931036,9,8,0,0,16,8,1,0,0,29,,,,0.0,0.0,,Lleida,46.3,56.1
La Molina,2024,3,Cataluña,N,1700,2537,837,1,31,31,1.0,28.451612903225808,0.5524193548387096,0.4804496578690127,0.40072694229895495,59.193548387096776,33.87096774193548,14,3,0,0,15,10,2,0,2,31,,,,0.0,0.0,,Lleida,51.67,69.27
La Molina,2024,4,Cataluña,N,1700,2537,837,1,7,30,0.23333333333333334,16.571428571428573,0.23214285714285715,0.21861471861471862,0.23340040241448687,44.285714285714285,20.0,2,0,0,0,5,8,1,0,0,30,,,,0.0,0.0,,Lleida,47.53,52.79
La Molina,2024,5,Cataluña,N,1700,2537,837,1,0,31,0.0,,,,,,,0,0,0,0,0,8,2,0,0,31,,,,0.0,0.0,,Lleida,55.23,66.44
La Molina,2024,6,Cataluña,N,1700,2537,837,1,0,30,0.0,,,,,,,0,0,0,0,0,10,0,0,0,0,,,,0.0,0.0,,Lleida,57.62,66.38
La Molina,2024,7,Cataluña,N,1700,2537,837,1,0,31,0.0,,,,,,,0,0,0,0,0,8,0,0,0,0,,,,0.0,0.0,,Lleida,53.05,69.47
La Molina,2024,8,Cataluña,N,1700,2537,837,1,0,31,0.0,,,,,,,0,0,0,0,0,9,1,0,0,0,,,,0.0,0.0,,Lleida,54.76,63.24
La Molina,2024,9,Cataluña,N,1700,2537,837,1,0,30,0.0,,,,,,,0,0,0,0,0,9,1,0,0,0,,,,0.0,0.0,,Lleida,51.44,59.78
La Molina,2024,10,Cataluña,N,1700,2537,837,1,0,31,0.0,,,,,,,0,0,0,0,0,8,1,0,0,31,,,,0.0,0.0,,Lleida,54.64,66.75
La Molina,2024,11,Cataluña,N,1700,2537,837,1,0,30,0.0,,,,,,,0,0,0,0,0,9,1,0,0,30,,,,0.0,0.0,,Lleida,46.61,55.41
La Molina,2024,12,Cataluña,N,1700,2537,837,1,19,31,0.6129032258064516,24.0,0.4346590909090909,0.3700159489633174,0.3380281690140845,47.36842105263158,23.157894736842106,15,6,0,0,0,9,4,2,0,31,,,,0.0,0.0,,Lleida,43.91,55.38
La Molina,2025,1,Cataluña,N,1700,2537,837,1,31,31,1.0,25.032258064516128,0.594758064516129,0.40078201368523947,0.3525670149931848,61.935483870967744,33.87096774193548,23,21,0,0,0,8,2,2,0,31,,,,0.0,0.0,,Lleida,35.68,42.8
La Molina,2025,2,Cataluña,N,1700,2537,837,1,28,28,1.0,37.17857142857143,0.6584821428571429,0.538961038961039,0.5236418511066399,65.71428571428571,37.5,13,16,0,0,8,8,1,0,0,28,,,,0.0,0.0,,Lleida,46.3,59.2
La Molina,2025,3,Cataluña,N,1700,2537,837,1,31,31,1.0,48.67741935483871,0.6270161290322581,0.7057673509286413,0.6855974557019536,108.70967741935483,40.32258064516129,19,9,0,0,14,10,0,0,0,31,,,,0.0,0.0,,Lleida,46.45,61.46
La Molina,2025,4,Cataluña,N,1700,2537,837,1,20,30,0.6666666666666666,31.95,0.36875,0.4401515151515151,0.45,121.0,26.0,0,3,0,0,17,8,3,0,2,30,,,,0.0,0.0,,Lleida,49.2,68.12
La Molina,2025,5,Cataluña,N,1700,2537,837,1,0,31,0.0,,,,,,,0,0,0,0,0,9,2,0,0,31,,,,0.0,0.0,,Lleida,50.87,62.37
La Molina,2025,6,Cataluña,N,1700,2537,837,1,0,30,0.0,,,,,,,0,0,0,0,0,9,0,0,0,0,,,,0.0,0.0,,Lleida,53.1,65.03
La Molina,2025,7,Cataluña,N,1700,2537,837,1,0,31,0.0,,,,,,,0,0,0,0,0,8,0,0,0,0,,,,0.0,0.0,,Lleida,53.13,63.78
La Molina,2025,8,Cataluña,N,1700,2537,837,1,0,31,0.0,,,,,,,0,0,0,0,0,10,1,0,0,0,,,,0.0,0.0,,Lleida,59.81,70.16
La Molina,2025,9,Cataluña,N,1700,2537,837,1,0,8,0.0,,,,,,,0,0,0,0,0,2,0,0,0,0,,,,0.0,0.0,,Lleida,50.46,60.76
La Pinilla,2018,1,Castilla y León,N,1500,2250,750,1,26,30,0.8666666666666667,10.673076923076923,0.5088757396449703,0.68561872909699,0.6854898473395583,67.5,23.392857142857142,15,7,0,0,7,8,1,1,0,30,,,,0.0,0.0,,,,
La Pinilla,2018,2,Castilla y León,N,1500,2250,750,1,26,27,0.9629629629629629,11.838461538461539,0.4970414201183432,0.7491638795986623,0.7603379279679857,108.14814814814815,38.333333333333336,17,13,0,0,1,7,1,0,0,27,,,,0.0,0.0,,,,
La Pinilla,2018,3,Castilla y León,N,1500,2250,750,1,19,29,0.6551724137931034,12.410526315789474,0.4898785425101214,0.7917620137299771,0.7970794037115911,124.65517241379311,36.55172413793103,16,7,0,0,1,8,1,0,1,29,,,,0.0,0.0,,,,
La Pinilla,2018,4,Castilla y León,N,1500,2250,750,1,6,29,0.20689655172413793,12.549999999999999,0.5384615384615384,0.8550724637681159,0.8060372511239563,124.28571428571429,30.357142857142858,3,1,0,0,3,8,1,0,0,29,,,,0.0,0.0,,,,
La Pinilla,2018,5,Castilla y León,N,1500,2250,750,1,0,31,0.0,,,,,,,0,0,0,0,0,8,2,0,0,31,,,,0.0,0.0,,,,
La Pinilla,2018,6,Castilla y León,N,1500,2250,750,1,0,30,0.0,,,,,,,0,0,0,0,0,9,0,0,0,0,,,,0.0,0.0,,,,
La Pinilla,2018,7,Castilla y León,N,1500,2250,750,1,0,31,0.0,,,,,,,0,0,0,0,0,9,0,0,0,0,,,,0.0,0.0,,,,
La Pinilla,2018,8,Castilla y León,N,1500,2250,750,1,0,31,0.0,,,,,,,0,0,0,0,0,8,1,0,0,0,,,,0.0,0.0,,,,
La Pinilla,2018,9,Castilla y León,N,1500,2250,750,1,0,30,0.0,,,,,,,0,0,0,0,0,10,1,0,0,0,,,,0.0,0.0,,,,
La Pinilla,2018,10,Castilla y León,N,1500,2250,750,1,0,31,0.0,,,,,,,0,0,0,0,0,8,1,0,0,31,,,,0.0,0.0,,,,
La Pinilla,2018,11,Castilla y León,N,1500,2250,750,1,0,30,0.0,,,,,,,0,0,0,0,0,8,1,0,0,30,,,,0.0,0.0,,,,
La Pinilla,2018,12,Castilla y León,N,1500,2250,750,1,0,31,0.0,,,,,,,0,0,0,0,0,10,4,2,0,31,,,,0.0,0.0,,,,
La Pinilla,2019,1,Castilla y León,N,1500,2250,750,1,12,31,0.3870967741935484,2.658333333333333,0.3141025641025641,0.18840579710144922,0.170734318133162,46.333333333333336,13.333333333333334,8,11,0,0,0,8,2,2,0,31,,,,0.0,0.0,,,,
La Pinilla,2019,2,Castilla y León,N,1500,2250,750,1,26,28,0.9285714285714286,9.465384615384615,0.5029585798816568,0.5903010033444815,0.6079245096586137,50.892857142857146,14.642857142857142,12,19,0,0,0,8,1,0,0,28,,,,0.0,0.0,,,,
La Pinilla,2019,3,Castilla y León,N,1500,2250,750,1,5,29,0.1724137931034483,5.88,0.5538461538461539,0.44347826086956516,0.37764932562620424,30.0,10.0,0,0,0,0,7,9,0,0,0,29,,,,0.0,0.0,,,,
La Pinilla,2019,4,Castilla y León,N,1500,2250,750,1,0,29,0.0,,,,,,,0,0,0,0,0,8,3,0,2,29,,,,0.0,0.0,,,,
La Pinilla,2019,5,Castilla y León,N,1500,2250,750,1,0,31,0.0,,,,,,,0,0,0,0,0,8,2,0,0,31,,,,0.0,0.0,,,,
La Pinilla,2019,6,Castilla y León,N,1500,2250,750,1,0,30,0.0,,,,,,,0,0,0,0,0,10,0,0,0,0,,,,0.0,0.0,,,,
La Pinilla,2019,7,Castilla y León,N,1500,2250,750,1,0,31,0.0,,,,,,,0,0,0,0,0,8,0,0,0,0,,,,0.0,0.0,,,,
La Pinilla,2019,8,Castilla y León,N,1500,2250,750,1,0,31,0.0,,,,,,,0,0,0,0,0,9,1,0,0,0,,,,0.0,0.0,,,,
La Pinilla,2019,9,Castilla y León,N,1500,2250,750,1,0,30,0.0,,,,,,,0,0,0,0,0,9,1,0,0,0,,,,0.0,0.0,,,,
La Pinilla,2019,10,Castilla y León,N,1500,2250,750,1,0,31,0.0,,,,,,,0,0,0,0,0,8,1,0,0,31,,,,0.0,0.0,,,,
La Pinilla,2019,11,Castilla y León,N,1500,2250,750,1,0,30,0.0,,,,,,,0,0,0,0,0,9,1,0,0,30,,,,0.0,0.0,,,,
La Pinilla,2019,12,Castilla y León,N,1500,2250,750,1,0,31,0.0,,,,,,,0,0,0,0,0,9,4,2,0,31,,,,0.0,0.0,,,,
La Pinilla,2020,1,Castilla y León,N,1500,2250,750,1,3,31,0.0967741935483871,2.4,0.3076923076923077,0.17391304347826084,0.1541425818882466,30.0,10.0,2,2,0,0,0,8,2,2,0,31,,,,0.0,0.0,,,,
La Pinilla,2020,2,Castilla y León,N,1500,2250,750,1,0,27,0.0,,,,,,,0,0,0,0,0,7,1,0,0,27,,,,0.0,0.0,,,,
La Pinilla,2020,3,Castilla y León,N,1500,2250,750,1,0,31,0.0,,,,,,,0,0,0,0,0,9,0,0,0,31,,,,0.0,0.0,,,,
La Pinilla,2020,4,Castilla y León,N,1500,2250,750,1,0,30,0.0,,,,,,,0,0,0,0,0,8,3,0,2,30,,,,0.0,0.0,,,,
La Pinilla,2020,5,Castilla y León,N,1500,2250,750,1,0,31,0.0,,,,,,,0,0,0,0,0,10,2,0,0,31,,,,0.0,0.0,,,,
La Pinilla,2020,6,Castilla y León,N,1500,2250,750,1,0,30,0.0,,,,,,,0,0,0,0,0,8,0,0,0,0,,,,0.0,0.0,,,,
La Pinilla,2020,7,Castilla y León,N,1500,2250,750,1,0,31,0.0,,,,,,,0,0,0,0,0,8,0,0,0,0,,,,0.0,0.0,,,,
La Pinilla,2020,8,Castilla y León,N,1500,2250,750,1,0,31,0.0,,,,,,,0,0,0,0,0,10,1,0,0,0,,,,0.0,0.0,,,,
La Pinilla,2020,9,Castilla y León,N,1500,2250,750,1,0,30,0.0,,,,,,,0,0,0,0,0,8,1,0,0,0,,,,0.0,0.0,,,,
La Pinilla,2020,10,Castilla y León,N,1500,2250,750,1,0,31,0.0,,,,,,,0,0,0,0,0,9,1,0,0,31,,,,0.0,0.0,,,,
La Pinilla,2020,11,Castilla y León,N,1500,2250,750,1,0,30,0.0,,,,,,,0,0,0,0,0,9,1,0,0,30,,,,0.0,0.0,,,,
La Pinilla,2020,12,Castilla y León,N,1500,2250,750,1,0,31,0.0,,,,,,,0,0,0,0,0,8,4,2,0,31,,,,0.0,0.0,,,,
La Pinilla,2021,1,Castilla y León,N,1500,2250,750,1,10,30,0.3333333333333333,7.99,0.3769230769230769,0.4304347826086957,0.5131663455362877,35.0,10.0,13,0,0,0,0,9,2,2,0,30,,,,0.0,0.0,,,,
La Pinilla,2021,2,Castilla y León,N,1500,2250,750,1,0,28,0.0,,,,,,,0,0,0,0,0,8,1,0,0,28,,,,0.0,0.0,,,,
La Pinilla,2021,3,Castilla y León,N,1500,2250,750,1,0,31,0.0,,,,,,,0,0,0,0,0,8,0,0,0,31,,,,0.0,0.0,,,,
La Pinilla,2021,4,Castilla y León,N,1500,2250,750,1,0,30,0.0,,,,,,,0,0,0,0,0,8,3,0,2,30,,,,0.0,0.0,,,,
La Pinilla,2021,5,Castilla y León,N,1500,2250,750,1,0,31,0.0,,,,,,,0,0,0,0,0,10,2,0,0,31,,,,0.0,0.0,,,,
La Pinilla,2021,6,Castilla y León,N,1500,2250,750,1,0,30,0.0,,,,,,,0,0,0,0,0,8,0,0,0,0,,,,0.0,0.0,,,,
La Pinilla,2021,7,Castilla y León,N,1500,2250,750,1,0,31,0.0,,,,,,,0,0,0,0,0,9,0,0,0,0,,,,0.0,0.0,,,,
La Pinilla,2021,8,Castilla y León,N,1500,2250,750,1,0,31,0.0,,,,,,,0,0,0,0,0,9,1,0,0,0,,,,0.0,0.0,,,,
La Pinilla,2021,9,Castilla y León,N,1500,2250,750,1,0,30,0.0,,,,,,,0,0,0,0,0,8,1,0,0,0,,,,0.0,0.0,,,,
La Pinilla,2021,10,Castilla y León,N,1500,2250,750,1,0,31,0.0,,,,,,,0,0,0,0,0,10,1,0,0,31,,,,0.0,0.0,,,,
La Pinilla,2021,11,Castilla y León,N,1500,2250,750,1,0,30,0.0,,,,,,,0,0,0,0,0,8,1,0,0,30,,,,0.0,0.0,,,,
La Pinilla,2021,12,Castilla y León,N,1500,2250,750,1,6,31,0.1935483870967742,3.3166666666666664,0.358974358974359,0.2681159420289855,0.2130164846927852,25.0,8.333333333333334,1,6,0,0,0,8,4,2,0,31,,,,0.0,0.0,,,,
La Pinilla,2022,1,Castilla y León,N,1500,2250,750,1,12,31,0.3870967741935484,2.3916666666666666,0.30128205128205127,0.17028985507246372,0.1536073645900235,29.166666666666668,10.416666666666666,11,6,0,0,0,10,2,2,0,31,,,,0.0,0.0,,,,
La Pinilla,2022,2,Castilla y León,N,1500,2250,750,1,24,28,0.8571428571428571,2.358333333333333,0.2756410256410256,0.1557971014492753,0.15146649539713117,25.6,10.0,1,13,0,0,11,8,1,0,0,28,,,,0.0,0.0,,,,
La Pinilla,2022,3,Castilla y León,N,1500,2250,750,1,7,31,0.22580645161290322,2.2142857142857144,0.2967032967032967,0.1614906832298136,0.1422148820992751,23.076923076923077,10.0,11,7,0,0,0,8,0,0,0,31,,,,0.0,0.0,,,,
La Pinilla,2022,4,Castilla y León,N,1500,2250,750,1,0,30,0.0,,,,,,,0,0,0,0,0,9,3,0,2,30,,,,0.0,0.0,,,,
La Pinilla,2022,5,Castilla y León,N,1500,2250,750,1,0,31,0.0,,,,,,,0,0,0,0,0,9,2,0,0,31,,,,0.0,0.0,,,,
La Pinilla,2022,6,Castilla y León,N,1500,2250,750,1,0,30,0.0,,,,,,,0,0,0,0,0,8,0,0,0,0,,,,0.0,0.0,,,,
La Pinilla,2022,7,Castilla y León,N,1500,2250,750,1,0,31,0.0,,,,,,,0,0,0,0,0,10,0,0,0,0,,,,0.0,0.0,,,,
La Pinilla,2022,8,Castilla y León,N,1500,2250,750,1,0,31,0.0,,,,,,,0,0,0,0,0,8,1,0,0,0,,,,0.0,0.0,,,,
La Pinilla,2022,9,Castilla y León,N,1500,2250,750,1,0,30,0.0,,,,,,,0,0,0,0,0,8,1,0,0,0,,,,0.0,0.0,,,,
La Pinilla,2022,10,Castilla y León,N,1500,2250,750,1,0,31,0.0,,,,,,,0,0,0,0,0,10,1,0,0,31,,,,0.0,0.0,,,,
La Pinilla,2022,11,Castilla y León,N,1500,2250,750,1,0,30,0.0,,,,,,,0,0,0,0,0,8,1,0,0,30,,,,0.0,0.0,,,,
La Pinilla,2022,12,Castilla y León,N,1500,2250,750,1,0,31,0.0,,,,,,,0,0,0,0,0,9,4,2,0,31,,,,0.0,0.0,,,,
La Pinilla,2023,1,Castilla y León,N,1500,2250,750,1,12,31,0.3870967741935484,3.65,0.3461538461538461,0.2608695652173913,0.23442517662170836,20.0,9.166666666666666,10,5,0,0,0,9,2,2,0,31,,,,0.0,0.0,,,,
La Pinilla,2023,2,Castilla y León,N,1500,2250,750,1,26,28,0.9285714285714286,4.8730769230769235,0.36094674556213013,0.31438127090301,0.3129786077762956,29.821428571428573,11.25,19,21,0,0,5,8,1,0,0,28,,,,0.0,0.0,,,,
La Pinilla,2023,3,Castilla y León,N,1500,2250,750,1,11,31,0.3548387096774194,5.6000000000000005,0.37762237762237755,0.3517786561264822,0.3596660244059087,30.833333333333332,12.5,5,3,0,0,0,8,0,0,0,31,,,,0.0,0.0,,,,
La Pinilla,2023,4,Castilla y León,N,1500,2250,750,1,0,30,0.0,,,,,,,0,0,0,0,0,10,3,0,2,30,,,,0.0,0.0,,,,
La Pinilla,2023,5,Castilla y León,N,1500,2250,750,1,0,31,0.0,,,,,,,0,0,0,0,0,8,2,0,0,31,,,,0.0,0.0,,,,
La Pinilla,2023,6,Castilla y León,N,1500,2250,750,1,0,30,0.0,,,,,,,0,0,0,0,0,8,0,0,0,0,,,,0.0,0.0,,,,
La Pinilla,2023,7,Castilla y León,N,1500,2250,750,1,0,31,0.0,,,,,,,0,0,0,0,0,10,0,0,0,0,,,,0.0,0.0,,,,
La Pinilla,2023,8,Castilla y León,N,1500,2250,750,1,0,31,0.0,,,,,,,0,0,0,0,0,8,1,0,0,0,,,,0.0,0.0,,,,
La Pinilla,2023,9,Castilla y León,N,1500,2250,750,1,0,30,0.0,,,,,,,0,0,0,0,0,9,1,0,0,0,,,,0.0,0.0,,,,
La Pinilla,2023,10,Castilla y León,N,1500,2250,750,1,0,31,0.0,,,,,,,0,0,0,0,0,9,1,0,0,31,,,,0.0,0.0,,,,
La Pinilla,2023,11,Castilla y León,N,1500,2250,750,1,0,30,0.0,,,,,,,0,0,0,0,0,8,1,0,0,30,,,,0.0,0.0,,,,
La Pinilla,2023,12,Castilla y León,N,1500,2250,750,1,0,31,0.0,,0.0769230769230769,,,,,0,0,0,0,0,10,4,2,0,31,,,,0.0,0.0,,,,
La Pinilla,2024,1,Castilla y León,N,1500,2250,750,1,4,31,0.12903225806451613,5.8925,0.4230769230769231,0.3913043478260869,0.37247155499367884,26.25,8.75,2,0,0,0,0,8,2,2,0,31,,,,0.0,0.0,,,,
La Pinilla,2024,2,Castilla y León,N,1500,2250,750,1,0,29,0.0,,,,,,,0,0,0,0,0,8,1,0,0,29,,,,0.0,0.0,,,,
La Pinilla,2024,3,Castilla y León,N,1500,2250,750,1,17,31,0.5483870967741935,7.50764705882353,0.34841628959276016,0.42966751918158563,0.4745668178775935,22.5,10.0,9,3,0,0,7,10,2,0,2,31,,,,0.0,0.0,,,,
La Pinilla,2024,4,Castilla y León,N,1500,2250,750,1,1,30,0.03333333333333333,7.65,0.3076923076923077,0.3478260869565217,0.4835651074589128,20.0,10.0,0,0,0,0,1,8,1,0,0,30,,,,0.0,0.0,,,,
La Pinilla,2024,5,Castilla y León,N,1500,2250,750,1,0,31,0.0,,,,,,,0,0,0,0,0,8,2,0,0,31,,,,0.0,0.0,,,,
La Pinilla,2024,6,Castilla y León,N,1500,2250,750,1,0,30,0.0,,,,,,,0,0,0,0,0,10,0,0,0,0,,,,0.0,0.0,,,,
La Pinilla,2024,7,Castilla y León,N,1500,2250,750,1,0,31,0.0,,,,,,,0,0,0,0,0,8,0,0,0,0,,,,0.0,0.0,,,,
La Pinilla,2024,8,Castilla y León,N,1500,2250,750,1,0,31,0.0,,,,,,,0,0,0,0,0,9,1,0,0,0,,,,0.0,0.0,,,,
La Pinilla,2024,9,Castilla y León,N,1500,2250,750,1,0,30,0.0,,,,,,,0,0,0,0,0,9,1,0,0,0,,,,0.0,0.0,,,,
La Pinilla,2024,10,Castilla y León,N,1500,2250,750,1,0,31,0.0,,,,,,,0,0,0,0,0,8,1,0,0,31,,,,0.0,0.0,,,,
La Pinilla,2024,11,Castilla y León,N,1500,2250,750,1,0,30,0.0,,,,,,,0,0,0,0,0,9,1,0,0,30,,,,0.0,0.0,,,,
La Pinilla,2024,12,Castilla y León,N,1500,2250,750,1,0,31,0.0,,,,,,,0,0,0,0,0,9,4,2,0,31,,,,0.0,0.0,,,,
La Pinilla,2025,1,Castilla y León,N,1500,2250,750,1,3,31,0.0967741935483871,2.266666666666667,0.2564102564102564,0.12121212121212116,0.14511310285958176,13.333333333333334,10.0,0,0,0,0,0,8,2,2,0,31,,,,0.0,0.0,,,,
La Pinilla,2025,2,Castilla y León,N,1500,2250,750,1,6,28,0.21428571428571427,2.066666666666667,0.2692307692307692,0.15151515151515146,0.1323090055484422,20.0,10.0,0,0,0,0,0,8,1,0,0,28,,,,0.0,0.0,,,,
La Pinilla,2025,3,Castilla y León,N,1500,2250,750,1,6,31,0.1935483870967742,5.878333333333334,0.4358974358974359,0.44696969696969696,0.37633376013657704,60.0,30.0,0,0,0,0,0,10,0,0,0,31,,,,0.0,0.0,,,,
La Pinilla,2025,4,Castilla y León,N,1500,2250,750,1,0,30,0.0,,,,,,,0,0,0,0,0,8,3,0,2,30,,,,0.0,0.0,,,,
La Pinilla,2025,5,Castilla y León,N,1500,2250,750,1,0,31,0.0,,,,,,,0,0,0,0,0,9,2,0,0,31,,,,0.0,0.0,,,,
La Pinilla,2025,6,Castilla y León,N,1500,2250,750,1,0,30,0.0,,,,,,,0,0,0,0,0,9,0,0,0,0,,,,0.0,0.0,,,,
La Pinilla,2025,7,Castilla y León,N,1500,2250,750,1,0,31,0.0,,,,,,,0,0,0,0,0,8,0,0,0,0,,,,0.0,0.0,,,,
La Pinilla,2025,8,Castilla y León,N,1500,2250,750,1,0,31,0.0,,,,,,,0,0,0,0,0,10,1,0,0,0,,,,0.0,0.0,,,,
La Pinilla,2025,9,Castilla y León,N,1500,2250,750,1,0,8,0.0,,,,,,,0,0,0,0,0,2,0,0,0,0,,,,0.0,0.0,,,,
Manzaneda,2018,1,Galicia,N,1430,1780,350,1,11,30,0.36666666666666664,7.504545454545454,0.7272727272727273,0.43083003952569165,0.44803256445047485,19.545454545454547,9.090909090909092,5,2,0,0,1,8,1,1,0,30,,,,0.0,0.0,,,,
Manzaneda,2018,2,Galicia,N,1430,1780,350,1,19,25,0.76,4.576315789473685,0.5701754385964912,0.2517162471395881,0.27321288295365276,14.473684210526315,6.315789473684211,5,14,0,0,0,7,1,0,0,25,,,,0.0,0.0,,,,
Manzaneda,2018,3,Galicia,N,1430,1780,350,1,19,29,0.6551724137931034,10.728947368421052,0.7368421052631579,0.5995423340961098,0.640534171249018,113.63636363636364,40.22727272727273,15,4,0,0,2,8,1,0,1,29,,,,0.0,0.0,,,,
Manzaneda,2018,4,Galicia,N,1430,1780,350,1,14,29,0.4827586206896552,9.507142857142856,0.6071428571428571,0.5496894409937888,0.567590618336887,122.66666666666667,37.333333333333336,0,0,0,0,9,8,1,0,0,29,,,,0.0,0.0,,,,
Manzaneda,2018,5,Galicia,N,1430,1780,350,1,0,31,0.0,,,,,,,0,0,0,0,0,8,2,0,0,31,,,,0.0,0.0,,,,
Manzaneda,2018,6,Galicia,N,1430,1780,350,1,0,30,0.0,,,,,,,0,0,0,0,0,9,0,0,0,0,,,,0.0,0.0,,,,
Manzaneda,2018,7,Galicia,N,1430,1780,350,1,0,31,0.0,,,,,,,0,0,0,0,0,9,0,0,0,0,,,,0.0,0.0,,,,
Manzaneda,2018,8,Galicia,N,1430,1780,350,1,0,31,0.0,,,,,,,0,0,0,0,0,8,1,0,0,0,,,,0.0,0.0,,,,
Manzaneda,2018,9,Galicia,N,1430,1780,350,1,0,30,0.0,,,,,,,0,0,0,0,0,10,1,0,0,0,,,,0.0,0.0,,,,
Manzaneda,2018,10,Galicia,N,1430,1780,350,1,0,31,0.0,,,,,,,0,0,0,0,0,8,1,0,0,31,,,,0.0,0.0,,,,
Manzaneda,2018,11,Galicia,N,1430,1780,350,1,0,30,0.0,,,,,,,0,0,0,0,0,8,1,0,0,30,,,,0.0,0.0,,,,
Manzaneda,2018,12,Galicia,N,1430,1780,350,1,0,31,0.0,,,,,,,0,0,0,0,0,10,4,2,0,31,,,,0.0,0.0,,,,
Manzaneda,2019,1,Galicia,N,1430,1780,350,1,0,31,0.0,,,,,,,0,0,0,0,0,8,2,2,0,31,,,,0.0,0.0,,,,
Manzaneda,2019,2,Galicia,N,1430,1780,350,1,16,28,0.5714285714285714,2.109375,0.4583333333333333,0.14130434782608695,0.12593283582089548,15.588235294117647,6.470588235294118,5,9,0,0,6,8,1,0,0,28,,,,0.0,0.0,,,,
Manzaneda,2019,3,Galicia,N,1430,1780,350,1,1,29,0.034482758620689655,0.6,0.1666666666666666,0.0434782608695652,0.035820895522388,20.0,5.0,0,0,0,0,1,9,0,0,0,29,,,,0.0,0.0,,,,
Manzaneda,2019,4,Galicia,N,1430,1780,350,1,6,29,0.20689655172413793,4.908333333333333,0.611111111111111,0.2826086956521739,0.2930348258706467,35.0,10.0,3,0,0,0,2,8,3,0,2,29,,,,0.0,0.0,,,,
Manzaneda,2019,5,Galicia,N,1430,1780,350,1,0,31,0.0,,,,,,,0,0,0,0,0,8,2,0,0,31,,,,0.0,0.0,,,,
Manzaneda,2019,6,Galicia,N,1430,1780,350,1,0,30,0.0,,,,,,,0,0,0,0,0,10,0,0,0,0,,,,0.0,0.0,,,,
Manzaneda,2019,7,Galicia,N,1430,1780,350,1,0,31,0.0,,,,,,,0,0,0,0,0,8,0,0,0,0,,,,0.0,0.0,,,,
Manzaneda,2019,8,Galicia,N,1430,1780,350,1,0,31,0.0,,,,,,,0,0,0,0,0,9,1,0,0,0,,,,0.0,0.0,,,,
Manzaneda,2019,9,Galicia,N,1430,1780,350,1,0,30,0.0,,,,,,,0,0,0,0,0,9,1,0,0,0,,,,0.0,0.0,,,,
Manzaneda,2019,10,Galicia,N,1430,1780,350,1,0,31,0.0,,,,,,,0,0,0,0,0,8,1,0,0,31,,,,0.0,0.0,,,,
Manzaneda,2019,11,Galicia,N,1430,1780,350,1,0,30,0.0,,,,,,,0,0,0,0,0,9,1,0,0,30,,,,0.0,0.0,,,,
Manzaneda,2019,12,Galicia,N,1430,1780,350,1,0,31,0.0,,,,,,,0,0,0,0,0,9,4,2,0,31,,,,0.0,0.0,,,,
Manzaneda,2020,1,Galicia,N,1430,1780,350,1,3,31,0.0967741935483871,1.7,0.5,0.08695652173913042,0.10149253731343282,20.0,5.0,3,3,0,0,0,8,2,2,0,31,,,,0.0,0.0,,,,
Manzaneda,2020,2,Galicia,N,1430,1780,350,1,0,27,0.0,,,,,,,0,0,0,0,0,7,1,0,0,27,,,,0.0,0.0,,,,
Manzaneda,2020,3,Galicia,N,1430,1780,350,1,0,31,0.0,,,,,,,0,0,0,0,0,9,0,0,0,31,,,,0.0,0.0,,,,
Manzaneda,2020,4,Galicia,N,1430,1780,350,1,0,30,0.0,,,,,,,0,0,0,0,0,8,3,0,2,30,,,,0.0,0.0,,,,
Manzaneda,2020,5,Galicia,N,1430,1780,350,1,0,31,0.0,,,,,,,0,0,0,0,0,10,2,0,0,31,,,,0.0,0.0,,,,
Manzaneda,2020,6,Galicia,N,1430,1780,350,1,0,30,0.0,,,,,,,0,0,0,0,0,8,0,0,0,0,,,,0.0,0.0,,,,
Manzaneda,2020,7,Galicia,N,1430,1780,350,1,0,31,0.0,,,,,,,0,0,0,0,0,8,0,0,0,0,,,,0.0,0.0,,,,
Manzaneda,2020,8,Galicia,N,1430,1780,350,1,0,31,0.0,,,,,,,0,0,0,0,0,10,1,0,0,0,,,,0.0,0.0,,,,
Manzaneda,2020,9,Galicia,N,1430,1780,350,1,0,30,0.0,,,,,,,0,0,0,0,0,8,1,0,0,0,,,,0.0,0.0,,,,
Manzaneda,2020,10,Galicia,N,1430,1780,350,1,0,31,0.0,,,,,,,0,0,0,0,0,9,1,0,0,31,,,,0.0,0.0,,,,
Manzaneda,2020,11,Galicia,N,1430,1780,350,1,0,30,0.0,,,,,,,0,0,0,0,0,9,1,0,0,30,,,,0.0,0.0,,,,
Manzaneda,2020,12,Galicia,N,1430,1780,350,1,0,31,0.0,,,,,,,0,0,0,0,0,8,4,2,0,31,,,,0.0,0.0,,,,
Manzaneda,2021,1,Galicia,N,1430,1780,350,1,2,31,0.06451612903225806,15.6,0.8333333333333334,0.9130434782608696,0.9313432835820896,40.0,5.0,0,3,0,0,0,10,2,2,0,31,,,,0.0,0.0,,,,
Manzaneda,2021,2,Galicia,N,1430,1780,350,1,0,28,0.0,,,,,,,0,0,0,0,0,8,1,0,0,28,,,,0.0,0.0,,,,
Manzaneda,2021,3,Galicia,N,1430,1780,350,1,0,31,0.0,,,,,,,0,0,0,0,0,8,0,0,0,31,,,,0.0,0.0,,,,
Manzaneda,2021,4,Galicia,N,1430,1780,350,1,0,30,0.0,,,,,,,0,0,0,0,0,8,3,0,2,30,,,,0.0,0.0,,,,
Manzaneda,2021,5,Galicia,N,1430,1780,350,1,0,31,0.0,,,,,,,0,0,0,0,0,10,2,0,0,31,,,,0.0,0.0,,,,
Manzaneda,2021,6,Galicia,N,1430,1780,350,1,0,30,0.0,,,,,,,0,0,0,0,0,8,0,0,0,0,,,,0.0,0.0,,,,
Manzaneda,2021,7,Galicia,N,1430,1780,350,1,0,31,0.0,,,,,,,0,0,0,0,0,9,0,0,0,0,,,,0.0,0.0,,,,
Manzaneda,2021,8,Galicia,N,1430,1780,350,1,0,31,0.0,,,,,,,0,0,0,0,0,9,1,0,0,0,,,,0.0,0.0,,,,
Manzaneda,2021,9,Galicia,N,1430,1780,350,1,0,30,0.0,,,,,,,0,0,0,0,0,8,1,0,0,0,,,,0.0,0.0,,,,
Manzaneda,2021,10,Galicia,N,1430,1780,350,1,0,31,0.0,,,,,,,0,0,0,0,0,10,1,0,0,31,,,,0.0,0.0,,,,
Manzaneda,2021,11,Galicia,N,1430,1780,350,1,0,30,0.0,,,,,,,0,0,0,0,0,8,1,0,0,30,,,,0.0,0.0,,,,
Manzaneda,2021,12,Galicia,N,1430,1780,350,1,0,31,0.0,,,,,,,0,0,0,0,0,8,4,2,0,31,,,,0.0,0.0,,,,
Manzaneda,2022,1,Galicia,N,1430,1780,350,1,0,31,0.0,,,,,,,0,0,0,0,0,10,2,2,0,31,,,,0.0,0.0,,,,
Manzaneda,2022,2,Galicia,N,1430,1780,350,1,0,28,0.0,,,,,,,0,0,0,0,0,8,1,0,0,28,,,,0.0,0.0,,,,
Manzaneda,2022,3,Galicia,N,1430,1780,350,1,0,31,0.0,,,,,,,0,0,0,0,0,8,0,0,0,31,,,,0.0,0.0,,,,
Manzaneda,2022,4,Galicia,N,1430,1780,350,1,1,30,0.03333333333333333,0.3,0.3333333333333333,0.0434782608695652,0.017910447761194,,,0,1,0,0,0,9,3,0,2,30,,,,0.0,0.0,,,,
Manzaneda,2022,5,Galicia,N,1430,1780,350,1,0,31,0.0,,,,,,,0,0,0,0,0,9,2,0,0,31,,,,0.0,0.0,,,,
Manzaneda,2022,6,Galicia,N,1430,1780,350,1,0,30,0.0,,,,,,,0,0,0,0,0,8,0,0,0,0,,,,0.0,0.0,,,,
Manzaneda,2022,7,Galicia,N,1430,1780,350,1,0,31,0.0,,,,,,,0,0,0,0,0,10,0,0,0,0,,,,0.0,0.0,,,,
Manzaneda,2022,8,Galicia,N,1430,1780,350,1,0,31,0.0,,,,,,,0,0,0,0,0,8,1,0,0,0,,,,0.0,0.0,,,,
Manzaneda,2022,9,Galicia,N,1430,1780,350,1,0,30,0.0,,,,,,,0,0,0,0,0,8,1,0,0,0,,,,0.0,0.0,,,,
Manzaneda,2022,10,Galicia,N,1430,1780,350,1,0,31,0.0,,,,,,,0,0,0,0,0,10,1,0,0,31,,,,0.0,0.0,,,,
Manzaneda,2022,11,Galicia,N,1430,1780,350,1,0,30,0.0,,,,,,,0,0,0,0,0,8,1,0,0,30,,,,0.0,0.0,,,,
Manzaneda,2022,12,Galicia,N,1430,1780,350,1,0,31,0.0,,,,,,,0,0,0,0,0,9,4,2,0,31,,,,0.0,0.0,,,,
Manzaneda,2023,1,Galicia,N,1430,1780,350,1,5,31,0.16129032258064516,4.0,0.6,0.24347826086956514,0.2388059701492537,35.0,10.0,0,5,0,0,0,9,2,2,0,31,,,,0.0,0.0,,,,
Manzaneda,2023,2,Galicia,N,1430,1780,350,1,25,28,0.8928571428571429,4.412,0.4933333333333333,0.2713043478260869,0.26340298507462684,31.8,8.4,1,24,0,0,0,8,1,0,0,28,,,,0.0,0.0,,,,
Manzaneda,2023,3,Galicia,N,1430,1780,350,1,7,31,0.22580645161290322,6.371428571428572,0.5952380952380951,0.39751552795031053,0.38038379530916844,40.714285714285715,10.0,0,7,0,0,0,8,0,0,0,31,,,,0.0,0.0,,,,
Manzaneda,2023,4,Galicia,N,1430,1780,350,1,0,30,0.0,,,,,,,0,0,0,0,0,10,3,0,2,30,,,,0.0,0.0,,,,
Manzaneda,2023,5,Galicia,N,1430,1780,350,1,0,31,0.0,,,,,,,0,0,0,0,0,8,2,0,0,31,,,,0.0,0.0,,,,
Manzaneda,2023,6,Galicia,N,1430,1780,350,1,0,30,0.0,,,,,,,0,0,0,0,0,8,0,0,0,0,,,,0.0,0.0,,,,
Manzaneda,2023,7,Galicia,N,1430,1780,350,1,0,31,0.0,,,,,,,0,0,0,0,0,10,0,0,0,0,,,,0.0,0.0,,,,
Manzaneda,2023,8,Galicia,N,1430,1780,350,1,0,31,0.0,,,,,,,0,0,0,0,0,8,1,0,0,0,,,,0.0,0.0,,,,
Manzaneda,2023,9,Galicia,N,1430,1780,350,1,0,30,0.0,,,,,,,0,0,0,0,0,9,1,0,0,0,,,,0.0,0.0,,,,
Manzaneda,2023,10,Galicia,N,1430,1780,350,1,0,31,0.0,,,,,,,0,0,0,0,0,9,1,0,0,31,,,,0.0,0.0,,,,
Manzaneda,2023,11,Galicia,N,1430,1780,350,1,0,30,0.0,,,,,,,0,0,0,0,0,8,1,0,0,30,,,,0.0,0.0,,,,
Manzaneda,2023,12,Galicia,N,1430,1780,350,1,0,31,0.0,,,,,,,0,0,0,0,0,10,4,2,0,31,,,,0.0,0.0,,,,
Manzaneda,2024,1,Galicia,N,1430,1780,350,1,8,31,0.25806451612903225,7.1875,0.625,0.39855072463768115,0.42910447761194026,12.25,4.875,0,7,0,0,0,8,2,2,0,31,,,,0.0,0.0,,,,
Manzaneda,2024,2,Galicia,N,1430,1780,350,1,6,29,0.20689655172413793,4.908333333333333,0.5,0.27536231884057966,0.2930348258706468,13.333333333333334,5.833333333333333,0,0,0,0,0,8,1,0,0,29,,,,0.0,0.0,,,,
Manzaneda,2024,3,Galicia,N,1430,1780,350,1,19,31,0.6129032258064516,9.36,0.5438596491228069,0.5240274599542334,0.5588059701492537,51.81818181818182,13.636363636363637,2,0,0,0,0,10,2,0,2,31,,,,0.0,0.0,,,,
Manzaneda,2024,4,Galicia,N,1430,1780,350,1,1,30,0.03333333333333333,9.04,0.5,0.5217391304347826,0.5397014925373134,15.0,5.0,2,0,0,0,0,8,1,0,0,30,,,,0.0,0.0,,,,
Manzaneda,2024,5,Galicia,N,1430,1780,350,1,0,31,0.0,,,,,,,0,0,0,0,0,8,2,0,0,31,,,,0.0,0.0,,,,
Manzaneda,2024,6,Galicia,N,1430,1780,350,1,0,30,0.0,,,,,,,0,0,0,0,0,10,0,0,0,0,,,,0.0,0.0,,,,
Manzaneda,2024,7,Galicia,N,1430,1780,350,1,0,31,0.0,,,,,,,0,0,0,0,0,8,0,0,0,0,,,,0.0,0.0,,,,
Manzaneda,2024,8,Galicia,N,1430,1780,350,1,0,31,0.0,,,,,,,0,0,0,0,0,9,1,0,0,0,,,,0.0,0.0,,,,
Manzaneda,2024,9,Galicia,N,1430,1780,350,1,0,30,0.0,,,,,,,0,0,0,0,0,9,1,0,0,0,,,,0.0,0.0,,,,
Manzaneda,2024,10,Galicia,N,1430,1780,350,1,0,31,0.0,,,,,,,0,0,0,0,0,8,1,0,0,31,,,,0.0,0.0,,,,
Manzaneda,2024,11,Galicia,N,1430,1780,350,1,0,30,0.0,,,,,,,0,0,0,0,0,9,1,0,0,30,,,,0.0,0.0,,,,
Manzaneda,2024,12,Galicia,N,1430,1780,350,1,4,31,0.12903225806451613,0.3,0.3333333333333333,0.05,0.0193548387096774,10.0,5.0,0,4,0,0,0,9,4,2,0,31,,,,0.0,0.0,,,,
Manzaneda,2025,1,Galicia,N,1430,1780,350,1,1,31,0.03225806451612903,14.5,0.6666666666666666,0.95,0.935483870967742,90.0,25.0,1,0,0,0,0,8,2,2,0,31,,,,0.0,0.0,,,,
Manzaneda,2025,2,Galicia,N,1430,1780,350,1,7,28,0.25,5.914285714285714,0.6428571428571429,0.37857142857142856,0.3815668202764977,20.714285714285715,5.714285714285714,0,0,0,0,0,8,1,0,0,28,,,,0.0,0.0,,,,
Manzaneda,2025,3,Galicia,N,1430,1780,350,1,18,31,0.5806451612903226,4.197222222222222,0.5833333333333334,0.275,0.2707885304659498,14.444444444444445,5.0,0,7,0,0,6,10,0,0,0,31,,,,0.0,0.0,,,,
Manzaneda,2025,4,Galicia,N,1430,1780,350,1,2,30,0.06666666666666667,3.25,0.5,0.225,0.20967741935483872,17.5,5.0,0,0,0,0,2,8,3,0,2,30,,,,0.0,0.0,,,,
Manzaneda,2025,5,Galicia,N,1430,1780,350,1,0,31,0.0,,,,,,,0,0,0,0,0,9,2,0,0,31,,,,0.0,0.0,,,,
Manzaneda,2025,6,Galicia,N,1430,1780,350,1,0,30,0.0,,,,,,,0,0,0,0,0,9,0,0,0,0,,,,0.0,0.0,,,,
Manzaneda,2025,7,Galicia,N,1430,1780,350,1,0,31,0.0,,,,,,,0,0,0,0,0,8,0,0,0,0,,,,0.0,0.0,,,,
Manzaneda,2025,8,Galicia,N,1430,1780,350,1,0,31,0.0,,,,,,,0,0,0,0,0,10,1,0,0,0,,,,0.0,0.0,,,,
Manzaneda,2025,9,Galicia,N,1430,1780,350,1,0,8,0.0,,,,,,,0,0,0,0,0,2,0,0,0,0,,,,0.0,0.0,,,,
Masella,2018,1,Cataluña,N,1600,2535,935,1,29,29,1.0,59.10344827586207,0.8026819923371648,0.7068965517241379,0.798695246971109,118.62068965517241,69.3103448275862,26,8,0,0,2,7,1,1,0,29,,,,0.0,0.0,,Lleida,26.22,30.86
Masella,2018,2,Cataluña,N,1600,2535,935,1,27,27,1.0,65.11538461538461,0.7613168724279835,0.8731707317073171,0.8799376299376299,228.33333333333334,131.11111111111111,27,4,0,0,0,7,1,0,0,27,,,,0.0,0.0,,Lleida,37.01,48.89
Masella,2018,3,Cataluña,N,1600,2535,935,1,29,29,1.0,66.75862068965517,0.82183908045977,0.8502943650126157,0.902143522833178,243.10344827586206,107.58620689655173,25,14,0,0,5,8,1,0,1,29,,,,0.0,0.0,,Lleida,42.78,50.98
Masella,2018,4,Cataluña,N,1600,2535,935,1,29,29,1.0,51.55172413793103,0.4386973180076629,0.5992430613961313,0.6966449207828518,253.10344827586206,68.27586206896552,8,7,0,0,20,8,1,0,0,29,,,,0.0,0.0,,Lleida,45.08,51.75
Masella,2018,5,Cataluña,N,1600,2535,935,1,1,31,0.03225806451612903,34.0,0.2777777777777778,0.3902439024390244,0.4594594594594595,200.0,20.0,1,0,0,0,1,8,2,0,0,31,,,,0.0,0.0,,Lleida,46.03,56.19
Masella,2018,6,Cataluña,N,1600,2535,935,1,0,30,0.0,,,,,,,0,0,0,0,0,9,0,0,0,0,,,,0.0,0.0,,Lleida,38.6,47.59
Masella,2018,7,Cataluña,N,1600,2535,935,1,0,31,0.0,,,,,,,0,0,0,0,0,9,0,0,0,0,,,,0.0,0.0,,Lleida,40.49,45.94
Masella,2018,8,Cataluña,N,1600,2535,935,1,0,31,0.0,,,,,,,0,0,0,0,0,8,1,0,0,0,,,,0.0,0.0,,Lleida,45.99,55.73
Masella,2018,9,Cataluña,N,1600,2535,935,1,0,30,0.0,,,,,,,0,0,0,0,0,10,1,0,0,0,,,,0.0,0.0,,Lleida,48.63,62.87
Masella,2018,10,Cataluña,N,1600,2535,935,1,0,31,0.0,,,,,,,0,0,0,0,0,8,1,0,0,31,,,,0.0,0.0,,Lleida,45.47,61.51
Masella,2018,11,Cataluña,N,1600,2535,935,1,30,30,1.0,24.066666666666666,0.2941176470588235,0.29537037037037034,0.3252252252252252,72.66666666666667,24.833333333333332,24,16,0,0,0,8,1,0,0,30,,,,0.0,0.0,,Lleida,39.25,53.59
Masella,2018,12,Cataluña,N,1600,2535,935,1,31,31,1.0,37.45161290322581,0.5180265654648957,0.46415770609318996,0.506102877070619,57.25806451612903,22.419354838709676,31,31,0,0,0,10,4,2,0,31,,,,0.0,0.0,,Lleida,37.89,44.18
Masella,2019,1,Cataluña,N,1600,2535,935,1,31,31,1.0,55.483870967741936,0.8425047438330171,0.6312724014336917,0.7497820401046207,79.19354838709677,37.74193548387097,31,22,0,0,0,8,2,2,0,31,,,,0.0,0.0,,Lleida,26.44,29.32
Masella,2019,2,Cataluña,N,1600,2535,935,1,28,28,1.0,65.25,0.8697478991596638,0.818452380952381,0.8817567567567568,128.39285714285714,76.78571428571429,27,18,0,0,5,8,1,0,0,28,,,,0.0,0.0,,Lleida,33.03,40.66
Masella,2019,3,Cataluña,N,1600,2535,935,1,29,29,1.0,59.827586206896555,0.8823529411764706,0.6681034482758621,0.8084808946877913,77.24137931034483,35.172413793103445,19,6,0,0,25,9,0,0,0,29,,,,0.0,0.0,,Lleida,50.45,59.85
Masella,2019,4,Cataluña,N,1600,2535,935,1,29,29,1.0,42.44827586206897,0.5152129817444219,0.42624521072796934,0.5736253494874184,91.72413793103448,25.0,14,6,0,0,19,8,3,0,2,29,,,,0.0,0.0,,Lleida,46.44,48.41
Masella,2019,5,Cataluña,N,1600,2535,935,1,1,31,0.03225806451612903,24.0,0.3529411764705882,0.2222222222222222,0.3243243243243243,100.0,20.0,0,0,0,0,1,8,2,0,0,31,,,,0.0,0.0,,Lleida,53.04,67.91
Masella,2019,6,Cataluña,N,1600,2535,935,1,0,30,0.0,,,,,,,0,0,0,0,0,10,0,0,0,0,,,,0.0,0.0,,Lleida,52.44,61.34
Masella,2019,7,Cataluña,N,1600,2535,935,1,0,31,0.0,,,,,,,0,0,0,0,0,8,0,0,0,0,,,,0.0,0.0,,Lleida,47.79,52.65
Masella,2019,8,Cataluña,N,1600,2535,935,1,0,31,0.0,,,,,,,0,0,0,0,0,9,1,0,0,0,,,,0.0,0.0,,Lleida,50.57,60.74
Masella,2019,9,Cataluña,N,1600,2535,935,1,0,30,0.0,,,,,,,0,0,0,0,0,9,1,0,0,0,,,,0.0,0.0,,Lleida,45.02,56.75
Masella,2019,10,Cataluña,N,1600,2535,935,1,0,31,0.0,,,,,,,0,0,0,0,0,8,1,0,0,31,,,,0.0,0.0,,Lleida,48.66,53.76
Masella,2019,11,Cataluña,N,1600,2535,935,1,18,30,0.6,28.944444444444443,0.34313725490196073,0.22352941176470587,0.3911411411411411,56.94444444444444,24.444444444444443,15,4,0,0,0,9,1,0,0,30,,,,0.0,0.0,,Lleida,39.47,47.88
Masella,2019,12,Cataluña,N,1600,2535,935,1,30,31,0.967741935483871,52.8,0.76078431372549,0.5164705882352941,0.7135135135135136,80.3225806451613,25.483870967741936,29,20,0,0,0,9,4,2,0,31,,,,0.0,0.0,,Lleida,43.65,52.04
Masella,2020,1,Cataluña,N,1600,2535,935,1,31,31,1.0,53.96774193548387,0.8007590132827324,0.5772296015180266,0.7292938099389713,117.25806451612904,43.064516129032256,30,22,0,0,0,8,2,2,0,31,,,,0.0,0.0,,Lleida,27.09,32.25
Masella,2020,2,Cataluña,N,1600,2535,935,1,27,27,1.0,70.48148148148148,0.8932461873638344,0.8793028322440086,0.9524524524524525,182.22222222222223,58.888888888888886,14,22,0,0,15,7,1,0,0,27,,,,0.0,0.0,,Lleida,36.76,49.05
Masella,2020,3,Cataluña,N,1600,2535,935,1,13,31,0.41935483870967744,60.15384615384615,0.7466063348416289,0.6552036199095023,0.812889812889813,156.15384615384616,38.46153846153846,6,5,0,0,5,9,0,0,0,31,,,,0.0,0.0,,Lleida,32.26,28.02
Masella,2020,4,Cataluña,N,1600,2535,935,1,0,30,0.0,,,,,,,0,0,0,0,0,8,3,0,2,30,,,,0.0,0.0,,Lleida,0.0,0.0
Masella,2020,5,Cataluña,N,1600,2535,935,1,0,31,0.0,,,,,,,0,0,0,0,0,10,2,0,0,31,,,,0.0,0.0,,Lleida,,
Masella,2020,6,Cataluña,N,1600,2535,935,1,0,30,0.0,,,,,,,0,0,0,0,0,8,0,0,0,0,,,,0.0,0.0,,Lleida,,
Masella,2020,7,Cataluña,N,1600,2535,935,1,0,31,0.0,,,,,,,0,0,0,0,0,8,0,0,0,0,,,,0.0,0.0,,Lleida,,
Masella,2020,8,Cataluña,N,1600,2535,935,1,0,31,0.0,,,,,,,0,0,0,0,0,10,1,0,0,0,,,,0.0,0.0,,Lleida,,
Masella,2020,9,Cataluña,N,1600,2535,935,1,0,30,0.0,,,,,,,0,0,0,0,0,8,1,0,0,0,,,,0.0,0.0,,Lleida,22.73,28.69
Masella,2020,10,Cataluña,N,1600,2535,935,1,0,31,0.0,,,,,,,0,0,0,0,0,9,1,0,0,31,,,,0.0,0.0,,Lleida,23.23,28.38
Masella,2020,11,Cataluña,N,1600,2535,935,1,0,30,0.0,,,,,,,0,0,0,0,0,9,1,0,0,30,,,,0.0,0.0,,Lleida,16.45,11.08
Masella,2020,12,Cataluña,N,1600,2535,935,1,17,31,0.5483870967741935,39.470588235294116,0.4083044982698962,0.5203619909502263,0.5333863275039745,53.888888888888886,30.0,18,16,0,0,0,8,4,2,0,31,,,,0.0,0.0,,Lleida,19.11,18.07
Masella,2021,1,Cataluña,N,1600,2535,935,1,31,31,1.0,48.41935483870968,0.33017077798861477,0.6446650124069478,0.6543156059285091,88.38709677419355,54.516129032258064,31,15,0,0,0,10,2,2,0,31,,,,0.0,0.0,,Lleida,20.84,19.52
Masella,2021,2,Cataluña,N,1600,2535,935,1,27,28,0.9642857142857143,40.7037037037037,0.42701525054466233,0.5521367521367522,0.55005005005005,72.5,37.857142857142854,25,25,0,0,1,8,1,0,0,28,,,,0.0,0.0,,Lleida,27.46,28.76
Masella,2021,3,Cataluña,N,1600,2535,935,1,31,31,1.0,47.96774193548387,0.5161290322580645,0.5905707196029776,0.6482127288578902,66.7741935483871,35.16129032258065,28,11,0,0,20,8,0,0,0,31,,,,0.0,0.0,,Lleida,29.63,34.71
Masella,2021,4,Cataluña,N,1600,2535,935,1,11,30,0.36666666666666664,23.454545454545453,0.4385026737967914,0.2881118881118881,0.3169533169533169,53.63636363636363,20.0,0,11,0,0,10,8,3,0,2,30,,,,0.0,0.0,,Lleida,36.96,47.85
Masella,2021,5,Cataluña,N,1600,2535,935,1,0,31,0.0,,,,,,,0,0,0,0,0,10,2,0,0,31,,,,0.0,0.0,,Lleida,31.62,36.37
Masella,2021,6,Cataluña,N,1600,2535,935,1,0,30,0.0,,,,,,,0,0,0,0,0,8,0,0,0,0,,,,0.0,0.0,,Lleida,47.27,59.37
Masella,2021,7,Cataluña,N,1600,2535,935,1,0,31,0.0,,,,,,,0,0,0,0,0,9,0,0,0,0,,,,0.0,0.0,,Lleida,56.07,56.85
Masella,2021,8,Cataluña,N,1600,2535,935,1,0,31,0.0,,,,,,,0,0,0,0,0,9,1,0,0,0,,,,0.0,0.0,,Lleida,58.7,66.57
Masella,2021,9,Cataluña,N,1600,2535,935,1,0,30,0.0,,,,,,,0,0,0,0,0,8,1,0,0,0,,,,0.0,0.0,,Lleida,52.03,62.43
Masella,2021,10,Cataluña,N,1600,2535,935,1,0,31,0.0,,,,,,,0,0,0,0,0,10,1,0,0,31,,,,0.0,0.0,,Lleida,49.83,57.81
Masella,2021,11,Cataluña,N,1600,2535,935,1,5,30,0.16666666666666666,31.2,0.24705882352941172,0.23636363636363633,0.4216216216216216,54.0,24.0,5,0,0,0,0,8,1,0,0,30,,,,0.0,0.0,,Lleida,48.34,58.4
Masella,2021,12,Cataluña,N,1600,2535,935,1,31,31,1.0,63.0,0.8595825426944971,0.7310431503979892,0.8513513513513514,86.45161290322581,49.193548387096776,31,4,0,0,1,8,4,2,0,31,,,,0.0,0.0,,Lleida,35.67,42.9
Masella,2022,1,Cataluña,N,1600,2535,935,1,31,31,1.0,58.064516129032256,0.8804554079696394,0.6740678676162547,0.7846556233653007,85.16129032258064,37.25806451612903,31,26,0,0,4,10,2,2,0,31,,,,0.0,0.0,,Lleida,29.05,37.57
Masella,2022,2,Cataluña,N,1600,2535,935,1,28,28,1.0,59.0,0.8277310924369747,0.6757884972170686,0.7972972972972973,91.60714285714286,41.607142857142854,28,27,0,0,0,8,1,0,0,28,,,,0.0,0.0,,Lleida,43.46,58.89
Masella,2022,3,Cataluña,N,1600,2535,935,1,31,31,1.0,54.12903225806452,0.7115749525616698,0.6162547130289066,0.7314734088927638,110.96774193548387,42.25806451612903,27,7,0,0,15,8,0,0,0,31,,,,0.0,0.0,,Lleida,46.75,64.95
Masella,2022,4,Cataluña,N,1600,2535,935,1,24,30,0.8,37.208333333333336,0.37745098039215685,0.3912337662337662,0.5028153153153153,89.375,24.166666666666668,8,6,0,0,17,9,3,0,2,30,,,,0.0,0.0,,Lleida,57.08,71.31
Masella,2022,5,Cataluña,N,1600,2535,935,1,0,31,0.0,,,,,,,0,0,0,0,0,9,2,0,0,31,,,,0.0,0.0,,Lleida,62.31,74.22
Masella,2022,6,Cataluña,N,1600,2535,935,1,0,30,0.0,,,,,,,0,0,0,0,0,8,0,0,0,0,,,,0.0,0.0,,Lleida,58.85,70.31
Masella,2022,7,Cataluña,N,1600,2535,935,1,0,31,0.0,,,,,,,0,0,0,0,0,10,0,0,0,0,,,,0.0,0.0,,Lleida,56.17,67.77
Masella,2022,8,Cataluña,N,1600,2535,935,1,0,31,0.0,,,,,,,0,0,0,0,0,8,1,0,0,0,,,,0.0,0.0,,Lleida,61.74,65.2
Masella,2022,9,Cataluña,N,1600,2535,935,1,0,30,0.0,,,,,,,0,0,0,0,0,8,1,0,0,0,,,,0.0,0.0,,Lleida,55.86,64.03
Masella,2022,10,Cataluña,N,1600,2535,935,1,0,31,0.0,,,,,,,0,0,0,0,0,10,1,0,0,31,,,,0.0,0.0,,Lleida,51.6,62.46
Masella,2022,11,Cataluña,N,1600,2535,935,1,0,30,0.0,,,,,,,0,0,0,0,0,8,1,0,0,30,,,,0.0,0.0,,Lleida,45.32,52.91
Masella,2022,12,Cataluña,N,1600,2535,935,1,30,31,0.967741935483871,42.733333333333334,0.6156862745098038,0.3972222222222222,0.5774774774774775,45.333333333333336,20.666666666666668,6,22,0,0,0,9,4,2,0,31,,,,0.0,0.0,,Lleida,36.78,47.07
Masella,2023,1,Cataluña,N,1600,2535,935,1,31,31,1.0,48.54838709677419,0.6793168880455408,0.4879032258064516,0.6560592850915432,55.806451612903224,29.032258064516128,14,13,0,0,2,9,2,2,0,31,,,,0.0,0.0,,Lleida,40.67,44.57
Masella,2023,2,Cataluña,N,1600,2535,935,1,28,28,1.0,56.32142857142857,0.7394957983193278,0.5778769841269842,0.7611003861003861,79.82142857142857,43.57142857142857,17,10,0,0,0,8,1,0,0,28,,,,0.0,0.0,,Lleida,45.63,59.93
Masella,2023,3,Cataluña,N,1600,2535,935,1,31,31,1.0,45.354838709677416,0.6622390891840608,0.5161290322580645,0.6129032258064516,64.03225806451613,31.612903225806452,8,3,0,0,22,8,0,0,0,31,,,,0.0,0.0,,Lleida,47.72,64.99
Masella,2023,4,Cataluña,N,1600,2535,935,1,10,30,0.3333333333333333,21.4,0.3647058823529411,0.18055555555555552,0.2891891891891892,39.0,13.5,0,10,0,0,10,10,3,0,2,30,,,,0.0,0.0,,Lleida,52.94,68.09
Masella,2023,5,Cataluña,N,1600,2535,935,1,0,31,0.0,,,,,,,0,0,0,0,0,8,2,0,0,31,,,,0.0,0.0,,Lleida,53.07,62.82
Masella,2023,6,Cataluña,N,1600,2535,935,1,0,30,0.0,,,,,,,0,0,0,0,0,8,0,0,0,0,,,,0.0,0.0,,Lleida,51.52,66.91
Masella,2023,7,Cataluña,N,1600,2535,935,1,0,31,0.0,,,,,,,0,0,0,0,0,10,0,0,0,0,,,,0.0,0.0,,Lleida,51.46,57.12
Masella,2023,8,Cataluña,N,1600,2535,935,1,0,31,0.0,,,,,,,0,0,0,0,0,8,1,0,0,0,,,,0.0,0.0,,Lleida,53.42,63.93
Masella,2023,9,Cataluña,N,1600,2535,935,1,0,30,0.0,,,,,,,0,0,0,0,0,9,1,0,0,0,,,,0.0,0.0,,Lleida,51.95,58.41
Masella,2023,10,Cataluña,N,1600,2535,935,1,0,31,0.0,,,,,,,0,0,0,0,0,9,1,0,0,31,,,,0.0,0.0,,Lleida,54.33,62.32
Masella,2023,11,Cataluña,N,1600,2535,935,1,0,30,0.0,,,,,,,0,0,0,0,0,8,1,0,0,30,,,,0.0,0.0,,Lleida,43.84,52.33
Masella,2023,12,Cataluña,N,1600,2535,935,1,27,31,0.8709677419354839,27.666666666666668,0.35947712418300654,0.18842592592592594,0.3738738738738739,30.0,23.14814814814815,24,24,0,0,0,10,4,2,0,31,,,,0.0,0.0,,Lleida,41.39,45.0
Masella,2024,1,Cataluña,N,1600,2535,935,1,31,31,1.0,34.67741935483871,0.6072106261859582,0.32056451612903225,0.4686137750653879,44.67741935483871,26.129032258064516,21,23,0,0,5,8,2,2,0,31,,,,0.0,0.0,,Lleida,38.88,41.55
Masella,2024,2,Cataluña,N,1600,2535,935,1,29,29,1.0,36.827586206896555,0.7261663286004056,0.3543103448275862,0.4976700838769804,41.03448275862069,24.482758620689655,12,27,0,0,14,8,1,0,0,29,,,,0.0,0.0,,Lleida,46.3,56.1
Masella,2024,3,Cataluña,N,1600,2535,935,1,31,31,1.0,34.58064516129032,0.5996204933586339,0.35604838709677417,0.4673060156931125,68.06451612903226,37.096774193548384,16,15,0,0,12,10,2,0,2,31,,,,0.0,0.0,,Lleida,51.67,69.27
Masella,2024,4,Cataluña,N,1600,2535,935,1,14,30,0.4666666666666667,15.5,0.27310924369747897,0.15178571428571427,0.20945945945945943,49.642857142857146,18.928571428571427,3,5,0,0,10,8,1,0,0,30,,,,0.0,0.0,,Lleida,47.53,52.79
Masella,2024,5,Cataluña,N,1600,2535,935,1,0,31,0.0,,,,,,,0,0,0,0,0,8,2,0,0,31,,,,0.0,0.0,,Lleida,55.23,66.44
Masella,2024,6,Cataluña,N,1600,2535,935,1,0,30,0.0,,,,,,,0,0,0,0,0,10,0,0,0,0,,,,0.0,0.0,,Lleida,57.62,66.38
Masella,2024,7,Cataluña,N,1600,2535,935,1,0,31,0.0,,,,,,,0,0,0,0,0,8,0,0,0,0,,,,0.0,0.0,,Lleida,53.05,69.47
Masella,2024,8,Cataluña,N,1600,2535,935,1,0,31,0.0,,,,,,,0,0,0,0,0,9,1,0,0,0,,,,0.0,0.0,,Lleida,54.76,63.24
Masella,2024,9,Cataluña,N,1600,2535,935,1,0,30,0.0,,,,,,,0,0,0,0,0,9,1,0,0,0,,,,0.0,0.0,,Lleida,51.44,59.78
Masella,2024,10,Cataluña,N,1600,2535,935,1,0,31,0.0,,,,,,,0,0,0,0,0,8,1,0,0,31,,,,0.0,0.0,,Lleida,54.64,66.75
Masella,2024,11,Cataluña,N,1600,2535,935,1,0,30,0.0,,,,,,,0,0,0,0,0,9,1,0,0,30,,,,0.0,0.0,,Lleida,46.61,55.41
Masella,2024,12,Cataluña,N,1600,2535,935,1,22,31,0.7096774193548387,27.727272727272727,0.42780748663101603,0.2659090909090909,0.37469287469287466,55.90909090909091,32.04545454545455,22,13,0,0,0,9,4,2,0,31,,,,0.0,0.0,,Lleida,43.91,55.38
Masella,2025,1,Cataluña,N,1600,2535,935,1,31,31,1.0,37.38709677419355,0.6413662239089184,0.41854838709677417,0.505231037489102,61.774193548387096,31.29032258064516,23,31,0,0,0,8,2,2,0,31,,,,0.0,0.0,,Lleida,35.68,42.8
Masella,2025,2,Cataluña,N,1600,2535,935,1,28,28,1.0,43.17857142857143,0.7626050420168067,0.49062500000000003,0.5834942084942085,73.21428571428571,39.82142857142857,27,22,0,0,0,8,1,0,0,28,,,,0.0,0.0,,Lleida,46.3,59.2
Masella,2025,3,Cataluña,N,1600,2535,935,1,30,31,0.967741935483871,54.53333333333333,0.7137254901960783,0.6245833333333334,0.736936936936937,129.67741935483872,38.225806451612904,21,6,0,0,6,10,0,0,0,31,,,,0.0,0.0,,Lleida,46.45,61.46
Masella,2025,4,Cataluña,N,1600,2535,935,1,27,30,0.9,44.51851851851852,0.4662309368191721,0.43796296296296294,0.6016016016016016,126.66666666666667,28.51851851851852,2,21,0,0,19,8,3,0,2,30,,,,0.0,0.0,,Lleida,49.2,68.12
Masella,2025,5,Cataluña,N,1600,2535,935,1,0,31,0.0,,,,,,,0,0,0,0,0,9,2,0,0,31,,,,0.0,0.0,,Lleida,50.87,62.37
Masella,2025,6,Cataluña,N,1600,2535,935,1,0,30,0.0,,,,,,,0,0,0,0,0,9,0,0,0,0,,,,0.0,0.0,,Lleida,53.1,65.03
Masella,2025,7,Cataluña,N,1600,2535,935,1,0,31,0.0,,,,,,,0,0,0,0,0,8,0,0,0,0,,,,0.0,0.0,,Lleida,53.13,63.78
Masella,2025,8,Cataluña,N,1600,2535,935,1,0,31,0.0,,,,,,,0,0,0,0,0,10,1,0,0,0,,,,0.0,0.0,,Lleida,59.81,70.16
Masella,2025,9,Cataluña,N,1600,2535,935,1,0,8,0.0,,,,,,,0,0,0,0,0,2,0,0,0,0,,,,0.0,0.0,,Lleida,50.46,60.76
Panticosa,2018,1,Aragón,N,1520,2200,680,1,29,29,1.0,27.448275862068964,0.9241379310344826,0.7961685823754789,0.7038019451812556,147.24137931034483,75.34482758620689,20,9,0,0,1,7,1,1,0,29,11.6,4.031034482758621,7.393103448275863,44.1,0.0,22.475862068965515,Sallent de Gállego,57.28,61.15
Panticosa,2018,2,Aragón,N,1520,2200,680,1,25,26,0.9615384615384616,28.84,0.9413333333333332,0.8506666666666667,0.7394871794871795,179.23076923076923,90.38461538461539,22,2,0,0,2,7,1,0,0,26,9.338461538461539,0.5346153846153846,4.619230769230769,57.5,20.790000000000003,20.434615384615384,Sallent de Gállego,72.99,83.71
Panticosa,2018,3,Aragón,N,1520,2200,680,1,28,29,0.9655172413793104,28.571428571428573,0.8952380952380953,0.807936507936508,0.7326007326007327,235.86206896551724,135.86206896551724,27,2,0,0,1,8,1,0,1,29,12.110344827586207,3.4,7.455172413793103,105.2,3.8499999999999996,23.99655172413793,Sallent de Gállego,57.69,72.27
Panticosa,2018,4,Aragón,N,1520,2200,680,1,8,29,0.27586206896551724,30.0,0.8916666666666666,0.8666666666666667,0.7692307692307693,240.0,140.0,1,0,0,0,4,8,1,0,0,29,17.21034482758621,7.9655172413793105,12.413793103448276,169.0,0.0,17.975862068965515,Sallent de Gállego,52.87,20.83
Panticosa,2018,5,Aragón,N,1520,2200,680,1,0,31,0.0,,,,,,,0,0,0,0,0,8,2,0,0,31,20.906451612903226,10.529032258064515,15.567741935483872,66.6,0.0,17.635483870967743,Sallent de Gállego,,
Panticosa,2018,6,Aragón,N,1520,2200,680,1,0,30,0.0,,,,,,,0,0,0,0,0,9,0,0,0,0,26.086666666666666,15.353333333333333,20.509999999999998,60.2,0.0,18.503333333333334,Sallent de Gállego,27.14,48.74
Panticosa,2018,7,Aragón,N,1520,2200,680,1,0,31,0.0,,,,,,,0,0,0,0,0,9,0,0,0,0,31.703225806451616,19.15806451612903,25.493548387096773,4.0,0.0,18.66774193548387,Sallent de Gállego,39.89,53.89
Panticosa,2018,8,Aragón,N,1520,2200,680,1,0,31,0.0,,,,,,,0,0,0,0,0,8,1,0,0,0,31.364516129032257,18.88064516129032,24.906451612903226,25.0,0.0,18.5,Sallent de Gállego,60.62,70.21
Panticosa,2018,9,Aragón,N,1520,2200,680,1,0,30,0.0,,,,,,,0,0,0,0,0,10,1,0,0,0,27.676666666666666,16.54,21.69333333333333,35.1,0.0,15.643333333333334,Sallent de Gállego,24.3,34.94
Panticosa,2018,10,Aragón,N,1520,2200,680,1,0,31,0.0,,,,,,,0,0,0,0,0,8,1,0,0,31,19.62258064516129,10.380645161290323,14.480645161290322,174.7,0.0,18.112903225806452,Sallent de Gállego,,
Panticosa,2018,11,Aragón,N,1520,2200,680,1,0,30,0.0,,,,,,,0,0,0,0,0,8,1,0,0,30,13.22,6.033333333333333,9.323333333333332,73.0,0.21,16.766666666666666,Sallent de Gállego,,
Panticosa,2018,12,Aragón,N,1520,2200,680,1,0,31,0.0,,,,,,,0,0,0,0,0,10,4,2,0,31,11.609677419354838,4.1000000000000005,7.325806451612903,12.8,0.0,16.474193548387095,Sallent de Gállego,26.48,23.48
Panticosa,2019,1,Aragón,N,1520,2200,680,1,7,31,0.22580645161290322,8.428571428571429,0.4666666666666667,0.2285714285714285,0.2161172161172161,60.0,40.0,7,0,0,0,0,8,2,2,0,31,9.003225806451614,-0.00967741935483869,3.825806451612903,42.5,1.05,19.17096774193548,Sallent de Gállego,20.15,20.92
Panticosa,2019,2,Aragón,N,1520,2200,680,1,27,28,0.9642857142857143,21.37037037037037,0.8814814814814815,0.6781893004115226,0.5479582146248813,72.5,52.67857142857143,20,23,0,0,5,8,1,0,0,28,14.092857142857143,3.182142857142857,8.05,6.7,0.0,16.82857142857143,Sallent de Gállego,63.66,76.42
Panticosa,2019,3,Aragón,N,1520,2200,680,1,29,29,1.0,18.75862068965517,0.8758620689655172,0.6252873563218391,0.48099027409372236,52.06896551724138,40.3448275862069,9,24,0,0,20,9,0,0,0,29,17.348275862068967,5.131034482758621,10.96551724137931,6.1,0.0,20.400000000000002,Sallent de Gállego,54.0,77.52
Panticosa,2019,4,Aragón,N,1520,2200,680,1,0,29,0.0,,,,,,,0,0,0,0,0,8,3,0,2,29,17.341379310344827,7.203448275862069,11.841379310344827,65.3,0.0,21.21379310344828,Sallent de Gállego,20.36,35.54
Panticosa,2019,5,Aragón,N,1520,2200,680,1,0,31,0.0,,,,,,,0,0,0,0,0,8,2,0,0,31,22.15806451612903,9.296774193548387,15.506451612903225,73.1,0.0,22.06451612903226,Sallent de Gállego,,
Panticosa,2019,6,Aragón,N,1520,2200,680,1,0,30,0.0,,,,,,,0,0,0,0,0,10,0,0,0,0,28.903333333333332,16.096666666666668,22.473333333333336,29.0,0.0,21.53666666666667,Sallent de Gállego,21.93,37.65
Panticosa,2019,7,Aragón,N,1520,2200,680,1,0,31,0.0,,,,,,,0,0,0,0,0,8,0,0,0,0,32.541935483870965,19.603225806451615,26.05806451612903,36.2,0.0,19.980645161290322,Sallent de Gállego,44.31,65.56
Panticosa,2019,8,Aragón,N,1520,2200,680,1,0,31,0.0,,,,,,,0,0,0,0,0,9,1,0,0,0,31.02258064516129,18.98709677419355,24.929032258064513,57.4,0.0,17.416129032258063,Sallent de Gállego,67.29,77.79
Panticosa,2019,9,Aragón,N,1520,2200,680,1,0,30,0.0,,,,,,,0,0,0,0,0,9,1,0,0,0,26.816666666666666,15.326666666666666,20.703333333333333,22.8,0.0,16.916666666666668,Sallent de Gállego,16.91,30.53
Panticosa,2019,10,Aragón,N,1520,2200,680,1,0,31,0.0,,,,,,,0,0,0,0,0,8,1,0,0,31,21.032258064516128,11.183870967741935,15.77741935483871,112.2,0.0,18.990322580645163,Sallent de Gállego,,
Panticosa,2019,11,Aragón,N,1520,2200,680,1,3,30,0.1,13.666666666666666,0.6666666666666666,0.4518518518518519,0.35042735042735035,61.666666666666664,20.0,1,1,0,0,0,9,1,0,0,30,12.423333333333334,5.183333333333334,8.42,79.4,0.42,22.59333333333333,Sallent de Gállego,,
Panticosa,2019,12,Aragón,N,1520,2200,680,1,29,31,0.9354838709677419,16.586206896551722,0.7333333333333333,0.5218390804597701,0.42528735632183906,44.333333333333336,10.0,13,23,0,0,0,9,4,2,0,31,11.135483870967741,4.348387096774194,7.529032258064516,90.2,0.0,19.548387096774192,Sallent de Gállego,48.57,63.97
Panticosa,2020,1,Aragón,N,1520,2200,680,1,31,31,1.0,20.29032258064516,0.7612903225806452,0.6372759856630824,0.5202646815550042,74.6774193548387,30.0,20,21,0,0,0,8,2,2,0,31,9.483870967741936,1.3774193548387097,5.080645161290323,59.8,0.21,13.461290322580645,Sallent de Gállego,58.94,77.92
Panticosa,2020,2,Aragón,N,1520,2200,680,1,27,27,1.0,23.48148148148148,0.8469135802469135,0.7465020576131687,0.6020892687559354,125.37037037037037,32.407407407407405,11,22,0,0,12,7,1,0,0,27,14.68888888888889,5.2444444444444445,9.448148148148148,3.7,0.0,17.81851851851852,Sallent de Gállego,69.38,88.35
Panticosa,2020,3,Aragón,N,1520,2200,680,1,12,31,0.3870967741935484,19.0,0.7944444444444444,0.6407407407407407,0.48717948717948717,137.69230769230768,33.84615384615385,7,3,0,0,3,9,0,0,0,31,14.406451612903227,5.47741935483871,9.670967741935485,94.4,1.47,21.948387096774194,Sallent de Gállego,37.53,38.34
Panticosa,2020,4,Aragón,N,1520,2200,680,1,0,30,0.0,,,,,,,0,0,0,0,0,8,3,0,2,30,17.323333333333334,9.3,13.076666666666666,88.4,0.0,17.10666666666667,Sallent de Gállego,0.0,0.0
Panticosa,2020,5,Aragón,N,1520,2200,680,1,0,31,0.0,,,,,,,0,0,0,0,0,10,2,0,0,31,24.0258064516129,13.296774193548387,18.574193548387097,82.1,0.0,17.200000000000003,Sallent de Gállego,,
Panticosa,2020,6,Aragón,N,1520,2200,680,1,0,30,0.0,,,,,,,0,0,0,0,0,8,0,0,0,0,25.84333333333333,14.99,20.103333333333335,58.099999999999994,0.0,19.396666666666665,Sallent de Gállego,,
Panticosa,2020,7,Aragón,N,1520,2200,680,1,0,31,0.0,,,,,,,0,0,0,0,0,8,0,0,0,0,32.60967741935484,19.393548387096775,25.925806451612903,13.200000000000001,0.0,17.638709677419353,Sallent de Gállego,33.1,41.91
Panticosa,2020,8,Aragón,N,1520,2200,680,1,0,31,0.0,,,,,,,0,0,0,0,0,10,1,0,0,0,31.52258064516129,19.22258064516129,25.190322580645162,7.8999999999999995,0.0,20.274193548387096,Sallent de Gállego,61.38,75.06
Panticosa,2020,9,Aragón,N,1520,2200,680,1,0,30,0.0,,,,,,,0,0,0,0,0,8,1,0,0,0,25.84333333333333,14.72,20.03666666666667,42.5,0.0,19.176666666666666,Sallent de Gállego,21.73,40.36
Panticosa,2020,10,Aragón,N,1520,2200,680,1,0,31,0.0,,,,,,,0,0,0,0,0,9,1,0,0,31,17.5,8.758064516129032,12.716129032258063,60.1,0.0,21.861290322580647,Sallent de Gállego,,
Panticosa,2020,11,Aragón,N,1520,2200,680,1,0,30,0.0,,,,,,,0,0,0,0,0,9,1,0,0,30,14.860000000000001,7.056666666666667,10.68,57.4,0.0,14.833333333333334,Sallent de Gállego,,
Panticosa,2020,12,Aragón,N,1520,2200,680,1,0,31,0.0,,,,,,,0,0,0,0,0,8,4,2,0,31,9.703225806451613,2.835483870967742,5.990322580645161,53.1,0.14,20.30322580645161,Sallent de Gállego,,
Panticosa,2021,1,Aragón,N,1520,2200,680,1,0,31,0.0,,,,,,,0,0,0,0,0,10,2,2,0,31,8.890322580645162,0.8161290322580644,4.280645161290322,54.3,9.87,19.738709677419354,Sallent de Gállego,,
Panticosa,2021,2,Aragón,N,1520,2200,680,1,0,28,0.0,,,,,,,0,0,0,0,0,8,1,0,0,28,13.282142857142857,6.057142857142857,9.35,54.7,0.0,21.00357142857143,Sallent de Gállego,,
Panticosa,2021,3,Aragón,N,1520,2200,680,1,0,31,0.0,,,,,,,0,0,0,0,0,8,0,0,0,31,15.680645161290323,4.964516129032258,9.990322580645161,9.2,0.0,18.05483870967742,Sallent de Gállego,,
Panticosa,2021,4,Aragón,N,1520,2200,680,1,0,30,0.0,,,,,,,0,0,0,0,0,8,3,0,2,30,17.21333333333333,7.0,11.803333333333335,51.599999999999994,0.0,17.696666666666665,Sallent de Gállego,17.4,38.66
Panticosa,2021,5,Aragón,N,1520,2200,680,1,0,31,0.0,,,,,,,0,0,0,0,0,10,2,0,0,31,21.990322580645163,10.780645161290321,16.203225806451613,31.4,0.0,21.825806451612905,Sallent de Gállego,,
Panticosa,2021,6,Aragón,N,1520,2200,680,1,0,30,0.0,,,,,,,0,0,0,0,0,8,0,0,0,0,27.209999999999997,16.003333333333334,21.506666666666668,38.6,0.0,18.15,Sallent de Gállego,14.85,32.14
Panticosa,2021,7,Aragón,N,1520,2200,680,1,0,31,0.0,,,,,,,0,0,0,0,0,9,0,0,0,0,30.83225806451613,18.08709677419355,24.47741935483871,7.199999999999999,0.0,20.983870967741936,Sallent de Gállego,50.17,55.54
Panticosa,2021,8,Aragón,N,1520,2200,680,1,0,31,0.0,,,,,,,0,0,0,0,0,9,1,0,0,0,31.258064516129032,18.322580645161292,24.603225806451615,11.7,0.0,18.938709677419357,Sallent de Gállego,76.74,85.01
Panticosa,2021,9,Aragón,N,1520,2200,680,1,0,30,0.0,,,,,,,0,0,0,0,0,8,1,0,0,0,24.986666666666668,15.703333333333335,19.946666666666665,109.0,0.0,16.823333333333334,Sallent de Gállego,28.14,44.0
Panticosa,2021,10,Aragón,N,1520,2200,680,1,0,31,0.0,,,,,,,0,0,0,0,0,10,1,0,0,31,20.467741935483872,10.264516129032257,14.806451612903226,35.2,0.0,15.083870967741934,Sallent de Gállego,24.04,40.4
Panticosa,2021,11,Aragón,N,1520,2200,680,1,0,30,0.0,,,,,,,0,0,0,0,0,8,1,0,0,30,13.44,4.34,8.26,85.8,0.7,19.459999999999997,Sallent de Gállego,,
Panticosa,2021,12,Aragón,N,1520,2200,680,1,28,31,0.9032258064516129,23.035714285714285,0.8285714285714285,0.6825396825396826,0.5906593406593407,162.32142857142858,46.07142857142857,21,19,0,0,1,8,4,2,0,31,10.135483870967741,3.47741935483871,6.567741935483871,51.2,0.0,18.006451612903227,Sallent de Gállego,46.3,39.12
Panticosa,2022,1,Aragón,N,1520,2200,680,1,30,31,0.967741935483871,24.9,0.888888888888889,0.7881481481481482,0.6384615384615384,160.66666666666666,30.0,24,25,0,0,4,10,2,2,0,31,10.2,0.4258064516129032,4.729032258064516,12.5,0.0,15.158064516129032,Sallent de Gállego,65.36,77.4
Panticosa,2022,2,Aragón,N,1520,2200,680,1,27,28,0.9642857142857143,25.074074074074073,0.8444444444444444,0.7802469135802469,0.6429249762583097,160.53571428571428,29.821428571428573,8,24,0,0,14,8,1,0,0,28,14.528571428571428,4.0,8.742857142857144,3.4,0.0,19.489285714285717,Sallent de Gállego,74.18,82.62
Panticosa,2022,3,Aragón,N,1520,2200,680,1,31,31,1.0,22.741935483870968,0.8258064516129032,0.7254480286738351,0.5831265508684863,159.19354838709677,24.35483870967742,10,18,0,0,20,8,0,0,0,31,14.067741935483872,5.796774193548386,9.619354838709677,69.6,0.0,20.238709677419354,Sallent de Gállego,44.61,75.36
Panticosa,2022,4,Aragón,N,1520,2200,680,1,15,30,0.5,16.666666666666668,0.7333333333333333,0.562962962962963,0.42735042735042733,138.23529411764707,22.941176470588236,4,8,0,0,11,9,3,0,2,30,17.98,7.239999999999999,12.24,97.60000000000001,0.0,19.68,Sallent de Gállego,33.05,42.61
Panticosa,2022,5,Aragón,N,1520,2200,680,1,0,31,0.0,,,,,,,0,0,0,0,0,9,2,0,0,31,26.9,13.948387096774193,20.43548387096774,17.1,0.0,19.98709677419355,Sallent de Gállego,,
Panticosa,2022,6,Aragón,N,1520,2200,680,1,0,30,0.0,,,,,,,0,0,0,0,0,8,0,0,0,0,31.903333333333332,19.283333333333335,25.416666666666668,19.8,0.0,21.466666666666665,Sallent de Gállego,23.72,42.29
Panticosa,2022,7,Aragón,N,1520,2200,680,1,0,31,0.0,,,,,,,0,0,0,0,0,10,0,0,0,0,34.25806451612903,19.903225806451612,27.083870967741937,43.3,0.0,18.216129032258067,Sallent de Gállego,46.73,60.12
Panticosa,2022,8,Aragón,N,1520,2200,680,1,0,31,0.0,,,,,,,0,0,0,0,0,8,1,0,0,0,32.79032258064516,20.187096774193545,26.238709677419354,18.6,0.0,18.309677419354838,Sallent de Gállego,61.18,70.47
Panticosa,2022,9,Aragón,N,1520,2200,680,1,0,30,0.0,,,,,,,0,0,0,0,0,8,1,0,0,0,26.413333333333334,15.7,20.63,32.4,0.0,19.826666666666664,Sallent de Gállego,31.49,28.79
Panticosa,2022,10,Aragón,N,1520,2200,680,1,0,31,0.0,,,,,,,0,0,0,0,0,10,1,0,0,31,23.24516129032258,14.325806451612904,18.219354838709677,66.3,0.0,17.212903225806453,Sallent de Gállego,,
Panticosa,2022,11,Aragón,N,1520,2200,680,1,0,30,0.0,,,,,,,0,0,0,0,0,8,1,0,0,30,15.05,7.483333333333333,10.889999999999999,52.9,0.0,19.86,Sallent de Gállego,,
Panticosa,2022,12,Aragón,N,1520,2200,680,1,5,31,0.16129032258064516,3.0,0.3466666666666667,0.09333333333333325,0.0769230769230769,17.0,17.0,0,3,0,0,3,9,4,2,0,31,11.432258064516128,4.52258064516129,7.625806451612903,79.0,0.14,13.44516129032258,Sallent de Gállego,36.08,27.88
Panticosa,2023,1,Aragón,N,1520,2200,680,1,29,31,0.9354838709677419,9.586206896551724,0.5149425287356322,0.28965517241379307,0.24580017683465957,72.41935483870968,30.161290322580644,23,8,0,0,2,9,2,2,0,31,9.27741935483871,0.7677419354838712,4.551612903225807,56.4,0.84,18.77741935483871,Sallent de Gállego,58.41,57.2
Panticosa,2023,2,Aragón,N,1520,2200,680,1,28,28,1.0,21.678571428571427,0.9166666666666666,0.6865079365079365,0.5558608058608059,148.75,46.42857142857143,25,14,0,0,2,8,1,0,0,28,11.078571428571427,0.8464285714285714,5.482142857142857,36.099999999999994,4.41,13.549999999999999,Sallent de Gállego,74.7,86.59
Panticosa,2023,3,Aragón,N,1520,2200,680,1,31,31,1.0,16.129032258064516,0.8344086021505376,0.5505376344086022,0.4135649296939619,110.0,31.129032258064516,6,8,0,0,19,8,0,0,0,31,17.480645161290322,6.296774193548386,11.458064516129031,8.9,0.0,21.929032258064513,Sallent de Gállego,45.34,74.65
Panticosa,2023,4,Aragón,N,1520,2200,680,1,9,30,0.3,2.7777777777777777,0.30370370370370364,0.17283950617283944,0.0712250712250712,36.111111111111114,36.111111111111114,3,4,0,0,5,10,3,0,2,30,22.15,9.21,15.29,12.3,0.0,23.459999999999997,Sallent de Gállego,35.03,45.1
Panticosa,2023,5,Aragón,N,1520,2200,680,1,0,31,0.0,,,,,,,0,0,0,0,0,8,2,0,0,31,24.43548387096774,11.46774193548387,17.629032258064516,16.2,0.0,22.970967741935485,Sallent de Gállego,,
Panticosa,2023,6,Aragón,N,1520,2200,680,1,0,30,0.0,,,,,,,0,0,0,0,0,8,0,0,0,0,27.40666666666667,16.326666666666668,21.496666666666666,78.1,0.0,17.383333333333333,Sallent de Gállego,,
Panticosa,2023,7,Aragón,N,1520,2200,680,1,0,31,0.0,,,,,,,0,0,0,0,0,10,0,0,0,0,30.96451612903226,18.4,24.503225806451614,24.4,0.0,19.26774193548387,Sallent de Gállego,46.46,71.12
Panticosa,2023,8,Aragón,N,1520,2200,680,1,0,31,0.0,,,,,,,0,0,0,0,0,8,1,0,0,0,32.14193548387097,19.41290322580645,25.60967741935484,6.4,0.0,22.216129032258067,Sallent de Gállego,63.36,68.99
Panticosa,2023,9,Aragón,N,1520,2200,680,1,0,30,0.0,,,,,,,0,0,0,0,0,9,1,0,0,0,26.39,16.21333333333333,20.95,66.10000000000001,0.0,16.913333333333334,Sallent de Gállego,26.93,32.29
Panticosa,2023,10,Aragón,N,1520,2200,680,1,0,31,0.0,,,,,,,0,0,0,0,0,9,1,0,0,31,22.283870967741933,13.332258064516129,17.396774193548385,107.1,0.0,16.9741935483871,Sallent de Gállego,,
Panticosa,2023,11,Aragón,N,1520,2200,680,1,0,30,0.0,,,,,,,0,0,0,0,0,8,1,0,0,30,15.020000000000001,6.713333333333334,10.520000000000001,48.6,0.0,19.86,Sallent de Gállego,,
Panticosa,2023,12,Aragón,N,1520,2200,680,1,0,31,0.0,,0.0666666666666666,,,,,0,0,0,0,0,10,4,2,0,31,11.067741935483872,3.435483870967742,7.16774193548387,22.4,0.07,17.635483870967743,Sallent de Gállego,28.45,28.21
Panticosa,2024,1,Aragón,N,1520,2200,680,1,23,31,0.7419354838709677,5.869565217391305,0.4066666666666666,0.18809073724007555,0.15050167224080263,26.304347826086957,21.304347826086957,10,13,0,0,8,8,2,2,0,31,10.829032258064515,2.925806451612903,6.699999999999999,42.2,0.91,14.812903225806451,Sallent de Gállego,45.87,51.86
Panticosa,2024,2,Aragón,N,1520,2200,680,1,28,29,0.9655172413793104,7.607142857142857,0.5785714285714285,0.2445652173913043,0.19505494505494506,41.55172413793103,27.75862068965517,14,15,0,0,12,8,1,0,0,29,13.248275862068965,4.3,8.344827586206897,70.8,0.0,19.66896551724138,Sallent de Gállego,49.32,54.44
Panticosa,2024,3,Aragón,N,1520,2200,680,1,28,31,0.9032258064516129,22.107142857142858,0.9333333333333333,0.687888198757764,0.5668498168498168,129.19354838709677,76.45161290322581,16,0,0,0,12,10,2,0,2,31,14.958064516129031,5.770967741935484,10.006451612903225,172.7,0.21,20.103225806451615,Sallent de Gállego,63.95,64.82
Panticosa,2024,4,Aragón,N,1520,2200,680,1,7,30,0.23333333333333334,13.285714285714286,0.8666666666666666,0.5031055900621119,0.34065934065934067,105.71428571428571,55.714285714285715,3,1,0,0,5,8,1,0,0,30,18.456666666666667,7.48,12.663333333333332,40.3,0.0,20.553333333333335,Sallent de Gállego,23.42,17.62
Panticosa,2024,5,Aragón,N,1520,2200,680,1,0,31,0.0,,,,,,,0,0,0,0,0,8,2,0,0,31,21.4741935483871,10.17741935483871,15.82258064516129,46.7,0.0,19.183870967741935,Sallent de Gállego,,
Panticosa,2024,6,Aragón,N,1520,2200,680,1,0,30,0.0,,,,,,,0,0,0,0,0,10,0,0,0,0,28.13,15.793333333333333,21.756666666666668,46.800000000000004,0.0,20.183333333333334,Sallent de Gállego,,
Panticosa,2024,7,Aragón,N,1520,2200,680,1,0,31,0.0,,,,,,,0,0,0,0,0,8,0,0,0,0,33.01935483870968,19.345161290322583,26.01290322580645,15.9,0.0,20.79032258064516,Sallent de Gállego,48.61,57.59
Panticosa,2024,8,Aragón,N,1520,2200,680,1,0,31,0.0,,,,,,,0,0,0,0,0,9,1,0,0,0,32.93225806451613,19.980645161290322,26.154838709677417,20.4,0.0,18.44516129032258,Sallent de Gállego,69.28,71.63
Panticosa,2024,9,Aragón,N,1520,2200,680,1,0,30,0.0,,,,,,,0,0,0,0,0,9,1,0,0,0,22.19333333333333,12.663333333333332,16.970000000000002,219.4,0.0,18.953333333333333,Sallent de Gállego,29.07,36.19
Panticosa,2024,10,Aragón,N,1520,2200,680,1,0,31,0.0,,,,,,,0,0,0,0,0,8,1,0,0,31,19.151612903225807,11.448387096774193,15.083870967741936,217.79999999999998,0.0,17.84193548387097,Sallent de Gállego,,
Panticosa,2024,11,Aragón,N,1520,2200,680,1,0,30,0.0,,,,,,,0,0,0,0,0,9,1,0,0,30,15.65,7.453333333333333,11.08,26.8,0.0,15.473333333333333,Sallent de Gállego,,
Panticosa,2024,12,Aragón,N,1520,2200,680,1,17,31,0.5483870967741935,9.411764705882353,0.6509803921568628,0.30179028132992325,0.24132730015082948,37.5,24.166666666666668,7,16,0,0,0,9,4,2,0,31,11.048387096774194,3.1903225806451614,6.538709677419354,10.6,0.0,17.44193548387097,Sallent de Gállego,33.99,33.61
Panticosa,2025,1,Aragón,N,1520,2200,680,1,29,31,0.9354838709677419,10.689655172413794,0.6738095238095239,0.34032983508245873,0.2740937223695844,46.166666666666664,24.333333333333332,15,20,0,0,0,8,2,2,0,31,10.258064516129032,2.3741935483870966,5.812903225806451,35.3,0.0,16.725806451612904,Sallent de Gállego,54.42,65.82
Panticosa,2025,2,Aragón,N,1520,2200,680,1,28,28,1.0,19.571428571428573,0.8952380952380953,0.578416149068323,0.5018315018315018,90.89285714285714,43.92857142857143,13,14,0,0,9,8,1,0,0,28,12.364285714285714,3.5321428571428575,7.321428571428571,30.7,1.33,14.725,Sallent de Gállego,72.01,89.49
Panticosa,2025,3,Aragón,N,1520,2200,680,1,30,31,0.967741935483871,19.366666666666667,0.8555555555555555,0.591304347826087,0.4965811965811966,109.35483870967742,37.74193548387097,13,14,0,0,12,10,0,0,0,31,12.558064516129033,4.622580645161291,8.27741935483871,132.4,0.0,20.39032258064516,Sallent de Gállego,52.63,68.22
Panticosa,2025,4,Aragón,N,1520,2200,680,1,8,30,0.26666666666666666,15.625,0.4611111111111111,0.4538043478260869,0.4006410256410256,121.92307692307692,32.30769230769231,0,3,0,0,9,8,3,0,2,30,17.363333333333333,8.216666666666667,12.55,94.39999999999999,0.0,20.183333333333334,Sallent de Gállego,19.08,37.0
Panticosa,2025,5,Aragón,N,1520,2200,680,1,0,31,0.0,,,,,,,0,0,0,0,0,9,2,0,0,31,21.983870967741936,10.551612903225807,15.996774193548388,120.1,0.0,19.312903225806455,Sallent de Gállego,,
Panticosa,2025,6,Aragón,N,1520,2200,680,1,0,30,0.0,,,,,,,0,0,0,0,0,9,0,0,0,0,32.14666666666667,19.09,25.516666666666666,22.3,0.0,17.256666666666668,Sallent de Gállego,,
Panticosa,2025,7,Aragón,N,1520,2200,680,1,0,31,0.0,,,,,,,0,0,0,0,0,8,0,0,0,0,30.648387096774194,17.725806451612904,24.14516129032258,41.99999999999999,0.0,19.60967741935484,Sallent de Gállego,47.17,64.92
Panticosa,2025,8,Aragón,N,1520,2200,680,1,0,31,0.0,,,,,,,0,0,0,0,0,10,1,0,0,0,32.42258064516129,19.45483870967742,25.661290322580644,58.800000000000004,0.0,18.183870967741935,Sallent de Gállego,63.07,53.33
Panticosa,2025,9,Aragón,N,1520,2200,680,1,0,8,0.0,,,,,,,0,0,0,0,0,2,0,0,0,0,27.25,15.575,21.1875,0.4,0.0,18.1125,Sallent de Gállego,26.64,32.34
Port Ainé,2018,1,Cataluña,N,1650,2440,790,1,29,29,1.0,24.0,0.7844827586206896,0.8427586206896552,0.898876404494382,128.44827586206895,80.51724137931035,21,4,0,0,0,7,1,1,0,29,,,,0.0,0.0,,Lleida,26.22,30.86
Port Ainé,2018,2,Cataluña,N,1650,2440,790,1,27,27,1.0,25.22222222222222,0.7731481481481481,0.9259259259259259,0.9446525176862255,201.2962962962963,128.33333333333334,25,1,0,0,1,7,1,0,0,27,,,,0.0,0.0,,Lleida,37.01,48.89
Port Ainé,2018,3,Cataluña,N,1650,2440,790,1,28,29,0.9655172413793104,24.142857142857142,0.7321428571428571,0.89,0.904226859283039,257.2413793103448,153.6206896551724,23,5,0,0,2,8,1,0,1,29,,,,0.0,0.0,,Lleida,42.78,50.98
Port Ainé,2018,4,Cataluña,N,1650,2440,790,1,8,29,0.27586206896551724,27.0,0.65625,1.0,1.0112359550561798,260.0,152.5,1,5,0,0,6,8,1,0,0,29,,,,0.0,0.0,,Lleida,45.08,51.75
Port Ainé,2018,5,Cataluña,N,1650,2440,790,1,0,31,0.0,,,,,,,0,0,0,0,0,8,2,0,0,31,,,,0.0,0.0,,Lleida,46.03,56.19
Port Ainé,2018,6,Cataluña,N,1650,2440,790,1,0,30,0.0,,,,,,,0,0,0,0,0,9,0,0,0,0,,,,0.0,0.0,,Lleida,38.6,47.59
Port Ainé,2018,7,Cataluña,N,1650,2440,790,1,0,31,0.0,,,,,,,0,0,0,0,0,9,0,0,0,0,,,,0.0,0.0,,Lleida,40.49,45.94
Port Ainé,2018,8,Cataluña,N,1650,2440,790,1,0,31,0.0,,,,,,,0,0,0,0,0,8,1,0,0,0,,,,0.0,0.0,,Lleida,45.99,55.73
Port Ainé,2018,9,Cataluña,N,1650,2440,790,1,0,30,0.0,,,,,,,0,0,0,0,0,10,1,0,0,0,,,,0.0,0.0,,Lleida,48.63,62.87
Port Ainé,2018,10,Cataluña,N,1650,2440,790,1,0,31,0.0,,,,,,,0,0,0,0,0,8,1,0,0,31,,,,0.0,0.0,,Lleida,45.47,61.51
Port Ainé,2018,11,Cataluña,N,1650,2440,790,1,1,30,0.03333333333333333,19.0,0.875,0.6,0.7037037037037037,50.0,20.0,1,0,0,0,0,8,1,0,0,30,,,,0.0,0.0,,Lleida,39.25,53.59
Port Ainé,2018,12,Cataluña,N,1650,2440,790,1,31,31,1.0,18.161290322580644,0.8145161290322581,0.6348387096774194,0.6726403823178017,50.0,20.0,30,0,0,0,0,10,4,2,0,31,,,,0.0,0.0,,Lleida,37.89,44.18
Port Ainé,2019,1,Cataluña,N,1650,2440,790,1,31,31,1.0,19.193548387096776,0.7540322580645161,0.6606451612903226,0.7108721624850658,71.93548387096774,35.806451612903224,31,0,0,0,0,8,2,2,0,31,,,,0.0,0.0,,Lleida,26.44,29.32
Port Ainé,2019,2,Cataluña,N,1650,2440,790,1,27,28,0.9642857142857143,24.555555555555557,0.7777777777777778,0.8711111111111111,0.9094650205761317,160.0,100.0,23,0,0,0,5,8,1,0,0,28,,,,0.0,0.0,,Lleida,33.03,40.66
Port Ainé,2019,3,Cataluña,N,1650,2440,790,1,28,29,0.9655172413793104,25.428571428571427,0.7901785714285714,0.8957142857142858,0.9417989417989416,149.6551724137931,89.65517241379311,0,0,0,0,29,9,0,0,0,29,,,,0.0,0.0,,Lleida,50.45,59.85
Port Ainé,2019,4,Cataluña,N,1650,2440,790,1,21,29,0.7241379310344828,23.142857142857142,0.8511904761904762,0.8285714285714286,0.8571428571428571,113.33333333333333,53.333333333333336,8,0,0,0,13,8,3,0,2,29,,,,0.0,0.0,,Lleida,46.44,48.41
Port Ainé,2019,5,Cataluña,N,1650,2440,790,1,0,31,0.0,,,,,,,0,0,0,0,0,8,2,0,0,31,,,,0.0,0.0,,Lleida,53.04,67.91
Port Ainé,2019,6,Cataluña,N,1650,2440,790,1,0,30,0.0,,,,,,,0,0,0,0,0,10,0,0,0,0,,,,0.0,0.0,,Lleida,52.44,61.34
Port Ainé,2019,7,Cataluña,N,1650,2440,790,1,0,31,0.0,,,,,,,0,0,0,0,0,8,0,0,0,0,,,,0.0,0.0,,Lleida,47.79,52.65
Port Ainé,2019,8,Cataluña,N,1650,2440,790,1,0,31,0.0,,,,,,,0,0,0,0,0,9,1,0,0,0,,,,0.0,0.0,,Lleida,50.57,60.74
Port Ainé,2019,9,Cataluña,N,1650,2440,790,1,0,30,0.0,,,,,,,0,0,0,0,0,9,1,0,0,0,,,,0.0,0.0,,Lleida,45.02,56.75
Port Ainé,2019,10,Cataluña,N,1650,2440,790,1,0,31,0.0,,,,,,,0,0,0,0,0,8,1,0,0,31,,,,0.0,0.0,,Lleida,48.66,53.76
Port Ainé,2019,11,Cataluña,N,1650,2440,790,1,2,30,0.06666666666666667,20.0,0.75,0.64,0.7407407407407407,40.0,15.0,1,1,0,0,0,9,1,0,0,30,,,,0.0,0.0,,Lleida,39.47,47.88
Port Ainé,2019,12,Cataluña,N,1650,2440,790,1,30,31,0.967741935483871,21.4,0.7833333333333333,0.7706666666666667,0.7925925925925925,64.51612903225806,25.806451612903224,28,23,0,0,0,9,4,2,0,31,,,,0.0,0.0,,Lleida,43.65,52.04
Port Ainé,2020,1,Cataluña,N,1650,2440,790,1,30,31,0.967741935483871,23.933333333333334,0.8,0.9066666666666666,0.8864197530864197,104.35483870967742,48.54838709677419,31,21,0,0,0,8,2,2,0,31,,,,0.0,0.0,,Lleida,27.09,32.25
Port Ainé,2020,2,Cataluña,N,1650,2440,790,1,27,27,1.0,26.962962962962962,0.7916666666666666,0.9985185185185186,0.9986282578875171,155.55555555555554,76.66666666666667,26,24,0,0,1,7,1,0,0,27,,,,0.0,0.0,,Lleida,36.76,49.05
Port Ainé,2020,3,Cataluña,N,1650,2440,790,1,13,31,0.41935483870967744,23.76923076923077,0.75,0.8861538461538461,0.8803418803418803,150.0,60.0,9,5,0,0,1,9,0,0,0,31,,,,0.0,0.0,,Lleida,32.26,28.02
Port Ainé,2020,4,Cataluña,N,1650,2440,790,1,0,30,0.0,,,,,,,0,0,0,0,0,8,3,0,2,30,,,,0.0,0.0,,Lleida,0.0,0.0
Port Ainé,2020,5,Cataluña,N,1650,2440,790,1,0,31,0.0,,,,,,,0,0,0,0,0,10,2,0,0,31,,,,0.0,0.0,,Lleida,,
Port Ainé,2020,6,Cataluña,N,1650,2440,790,1,0,30,0.0,,,,,,,0,0,0,0,0,8,0,0,0,0,,,,0.0,0.0,,Lleida,,
Port Ainé,2020,7,Cataluña,N,1650,2440,790,1,0,31,0.0,,,,,,,0,0,0,0,0,8,0,0,0,0,,,,0.0,0.0,,Lleida,,
Port Ainé,2020,8,Cataluña,N,1650,2440,790,1,0,31,0.0,,,,,,,0,0,0,0,0,10,1,0,0,0,,,,0.0,0.0,,Lleida,,
Port Ainé,2020,9,Cataluña,N,1650,2440,790,1,0,30,0.0,,,,,,,0,0,0,0,0,8,1,0,0,0,,,,0.0,0.0,,Lleida,22.73,28.69
Port Ainé,2020,10,Cataluña,N,1650,2440,790,1,0,31,0.0,,,,,,,0,0,0,0,0,9,1,0,0,31,,,,0.0,0.0,,Lleida,23.23,28.38
Port Ainé,2020,11,Cataluña,N,1650,2440,790,1,0,30,0.0,,,,,,,0,0,0,0,0,9,1,0,0,30,,,,0.0,0.0,,Lleida,16.45,11.08
Port Ainé,2020,12,Cataluña,N,1650,2440,790,1,18,31,0.5806451612903226,12.444444444444445,0.5,0.36888888888888893,0.4660840615896795,40.0,20.0,18,18,0,0,0,8,4,2,0,31,,,,0.0,0.0,,Lleida,19.11,18.07
Port Ainé,2021,1,Cataluña,N,1650,2440,790,1,31,31,1.0,19.451612903225808,0.4792626728110599,0.6593548387096775,0.7285248278361725,74.03225806451613,33.38709677419355,27,10,0,0,0,10,2,2,0,31,,,,0.0,0.0,,Lleida,20.84,19.52
Port Ainé,2021,2,Cataluña,N,1650,2440,790,1,27,28,0.9642857142857143,23.296296296296298,0.4074074074074074,0.8,0.8725204605354419,97.32142857142857,42.32142857142857,18,13,0,0,6,8,1,0,0,28,,,,0.0,0.0,,Lleida,27.46,28.76
Port Ainé,2021,3,Cataluña,N,1650,2440,790,1,31,31,1.0,23.548387096774192,0.5023041474654377,0.8232258064516129,0.8819620635495952,112.41935483870968,47.74193548387097,10,21,0,0,13,8,0,0,0,31,,,,0.0,0.0,,Lleida,29.63,34.71
Port Ainé,2021,4,Cataluña,N,1650,2440,790,1,5,30,0.16666666666666666,21.0,0.9428571428571428,0.752,0.7865168539325843,90.0,30.0,0,0,0,0,5,8,3,0,2,30,,,,0.0,0.0,,Lleida,36.96,47.85
Port Ainé,2021,5,Cataluña,N,1650,2440,790,1,0,31,0.0,,,,,,,0,0,0,0,0,10,2,0,0,31,,,,0.0,0.0,,Lleida,31.62,36.37
Port Ainé,2021,6,Cataluña,N,1650,2440,790,1,0,30,0.0,,,,,,,0,0,0,0,0,8,0,0,0,0,,,,0.0,0.0,,Lleida,47.27,59.37
Port Ainé,2021,7,Cataluña,N,1650,2440,790,1,0,31,0.0,,,,,,,0,0,0,0,0,9,0,0,0,0,,,,0.0,0.0,,Lleida,56.07,56.85
Port Ainé,2021,8,Cataluña,N,1650,2440,790,1,0,31,0.0,,,,,,,0,0,0,0,0,9,1,0,0,0,,,,0.0,0.0,,Lleida,58.7,66.57
Port Ainé,2021,9,Cataluña,N,1650,2440,790,1,0,30,0.0,,,,,,,0,0,0,0,0,8,1,0,0,0,,,,0.0,0.0,,Lleida,52.03,62.43
Port Ainé,2021,10,Cataluña,N,1650,2440,790,1,0,31,0.0,,,,,,,0,0,0,0,0,10,1,0,0,31,,,,0.0,0.0,,Lleida,49.83,57.81
Port Ainé,2021,11,Cataluña,N,1650,2440,790,1,5,30,0.16666666666666666,10.4,0.6857142857142857,0.288,0.3895131086142322,44.0,24.0,5,0,0,0,0,8,1,0,0,30,,,,0.0,0.0,,Lleida,48.34,58.4
Port Ainé,2021,12,Cataluña,N,1650,2440,790,1,31,31,1.0,19.225806451612904,0.8433179723502304,0.6464516129032257,0.7200676573637791,82.58064516129032,43.225806451612904,26,0,0,0,2,8,4,2,0,31,,,,0.0,0.0,,Lleida,35.67,42.9
Port Ainé,2022,1,Cataluña,N,1650,2440,790,1,31,31,1.0,20.096774193548388,0.9216589861751151,0.6967741935483871,0.7526881720430109,90.0,40.0,24,14,0,0,4,10,2,2,0,31,,,,0.0,0.0,,Lleida,29.05,37.57
Port Ainé,2022,2,Cataluña,N,1650,2440,790,1,28,28,1.0,21.714285714285715,0.9183673469387755,0.72,0.8132691278758694,95.17857142857143,40.17857142857143,28,14,0,0,0,8,1,0,0,28,,,,0.0,0.0,,Lleida,43.46,58.89
Port Ainé,2022,3,Cataluña,N,1650,2440,790,1,31,31,1.0,25.06451612903226,0.9354838709677419,0.8438709677419355,0.9387459224356651,117.41935483870968,46.12903225806452,15,9,0,0,10,8,0,0,0,31,,,,0.0,0.0,,Lleida,46.75,64.95
Port Ainé,2022,4,Cataluña,N,1650,2440,790,1,18,30,0.6,21.61111111111111,0.8809523809523809,0.7577777777777778,0.8094049105285062,101.66666666666667,39.44444444444444,6,7,0,0,10,9,3,0,2,30,,,,0.0,0.0,,Lleida,57.08,71.31
Port Ainé,2022,5,Cataluña,N,1650,2440,790,1,0,31,0.0,,,,,,,0,0,0,0,0,9,2,0,0,31,,,,0.0,0.0,,Lleida,62.31,74.22
Port Ainé,2022,6,Cataluña,N,1650,2440,790,1,0,30,0.0,,,,,,,0,0,0,0,0,8,0,0,0,0,,,,0.0,0.0,,Lleida,58.85,70.31
Port Ainé,2022,7,Cataluña,N,1650,2440,790,1,0,31,0.0,,,,,,,0,0,0,0,0,10,0,0,0,0,,,,0.0,0.0,,Lleida,56.17,67.77
Port Ainé,2022,8,Cataluña,N,1650,2440,790,1,0,31,0.0,,,,,,,0,0,0,0,0,8,1,0,0,0,,,,0.0,0.0,,Lleida,61.74,65.2
Port Ainé,2022,9,Cataluña,N,1650,2440,790,1,0,30,0.0,,,,,,,0,0,0,0,0,8,1,0,0,0,,,,0.0,0.0,,Lleida,55.86,64.03
Port Ainé,2022,10,Cataluña,N,1650,2440,790,1,0,31,0.0,,,,,,,0,0,0,0,0,10,1,0,0,31,,,,0.0,0.0,,Lleida,51.6,62.46
Port Ainé,2022,11,Cataluña,N,1650,2440,790,1,0,30,0.0,,,,,,,0,0,0,0,0,8,1,0,0,30,,,,0.0,0.0,,Lleida,45.32,52.91
Port Ainé,2022,12,Cataluña,N,1650,2440,790,1,30,31,0.967741935483871,19.0,0.7476190476190475,0.584,0.7037037037037037,60.333333333333336,33.333333333333336,25,24,0,0,0,9,4,2,0,31,,,,0.0,0.0,,Lleida,36.78,47.07
Port Ainé,2023,1,Cataluña,N,1650,2440,790,1,31,31,1.0,21.677419354838708,0.8940092165898617,0.7148387096774194,0.8028673835125448,67.25806451612904,37.25806451612903,29,7,0,0,0,9,2,2,0,31,,,,0.0,0.0,,Lleida,40.67,44.57
Port Ainé,2023,2,Cataluña,N,1650,2440,790,1,28,28,1.0,25.785714285714285,0.9438775510204082,0.8814285714285715,0.9550264550264549,85.71428571428571,47.857142857142854,27,0,0,0,0,8,1,0,0,28,,,,0.0,0.0,,Lleida,45.63,59.93
Port Ainé,2023,3,Cataluña,N,1650,2440,790,1,31,31,1.0,20.419354838709676,0.8341013824884793,0.6941935483870968,0.7562724014336917,109.6774193548387,49.83870967741935,7,0,0,0,20,8,0,0,0,31,,,,0.0,0.0,,Lleida,47.72,64.99
Port Ainé,2023,4,Cataluña,N,1650,2440,790,1,10,30,0.3333333333333333,13.6,0.8428571428571429,0.42800000000000005,0.5037037037037038,56.0,16.0,0,0,0,0,10,10,3,0,2,30,,,,0.0,0.0,,Lleida,52.94,68.09
Port Ainé,2023,5,Cataluña,N,1650,2440,790,1,0,31,0.0,,,,,,,0,0,0,0,0,8,2,0,0,31,,,,0.0,0.0,,Lleida,53.07,62.82
Port Ainé,2023,6,Cataluña,N,1650,2440,790,1,0,30,0.0,,,,,,,0,0,0,0,0,8,0,0,0,0,,,,0.0,0.0,,Lleida,51.52,66.91
Port Ainé,2023,7,Cataluña,N,1650,2440,790,1,0,31,0.0,,,,,,,0,0,0,0,0,10,0,0,0,0,,,,0.0,0.0,,Lleida,51.46,57.12
Port Ainé,2023,8,Cataluña,N,1650,2440,790,1,0,31,0.0,,,,,,,0,0,0,0,0,8,1,0,0,0,,,,0.0,0.0,,Lleida,53.42,63.93
Port Ainé,2023,9,Cataluña,N,1650,2440,790,1,0,30,0.0,,,,,,,0,0,0,0,0,9,1,0,0,0,,,,0.0,0.0,,Lleida,51.95,58.41
Port Ainé,2023,10,Cataluña,N,1650,2440,790,1,0,31,0.0,,,,,,,0,0,0,0,0,9,1,0,0,31,,,,0.0,0.0,,Lleida,54.33,62.32
Port Ainé,2023,11,Cataluña,N,1650,2440,790,1,0,30,0.0,,,,,,,0,0,0,0,0,8,1,0,0,30,,,,0.0,0.0,,Lleida,43.84,52.33
Port Ainé,2023,12,Cataluña,N,1650,2440,790,1,27,31,0.8709677419354839,10.962962962962964,0.8412698412698412,0.34074074074074073,0.4060356652949245,35.55555555555556,14.444444444444445,26,18,0,0,0,10,4,2,0,31,,,,0.0,0.0,,Lleida,41.39,45.0
Port Ainé,2024,1,Cataluña,N,1650,2440,790,1,31,31,1.0,13.96774193548387,0.8433179723502304,0.4374193548387097,0.5173237753882914,53.064516129032256,24.032258064516128,22,11,0,0,7,8,2,2,0,31,,,,0.0,0.0,,Lleida,38.88,41.55
Port Ainé,2024,2,Cataluña,N,1650,2440,790,1,29,29,1.0,16.96551724137931,0.8522167487684729,0.49931034482758624,0.6283524904214559,68.24137931034483,28.103448275862068,15,22,0,0,12,8,1,0,0,29,,,,0.0,0.0,,Lleida,46.3,56.1
Port Ainé,2024,3,Cataluña,N,1650,2440,790,1,30,31,0.967741935483871,22.866666666666667,0.9047619047619048,0.8026666666666666,0.8469135802469135,147.41935483870967,97.74193548387096,20,7,0,0,9,10,2,0,2,31,,,,0.0,0.0,,Lleida,51.67,69.27
Port Ainé,2024,4,Cataluña,N,1650,2440,790,1,7,30,0.23333333333333334,24.571428571428573,0.8775510204081632,0.9028571428571429,0.91005291005291,154.28571428571428,104.28571428571429,4,0,0,0,3,8,1,0,0,30,,,,0.0,0.0,,Lleida,47.53,52.79
Port Ainé,2024,5,Cataluña,N,1650,2440,790,1,0,31,0.0,,,,,,,0,0,0,0,0,8,2,0,0,31,,,,0.0,0.0,,Lleida,55.23,66.44
Port Ainé,2024,6,Cataluña,N,1650,2440,790,1,0,30,0.0,,,,,,,0,0,0,0,0,10,0,0,0,0,,,,0.0,0.0,,Lleida,57.62,66.38
Port Ainé,2024,7,Cataluña,N,1650,2440,790,1,0,31,0.0,,,,,,,0,0,0,0,0,8,0,0,0,0,,,,0.0,0.0,,Lleida,53.05,69.47
Port Ainé,2024,8,Cataluña,N,1650,2440,790,1,0,31,0.0,,,,,,,0,0,0,0,0,9,1,0,0,0,,,,0.0,0.0,,Lleida,54.76,63.24
Port Ainé,2024,9,Cataluña,N,1650,2440,790,1,0,30,0.0,,,,,,,0,0,0,0,0,9,1,0,0,0,,,,0.0,0.0,,Lleida,51.44,59.78
Port Ainé,2024,10,Cataluña,N,1650,2440,790,1,0,31,0.0,,,,,,,0,0,0,0,0,8,1,0,0,31,,,,0.0,0.0,,Lleida,54.64,66.75
Port Ainé,2024,11,Cataluña,N,1650,2440,790,1,0,30,0.0,,,,,,,0,0,0,0,0,9,1,0,0,30,,,,0.0,0.0,,Lleida,46.61,55.41
Port Ainé,2024,12,Cataluña,N,1650,2440,790,1,19,31,0.6129032258064516,17.526315789473685,0.7619047619047619,0.47789473684210526,0.6491228070175438,60.0,29.473684210526315,19,3,0,0,0,9,4,2,0,31,,,,0.0,0.0,,Lleida,43.91,55.38
Port Ainé,2025,1,Cataluña,N,1650,2440,790,1,31,31,1.0,19.516129032258064,0.8110599078341013,0.5509677419354839,0.7228195937873357,64.83870967741936,33.87096774193548,23,18,0,0,0,8,2,2,0,31,,,,0.0,0.0,,Lleida,35.68,42.8
Port Ainé,2025,2,Cataluña,N,1650,2440,790,1,28,28,1.0,23.75,0.8418367346938774,0.7985714285714286,0.8796296296296297,97.5,53.75,25,14,0,0,0,8,1,0,0,28,,,,0.0,0.0,,Lleida,46.3,59.2
Port Ainé,2025,3,Cataluña,N,1650,2440,790,1,30,31,0.967741935483871,24.033333333333335,0.861904761904762,0.8933333333333333,0.8901234567901234,208.2258064516129,110.0,27,5,0,0,0,10,0,0,0,31,,,,0.0,0.0,,Lleida,46.45,61.46
Port Ainé,2025,4,Cataluña,N,1650,2440,790,1,21,30,0.7,24.714285714285715,0.6190476190476191,0.9447619047619048,0.9153439153439153,263.8095238095238,124.76190476190476,1,7,0,0,19,8,3,0,2,30,,,,0.0,0.0,,Lleida,49.2,68.12
Port Ainé,2025,5,Cataluña,N,1650,2440,790,1,0,31,0.0,,,,,,,0,0,0,0,0,9,2,0,0,31,,,,0.0,0.0,,Lleida,50.87,62.37
Port Ainé,2025,6,Cataluña,N,1650,2440,790,1,0,30,0.0,,,,,,,0,0,0,0,0,9,0,0,0,0,,,,0.0,0.0,,Lleida,53.1,65.03
Port Ainé,2025,7,Cataluña,N,1650,2440,790,1,0,31,0.0,,,,,,,0,0,0,0,0,8,0,0,0,0,,,,0.0,0.0,,Lleida,53.13,63.78
Port Ainé,2025,8,Cataluña,N,1650,2440,790,1,0,31,0.0,,,,,,,0,0,0,0,0,10,1,0,0,0,,,,0.0,0.0,,Lleida,59.81,70.16
Port Ainé,2025,9,Cataluña,N,1650,2440,790,1,0,8,0.0,,,,,,,0,0,0,0,0,2,0,0,0,0,,,,0.0,0.0,,Lleida,50.46,60.76
Port del Comte,2018,1,Cataluña,N,1700,2390,690,1,29,29,1.0,31.012758620689656,0.5476673427991886,0.6206896551724138,0.6202551724137931,111.37931034482759,68.10344827586206,27,11,0,0,2,7,1,1,0,29,,,,0.0,0.0,,Lleida,26.22,30.86
Port del Comte,2018,2,Cataluña,N,1700,2390,690,1,25,26,0.9615384615384616,36.3556,0.6258823529411764,0.7169230769230769,0.7271119999999999,211.53846153846155,134.23076923076923,24,11,0,0,2,7,1,0,0,26,,,,0.0,0.0,,Lleida,37.01,48.89
Port del Comte,2018,3,Cataluña,N,1700,2390,690,1,29,29,1.0,36.64689655172414,0.6004056795131846,0.7188328912466844,0.7329379310344827,262.2413793103448,160.86206896551724,23,15,0,0,1,8,1,0,1,29,,,,0.0,0.0,,Lleida,42.78,50.98
Port del Comte,2018,4,Cataluña,N,1700,2390,690,1,4,29,0.13793103448275862,36.3075,0.6911764705882353,0.6987179487179488,0.72615,220.0,161.25,0,0,0,0,8,8,1,0,0,29,,,,0.0,0.0,,Lleida,45.08,51.75
Port del Comte,2018,5,Cataluña,N,1700,2390,690,1,0,31,0.0,,,,,,,0,0,0,0,0,8,2,0,0,31,,,,0.0,0.0,,Lleida,46.03,56.19
Port del Comte,2018,6,Cataluña,N,1700,2390,690,1,0,30,0.0,,,,,,,0,0,0,0,0,9,0,0,0,0,,,,0.0,0.0,,Lleida,38.6,47.59
Port del Comte,2018,7,Cataluña,N,1700,2390,690,1,0,31,0.0,,,,,,,0,0,0,0,0,9,0,0,0,0,,,,0.0,0.0,,Lleida,40.49,45.94
Port del Comte,2018,8,Cataluña,N,1700,2390,690,1,0,31,0.0,,,,,,,0,0,0,0,0,8,1,0,0,0,,,,0.0,0.0,,Lleida,45.99,55.73
Port del Comte,2018,9,Cataluña,N,1700,2390,690,1,0,30,0.0,,,,,,,0,0,0,0,0,10,1,0,0,0,,,,0.0,0.0,,Lleida,48.63,62.87
Port del Comte,2018,10,Cataluña,N,1700,2390,690,1,0,31,0.0,,,,,,,0,0,0,0,0,8,1,0,0,31,,,,0.0,0.0,,Lleida,45.47,61.51
Port del Comte,2018,11,Cataluña,N,1700,2390,690,1,0,30,0.0,,,,,,,0,0,0,0,0,8,1,0,0,30,,,,0.0,0.0,,Lleida,39.25,53.59
Port del Comte,2018,12,Cataluña,N,1700,2390,690,1,31,31,1.0,22.886774193548387,0.3719165085388994,0.44665012406947885,0.45773548387096774,60.32258064516129,20.0,6,31,0,0,0,10,4,2,0,31,,,,0.0,0.0,,Lleida,37.89,44.18
Port del Comte,2019,1,Cataluña,N,1700,2390,690,1,31,31,1.0,26.586451612903225,0.5047438330170778,0.5467328370554178,0.5317290322580644,69.03225806451613,33.54838709677419,21,23,0,0,0,8,2,2,0,31,,,,0.0,0.0,,Lleida,26.44,29.32
Port del Comte,2019,2,Cataluña,N,1700,2390,690,1,27,27,1.0,32.11333333333334,0.5686274509803921,0.627730294396961,0.6422666666666667,111.66666666666667,65.55555555555556,20,19,0,0,0,7,1,0,0,27,,,,0.0,0.0,,Lleida,33.03,40.66
Port del Comte,2019,3,Cataluña,N,1700,2390,690,1,16,29,0.5517241379310345,25.87125,0.47058823529411764,0.5112179487179487,0.517425,80.9375,34.6875,0,13,0,0,16,9,0,0,0,29,,,,0.0,0.0,,Lleida,50.45,59.85
Port del Comte,2019,4,Cataluña,N,1700,2390,690,1,0,29,0.0,,,,,,,0,0,0,0,0,8,3,0,2,29,,,,0.0,0.0,,Lleida,46.44,48.41
Port del Comte,2019,5,Cataluña,N,1700,2390,690,1,0,31,0.0,,,,,,,0,0,0,0,0,8,2,0,0,31,,,,0.0,0.0,,Lleida,53.04,67.91
Port del Comte,2019,6,Cataluña,N,1700,2390,690,1,0,30,0.0,,,,,,,0,0,0,0,0,10,0,0,0,0,,,,0.0,0.0,,Lleida,52.44,61.34
Port del Comte,2019,7,Cataluña,N,1700,2390,690,1,0,31,0.0,,,,,,,0,0,0,0,0,8,0,0,0,0,,,,0.0,0.0,,Lleida,47.79,52.65
Port del Comte,2019,8,Cataluña,N,1700,2390,690,1,0,31,0.0,,,,,,,0,0,0,0,0,9,1,0,0,0,,,,0.0,0.0,,Lleida,50.57,60.74
Port del Comte,2019,9,Cataluña,N,1700,2390,690,1,0,30,0.0,,,,,,,0,0,0,0,0,9,1,0,0,0,,,,0.0,0.0,,Lleida,45.02,56.75
Port del Comte,2019,10,Cataluña,N,1700,2390,690,1,0,31,0.0,,,,,,,0,0,0,0,0,8,1,0,0,31,,,,0.0,0.0,,Lleida,48.66,53.76
Port del Comte,2019,11,Cataluña,N,1700,2390,690,1,1,30,0.03333333333333333,2.45,0.2941176470588235,0.1282051282051282,0.049,40.0,10.0,1,1,0,0,0,9,1,0,0,30,,,,0.0,0.0,,Lleida,39.47,47.88
Port del Comte,2019,12,Cataluña,N,1700,2390,690,1,24,31,0.7741935483870968,6.114999999999999,0.375,0.16239316239316234,0.1223,40.0,10.0,13,21,0,0,0,9,4,2,0,31,,,,0.0,0.0,,Lleida,43.65,52.04
Port del Comte,2020,1,Cataluña,N,1700,2390,690,1,30,31,0.967741935483871,17.909,0.4745098039215686,0.3794871794871795,0.35818,79.3225806451613,39.645161290322584,21,10,0,0,0,8,2,2,0,31,,,,0.0,0.0,,Lleida,27.09,32.25
Port del Comte,2020,2,Cataluña,N,1700,2390,690,1,26,26,1.0,34.51692307692308,0.5294117647058824,0.6706114398422092,0.6903384615384615,121.53846153846153,59.23076923076923,12,24,0,0,8,6,1,0,0,26,,,,0.0,0.0,,Lleida,36.76,49.05
Port del Comte,2020,3,Cataluña,N,1700,2390,690,1,12,31,0.3870967741935484,26.590000000000003,0.40686274509803916,0.5363247863247863,0.5318,76.66666666666667,19.166666666666668,7,12,0,0,5,9,0,0,0,31,,,,0.0,0.0,,Lleida,32.26,28.02
Port del Comte,2020,4,Cataluña,N,1700,2390,690,1,0,30,0.0,,,,,,,0,0,0,0,0,8,3,0,2,30,,,,0.0,0.0,,Lleida,0.0,0.0
Port del Comte,2020,5,Cataluña,N,1700,2390,690,1,0,31,0.0,,,,,,,0,0,0,0,0,10,2,0,0,31,,,,0.0,0.0,,Lleida,,
Port del Comte,2020,6,Cataluña,N,1700,2390,690,1,0,30,0.0,,,,,,,0,0,0,0,0,8,0,0,0,0,,,,0.0,0.0,,Lleida,,
Port del Comte,2020,7,Cataluña,N,1700,2390,690,1,0,31,0.0,,,,,,,0,0,0,0,0,8,0,0,0,0,,,,0.0,0.0,,Lleida,,
Port del Comte,2020,8,Cataluña,N,1700,2390,690,1,0,31,0.0,,,,,,,0,0,0,0,0,10,1,0,0,0,,,,0.0,0.0,,Lleida,,
Port del Comte,2020,9,Cataluña,N,1700,2390,690,1,0,30,0.0,,,,,,,0,0,0,0,0,8,1,0,0,0,,,,0.0,0.0,,Lleida,22.73,28.69
Port del Comte,2020,10,Cataluña,N,1700,2390,690,1,0,31,0.0,,,,,,,0,0,0,0,0,9,1,0,0,31,,,,0.0,0.0,,Lleida,23.23,28.38
Port del Comte,2020,11,Cataluña,N,1700,2390,690,1,0,30,0.0,,,,,,,0,0,0,0,0,9,1,0,0,30,,,,0.0,0.0,,Lleida,16.45,11.08
Port del Comte,2020,12,Cataluña,N,1700,2390,690,1,18,31,0.5806451612903226,6.854444444444444,0.3594771241830065,0.18945868945868943,0.1370888888888889,45.888888888888886,15.833333333333334,18,18,0,0,0,8,4,2,0,31,,,,0.0,0.0,,Lleida,19.11,18.07
Port del Comte,2021,1,Cataluña,N,1700,2390,690,1,29,30,0.9666666666666667,23.235862068965517,0.40365111561866124,0.4721485411140583,0.4647172413793103,90.66666666666667,40.166666666666664,30,11,0,0,0,9,2,2,0,30,,,,0.0,0.0,,Lleida,20.84,19.52
Port del Comte,2021,2,Cataluña,N,1700,2390,690,1,26,28,0.9285714285714286,25.598076923076924,0.37782805429864247,0.49901380670611434,0.5119615384615385,86.78571428571429,38.214285714285715,22,19,0,0,6,8,1,0,0,28,,,,0.0,0.0,,Lleida,27.46,28.76
Port del Comte,2021,3,Cataluña,N,1700,2390,690,1,31,31,1.0,22.171290322580642,0.37001897533206823,0.4044665012406947,0.44342580645161284,67.6774193548387,33.25806451612903,4,19,0,0,27,8,0,0,0,31,,,,0.0,0.0,,Lleida,29.63,34.71
Port del Comte,2021,4,Cataluña,N,1700,2390,690,1,2,30,0.06666666666666667,0.47,0.1176470588235294,0.0512820512820512,0.0093999999999999,35.0,20.0,0,0,0,0,2,8,3,0,2,30,,,,0.0,0.0,,Lleida,36.96,47.85
Port del Comte,2021,5,Cataluña,N,1700,2390,690,1,0,31,0.0,,,,,,,0,0,0,0,0,10,2,0,0,31,,,,0.0,0.0,,Lleida,31.62,36.37
Port del Comte,2021,6,Cataluña,N,1700,2390,690,1,0,30,0.0,,,,,,,0,0,0,0,0,8,0,0,0,0,,,,0.0,0.0,,Lleida,47.27,59.37
Port del Comte,2021,7,Cataluña,N,1700,2390,690,1,0,31,0.0,,,,,,,0,0,0,0,0,9,0,0,0,0,,,,0.0,0.0,,Lleida,56.07,56.85
Port del Comte,2021,8,Cataluña,N,1700,2390,690,1,0,31,0.0,,,,,,,0,0,0,0,0,9,1,0,0,0,,,,0.0,0.0,,Lleida,58.7,66.57
Port del Comte,2021,9,Cataluña,N,1700,2390,690,1,0,30,0.0,,,,,,,0,0,0,0,0,8,1,0,0,0,,,,0.0,0.0,,Lleida,52.03,62.43
Port del Comte,2021,10,Cataluña,N,1700,2390,690,1,0,31,0.0,,,,,,,0,0,0,0,0,10,1,0,0,31,,,,0.0,0.0,,Lleida,49.83,57.81
Port del Comte,2021,11,Cataluña,N,1700,2390,690,1,0,30,0.0,,,,,,,0,0,0,0,0,8,1,0,0,30,,,,0.0,0.0,,Lleida,48.34,58.4
Port del Comte,2021,12,Cataluña,N,1700,2390,690,1,29,31,0.9354838709677419,30.655172413793103,0.5152129817444219,0.574712643678161,0.6131034482758622,50.206896551724135,20.96551724137931,21,17,0,0,1,8,4,2,0,31,,,,0.0,0.0,,Lleida,35.67,42.9
Port del Comte,2022,1,Cataluña,N,1700,2390,690,1,31,31,1.0,20.838709677419356,0.4098671726755218,0.3978494623655914,0.4167741935483871,51.774193548387096,24.193548387096776,26,26,0,0,0,10,2,2,0,31,,,,0.0,0.0,,Lleida,29.05,37.57
Port del Comte,2022,2,Cataluña,N,1700,2390,690,1,28,28,1.0,24.464285714285715,0.45588235294117646,0.45695970695970695,0.48928571428571427,56.785714285714285,31.071428571428573,14,26,0,0,1,8,1,0,0,28,,,,0.0,0.0,,Lleida,43.46,58.89
Port del Comte,2022,3,Cataluña,N,1700,2390,690,1,31,31,1.0,28.129032258064516,0.4686907020872865,0.5186104218362283,0.5625806451612904,65.48387096774194,36.29032258064516,8,11,0,0,23,8,0,0,0,31,,,,0.0,0.0,,Lleida,46.75,64.95
Port del Comte,2022,4,Cataluña,N,1700,2390,690,1,10,30,0.3333333333333333,26.4,0.39999999999999997,0.48974358974358967,0.528,67.0,36.0,0,10,0,0,2,9,3,0,2,30,,,,0.0,0.0,,Lleida,57.08,71.31
Port del Comte,2022,5,Cataluña,N,1700,2390,690,1,0,31,0.0,,,,,,,0,0,0,0,0,9,2,0,0,31,,,,0.0,0.0,,Lleida,62.31,74.22
Port del Comte,2022,6,Cataluña,N,1700,2390,690,1,0,30,0.0,,,,,,,0,0,0,0,0,8,0,0,0,0,,,,0.0,0.0,,Lleida,58.85,70.31
Port del Comte,2022,7,Cataluña,N,1700,2390,690,1,0,31,0.0,,,,,,,0,0,0,0,0,10,0,0,0,0,,,,0.0,0.0,,Lleida,56.17,67.77
Port del Comte,2022,8,Cataluña,N,1700,2390,690,1,0,31,0.0,,,,,,,0,0,0,0,0,8,1,0,0,0,,,,0.0,0.0,,Lleida,61.74,65.2
Port del Comte,2022,9,Cataluña,N,1700,2390,690,1,0,30,0.0,,,,,,,0,0,0,0,0,8,1,0,0,0,,,,0.0,0.0,,Lleida,55.86,64.03
Port del Comte,2022,10,Cataluña,N,1700,2390,690,1,0,31,0.0,,,,,,,0,0,0,0,0,10,1,0,0,31,,,,0.0,0.0,,Lleida,51.6,62.46
Port del Comte,2022,11,Cataluña,N,1700,2390,690,1,0,30,0.0,,,,,,,0,0,0,0,0,8,1,0,0,30,,,,0.0,0.0,,Lleida,45.32,52.91
Port del Comte,2022,12,Cataluña,N,1700,2390,690,1,27,31,0.8709677419354839,5.888888888888889,0.31154684095860563,0.15954415954415951,0.11777777777777779,32.32142857142857,17.142857142857142,18,18,0,0,0,9,4,2,0,31,,,,0.0,0.0,,Lleida,36.78,47.07
Port del Comte,2023,1,Cataluña,N,1700,2390,690,1,25,31,0.8064516129032258,10.2,0.28470588235294114,0.23179487179487177,0.20400000000000001,30.535714285714285,15.892857142857142,19,14,0,0,0,9,2,2,0,31,,,,0.0,0.0,,Lleida,40.67,44.57
Port del Comte,2023,2,Cataluña,N,1700,2390,690,1,28,28,1.0,25.785714285714285,0.48739495798319327,0.5274725274725275,0.5157142857142857,70.17857142857143,45.0,26,12,0,0,2,8,1,0,0,28,,,,0.0,0.0,,Lleida,45.63,59.93
Port del Comte,2023,3,Cataluña,N,1700,2390,690,1,10,31,0.3225806451612903,27.1,0.45294117647058824,0.5205128205128206,0.542,74.54545454545455,46.36363636363637,7,0,0,0,2,8,0,0,0,31,,,,0.0,0.0,,Lleida,47.72,64.99
Port del Comte,2023,4,Cataluña,N,1700,2390,690,1,0,30,0.0,,,,,,,0,0,0,0,0,10,3,0,2,30,,,,0.0,0.0,,Lleida,52.94,68.09
Port del Comte,2023,5,Cataluña,N,1700,2390,690,1,0,31,0.0,,,,,,,0,0,0,0,0,8,2,0,0,31,,,,0.0,0.0,,Lleida,53.07,62.82
Port del Comte,2023,6,Cataluña,N,1700,2390,690,1,0,30,0.0,,,,,,,0,0,0,0,0,8,0,0,0,0,,,,0.0,0.0,,Lleida,51.52,66.91
Port del Comte,2023,7,Cataluña,N,1700,2390,690,1,0,31,0.0,,,,,,,0,0,0,0,0,10,0,0,0,0,,,,0.0,0.0,,Lleida,51.46,57.12
Port del Comte,2023,8,Cataluña,N,1700,2390,690,1,0,31,0.0,,,,,,,0,0,0,0,0,8,1,0,0,0,,,,0.0,0.0,,Lleida,53.42,63.93
Port del Comte,2023,9,Cataluña,N,1700,2390,690,1,0,30,0.0,,,,,,,0,0,0,0,0,9,1,0,0,0,,,,0.0,0.0,,Lleida,51.95,58.41
Port del Comte,2023,10,Cataluña,N,1700,2390,690,1,0,31,0.0,,,,,,,0,0,0,0,0,9,1,0,0,31,,,,0.0,0.0,,Lleida,54.33,62.32
Port del Comte,2023,11,Cataluña,N,1700,2390,690,1,0,30,0.0,,,,,,,0,0,0,0,0,8,1,0,0,30,,,,0.0,0.0,,Lleida,43.84,52.33
Port del Comte,2023,12,Cataluña,N,1700,2390,690,1,21,31,0.6774193548387096,3.761904761904762,0.21848739495798317,0.09279609279609274,0.07523809523809524,21.904761904761905,14.761904761904763,21,17,0,0,0,10,4,2,0,31,,,,0.0,0.0,,Lleida,41.39,45.0
Port del Comte,2024,1,Cataluña,N,1700,2390,690,1,30,31,0.967741935483871,10.833333333333334,0.29803921568627445,0.19658119658119652,0.21666666666666667,30.64516129032258,19.516129032258064,25,22,0,0,0,8,2,2,0,31,,,,0.0,0.0,,Lleida,38.88,41.55
Port del Comte,2024,2,Cataluña,N,1700,2390,690,1,29,29,1.0,14.689655172413794,0.31643002028397565,0.251105216622458,0.29379310344827586,31.03448275862069,20.0,17,17,0,0,0,8,1,0,0,29,,,,0.0,0.0,,Lleida,46.3,56.1
Port del Comte,2024,3,Cataluña,N,1700,2390,690,1,27,31,0.8709677419354839,23.074074074074073,0.3616557734204793,0.40075973409306737,0.4614814814814815,57.77777777777778,35.55555555555556,15,6,0,0,12,10,2,0,2,31,,,,0.0,0.0,,Lleida,51.67,69.27
Port del Comte,2024,4,Cataluña,N,1700,2390,690,1,0,30,0.0,,,,,,,0,0,0,0,0,8,1,0,0,30,,,,0.0,0.0,,Lleida,47.53,52.79
Port del Comte,2024,5,Cataluña,N,1700,2390,690,1,0,31,0.0,,,,,,,0,0,0,0,0,8,2,0,0,31,,,,0.0,0.0,,Lleida,55.23,66.44
Port del Comte,2024,6,Cataluña,N,1700,2390,690,1,0,30,0.0,,,,,,,0,0,0,0,0,10,0,0,0,0,,,,0.0,0.0,,Lleida,57.62,66.38
Port del Comte,2024,7,Cataluña,N,1700,2390,690,1,0,31,0.0,,,,,,,0,0,0,0,0,8,0,0,0,0,,,,0.0,0.0,,Lleida,53.05,69.47
Port del Comte,2024,8,Cataluña,N,1700,2390,690,1,0,31,0.0,,,,,,,0,0,0,0,0,9,1,0,0,0,,,,0.0,0.0,,Lleida,54.76,63.24
Port del Comte,2024,9,Cataluña,N,1700,2390,690,1,0,30,0.0,,,,,,,0,0,0,0,0,9,1,0,0,0,,,,0.0,0.0,,Lleida,51.44,59.78
Port del Comte,2024,10,Cataluña,N,1700,2390,690,1,0,31,0.0,,,,,,,0,0,0,0,0,8,1,0,0,31,,,,0.0,0.0,,Lleida,54.64,66.75
Port del Comte,2024,11,Cataluña,N,1700,2390,690,1,0,30,0.0,,,,,,,0,0,0,0,0,9,1,0,0,30,,,,0.0,0.0,,Lleida,46.61,55.41
Port del Comte,2024,12,Cataluña,N,1700,2390,690,1,19,31,0.6129032258064516,9.447368421052632,0.2879256965944272,0.1986842105263158,0.1889473684210526,46.31578947368421,29.736842105263158,18,12,0,0,0,9,4,2,0,31,,,,0.0,0.0,,Lleida,43.91,55.38
Port del Comte,2025,1,Cataluña,N,1700,2390,690,1,30,31,0.967741935483871,13.0,0.3274509803921568,0.26916666666666667,0.25999999999999995,58.70967741935484,36.774193548387096,31,31,0,0,0,8,2,2,0,31,,,,0.0,0.0,,Lleida,35.68,42.8
Port del Comte,2025,2,Cataluña,N,1700,2390,690,1,28,28,1.0,23.896428571428572,0.43697478991596633,0.4517857142857143,0.4779285714285714,61.785714285714285,44.642857142857146,26,22,0,0,0,8,1,0,0,28,,,,0.0,0.0,,Lleida,46.3,59.2
Port del Comte,2025,3,Cataluña,N,1700,2390,690,1,29,31,0.9354838709677419,38.286206896551725,0.5050709939148073,0.6508620689655172,0.7657241379310344,110.48387096774194,82.41935483870968,29,2,0,0,4,10,0,0,0,31,,,,0.0,0.0,,Lleida,46.45,61.46
Port del Comte,2025,4,Cataluña,N,1700,2390,690,1,9,30,0.3,36.84444444444445,0.4509803921568627,0.6333333333333333,0.7368888888888889,134.44444444444446,83.33333333333333,4,0,0,0,8,8,3,0,2,30,,,,0.0,0.0,,Lleida,49.2,68.12
Port del Comte,2025,5,Cataluña,N,1700,2390,690,1,0,31,0.0,,,,,,,0,0,0,0,0,9,2,0,0,31,,,,0.0,0.0,,Lleida,50.87,62.37
Port del Comte,2025,6,Cataluña,N,1700,2390,690,1,0,30,0.0,,,,,,,0,0,0,0,0,9,0,0,0,0,,,,0.0,0.0,,Lleida,53.1,65.03
Port del Comte,2025,7,Cataluña,N,1700,2390,690,1,0,31,0.0,,,,,,,0,0,0,0,0,8,0,0,0,0,,,,0.0,0.0,,Lleida,53.13,63.78
Port del Comte,2025,8,Cataluña,N,1700,2390,690,1,0,31,0.0,,,,,,,0,0,0,0,0,10,1,0,0,0,,,,0.0,0.0,,Lleida,59.81,70.16
Port del Comte,2025,9,Cataluña,N,1700,2390,690,1,0,8,0.0,,,,,,,0,0,0,0,0,2,0,0,0,0,,,,0.0,0.0,,Lleida,50.46,60.76
Puerto de Navacerrada,2018,1,Madrid,N,1800,2200,400,1,20,30,0.6666666666666666,3.0565,0.8285714285714285,0.68125,0.49298387096774193,94.44444444444444,50.74074074074074,12,13,0,0,7,8,1,1,0,30,,,,0.0,0.0,,,,
Puerto de Navacerrada,2018,2,Madrid,N,1800,2200,400,1,26,27,0.9629629629629629,3.246923076923077,0.7857142857142857,0.6971153846153846,0.523697270471464,161.85185185185185,85.74074074074075,8,19,0,0,2,7,1,0,0,27,,,,0.0,0.0,,,,
Puerto de Navacerrada,2018,3,Madrid,N,1800,2200,400,1,24,29,0.8275862068965517,3.29875,0.7976190476190476,0.75,0.5320564516129033,222.41379310344828,107.58620689655173,23,1,0,0,0,8,1,0,1,29,,,,0.0,0.0,,,,
Puerto de Navacerrada,2018,4,Madrid,N,1800,2200,400,1,10,29,0.3448275862068966,3.845,0.7857142857142857,0.725,0.6201612903225806,174.28571428571428,111.42857142857143,2,1,0,0,11,8,1,0,0,29,,,,0.0,0.0,,,,
Puerto de Navacerrada,2018,5,Madrid,N,1800,2200,400,1,0,31,0.0,,,,,,,0,0,0,0,0,8,2,0,0,31,,,,0.0,0.0,,,,
Puerto de Navacerrada,2018,6,Madrid,N,1800,2200,400,1,0,30,0.0,,,,,,,0,0,0,0,0,9,0,0,0,0,,,,0.0,0.0,,,,
Puerto de Navacerrada,2018,7,Madrid,N,1800,2200,400,1,0,31,0.0,,,,,,,0,0,0,0,0,9,0,0,0,0,,,,0.0,0.0,,,,
Puerto de Navacerrada,2018,8,Madrid,N,1800,2200,400,1,0,31,0.0,,,,,,,0,0,0,0,0,8,1,0,0,0,,,,0.0,0.0,,,,
Puerto de Navacerrada,2018,9,Madrid,N,1800,2200,400,1,0,30,0.0,,,,,,,0,0,0,0,0,10,1,0,0,0,,,,0.0,0.0,,,,
Puerto de Navacerrada,2018,10,Madrid,N,1800,2200,400,1,0,31,0.0,,,,,,,0,0,0,0,0,8,1,0,0,31,,,,0.0,0.0,,,,
Puerto de Navacerrada,2018,11,Madrid,N,1800,2200,400,1,0,30,0.0,,,,,,,0,0,0,0,0,8,1,0,0,30,,,,0.0,0.0,,,,
Puerto de Navacerrada,2018,12,Madrid,N,1800,2200,400,1,0,31,0.0,,,,,,,0,0,0,0,0,10,4,2,0,31,,,,0.0,0.0,,,,
Puerto de Navacerrada,2019,1,Madrid,N,1800,2200,400,1,11,31,0.3548387096774194,1.2845454545454544,0.5974025974025974,0.4090909090909091,0.20718475073313777,80.76923076923077,34.61538461538461,8,6,0,0,0,8,2,2,0,31,,,,0.0,0.0,,,,
Puerto de Navacerrada,2019,2,Madrid,N,1800,2200,400,1,27,28,0.9642857142857143,1.9188888888888886,0.7883597883597884,0.5509259259259259,0.3094982078853046,80.0,25.892857142857142,13,25,0,0,0,8,1,0,0,28,,,,0.0,0.0,,,,
Puerto de Navacerrada,2019,3,Madrid,N,1800,2200,400,1,28,29,0.9655172413793104,1.394642857142857,0.6632653061224489,0.4330357142857143,0.22494239631336396,34.642857142857146,11.607142857142858,7,13,0,0,15,9,0,0,0,29,,,,0.0,0.0,,,,
Puerto de Navacerrada,2019,4,Madrid,N,1800,2200,400,1,0,29,0.0,,,,,,,0,0,0,0,0,8,3,0,2,29,,,,0.0,0.0,,,,
Puerto de Navacerrada,2019,5,Madrid,N,1800,2200,400,1,0,31,0.0,,,,,,,0,0,0,0,0,8,2,0,0,31,,,,0.0,0.0,,,,
Puerto de Navacerrada,2019,6,Madrid,N,1800,2200,400,1,0,30,0.0,,,,,,,0,0,0,0,0,10,0,0,0,0,,,,0.0,0.0,,,,
Puerto de Navacerrada,2019,7,Madrid,N,1800,2200,400,1,0,31,0.0,,,,,,,0,0,0,0,0,8,0,0,0,0,,,,0.0,0.0,,,,
Puerto de Navacerrada,2019,8,Madrid,N,1800,2200,400,1,0,31,0.0,,,,,,,0,0,0,0,0,9,1,0,0,0,,,,0.0,0.0,,,,
Puerto de Navacerrada,2019,9,Madrid,N,1800,2200,400,1,0,30,0.0,,,,,,,0,0,0,0,0,9,1,0,0,0,,,,0.0,0.0,,,,
Puerto de Navacerrada,2019,10,Madrid,N,1800,2200,400,1,0,31,0.0,,,,,,,0,0,0,0,0,8,1,0,0,31,,,,0.0,0.0,,,,
Puerto de Navacerrada,2019,11,Madrid,N,1800,2200,400,1,7,30,0.23333333333333334,0.8585714285714285,0.4285714285714285,0.2857142857142857,0.13847926267281102,41.875,5.0,1,0,0,0,0,9,1,0,0,30,,,,0.0,0.0,,,,
Puerto de Navacerrada,2019,12,Madrid,N,1800,2200,400,1,3,31,0.0967741935483871,0.63,0.46428571428571425,0.25,0.1016129032258064,45.0,11.666666666666666,0,3,0,0,0,9,4,2,0,31,,,,0.0,0.0,,,,
Puerto de Navacerrada,2020,1,Madrid,N,1800,2200,400,1,9,31,0.2903225806451613,1.51,0.7142857142857143,0.5,0.24354838709677415,86.11111111111111,34.44444444444444,5,0,0,0,0,8,2,2,0,31,,,,0.0,0.0,,,,
Puerto de Navacerrada,2020,2,Madrid,N,1800,2200,400,1,8,27,0.2962962962962963,0.63,0.39285714285714285,0.265625,0.1016129032258064,28.75,10.0,0,7,0,0,3,7,1,0,0,27,,,,0.0,0.0,,,,
Puerto de Navacerrada,2020,3,Madrid,N,1800,2200,400,1,0,31,0.0,,,,,,,0,0,0,0,0,9,0,0,0,31,,,,0.0,0.0,,,,
Puerto de Navacerrada,2020,4,Madrid,N,1800,2200,400,1,0,30,0.0,,,,,,,0,0,0,0,0,8,3,0,2,30,,,,0.0,0.0,,,,
Puerto de Navacerrada,2020,5,Madrid,N,1800,2200,400,1,0,31,0.0,,,,,,,0,0,0,0,0,10,2,0,0,31,,,,0.0,0.0,,,,
Puerto de Navacerrada,2020,6,Madrid,N,1800,2200,400,1,0,30,0.0,,,,,,,0,0,0,0,0,8,0,0,0,0,,,,0.0,0.0,,,,
Puerto de Navacerrada,2020,7,Madrid,N,1800,2200,400,1,0,31,0.0,,,,,,,0,0,0,0,0,8,0,0,0,0,,,,0.0,0.0,,,,
Puerto de Navacerrada,2020,8,Madrid,N,1800,2200,400,1,0,31,0.0,,,,,,,0,0,0,0,0,10,1,0,0,0,,,,0.0,0.0,,,,
Puerto de Navacerrada,2020,9,Madrid,N,1800,2200,400,1,0,30,0.0,,,,,,,0,0,0,0,0,8,1,0,0,0,,,,0.0,0.0,,,,
Puerto de Navacerrada,2020,10,Madrid,N,1800,2200,400,1,0,31,0.0,,,,,,,0,0,0,0,0,9,1,0,0,31,,,,0.0,0.0,,,,
Puerto de Navacerrada,2020,11,Madrid,N,1800,2200,400,1,0,30,0.0,,,,,,,0,0,0,0,0,9,1,0,0,30,,,,0.0,0.0,,,,
Puerto de Navacerrada,2020,12,Madrid,N,1800,2200,400,1,0,31,0.0,,0.1666666666666666,,,,,0,0,0,0,0,8,4,2,0,31,,,,0.0,0.0,,,,
Puerto de Navacerrada,2021,1,Madrid,N,1800,2200,400,1,18,31,0.5806451612903226,1.9633333333333332,0.8703703703703703,0.6458333333333334,0.38496732026143793,95.0,35.25,20,0,20,0,0,10,2,2,0,31,,,,0.0,0.0,,,,
Puerto de Navacerrada,2021,2,Madrid,N,1800,2200,400,1,14,28,0.5,0.9157142857142857,0.7261904761904762,0.5446428571428571,0.17955182072829126,57.64705882352941,17.647058823529413,3,12,2,0,0,8,1,0,0,28,,,,0.0,0.0,,,,
Puerto de Navacerrada,2021,3,Madrid,N,1800,2200,400,1,31,31,1.0,1.0429032258064515,0.7365591397849462,0.5524193548387096,0.20449082858950027,37.096774193548384,13.548387096774194,0,9,3,0,17,8,0,0,0,31,,,,0.0,0.0,,,,
Puerto de Navacerrada,2021,4,Madrid,N,1800,2200,400,1,0,30,0.0,,,,,,,0,0,0,0,0,8,3,0,2,30,,,,0.0,0.0,,,,
Puerto de Navacerrada,2021,5,Madrid,N,1800,2200,400,1,0,31,0.0,,,,,,,0,0,0,0,0,10,2,0,0,31,,,,0.0,0.0,,,,
Puerto de Navacerrada,2021,6,Madrid,N,1800,2200,400,1,0,30,0.0,,,,,,,0,0,0,0,0,8,0,0,0,0,,,,0.0,0.0,,,,
Puerto de Navacerrada,2021,7,Madrid,N,1800,2200,400,1,0,31,0.0,,,,,,,0,0,0,0,0,9,0,0,0,0,,,,0.0,0.0,,,,
Puerto de Navacerrada,2021,8,Madrid,N,1800,2200,400,1,0,31,0.0,,,,,,,0,0,0,0,0,9,1,0,0,0,,,,0.0,0.0,,,,
Puerto de Navacerrada,2021,9,Madrid,N,1800,2200,400,1,0,30,0.0,,,,,,,0,0,0,0,0,8,1,0,0,0,,,,0.0,0.0,,,,
Puerto de Navacerrada,2021,10,Madrid,N,1800,2200,400,1,0,31,0.0,,,,,,,0,0,0,0,0,10,1,0,0,31,,,,0.0,0.0,,,,
Puerto de Navacerrada,2021,11,Madrid,N,1800,2200,400,1,0,30,0.0,,,,,,,0,0,0,0,0,8,1,0,0,30,,,,0.0,0.0,,,,
Puerto de Navacerrada,2021,12,Madrid,N,1800,2200,400,1,8,31,0.25806451612903225,0.63,0.4333333333333333,0.359375,0.1235294117647058,20.0,10.0,0,8,8,0,0,8,4,2,0,31,,,,0.0,0.0,,,,
Puerto de Navacerrada,2022,1,Madrid,N,1800,2200,400,1,20,31,0.6451612903225806,1.0299999999999998,0.6587301587301587,0.46875,0.20196078431372544,34.0,12.5,6,20,14,0,0,10,2,2,0,31,,,,0.0,0.0,,,,
Puerto de Navacerrada,2022,2,Madrid,N,1800,2200,400,1,28,28,1.0,1.43,0.8511904761904763,0.625,0.2803921568627451,40.0,15.0,6,25,21,0,1,8,1,0,0,28,,,,0.0,0.0,,,,
Puerto de Navacerrada,2022,3,Madrid,N,1800,2200,400,1,25,31,0.8064516129032258,1.43,0.8266666666666667,0.62,0.2803921568627451,62.67857142857143,31.428571428571427,9,3,21,0,9,8,0,0,0,31,,,,0.0,0.0,,,,
Puerto de Navacerrada,2022,4,Madrid,N,1800,2200,400,1,9,30,0.3,1.43,0.8333333333333334,0.625,0.2803921568627451,58.0,22.0,5,3,0,0,4,9,3,0,2,30,,,,0.0,0.0,,,,
Puerto de Navacerrada,2022,5,Madrid,N,1800,2200,400,1,0,31,0.0,,,,,,,0,0,0,0,0,9,2,0,0,31,,,,0.0,0.0,,,,
Puerto de Navacerrada,2022,6,Madrid,N,1800,2200,400,1,0,30,0.0,,,,,,,0,0,0,0,0,8,0,0,0,0,,,,0.0,0.0,,,,
Puerto de Navacerrada,2022,7,Madrid,N,1800,2200,400,1,0,31,0.0,,,,,,,0,0,0,0,0,10,0,0,0,0,,,,0.0,0.0,,,,
Puerto de Navacerrada,2022,8,Madrid,N,1800,2200,400,1,0,31,0.0,,,,,,,0,0,0,0,0,8,1,0,0,0,,,,0.0,0.0,,,,
Puerto de Navacerrada,2022,9,Madrid,N,1800,2200,400,1,0,30,0.0,,,,,,,0,0,0,0,0,8,1,0,0,0,,,,0.0,0.0,,,,
Puerto de Navacerrada,2022,10,Madrid,N,1800,2200,400,1,0,31,0.0,,,,,,,0,0,0,0,0,10,1,0,0,31,,,,0.0,0.0,,,,
Puerto de Navacerrada,2022,11,Madrid,N,1800,2200,400,1,0,30,0.0,,,,,,,0,0,0,0,0,8,1,0,0,30,,,,0.0,0.0,,,,
Puerto de Navacerrada,2022,12,Madrid,N,1800,2200,400,1,0,31,0.0,,,,,,,0,0,0,0,0,9,4,2,0,31,,,,0.0,0.0,,,,
Puerto de Navacerrada,2023,1,Madrid,N,1800,2200,400,1,8,31,0.25806451612903225,1.43,0.7916666666666667,0.625,0.2803921568627451,93.75,33.75,8,0,8,0,0,9,2,2,0,31,,,,0.0,0.0,,,,
Puerto de Navacerrada,2023,2,Madrid,N,1800,2200,400,1,27,28,0.9642857142857143,1.43,0.8333333333333334,0.625,0.2803921568627451,97.85714285714286,40.0,25,21,1,0,3,8,1,0,0,28,,,,0.0,0.0,,,,
Puerto de Navacerrada,2023,3,Madrid,N,1800,2200,400,1,23,31,0.7419354838709677,1.43,0.818840579710145,0.6141304347826086,0.2803921568627451,68.0,24.0,6,7,0,0,11,8,0,0,0,31,,,,0.0,0.0,,,,
Puerto de Navacerrada,2023,4,Madrid,N,1800,2200,400,1,0,30,0.0,,,,,,,0,0,0,0,0,10,3,0,2,30,,,,0.0,0.0,,,,
Puerto de Navacerrada,2023,5,Madrid,N,1800,2200,400,1,0,31,0.0,,,,,,,0,0,0,0,0,8,2,0,0,31,,,,0.0,0.0,,,,
Puerto de Navacerrada,2023,6,Madrid,N,1800,2200,400,1,0,30,0.0,,,,,,,0,0,0,0,0,8,0,0,0,0,,,,0.0,0.0,,,,
Puerto de Navacerrada,2023,7,Madrid,N,1800,2200,400,1,0,31,0.0,,,,,,,0,0,0,0,0,10,0,0,0,0,,,,0.0,0.0,,,,
Puerto de Navacerrada,2023,8,Madrid,N,1800,2200,400,1,0,31,0.0,,,,,,,0,0,0,0,0,8,1,0,0,0,,,,0.0,0.0,,,,
Puerto de Navacerrada,2023,9,Madrid,N,1800,2200,400,1,0,30,0.0,,,,,,,0,0,0,0,0,9,1,0,0,0,,,,0.0,0.0,,,,
Puerto de Navacerrada,2023,10,Madrid,N,1800,2200,400,1,0,31,0.0,,,,,,,0,0,0,0,0,9,1,0,0,31,,,,0.0,0.0,,,,
Puerto de Navacerrada,2023,11,Madrid,N,1800,2200,400,1,0,30,0.0,,,,,,,0,0,0,0,0,8,1,0,0,30,,,,0.0,0.0,,,,
Puerto de Navacerrada,2023,12,Madrid,N,1800,2200,400,1,0,31,0.0,,,,,,,0,0,0,0,0,10,4,2,0,31,,,,0.0,0.0,,,,
Puerto de Navacerrada,2024,1,Madrid,N,1800,2200,400,1,2,31,0.06451612903225806,1.43,0.8333333333333334,0.625,0.2803921568627451,40.0,10.0,1,0,1,0,0,8,2,2,0,31,,,,0.0,0.0,,,,
Puerto de Navacerrada,2024,2,Madrid,N,1800,2200,400,1,0,29,0.0,,,,,,,0,0,0,0,0,8,1,0,0,29,,,,0.0,0.0,,,,
Puerto de Navacerrada,2024,3,Madrid,N,1800,2200,400,1,9,31,0.2903225806451613,1.278888888888889,0.7777777777777778,0.5972222222222222,0.2507625272331155,45.0,17.5,4,0,0,0,4,10,2,0,2,31,,,,0.0,0.0,,,,
Puerto de Navacerrada,2024,4,Madrid,N,1800,2200,400,1,0,30,0.0,,,,,,,0,0,0,0,0,8,1,0,0,30,,,,0.0,0.0,,,,
Puerto de Navacerrada,2024,5,Madrid,N,1800,2200,400,1,0,31,0.0,,,,,,,0,0,0,0,0,8,2,0,0,31,,,,0.0,0.0,,,,
Puerto de Navacerrada,2024,6,Madrid,N,1800,2200,400,1,0,30,0.0,,,,,,,0,0,0,0,0,10,0,0,0,0,,,,0.0,0.0,,,,
Puerto de Navacerrada,2024,7,Madrid,N,1800,2200,400,1,0,31,0.0,,,,,,,0,0,0,0,0,8,0,0,0,0,,,,0.0,0.0,,,,
Puerto de Navacerrada,2024,8,Madrid,N,1800,2200,400,1,0,31,0.0,,,,,,,0,0,0,0,0,9,1,0,0,0,,,,0.0,0.0,,,,
Puerto de Navacerrada,2024,9,Madrid,N,1800,2200,400,1,0,30,0.0,,,,,,,0,0,0,0,0,9,1,0,0,0,,,,0.0,0.0,,,,
Puerto de Navacerrada,2024,10,Madrid,N,1800,2200,400,1,0,31,0.0,,,,,,,0,0,0,0,0,8,1,0,0,31,,,,0.0,0.0,,,,
Puerto de Navacerrada,2024,11,Madrid,N,1800,2200,400,1,0,30,0.0,,,,,,,0,0,0,0,0,9,1,0,0,30,,,,0.0,0.0,,,,
Puerto de Navacerrada,2024,12,Madrid,N,1800,2200,400,1,10,31,0.3225806451612903,0.99,0.6666666666666666,0.5,0.1929824561403508,35.0,15.5,8,8,2,0,2,9,4,2,0,31,,,,0.0,0.0,,,,
Puerto de Navacerrada,2025,1,Madrid,N,1800,2200,400,1,23,31,0.7419354838709677,1.046521739130435,0.717391304347826,0.5108695652173914,0.20400033901178058,41.2,18.4,13,7,14,0,1,8,2,2,0,31,,,,0.0,0.0,,,,
Puerto de Navacerrada,2025,2,Madrid,N,1800,2200,400,1,28,28,1.0,1.6728571428571428,0.8273809523809524,0.6160714285714286,0.32609301030353655,51.07142857142857,17.5,9,9,0,0,14,8,1,0,0,28,,,,0.0,0.0,,,,
Puerto de Navacerrada,2025,3,Madrid,N,1800,2200,400,1,24,31,0.7741935483870968,2.9599999999999995,0.7430555555555555,0.734375,0.5769980506822612,91.93548387096774,41.29032258064516,20,5,0,0,1,10,0,0,0,31,,,,0.0,0.0,,,,
Puerto de Navacerrada,2025,4,Madrid,N,1800,2200,400,1,8,30,0.26666666666666666,2.31125,0.7291666666666666,0.6875,0.45053606237816757,88.88888888888889,20.0,0,0,0,0,5,8,3,0,2,30,,,,0.0,0.0,,,,
Puerto de Navacerrada,2025,5,Madrid,N,1800,2200,400,1,0,31,0.0,,,,,,,0,0,0,0,0,9,2,0,0,31,,,,0.0,0.0,,,,
Puerto de Navacerrada,2025,6,Madrid,N,1800,2200,400,1,0,30,0.0,,,,,,,0,0,0,0,0,9,0,0,0,0,,,,0.0,0.0,,,,
Puerto de Navacerrada,2025,7,Madrid,N,1800,2200,400,1,0,31,0.0,,,,,,,0,0,0,0,0,8,0,0,0,0,,,,0.0,0.0,,,,
Puerto de Navacerrada,2025,8,Madrid,N,1800,2200,400,1,0,31,0.0,,,,,,,0,0,0,0,0,10,1,0,0,0,,,,0.0,0.0,,,,
Puerto de Navacerrada,2025,9,Madrid,N,1800,2200,400,1,0,8,0.0,,,,,,,0,0,0,0,0,2,0,0,0,0,,,,0.0,0.0,,,,
Punto de Nieve Santa Inés,2018,1,Castilla y León,N,1650,1900,250,1,19,29,0.6551724137931034,1.8,1.0,1.0,1.0,93.80952380952381,,21,0,0,0,0,7,1,1,0,29,,,,0.0,0.0,,,,
Punto de Nieve Santa Inés,2018,2,Castilla y León,N,1650,1900,250,1,23,25,0.92,1.8,0.9782608695652174,0.9782608695652174,1.0,109.2,,25,0,0,0,0,6,1,0,0,25,,,,0.0,0.0,,,,
Punto de Nieve Santa Inés,2018,3,Castilla y León,N,1650,1900,250,1,10,29,0.3448275862068966,1.8,0.9,0.9,1.0,184.13793103448276,,29,0,0,0,0,8,1,0,1,29,,,,0.0,0.0,,,,
Punto de Nieve Santa Inés,2018,4,Castilla y León,N,1650,1900,250,1,7,29,0.2413793103448276,1.8,0.7857142857142857,0.7857142857142857,1.0,172.22222222222223,,8,4,0,0,19,8,1,0,0,29,,,,0.0,0.0,,,,
Punto de Nieve Santa Inés,2018,5,Castilla y León,N,1650,1900,250,1,0,31,0.0,,,,,,,0,0,0,0,0,8,2,0,0,31,,,,0.0,0.0,,,,
Punto de Nieve Santa Inés,2018,6,Castilla y León,N,1650,1900,250,1,0,30,0.0,,,,,,,0,0,0,0,0,9,0,0,0,0,,,,0.0,0.0,,,,
Punto de Nieve Santa Inés,2018,7,Castilla y León,N,1650,1900,250,1,0,31,0.0,,,,,,,0,0,0,0,0,9,0,0,0,0,,,,0.0,0.0,,,,
Punto de Nieve Santa Inés,2018,8,Castilla y León,N,1650,1900,250,1,0,31,0.0,,,,,,,0,0,0,0,0,8,1,0,0,0,,,,0.0,0.0,,,,
Punto de Nieve Santa Inés,2018,9,Castilla y León,N,1650,1900,250,1,0,30,0.0,,,,,,,0,0,0,0,0,10,1,0,0,0,,,,0.0,0.0,,,,
Punto de Nieve Santa Inés,2018,10,Castilla y León,N,1650,1900,250,1,0,31,0.0,,,,,,,0,0,0,0,0,8,1,0,0,31,,,,0.0,0.0,,,,
Punto de Nieve Santa Inés,2018,11,Castilla y León,N,1650,1900,250,1,1,30,0.03333333333333333,1.8,1.0,1.0,1.0,30.0,,1,0,0,0,0,8,1,0,0,30,,,,0.0,0.0,,,,
Punto de Nieve Santa Inés,2018,12,Castilla y León,N,1650,1900,250,1,0,31,0.0,,,,,,,0,0,0,0,0,10,4,2,0,31,,,,0.0,0.0,,,,
Punto de Nieve Santa Inés,2019,1,Castilla y León,N,1650,1900,250,1,5,31,0.16129032258064516,1.8,1.0,1.0,1.0,45.45454545454545,,11,0,0,0,0,8,2,2,0,31,,,,0.0,0.0,,,,
Punto de Nieve Santa Inés,2019,2,Castilla y León,N,1650,1900,250,1,24,27,0.8888888888888888,1.8000000000000003,0.9375,0.9375,1.0,74.23076923076923,,26,17,0,0,0,7,1,0,0,27,,,,0.0,0.0,,,,
Punto de Nieve Santa Inés,2019,3,Castilla y León,N,1650,1900,250,1,3,29,0.10344827586206896,,0.5,0.5,,40.0,,3,3,0,0,0,9,0,0,0,29,,,,0.0,0.0,,,,
Punto de Nieve Santa Inés,2019,4,Castilla y León,N,1650,1900,250,1,1,29,0.034482758620689655,,0.5,0.5,,25.0,,1,0,0,0,0,8,3,0,2,29,,,,0.0,0.0,,,,
Punto de Nieve Santa Inés,2019,5,Castilla y León,N,1650,1900,250,1,0,31,0.0,,,,,,,0,0,0,0,0,8,2,0,0,31,,,,0.0,0.0,,,,
Punto de Nieve Santa Inés,2019,6,Castilla y León,N,1650,1900,250,1,0,30,0.0,,,,,,,0,0,0,0,0,10,0,0,0,0,,,,0.0,0.0,,,,
Punto de Nieve Santa Inés,2019,7,Castilla y León,N,1650,1900,250,1,0,31,0.0,,,,,,,0,0,0,0,0,8,0,0,0,0,,,,0.0,0.0,,,,
Punto de Nieve Santa Inés,2019,8,Castilla y León,N,1650,1900,250,1,0,31,0.0,,,,,,,0,0,0,0,0,9,1,0,0,0,,,,0.0,0.0,,,,
Punto de Nieve Santa Inés,2019,9,Castilla y León,N,1650,1900,250,1,0,30,0.0,,,,,,,0,0,0,0,0,9,1,0,0,0,,,,0.0,0.0,,,,
Punto de Nieve Santa Inés,2019,10,Castilla y León,N,1650,1900,250,1,0,31,0.0,,,,,,,0,0,0,0,0,8,1,0,0,31,,,,0.0,0.0,,,,
Punto de Nieve Santa Inés,2019,11,Castilla y León,N,1650,1900,250,1,4,30,0.13333333333333333,1.8,1.0,1.0,1.0,37.5,,4,0,0,0,0,9,1,0,0,30,,,,0.0,0.0,,,,
Punto de Nieve Santa Inés,2019,12,Castilla y León,N,1650,1900,250,1,0,31,0.0,,,,,,,0,0,0,0,0,9,4,2,0,31,,,,0.0,0.0,,,,
Punto de Nieve Santa Inés,2020,1,Castilla y León,N,1650,1900,250,1,6,31,0.1935483870967742,1.8,1.0,1.0,1.0,30.0,,6,0,0,0,0,8,2,2,0,31,,,,0.0,0.0,,,,
Punto de Nieve Santa Inés,2020,2,Castilla y León,N,1650,1900,250,1,0,26,0.0,,,,,,,0,0,0,0,0,6,1,0,0,26,,,,0.0,0.0,,,,
Punto de Nieve Santa Inés,2020,3,Castilla y León,N,1650,1900,250,1,0,31,0.0,,,,,,,0,0,0,0,0,9,0,0,0,31,,,,0.0,0.0,,,,
Punto de Nieve Santa Inés,2020,4,Castilla y León,N,1650,1900,250,1,0,30,0.0,,,,,,,0,0,0,0,0,8,3,0,2,30,,,,0.0,0.0,,,,
Punto de Nieve Santa Inés,2020,5,Castilla y León,N,1650,1900,250,1,0,31,0.0,,,,,,,0,0,0,0,0,10,2,0,0,31,,,,0.0,0.0,,,,
Punto de Nieve Santa Inés,2020,6,Castilla y León,N,1650,1900,250,1,0,30,0.0,,,,,,,0,0,0,0,0,8,0,0,0,0,,,,0.0,0.0,,,,
Punto de Nieve Santa Inés,2020,7,Castilla y León,N,1650,1900,250,1,0,31,0.0,,,,,,,0,0,0,0,0,8,0,0,0,0,,,,0.0,0.0,,,,
Punto de Nieve Santa Inés,2020,8,Castilla y León,N,1650,1900,250,1,0,31,0.0,,,,,,,0,0,0,0,0,10,1,0,0,0,,,,0.0,0.0,,,,
Punto de Nieve Santa Inés,2020,9,Castilla y León,N,1650,1900,250,1,0,30,0.0,,,,,,,0,0,0,0,0,8,1,0,0,0,,,,0.0,0.0,,,,
Punto de Nieve Santa Inés,2020,10,Castilla y León,N,1650,1900,250,1,0,31,0.0,,,,,,,0,0,0,0,0,9,1,0,0,31,,,,0.0,0.0,,,,
Punto de Nieve Santa Inés,2020,11,Castilla y León,N,1650,1900,250,1,0,30,0.0,,,,,,,0,0,0,0,0,9,1,0,0,30,,,,0.0,0.0,,,,
Punto de Nieve Santa Inés,2020,12,Castilla y León,N,1650,1900,250,1,8,31,0.25806451612903225,1.8,0.75,0.75,1.0,24.0,,10,0,0,0,0,8,4,2,0,31,,,,0.0,0.0,,,,
Punto de Nieve Santa Inés,2021,1,Castilla y León,N,1650,1900,250,1,16,31,0.5161290322580645,1.8,0.9375,0.9375,1.0,70.625,,16,0,0,0,0,10,2,2,0,31,,,,0.0,0.0,,,,
Punto de Nieve Santa Inés,2021,2,Castilla y León,N,1650,1900,250,1,4,28,0.14285714285714285,1.8,1.0,1.0,1.0,70.0,,4,0,0,0,0,8,1,0,0,28,,,,0.0,0.0,,,,
Punto de Nieve Santa Inés,2021,3,Castilla y León,N,1650,1900,250,1,2,31,0.06451612903225806,1.8,1.0,1.0,1.0,20.0,,1,0,0,0,0,8,0,0,0,31,,,,0.0,0.0,,,,
Punto de Nieve Santa Inés,2021,4,Castilla y León,N,1650,1900,250,1,0,30,0.0,,,,,,,0,0,0,0,0,8,3,0,2,30,,,,0.0,0.0,,,,
Punto de Nieve Santa Inés,2021,5,Castilla y León,N,1650,1900,250,1,0,31,0.0,,,,,,,0,0,0,0,0,10,2,0,0,31,,,,0.0,0.0,,,,
Punto de Nieve Santa Inés,2021,6,Castilla y León,N,1650,1900,250,1,0,30,0.0,,,,,,,0,0,0,0,0,8,0,0,0,0,,,,0.0,0.0,,,,
Punto de Nieve Santa Inés,2021,7,Castilla y León,N,1650,1900,250,1,0,31,0.0,,,,,,,0,0,0,0,0,9,0,0,0,0,,,,0.0,0.0,,,,
Punto de Nieve Santa Inés,2021,8,Castilla y León,N,1650,1900,250,1,0,31,0.0,,,,,,,0,0,0,0,0,9,1,0,0,0,,,,0.0,0.0,,,,
Punto de Nieve Santa Inés,2021,9,Castilla y León,N,1650,1900,250,1,0,30,0.0,,,,,,,0,0,0,0,0,8,1,0,0,0,,,,0.0,0.0,,,,
Punto de Nieve Santa Inés,2021,10,Castilla y León,N,1650,1900,250,1,0,31,0.0,,,,,,,0,0,0,0,0,10,1,0,0,31,,,,0.0,0.0,,,,
Punto de Nieve Santa Inés,2021,11,Castilla y León,N,1650,1900,250,1,2,30,0.06666666666666667,1.8,1.0,1.0,1.0,90.0,,2,0,0,0,0,8,1,0,0,30,,,,0.0,0.0,,,,
Punto de Nieve Santa Inés,2021,12,Castilla y León,N,1650,1900,250,1,12,31,0.3870967741935484,1.8,1.0,1.0,1.0,58.125,,16,0,0,0,0,8,4,2,0,31,,,,0.0,0.0,,,,
Punto de Nieve Santa Inés,2022,1,Castilla y León,N,1650,1900,250,1,4,31,0.12903225806451613,1.8,1.0,1.0,1.0,20.0,,8,0,0,0,0,10,2,2,0,31,,,,0.0,0.0,,,,
Punto de Nieve Santa Inés,2022,2,Castilla y León,N,1650,1900,250,1,0,28,0.0,,,,,,,0,0,0,0,0,8,1,0,0,28,,,,0.0,0.0,,,,
Punto de Nieve Santa Inés,2022,3,Castilla y León,N,1650,1900,250,1,14,31,0.45161290322580644,1.8,1.0,1.0,1.0,35.0,,14,0,0,0,0,8,0,0,0,31,,,,0.0,0.0,,,,
Punto de Nieve Santa Inés,2022,4,Castilla y León,N,1650,1900,250,1,3,30,0.1,1.8,0.6666666666666666,0.6666666666666666,1.0,15.0,,3,0,0,0,0,9,3,0,2,30,,,,0.0,0.0,,,,
Punto de Nieve Santa Inés,2022,5,Castilla y León,N,1650,1900,250,1,0,31,0.0,,,,,,,0,0,0,0,0,9,2,0,0,31,,,,0.0,0.0,,,,
Punto de Nieve Santa Inés,2022,6,Castilla y León,N,1650,1900,250,1,0,30,0.0,,,,,,,0,0,0,0,0,8,0,0,0,0,,,,0.0,0.0,,,,
Punto de Nieve Santa Inés,2022,7,Castilla y León,N,1650,1900,250,1,0,31,0.0,,,,,,,0,0,0,0,0,10,0,0,0,0,,,,0.0,0.0,,,,
Punto de Nieve Santa Inés,2022,8,Castilla y León,N,1650,1900,250,1,0,31,0.0,,,,,,,0,0,0,0,0,8,1,0,0,0,,,,0.0,0.0,,,,
Punto de Nieve Santa Inés,2022,9,Castilla y León,N,1650,1900,250,1,0,30,0.0,,,,,,,0,0,0,0,0,8,1,0,0,0,,,,0.0,0.0,,,,
Punto de Nieve Santa Inés,2022,10,Castilla y León,N,1650,1900,250,1,0,31,0.0,,,,,,,0,0,0,0,0,10,1,0,0,31,,,,0.0,0.0,,,,
Punto de Nieve Santa Inés,2022,11,Castilla y León,N,1650,1900,250,1,0,30,0.0,,,,,,,0,0,0,0,0,8,1,0,0,30,,,,0.0,0.0,,,,
Punto de Nieve Santa Inés,2022,12,Castilla y León,N,1650,1900,250,1,0,31,0.0,,,,,,,0,0,0,0,0,9,4,2,0,31,,,,0.0,0.0,,,,
Punto de Nieve Santa Inés,2023,1,Castilla y León,N,1650,1900,250,1,11,31,0.3548387096774194,1.8,1.0,1.0,1.0,38.63636363636363,,11,0,0,0,0,9,2,2,0,31,,,,0.0,0.0,,,,
Punto de Nieve Santa Inés,2023,2,Castilla y León,N,1650,1900,250,1,24,28,0.8571428571428571,1.8,1.0,1.0,1.0,37.708333333333336,,24,12,0,0,0,8,1,0,0,28,,,,0.0,0.0,,,,
Punto de Nieve Santa Inés,2023,3,Castilla y León,N,1650,1900,250,1,2,31,0.06451612903225806,1.8,1.0,1.0,1.0,31.428571428571427,,7,2,0,0,0,8,0,0,0,31,,,,0.0,0.0,,,,
Punto de Nieve Santa Inés,2023,4,Castilla y León,N,1650,1900,250,1,0,30,0.0,,,,,,,0,0,0,0,0,10,3,0,2,30,,,,0.0,0.0,,,,
Punto de Nieve Santa Inés,2023,5,Castilla y León,N,1650,1900,250,1,0,31,0.0,,,,,,,0,0,0,0,0,8,2,0,0,31,,,,0.0,0.0,,,,
Punto de Nieve Santa Inés,2023,6,Castilla y León,N,1650,1900,250,1,0,30,0.0,,,,,,,0,0,0,0,0,8,0,0,0,0,,,,0.0,0.0,,,,
Punto de Nieve Santa Inés,2023,7,Castilla y León,N,1650,1900,250,1,0,31,0.0,,,,,,,0,0,0,0,0,10,0,0,0,0,,,,0.0,0.0,,,,
Punto de Nieve Santa Inés,2023,8,Castilla y León,N,1650,1900,250,1,0,31,0.0,,,,,,,0,0,0,0,0,8,1,0,0,0,,,,0.0,0.0,,,,
Punto de Nieve Santa Inés,2023,9,Castilla y León,N,1650,1900,250,1,0,30,0.0,,,,,,,0,0,0,0,0,9,1,0,0,0,,,,0.0,0.0,,,,
Punto de Nieve Santa Inés,2023,10,Castilla y León,N,1650,1900,250,1,0,31,0.0,,,,,,,0,0,0,0,0,9,1,0,0,31,,,,0.0,0.0,,,,
Punto de Nieve Santa Inés,2023,11,Castilla y León,N,1650,1900,250,1,0,30,0.0,,,,,,,0,0,0,0,0,8,1,0,0,30,,,,0.0,0.0,,,,
Punto de Nieve Santa Inés,2023,12,Castilla y León,N,1650,1900,250,1,0,31,0.0,,,,,,,0,0,0,0,0,10,4,2,0,31,,,,0.0,0.0,,,,
Punto de Nieve Santa Inés,2024,1,Castilla y León,N,1650,1900,250,1,3,31,0.0967741935483871,1.8,1.0,1.0,1.0,12.5,,4,0,0,0,0,8,2,2,0,31,,,,0.0,0.0,,,,
Punto de Nieve Santa Inés,2024,2,Castilla y León,N,1650,1900,250,1,3,29,0.10344827586206896,1.8,0.6666666666666666,0.6666666666666666,1.0,12.0,,5,0,0,0,0,8,1,0,0,29,,,,0.0,0.0,,,,
Punto de Nieve Santa Inés,2024,3,Castilla y León,N,1650,1900,250,1,15,31,0.4838709677419355,1.8,1.0,1.0,1.0,102.22222222222223,,17,0,0,0,1,10,2,0,2,31,,,,0.0,0.0,,,,
Punto de Nieve Santa Inés,2024,4,Castilla y León,N,1650,1900,250,1,3,30,0.1,1.8,1.0,1.0,1.0,,,0,0,0,0,0,8,1,0,0,30,,,,0.0,0.0,,,,
Punto de Nieve Santa Inés,2024,5,Castilla y León,N,1650,1900,250,1,0,31,0.0,,,,,,,0,0,0,0,0,8,2,0,0,31,,,,0.0,0.0,,,,
Punto de Nieve Santa Inés,2024,6,Castilla y León,N,1650,1900,250,1,0,30,0.0,,,,,,,0,0,0,0,0,10,0,0,0,0,,,,0.0,0.0,,,,
Punto de Nieve Santa Inés,2024,7,Castilla y León,N,1650,1900,250,1,0,31,0.0,,,,,,,0,0,0,0,0,8,0,0,0,0,,,,0.0,0.0,,,,
Punto de Nieve Santa Inés,2024,8,Castilla y León,N,1650,1900,250,1,0,31,0.0,,,,,,,0,0,0,0,0,9,1,0,0,0,,,,0.0,0.0,,,,
Punto de Nieve Santa Inés,2024,9,Castilla y León,N,1650,1900,250,1,0,30,0.0,,,,,,,0,0,0,0,0,9,1,0,0,0,,,,0.0,0.0,,,,
Punto de Nieve Santa Inés,2024,10,Castilla y León,N,1650,1900,250,1,0,31,0.0,,,,,,,0,0,0,0,0,8,1,0,0,31,,,,0.0,0.0,,,,
Punto de Nieve Santa Inés,2024,11,Castilla y León,N,1650,1900,250,1,0,30,0.0,,,,,,,0,0,0,0,0,9,1,0,0,30,,,,0.0,0.0,,,,
Punto de Nieve Santa Inés,2024,12,Castilla y León,N,1650,1900,250,1,2,31,0.06451612903225806,,0.5,0.5,,30.0,,2,0,0,0,0,9,4,2,0,31,,,,0.0,0.0,,,,
Punto de Nieve Santa Inés,2025,1,Castilla y León,N,1650,1900,250,1,0,31,0.0,,,,,,,0,0,0,0,0,8,2,2,0,31,,,,0.0,0.0,,,,
Punto de Nieve Santa Inés,2025,2,Castilla y León,N,1650,1900,250,1,4,28,0.14285714285714285,1.8,1.0,1.0,1.0,,,0,0,0,0,0,8,1,0,0,28,,,,0.0,0.0,,,,
Punto de Nieve Santa Inés,2025,3,Castilla y León,N,1650,1900,250,1,3,31,0.0967741935483871,1.8,1.0,1.0,1.0,,,0,0,0,0,0,10,0,0,0,31,,,,0.0,0.0,,,,
Punto de Nieve Santa Inés,2025,4,Castilla y León,N,1650,1900,250,1,0,30,0.0,,,,,,,0,0,0,0,0,8,3,0,2,30,,,,0.0,0.0,,,,
Punto de Nieve Santa Inés,2025,5,Castilla y León,N,1650,1900,250,1,0,31,0.0,,,,,,,0,0,0,0,0,9,2,0,0,31,,,,0.0,0.0,,,,
Punto de Nieve Santa Inés,2025,6,Castilla y León,N,1650,1900,250,1,0,30,0.0,,,,,,,0,0,0,0,0,9,0,0,0,0,,,,0.0,0.0,,,,
Punto de Nieve Santa Inés,2025,7,Castilla y León,N,1650,1900,250,1,0,31,0.0,,,,,,,0,0,0,0,0,8,0,0,0,0,,,,0.0,0.0,,,,
Punto de Nieve Santa Inés,2025,8,Castilla y León,N,1650,1900,250,1,0,31,0.0,,,,,,,0,0,0,0,0,10,1,0,0,0,,,,0.0,0.0,,,,
Punto de Nieve Santa Inés,2025,9,Castilla y León,N,1650,1900,250,1,0,8,0.0,,,,,,,0,0,0,0,0,2,0,0,0,0,,,,0.0,0.0,,,,
San Isidro,2018,1,Castilla y León,N,1520,2100,580,1,28,30,0.9333333333333333,15.828571428571427,0.5976190476190476,0.47433035714285715,0.5274432332079783,87.93103448275862,26.379310344827587,14,16,0,0,0,8,1,1,0,30,,,,0.0,0.0,,,,
San Isidro,2018,2,Castilla y León,N,1520,2100,580,1,24,26,0.9230769230769231,22.844583333333333,0.6555555555555556,0.6861979166666666,0.7612323669887814,262.6923076923077,114.23076923076923,19,10,0,0,0,7,1,0,0,26,,,,0.0,0.0,,,,
San Isidro,2018,3,Castilla y León,N,1520,2100,580,1,25,29,0.8620689655172413,19.842,0.648,0.63125,0.661179606797734,335.86206896551727,128.44827586206895,22,10,0,0,0,8,1,0,1,29,,,,0.0,0.0,,,,
San Isidro,2018,4,Castilla y León,N,1520,2100,580,1,12,29,0.41379310344827586,24.903333333333336,0.7833333333333332,0.7682291666666666,0.8298344996112407,387.5,123.75,4,4,0,0,4,8,1,0,0,29,,,,0.0,0.0,,,,
San Isidro,2018,5,Castilla y León,N,1520,2100,580,1,0,31,0.0,,,,,,,0,0,0,0,0,8,2,0,0,31,,,,0.0,0.0,,,,
San Isidro,2018,6,Castilla y León,N,1520,2100,580,1,0,30,0.0,,,,,,,0,0,0,0,0,9,0,0,0,0,,,,0.0,0.0,,,,
San Isidro,2018,7,Castilla y León,N,1520,2100,580,1,0,31,0.0,,,,,,,0,0,0,0,0,9,0,0,0,0,,,,0.0,0.0,,,,
San Isidro,2018,8,Castilla y León,N,1520,2100,580,1,0,31,0.0,,,,,,,0,0,0,0,0,8,1,0,0,0,,,,0.0,0.0,,,,
San Isidro,2018,9,Castilla y León,N,1520,2100,580,1,0,30,0.0,,,,,,,0,0,0,0,0,10,1,0,0,0,,,,0.0,0.0,,,,
San Isidro,2018,10,Castilla y León,N,1520,2100,580,1,0,31,0.0,,,,,,,0,0,0,0,0,8,1,0,0,31,,,,0.0,0.0,,,,
San Isidro,2018,11,Castilla y León,N,1520,2100,580,1,0,30,0.0,,,,,,,0,0,0,0,0,8,1,0,0,30,,,,0.0,0.0,,,,
San Isidro,2018,12,Castilla y León,N,1520,2100,580,1,0,31,0.0,,,,,,,0,0,0,0,0,10,4,2,0,31,,,,0.0,0.0,,,,
San Isidro,2019,1,Castilla y León,N,1520,2100,580,1,11,31,0.3548387096774194,6.0590909090909095,0.20606060606060606,0.16193181818181818,0.19482607424729606,82.91666666666667,29.166666666666668,8,3,0,0,0,8,2,2,0,31,,,,0.0,0.0,,,,
San Isidro,2019,2,Castilla y León,N,1520,2100,580,1,26,27,0.9629629629629629,24.192692307692308,0.658974358974359,0.6850961538461539,0.777900074202325,210.76923076923077,69.61538461538461,13,19,0,0,3,7,1,0,0,27,,,,0.0,0.0,,,,
San Isidro,2019,3,Castilla y León,N,1520,2100,580,1,29,29,1.0,23.536785714285713,0.8091954022988506,0.75,0.7568098300413413,178.9655172413793,36.55172413793103,8,13,0,0,13,9,0,0,0,29,,,,0.0,0.0,,,,
San Isidro,2019,4,Castilla y León,N,1520,2100,580,1,24,28,0.8571428571428571,15.58875,0.611111111111111,0.4986979166666667,0.5012459807073956,129.80769230769232,36.53846153846154,11,8,0,0,11,8,2,0,2,28,,,,0.0,0.0,,,,
San Isidro,2019,5,Castilla y León,N,1520,2100,580,1,0,31,0.0,,,,,,,0,0,0,0,0,8,2,0,0,31,,,,0.0,0.0,,,,
San Isidro,2019,6,Castilla y León,N,1520,2100,580,1,0,30,0.0,,,,,,,0,0,0,0,0,10,0,0,0,0,,,,0.0,0.0,,,,
San Isidro,2019,7,Castilla y León,N,1520,2100,580,1,0,31,0.0,,,,,,,0,0,0,0,0,8,0,0,0,0,,,,0.0,0.0,,,,
San Isidro,2019,8,Castilla y León,N,1520,2100,580,1,0,31,0.0,,,,,,,0,0,0,0,0,9,1,0,0,0,,,,0.0,0.0,,,,
San Isidro,2019,9,Castilla y León,N,1520,2100,580,1,0,30,0.0,,,,,,,0,0,0,0,0,9,1,0,0,0,,,,0.0,0.0,,,,
San Isidro,2019,10,Castilla y León,N,1520,2100,580,1,0,31,0.0,,,,,,,0,0,0,0,0,8,1,0,0,31,,,,0.0,0.0,,,,
San Isidro,2019,11,Castilla y León,N,1520,2100,580,1,2,30,0.06666666666666667,26.75,0.8666666666666667,0.8125,0.860128617363344,150.0,30.0,0,1,0,0,0,9,1,0,0,30,,,,0.0,0.0,,,,
San Isidro,2019,12,Castilla y León,N,1520,2100,580,1,25,31,0.8064516129032258,20.8108,0.6613333333333332,0.64625,0.6691575562700964,127.83333333333333,28.666666666666668,12,19,0,0,0,9,4,2,0,31,,,,0.0,0.0,,,,
San Isidro,2020,1,Castilla y León,N,1520,2100,580,1,29,31,0.9354838709677419,19.91344827586207,0.6436781609195401,0.6368534482758621,0.6403038030823816,107.09677419354838,30.0,11,23,0,0,0,8,2,2,0,31,,,,0.0,0.0,,,,
San Isidro,2020,2,Castilla y León,N,1520,2100,580,1,26,26,1.0,15.431153846153846,0.5256410256410257,0.4723557692307692,0.49617858026218153,84.42307692307692,24.03846153846154,1,12,0,0,11,6,1,0,0,26,,,,0.0,0.0,,,,
San Isidro,2020,3,Castilla y León,N,1520,2100,580,1,10,31,0.3225806451612903,10.706,0.42666666666666664,0.33125,0.3442443729903536,71.36363636363636,20.0,4,4,0,0,4,9,0,0,0,31,,,,0.0,0.0,,,,
San Isidro,2020,4,Castilla y León,N,1520,2100,580,1,0,30,0.0,,,,,,,0,0,0,0,0,8,3,0,2,30,,,,0.0,0.0,,,,
San Isidro,2020,5,Castilla y León,N,1520,2100,580,1,0,31,0.0,,,,,,,0,0,0,0,0,10,2,0,0,31,,,,0.0,0.0,,,,
San Isidro,2020,6,Castilla y León,N,1520,2100,580,1,0,30,0.0,,,,,,,0,0,0,0,0,8,0,0,0,0,,,,0.0,0.0,,,,
San Isidro,2020,7,Castilla y León,N,1520,2100,580,1,0,31,0.0,,,,,,,0,0,0,0,0,8,0,0,0,0,,,,0.0,0.0,,,,
San Isidro,2020,8,Castilla y León,N,1520,2100,580,1,0,31,0.0,,,,,,,0,0,0,0,0,10,1,0,0,0,,,,0.0,0.0,,,,
San Isidro,2020,9,Castilla y León,N,1520,2100,580,1,0,30,0.0,,,,,,,0,0,0,0,0,8,1,0,0,0,,,,0.0,0.0,,,,
San Isidro,2020,10,Castilla y León,N,1520,2100,580,1,0,31,0.0,,,,,,,0,0,0,0,0,9,1,0,0,31,,,,0.0,0.0,,,,
San Isidro,2020,11,Castilla y León,N,1520,2100,580,1,0,30,0.0,,,,,,,0,0,0,0,0,9,1,0,0,30,,,,0.0,0.0,,,,
San Isidro,2020,12,Castilla y León,N,1520,2100,580,1,16,31,0.5161290322580645,7.829375000000001,0.4083333333333333,0.2578125,0.2517483922829582,65.26315789473684,28.42105263157895,6,6,0,0,0,8,4,2,0,31,,,,0.0,0.0,,,,
San Isidro,2021,1,Castilla y León,N,1520,2100,580,1,22,30,0.7333333333333333,15.536818181818182,0.5363636363636363,0.48011363636363635,0.49957614732534344,240.35714285714286,97.14285714285714,13,7,0,0,0,9,2,2,0,30,,,,0.0,0.0,,,,
San Isidro,2021,2,Castilla y León,N,1520,2100,580,1,24,28,0.8571428571428571,16.64875,0.6166666666666666,0.5208333333333334,0.5353295819935691,136.78571428571428,46.07142857142857,8,8,0,0,2,8,1,0,0,28,,,,0.0,0.0,,,,
San Isidro,2021,3,Castilla y León,N,1520,2100,580,1,29,31,0.9354838709677419,15.539310344827586,0.6827586206896551,0.509698275862069,0.4996562811841667,108.0,40.0,5,11,0,0,17,8,0,0,0,31,,,,0.0,0.0,,,,
San Isidro,2021,4,Castilla y León,N,1520,2100,580,1,11,30,0.36666666666666664,8.68909090909091,0.4606060606060606,0.2897727272727273,0.2793919906460099,77.27272727272727,28.636363636363637,0,0,0,0,11,8,3,0,2,30,,,,0.0,0.0,,,,
San Isidro,2021,5,Castilla y León,N,1520,2100,580,1,0,31,0.0,,,,,,,0,0,0,0,0,10,2,0,0,31,,,,0.0,0.0,,,,
San Isidro,2021,6,Castilla y León,N,1520,2100,580,1,0,30,0.0,,,,,,,0,0,0,0,0,8,0,0,0,0,,,,0.0,0.0,,,,
San Isidro,2021,7,Castilla y León,N,1520,2100,580,1,0,31,0.0,,,,,,,0,0,0,0,0,9,0,0,0,0,,,,0.0,0.0,,,,
San Isidro,2021,8,Castilla y León,N,1520,2100,580,1,0,31,0.0,,,,,,,0,0,0,0,0,9,1,0,0,0,,,,0.0,0.0,,,,
San Isidro,2021,9,Castilla y León,N,1520,2100,580,1,0,30,0.0,,,,,,,0,0,0,0,0,8,1,0,0,0,,,,0.0,0.0,,,,
San Isidro,2021,10,Castilla y León,N,1520,2100,580,1,0,31,0.0,,,,,,,0,0,0,0,0,10,1,0,0,31,,,,0.0,0.0,,,,
San Isidro,2021,11,Castilla y León,N,1520,2100,580,1,0,30,0.0,,,,,,,0,0,0,0,0,8,1,0,0,30,,,,0.0,0.0,,,,
San Isidro,2021,12,Castilla y León,N,1520,2100,580,1,27,31,0.8709677419354839,19.545555555555556,0.5259259259259259,0.5659722222222222,0.6284744551625581,171.33333333333334,52.666666666666664,8,17,0,0,0,8,4,2,0,31,,,,0.0,0.0,,,,
San Isidro,2022,1,Castilla y León,N,1520,2100,580,1,31,31,1.0,18.69,0.6387096774193549,0.5887096774193549,0.6009646302250803,120.3225806451613,31.93548387096774,15,23,0,0,0,10,2,2,0,31,,,,0.0,0.0,,,,
San Isidro,2022,2,Castilla y León,N,1520,2100,580,1,28,28,1.0,18.912857142857145,0.6452380952380953,0.6060267857142857,0.6081304547542491,113.21428571428571,33.214285714285715,12,12,0,0,13,8,1,0,0,28,,,,0.0,0.0,,,,
San Isidro,2022,3,Castilla y León,N,1520,2100,580,1,30,31,0.967741935483871,18.689666666666668,0.6266666666666667,0.5927083333333333,0.6009539121114683,127.16666666666667,36.333333333333336,11,9,0,0,12,8,0,0,0,31,,,,0.0,0.0,,,,
San Isidro,2022,4,Castilla y León,N,1520,2100,580,1,16,30,0.5333333333333333,15.265,0.5416666666666666,0.47265625,0.4908360128617363,98.125,33.125,5,2,0,0,10,9,3,0,2,30,,,,0.0,0.0,,,,
San Isidro,2022,5,Castilla y León,N,1520,2100,580,1,0,31,0.0,,,,,,,0,0,0,0,0,9,2,0,0,31,,,,0.0,0.0,,,,
San Isidro,2022,6,Castilla y León,N,1520,2100,580,1,0,30,0.0,,,,,,,0,0,0,0,0,8,0,0,0,0,,,,0.0,0.0,,,,
San Isidro,2022,7,Castilla y León,N,1520,2100,580,1,0,31,0.0,,,,,,,0,0,0,0,0,10,0,0,0,0,,,,0.0,0.0,,,,
San Isidro,2022,8,Castilla y León,N,1520,2100,580,1,0,31,0.0,,,,,,,0,0,0,0,0,8,1,0,0,0,,,,0.0,0.0,,,,
San Isidro,2022,9,Castilla y León,N,1520,2100,580,1,0,30,0.0,,,,,,,0,0,0,0,0,8,1,0,0,0,,,,0.0,0.0,,,,
San Isidro,2022,10,Castilla y León,N,1520,2100,580,1,0,31,0.0,,,,,,,0,0,0,0,0,10,1,0,0,31,,,,0.0,0.0,,,,
San Isidro,2022,11,Castilla y León,N,1520,2100,580,1,0,30,0.0,,,,,,,0,0,0,0,0,8,1,0,0,30,,,,0.0,0.0,,,,
San Isidro,2022,12,Castilla y León,N,1520,2100,580,1,0,31,0.0,,,,,,,0,0,0,0,0,9,4,2,0,31,,,,0.0,0.0,,,,
San Isidro,2023,1,Castilla y León,N,1520,2100,580,1,11,31,0.3548387096774194,11.490909090909092,0.4303030303030303,0.3352272727272727,0.36948260742472955,60.0,30.0,11,6,0,0,0,9,2,2,0,31,,,,0.0,0.0,,,,
San Isidro,2023,2,Castilla y León,N,1520,2100,580,1,28,28,1.0,22.956071428571427,0.719047619047619,0.6573660714285714,0.7381373449701424,79.64285714285714,39.642857142857146,24,16,0,0,3,8,1,0,0,28,,,,0.0,0.0,,,,
San Isidro,2023,3,Castilla y León,N,1520,2100,580,1,26,31,0.8387096774193549,12.175384615384615,0.5692307692307692,0.390625,0.39149146673262425,57.11538461538461,27.5,5,3,0,0,17,8,0,0,0,31,,,,0.0,0.0,,,,
San Isidro,2023,4,Castilla y León,N,1520,2100,580,1,0,30,0.0,,,,,,,0,0,0,0,0,10,3,0,2,30,,,,0.0,0.0,,,,
San Isidro,2023,5,Castilla y León,N,1520,2100,580,1,0,31,0.0,,,,,,,0,0,0,0,0,8,2,0,0,31,,,,0.0,0.0,,,,
San Isidro,2023,6,Castilla y León,N,1520,2100,580,1,0,30,0.0,,,,,,,0,0,0,0,0,8,0,0,0,0,,,,0.0,0.0,,,,
San Isidro,2023,7,Castilla y León,N,1520,2100,580,1,0,31,0.0,,,,,,,0,0,0,0,0,10,0,0,0,0,,,,0.0,0.0,,,,
San Isidro,2023,8,Castilla y León,N,1520,2100,580,1,0,31,0.0,,,,,,,0,0,0,0,0,8,1,0,0,0,,,,0.0,0.0,,,,
San Isidro,2023,9,Castilla y León,N,1520,2100,580,1,0,30,0.0,,,,,,,0,0,0,0,0,9,1,0,0,0,,,,0.0,0.0,,,,
San Isidro,2023,10,Castilla y León,N,1520,2100,580,1,0,31,0.0,,,,,,,0,0,0,0,0,9,1,0,0,31,,,,0.0,0.0,,,,
San Isidro,2023,11,Castilla y León,N,1520,2100,580,1,0,30,0.0,,,,,,,0,0,0,0,0,8,1,0,0,30,,,,0.0,0.0,,,,
San Isidro,2023,12,Castilla y León,N,1520,2100,580,1,0,31,0.0,,,,,,,0,0,0,0,0,10,4,2,0,31,,,,0.0,0.0,,,,
San Isidro,2024,1,Castilla y León,N,1520,2100,580,1,22,31,0.7096774193548387,3.28,0.22727272727272724,0.125,0.10546623794212215,31.818181818181817,16.136363636363637,6,7,0,0,4,8,2,2,0,31,,,,0.0,0.0,,,,
San Isidro,2024,2,Castilla y León,N,1520,2100,580,1,16,29,0.5517241379310345,0.97375,0.09583333333333327,0.056640625,0.03131028938906752,30.294117647058822,17.941176470588236,4,0,0,0,11,8,1,0,0,29,,,,0.0,0.0,,,,
San Isidro,2024,3,Castilla y León,N,1520,2100,580,1,31,31,1.0,11.352903225806452,0.4967741935483871,0.3467741935483871,0.36504511980085047,61.45161290322581,26.129032258064516,18,9,0,0,13,10,2,0,2,31,,,,0.0,0.0,,,,
San Isidro,2024,4,Castilla y León,N,1520,2100,580,1,5,30,0.16666666666666666,4.284,0.44000000000000006,0.175,0.13774919614147907,31.0,15.0,1,0,0,0,4,8,1,0,0,30,,,,0.0,0.0,,,,
San Isidro,2024,5,Castilla y León,N,1520,2100,580,1,0,31,0.0,,,,,,,0,0,0,0,0,8,2,0,0,31,,,,0.0,0.0,,,,
San Isidro,2024,6,Castilla y León,N,1520,2100,580,1,0,30,0.0,,,,,,,0,0,0,0,0,10,0,0,0,0,,,,0.0,0.0,,,,
San Isidro,2024,7,Castilla y León,N,1520,2100,580,1,0,31,0.0,,,,,,,0,0,0,0,0,8,0,0,0,0,,,,0.0,0.0,,,,
San Isidro,2024,8,Castilla y León,N,1520,2100,580,1,0,31,0.0,,,,,,,0,0,0,0,0,9,1,0,0,0,,,,0.0,0.0,,,,
San Isidro,2024,9,Castilla y León,N,1520,2100,580,1,0,30,0.0,,,,,,,0,0,0,0,0,9,1,0,0,0,,,,0.0,0.0,,,,
San Isidro,2024,10,Castilla y León,N,1520,2100,580,1,0,31,0.0,,,,,,,0,0,0,0,0,8,1,0,0,31,,,,0.0,0.0,,,,
San Isidro,2024,11,Castilla y León,N,1520,2100,580,1,0,30,0.0,,,,,,,0,0,0,0,0,9,1,0,0,30,,,,0.0,0.0,,,,
San Isidro,2024,12,Castilla y León,N,1520,2100,580,1,17,31,0.5483870967741935,6.580588235294118,0.396078431372549,0.23161764705882354,0.21159447701910344,35.526315789473685,21.842105263157894,7,8,0,0,0,9,4,2,0,31,,,,0.0,0.0,,,,
San Isidro,2025,1,Castilla y León,N,1520,2100,580,1,20,31,0.6451612903225806,2.528,0.3233333333333333,0.1296875,0.08128617363344048,29.0,18.25,6,11,0,0,0,8,2,2,0,31,,,,0.0,0.0,,,,
San Isidro,2025,2,Castilla y León,N,1520,2100,580,1,28,28,1.0,5.789642857142857,0.45952380952380956,0.234375,0.1861621497473587,43.392857142857146,22.678571428571427,8,14,0,0,4,8,1,0,0,28,,,,0.0,0.0,,,,
San Isidro,2025,3,Castilla y León,N,1520,2100,580,1,29,31,0.9354838709677419,5.346206896551724,0.4252873563218391,0.2025862068965517,0.17190375873156663,42.166666666666664,25.666666666666668,14,11,0,0,6,10,0,0,0,31,,,,0.0,0.0,,,,
San Isidro,2025,4,Castilla y León,N,1520,2100,580,1,9,30,0.3,3.922222222222222,0.37037037037037035,0.1701388888888889,0.12611647016791708,42.22222222222222,22.22222222222222,0,0,0,0,7,8,3,0,2,30,,,,0.0,0.0,,,,
San Isidro,2025,5,Castilla y León,N,1520,2100,580,1,0,31,0.0,,,,,,,0,0,0,0,0,9,2,0,0,31,,,,0.0,0.0,,,,
San Isidro,2025,6,Castilla y León,N,1520,2100,580,1,0,30,0.0,,,,,,,0,0,0,0,0,9,0,0,0,0,,,,0.0,0.0,,,,
San Isidro,2025,7,Castilla y León,N,1520,2100,580,1,0,31,0.0,,,,,,,0,0,0,0,0,8,0,0,0,0,,,,0.0,0.0,,,,
San Isidro,2025,8,Castilla y León,N,1520,2100,580,1,0,31,0.0,,,,,,,0,0,0,0,0,10,1,0,0,0,,,,0.0,0.0,,,,
San Isidro,2025,9,Castilla y León,N,1520,2100,580,1,0,8,0.0,,,,,,,0,0,0,0,0,2,0,0,0,0,,,,0.0,0.0,,,,
Sierra Nevada,2018,1,Andalucía,S,2100,3300,1200,0,29,30,0.9666666666666667,84.25466666666667,0.9,0.7682666666666668,0.7889013732833958,176.66666666666666,20.0,30,8,0,0,0,8,1,1,0,30,2.6933333333333334,-3.95,-0.31,76.2,52.71,8.333333333333334,Monachil,,
Sierra Nevada,2018,2,Andalucía,S,2100,3300,1200,0,25,27,0.9259259259259259,100.1224,0.9752380952380952,0.91584,0.9374756554307117,219.25925925925927,29.62962962962963,27,0,0,0,0,7,1,0,0,27,-1.1333333333333333,-6.981481481481482,-3.937037037037037,79.1,54.46,7.7,Monachil,,
Sierra Nevada,2018,3,Andalucía,S,2100,3300,1200,0,24,29,0.8275862068965517,57.01,0.6107660455486542,0.5645217391304348,0.5338014981273409,371.0344827586207,46.89655172413793,24,6,0,0,3,8,1,0,1,29,-0.02413793103448272,-5.110344827586206,-2.5,480.3,298.76,14.158620689655173,Monachil,,
Sierra Nevada,2018,4,Andalucía,S,2100,3300,1200,0,27,29,0.9310344827586207,73.67333333333333,0.652557319223986,0.6041481481481482,0.6898252184769039,372.41379310344826,54.827586206896555,12,2,0,0,16,8,1,0,0,29,4.182758620689655,-0.7379310344827585,1.8310344827586207,125.89999999999999,64.61,9.489655172413793,Monachil,,
Sierra Nevada,2018,5,Andalucía,S,2100,3300,1200,0,6,31,0.1935483870967742,66.7,0.6349206349206349,0.512,0.6245318352059925,300.0,40.0,2,0,0,0,4,8,2,0,0,31,8.212903225806452,0.8548387096774194,4.625806451612903,104.5,16.17,9.13225806451613,Monachil,,
Sierra Nevada,2018,6,Andalucía,S,2100,3300,1200,0,0,30,0.0,,,,,,,0,0,0,0,0,9,0,0,0,0,15.573333333333332,7.25,11.75,39.0,1.4000000000000001,10.986666666666668,Monachil,,
Sierra Nevada,2018,7,Andalucía,S,2100,3300,1200,0,0,31,0.0,,,,,,,0,0,0,0,0,9,0,0,0,0,21.11935483870968,11.306451612903226,16.596774193548388,16.4,0.0,12.23225806451613,Monachil,,
Sierra Nevada,2018,8,Andalucía,S,2100,3300,1200,0,0,31,0.0,,,,,,,0,0,0,0,0,8,1,0,0,0,19.996774193548386,12.116129032258065,16.016129032258064,48.8,0.0,9.929032258064517,Monachil,,
Sierra Nevada,2018,9,Andalucía,S,2100,3300,1200,0,0,30,0.0,,,,,,,0,0,0,0,0,10,1,0,0,0,16.09,8.733333333333333,12.363333333333333,83.2,0.0,9.376666666666667,Monachil,,
Sierra Nevada,2018,10,Andalucía,S,2100,3300,1200,0,0,31,0.0,,,,,,,0,0,0,0,0,8,1,0,0,31,9.209677419354838,2.061290322580645,5.590322580645162,128.8,51.17,11.325806451612904,Monachil,,
Sierra Nevada,2018,11,Andalucía,S,2100,3300,1200,0,7,30,0.23333333333333334,37.29571428571428,0.44217687074829926,0.36147186147186144,0.3378234989648033,150.0,20.0,7,5,0,0,0,8,1,0,0,30,4.206666666666667,-0.7699999999999999,1.6700000000000002,116.3,60.83,8.916666666666666,Monachil,,
Sierra Nevada,2018,12,Andalucía,S,2100,3300,1200,0,30,31,0.967741935483871,64.23133333333334,0.738095238095238,0.5838383838383838,0.5818055555555556,150.0,20.0,28,31,0,0,0,10,4,2,0,31,8.53225806451613,2.6225806451612903,5.658064516129032,15.1,9.17,9.783870967741937,Monachil,,
Sierra Nevada,2019,1,Andalucía,S,2100,3300,1200,0,31,31,1.0,75.01,0.8894009216589862,0.6796187683284457,0.6794384057971014,167.74193548387098,20.0,31,19,0,0,0,8,2,2,0,31,2.990322580645161,-2.864516129032258,0.12258064516129023,54.7,37.52,10.774193548387096,Monachil,,
Sierra Nevada,2019,2,Andalucía,S,2100,3300,1200,0,25,28,0.8928571428571429,102.2024,0.940952380952381,0.92,0.9257463768115941,219.28571428571428,29.642857142857142,28,2,0,0,8,8,1,0,0,28,4.185714285714286,-1.1035714285714286,1.6964285714285714,38.0,26.040000000000003,6.678571428571429,Monachil,,
Sierra Nevada,2019,3,Andalucía,S,2100,3300,1200,0,28,29,0.9655172413793104,100.80142857142857,0.9744897959183673,0.8990800865800866,0.9130564182194617,202.75862068965517,20.344827586206897,9,5,0,0,24,9,0,0,0,29,6.182758620689656,-1.2862068965517244,2.3379310344827586,33.8,17.5,10.724137931034482,Monachil,,
Sierra Nevada,2019,4,Andalucía,S,2100,3300,1200,0,27,29,0.9310344827586207,76.81888888888889,0.7760141093474426,0.6526374859708193,0.695823268921095,264.82758620689657,35.172413793103445,23,5,0,0,17,8,3,0,2,29,4.603448275862069,-2.410344827586207,1.3724137931034481,123.6,78.05,11.455172413793104,Monachil,,
Sierra Nevada,2019,5,Andalucía,S,2100,3300,1200,0,5,31,0.16129032258064516,64.404,0.5809523809523809,0.4909090909090909,0.5833695652173913,300.0,40.0,0,0,0,0,5,8,2,0,0,31,12.964516129032257,5.090322580645162,9.09032258064516,26.3,0.0,13.03225806451613,Monachil,,
Sierra Nevada,2019,6,Andalucía,S,2100,3300,1200,0,0,30,0.0,,,,,,,0,0,0,0,0,10,0,0,0,0,18.573333333333334,9.043333333333333,14.113333333333333,22.6,0.0,10.716666666666667,Monachil,,
Sierra Nevada,2019,7,Andalucía,S,2100,3300,1200,0,0,31,0.0,,,,,,,0,0,0,0,0,8,0,0,0,0,21.703225806451613,12.167741935483871,17.283870967741933,43.3,0.0,11.596774193548388,Monachil,,
Sierra Nevada,2019,8,Andalucía,S,2100,3300,1200,0,0,31,0.0,,,,,,,0,0,0,0,0,9,1,0,0,0,21.76774193548387,12.770967741935483,17.238709677419354,22.6,0.0,11.751612903225807,Monachil,,
Sierra Nevada,2019,9,Andalucía,S,2100,3300,1200,0,0,30,0.0,,,,,,,0,0,0,0,0,9,1,0,0,0,15.793333333333333,8.326666666666666,12.063333333333333,86.4,0.9099999999999999,11.053333333333335,Monachil,,
Sierra Nevada,2019,10,Andalucía,S,2100,3300,1200,0,0,31,0.0,,,,,,,0,0,0,0,0,8,1,0,0,31,13.074193548387097,5.609677419354839,9.064516129032258,43.1,16.169999999999998,10.838709677419354,Monachil,,
Sierra Nevada,2019,11,Andalucía,S,2100,3300,1200,0,8,30,0.26666666666666666,27.38875,0.41071428571428564,0.262310606060606,0.24808650362318838,80.0,20.0,4,7,0,0,0,9,1,0,0,30,3.753333333333333,-2.5900000000000003,0.6599999999999999,160.8,62.72,13.983333333333333,Monachil,,
Sierra Nevada,2019,12,Andalucía,S,2100,3300,1200,0,28,31,0.9032258064516129,48.19464285714286,0.7329931972789115,0.4453463203463203,0.4365456780538302,80.0,17.096774193548388,22,26,0,0,0,9,4,2,0,31,6.180645161290323,0.2387096774193548,3.4387096774193546,139.0,17.08,11.706451612903225,Monachil,,
Sierra Nevada,2020,1,Andalucía,S,2100,3300,1200,0,29,31,0.9354838709677419,57.47586206896552,0.8374384236453202,0.512539184952978,0.5206146926536731,105.80645161290323,11.612903225806452,30,19,0,0,0,8,2,2,0,31,4.293548387096774,-1.0774193548387097,1.5451612903225806,65.5,42.559999999999995,9.3,Monachil,,
Sierra Nevada,2020,2,Andalucía,S,2100,3300,1200,0,27,27,1.0,86.04777777777778,0.9417989417989419,0.7842312008978675,0.7794182769726248,200.0,20.0,23,1,0,0,26,7,1,0,0,27,8.755555555555556,1.9777777777777776,5.314814814814815,2.7,0.42,8.748148148148148,Monachil,,
Sierra Nevada,2020,3,Andalucía,S,2100,3300,1200,0,13,31,0.41935483870967744,64.55923076923077,0.8717948717948718,0.5926573426573426,0.584775641025641,192.30769230769232,20.0,8,6,0,0,7,9,0,0,0,31,5.174193548387097,-1.7903225806451613,1.8516129032258064,129.2,80.36,11.016129032258064,Monachil,,
Sierra Nevada,2020,4,Andalucía,S,2100,3300,1200,0,0,30,0.0,,,,,,,0,0,0,0,0,8,3,0,2,30,6.36,0.61,3.51,143.4,31.57,10.063333333333333,Monachil,,
Sierra Nevada,2020,5,Andalucía,S,2100,3300,1200,0,0,31,0.0,,,,,,,0,0,0,0,0,10,2,0,0,31,12.577419354838709,5.796774193548386,9.37741935483871,112.1,47.25,10.412903225806453,Monachil,,
Sierra Nevada,2020,6,Andalucía,S,2100,3300,1200,0,0,30,0.0,,,,,,,0,0,0,0,0,8,0,0,0,0,15.763333333333332,7.3,11.75,28.5,0.0,11.606666666666666,Monachil,,
Sierra Nevada,2020,7,Andalucía,S,2100,3300,1200,0,0,31,0.0,,,,,,,0,0,0,0,0,8,0,0,0,0,21.906451612903226,13.3,17.835483870967742,30.5,0.0,11.538709677419355,Monachil,,
Sierra Nevada,2020,8,Andalucía,S,2100,3300,1200,0,0,31,0.0,,,,,,,0,0,0,0,0,10,1,0,0,0,22.032258064516128,12.62258064516129,17.351612903225806,14.8,0.0,11.667741935483871,Monachil,,
Sierra Nevada,2020,9,Andalucía,S,2100,3300,1200,0,0,30,0.0,,,,,,,0,0,0,0,0,8,1,0,0,0,16.726666666666667,8.979999999999999,12.68,86.2,0.0,11.983333333333333,Monachil,,
Sierra Nevada,2020,10,Andalucía,S,2100,3300,1200,0,0,31,0.0,,,,,,,0,0,0,0,0,9,1,0,0,31,11.625806451612902,3.670967741935484,7.658064516129032,65.4,0.42,11.125806451612902,Monachil,,
Sierra Nevada,2020,11,Andalucía,S,2100,3300,1200,0,0,30,0.0,,,,,,,0,0,0,0,0,9,1,0,0,30,7.97,1.7366666666666668,4.739999999999999,112.3,45.22,10.693333333333333,Monachil,,
Sierra Nevada,2020,12,Andalucía,S,2100,3300,1200,0,13,31,0.41935483870967744,37.48615384615385,0.5384615384615384,0.2507122507122507,0.33650048335865207,100.0,30.0,14,12,0,0,0,8,4,2,0,31,2.1451612903225805,-3.167741935483871,-0.2903225806451613,102.4,45.22,10.674193548387096,Monachil,,
Sierra Nevada,2021,1,Andalucía,S,2100,3300,1200,0,28,31,0.9032258064516129,54.826428571428565,0.49319727891156456,0.4174603174603174,0.49215824570402666,100.0,30.0,22,10,0,0,4,10,2,2,0,31,1.3064516129032258,-3.8548387096774195,-1.167741935483871,146.2,87.64,9.412903225806453,Monachil,,
Sierra Nevada,2021,2,Andalucía,S,2100,3300,1200,0,26,28,0.9285714285714286,31.011923076923075,0.24190476190476187,0.25123456790123455,0.27838351056483907,100.0,30.0,10,15,0,0,8,8,1,0,0,28,4.617857142857143,-0.9928571428571429,1.9285714285714286,81.8,44.31,9.442857142857141,Monachil,,
Sierra Nevada,2021,3,Andalucía,S,2100,3300,1200,0,30,31,0.967741935483871,73.90799999999999,0.5809523809523809,0.5728395061728395,0.6634470377019748,100.0,28.06451612903226,24,9,0,0,15,8,0,0,0,31,4.116129032258065,-2.267741935483871,1.0,66.7,44.449999999999996,8.116129032258064,Monachil,,
Sierra Nevada,2021,4,Andalucía,S,2100,3300,1200,0,17,30,0.5666666666666667,34.91470588235294,0.3753501400560224,0.2418300653594771,0.3134174675256099,100.0,26.666666666666668,2,0,0,0,18,8,3,0,2,30,7.386666666666667,0.21666666666666667,3.8233333333333333,99.4,20.93,10.573333333333332,Monachil,,
Sierra Nevada,2021,5,Andalucía,S,2100,3300,1200,0,0,31,0.0,,,,,,,0,0,0,0,0,10,2,0,0,31,12.72258064516129,4.283870967741936,8.803225806451612,106.10000000000001,12.88,11.096774193548388,Monachil,,
Sierra Nevada,2021,6,Andalucía,S,2100,3300,1200,0,0,30,0.0,,,,,,,0,0,0,0,0,8,0,0,0,0,16.306666666666665,7.9366666666666665,12.319999999999999,82.8,1.61,10.376666666666667,Monachil,,
Sierra Nevada,2021,7,Andalucía,S,2100,3300,1200,0,0,31,0.0,,,,,,,0,0,0,0,0,9,0,0,0,0,22.39032258064516,13.203225806451613,18.083870967741937,6.8,0.0,13.370967741935484,Monachil,,
Sierra Nevada,2021,8,Andalucía,S,2100,3300,1200,0,0,31,0.0,,,,,,,0,0,0,0,0,9,1,0,0,0,22.106451612903225,13.14516129032258,17.70967741935484,25.3,0.0,11.619354838709677,Monachil,,
Sierra Nevada,2021,9,Andalucía,S,2100,3300,1200,0,0,30,0.0,,,,,,,0,0,0,0,0,8,1,0,0,0,17.136666666666667,8.266666666666667,12.513333333333332,67.2,0.0,11.563333333333333,Monachil,,
Sierra Nevada,2021,10,Andalucía,S,2100,3300,1200,0,0,31,0.0,,,,,,,0,0,0,0,0,10,1,0,0,31,13.067741935483872,6.041935483870968,9.280645161290321,59.4,1.75,11.096774193548388,Monachil,,
Sierra Nevada,2021,11,Andalucía,S,2100,3300,1200,0,4,30,0.13333333333333333,8.692499999999999,0.2857142857142857,0.08518518518518513,0.07802962298025125,40.0,20.0,4,0,0,0,0,8,1,0,0,30,2.8800000000000003,-3.2666666666666666,-0.20000000000000004,61.5,22.82,12.366666666666667,Monachil,,
Sierra Nevada,2021,12,Andalucía,S,2100,3300,1200,0,31,31,1.0,19.640645161290323,0.5453149001536098,0.19330943847072876,0.17630740719291127,40.0,13.548387096774194,26,19,0,0,0,8,4,2,0,31,5.132258064516129,-1.2483870967741935,2.2096774193548385,65.8,31.990000000000002,13.338709677419354,Monachil,,
Sierra Nevada,2022,1,Andalucía,S,2100,3300,1200,0,31,31,1.0,50.660000000000004,0.7250384024577572,0.44850657108721625,0.4547576301615799,83.87096774193549,15.806451612903226,31,4,0,0,0,10,2,2,0,31,4.012903225806451,-1.993548387096774,1.1935483870967742,32.1,22.47,10.87741935483871,Monachil,,
Sierra Nevada,2022,2,Andalucía,S,2100,3300,1200,0,28,28,1.0,56.291428571428575,0.8010204081632653,0.5187830687830688,0.5053090536034881,100.0,20.0,22,6,0,0,14,8,1,0,0,28,6.539285714285714,0.29642857142857143,3.4142857142857146,38.9,19.11,10.239285714285714,Monachil,,
Sierra Nevada,2022,3,Andalucía,S,2100,3300,1200,0,28,31,0.9032258064516129,60.85214285714285,0.7534013605442177,0.5571428571428572,0.5462490382149269,124.83870967741936,20.0,30,2,0,0,13,8,0,0,0,31,1.993548387096774,-2.616129032258064,-0.2806451612903226,268.6,185.43,10.529032258064515,Monachil,,
Sierra Nevada,2022,4,Andalucía,S,2100,3300,1200,0,21,30,0.7,70.68571428571428,0.7120181405895691,0.6194003527336861,0.6345216722236471,200.0,20.0,13,3,0,0,13,9,3,0,2,30,3.95,-1.77,1.35,133.9,89.17999999999999,10.54,Monachil,,
Sierra Nevada,2022,5,Andalucía,S,2100,3300,1200,0,0,31,0.0,,,,,,,0,0,0,0,0,9,2,0,0,31,13.403225806451612,5.890322580645161,9.883870967741935,62.7,25.900000000000002,12.741935483870968,Monachil,,
Sierra Nevada,2022,6,Andalucía,S,2100,3300,1200,0,0,30,0.0,,,,,,,0,0,0,0,0,8,0,0,0,0,19.38,10.363333333333333,15.04,20.400000000000002,0.0,12.49,Monachil,,
Sierra Nevada,2022,7,Andalucía,S,2100,3300,1200,0,0,31,0.0,,,,,,,0,0,0,0,0,10,0,0,0,0,23.59032258064516,14.687096774193549,19.26451612903226,23.6,0.0,12.748387096774193,Monachil,,
Sierra Nevada,2022,8,Andalucía,S,2100,3300,1200,0,0,31,0.0,,,,,,,0,0,0,0,0,8,1,0,0,0,22.106451612903225,13.161290322580646,17.63225806451613,96.2,0.0,11.961290322580645,Monachil,,
Sierra Nevada,2022,9,Andalucía,S,2100,3300,1200,0,0,30,0.0,,,,,,,0,0,0,0,0,8,1,0,0,0,16.393333333333334,9.020000000000001,12.476666666666667,84.1,0.0,12.093333333333334,Monachil,,
Sierra Nevada,2022,10,Andalucía,S,2100,3300,1200,0,0,31,0.0,,,,,,,0,0,0,0,0,10,1,0,0,31,14.067741935483872,7.319354838709677,10.464516129032257,78.0,0.0,13.648387096774194,Monachil,,
Sierra Nevada,2022,11,Andalucía,S,2100,3300,1200,0,0,30,0.0,,,,,,,0,0,0,0,0,8,1,0,0,30,8.793333333333333,2.453333333333333,5.663333333333333,60.5,5.11,14.29,Monachil,,
Sierra Nevada,2022,12,Andalucía,S,2100,3300,1200,0,25,31,0.8064516129032258,15.732000000000001,0.4171428571428571,0.15725190839694653,0.14122082585278273,43.44827586206897,20.0,19,13,0,0,0,9,4,2,0,31,5.251612903225807,-0.432258064516129,2.7225806451612904,154.8,37.87,13.47741935483871,Monachil,,
Sierra Nevada,2023,1,Andalucía,S,2100,3300,1200,0,28,31,0.9032258064516129,38.06785714285714,0.6853741496598639,0.3620501635768811,0.3417222364708899,56.774193548387096,20.0,26,21,0,0,0,9,2,2,0,31,1.5483870967741935,-4.458064516129032,-1.3193548387096774,77.2,26.04,11.948387096774193,Monachil,,
Sierra Nevada,2023,2,Andalucía,S,2100,3300,1200,0,27,28,0.9642857142857143,68.10000000000001,0.8571428571428571,0.6115351993214588,0.611310592459605,100.0,20.0,28,26,0,0,0,8,1,0,0,28,1.4928571428571427,-4.982142857142857,-1.4714285714285715,27.7,18.9,12.5,Monachil,,
Sierra Nevada,2023,3,Andalucía,S,2100,3300,1200,0,31,31,1.0,61.480645161290326,0.7665130568356375,0.5478946072395962,0.551890890137256,95.16129032258064,20.0,11,12,0,0,21,8,0,0,0,31,8.432258064516128,0.7741935483870968,4.77741935483871,31.9,16.169999999999998,11.680645161290323,Monachil,,
Sierra Nevada,2023,4,Andalucía,S,2100,3300,1200,0,16,30,0.5333333333333333,20.84375,0.41369047619047616,0.17366412213740454,0.18710727109515257,90.0,20.0,0,0,0,0,16,10,3,0,2,30,12.51,4.233333333333333,8.34,43.300000000000004,1.26,13.026666666666667,Monachil,,
Sierra Nevada,2023,5,Andalucía,S,2100,3300,1200,0,0,31,0.0,,,,,,,0,0,0,0,0,8,2,0,0,31,10.399999999999999,3.52258064516129,6.896774193548388,154.3,66.78,12.07741935483871,Monachil,,
Sierra Nevada,2023,6,Andalucía,S,2100,3300,1200,0,0,30,0.0,,,,,,,0,0,0,0,0,8,0,0,0,0,16.29,9.270000000000001,12.863333333333333,160.3,2.4499999999999997,10.56,Monachil,,
Sierra Nevada,2023,7,Andalucía,S,2100,3300,1200,0,0,31,0.0,,,,,,,0,0,0,0,0,10,0,0,0,0,23.20967741935484,13.674193548387096,18.79032258064516,53.3,0.0,13.506451612903225,Monachil,,
Sierra Nevada,2023,8,Andalucía,S,2100,3300,1200,0,0,31,0.0,,,,,,,0,0,0,0,0,8,1,0,0,0,23.4741935483871,13.86774193548387,18.81935483870968,18.5,0.0,14.580645161290322,Monachil,,
Sierra Nevada,2023,9,Andalucía,S,2100,3300,1200,0,0,30,0.0,,,,,,,0,0,0,0,0,9,1,0,0,0,16.96333333333333,9.146666666666667,12.973333333333333,79.8,0.0,11.603333333333333,Monachil,,
Sierra Nevada,2023,10,Andalucía,S,2100,3300,1200,0,0,31,0.0,,,,,,,0,0,0,0,0,9,1,0,0,31,13.36774193548387,5.974193548387096,9.5,104.3,6.23,15.229032258064517,Monachil,,
Sierra Nevada,2023,11,Andalucía,S,2100,3300,1200,0,0,30,0.0,,,,,,,0,0,0,0,0,8,1,0,0,30,10.136666666666667,3.27,6.783333333333333,35.7,0.21,12.55,Monachil,,
Sierra Nevada,2023,12,Andalucía,S,2100,3300,1200,0,29,31,0.9354838709677419,9.548275862068964,0.3521739130434783,0.09670164917541225,0.08487356321839075,40.0,20.0,25,19,0,0,0,10,4,2,0,31,8.174193548387096,0.8774193548387097,4.487096774193549,56.3,23.94,11.73225806451613,Monachil,,
Sierra Nevada,2024,1,Andalucía,S,2100,3300,1200,0,29,31,0.9354838709677419,36.12413793103448,0.5802098950524738,0.3373313343328335,0.32110344827586207,56.774193548387096,20.322580645161292,29,14,0,0,7,8,2,2,0,31,7.006451612903225,0.0741935483870968,3.8096774193548386,71.1,37.17,13.758064516129032,Monachil,51.99,52.13
Sierra Nevada,2024,2,Andalucía,S,2100,3300,1200,0,25,29,0.8620689655172413,44.532,0.64,0.3999999999999999,0.39583999999999997,62.758620689655174,20.0,24,8,0,0,9,8,1,0,0,29,5.417241379310345,-1.596551724137931,2.1206896551724137,129.5,54.53,15.50344827586207,Monachil,61.01,65.87
Sierra Nevada,2024,3,Andalucía,S,2100,3300,1200,0,24,31,0.7741935483870968,70.94166666666666,0.7898550724637681,0.6394927536231884,0.6305925925925926,163.8709677419355,51.29032258064516,20,3,0,0,12,10,2,0,2,31,4.509677419354839,-2.329032258064516,1.5387096774193547,280.5,164.43,16.683870967741935,Monachil,49.45,38.23
Sierra Nevada,2024,4,Andalucía,S,2100,3300,1200,0,27,30,0.9,53.13703703703704,0.4492753623188405,0.46135265700483086,0.47232921810699585,156.25,47.142857142857146,4,0,0,0,26,8,1,0,0,30,8.583333333333334,1.02,4.913333333333333,58.9,26.669999999999998,12.536666666666667,Monachil,38.28,58.59
Sierra Nevada,2024,5,Andalucía,S,2100,3300,1200,0,0,31,0.0,,,,,,,0,0,0,0,0,8,2,0,0,31,12.832258064516129,4.625806451612903,9.077419354838709,34.4,10.709999999999999,11.696774193548388,Monachil,,
Sierra Nevada,2024,6,Andalucía,S,2100,3300,1200,0,0,30,0.0,,,,,,,0,0,0,0,0,10,0,0,0,0,16.79,8.24,12.753333333333334,41.6,0.0,11.553333333333335,Monachil,,
Sierra Nevada,2024,7,Andalucía,S,2100,3300,1200,0,0,31,0.0,,,,,,,0,0,0,0,0,8,0,0,0,0,23.61935483870968,13.72258064516129,18.980645161290322,24.7,0.0,13.067741935483872,Monachil,,
Sierra Nevada,2024,8,Andalucía,S,2100,3300,1200,0,0,31,0.0,,,,,,,0,0,0,0,0,9,1,0,0,0,22.738709677419354,13.470967741935485,18.190322580645162,71.3,0.0,11.932258064516128,Monachil,,
Sierra Nevada,2024,9,Andalucía,S,2100,3300,1200,0,0,30,0.0,,,,,,,0,0,0,0,0,9,1,0,0,0,16.593333333333334,8.25,12.396666666666667,59.4,0.14,12.229999999999999,Monachil,,
Sierra Nevada,2024,10,Andalucía,S,2100,3300,1200,0,0,31,0.0,,,,,,,0,0,0,0,0,8,1,0,0,31,11.399999999999999,4.735483870967742,7.9,102.5,23.66,14.712903225806452,Monachil,,
Sierra Nevada,2024,11,Andalucía,S,2100,3300,1200,0,0,30,0.0,,0.0869565217391304,,,,,0,0,0,0,0,9,1,0,0,30,8.626666666666667,2.243333333333333,5.03,70.3,29.89,10.729999999999999,Monachil,,
Sierra Nevada,2024,12,Andalucía,S,2100,3300,1200,0,19,31,0.6129032258064516,11.726315789473684,0.2903225806451613,0.09667786487495328,0.10423391812865493,40.0,20.0,18,12,0,0,0,9,4,2,0,31,5.461290322580646,-1.025806451612903,1.8064516129032258,37.2,20.51,8.07741935483871,Monachil,,
Sierra Nevada,2025,1,Andalucía,S,2100,3300,1200,0,30,31,0.967741935483871,22.736666666666668,0.5449275362318841,0.2111111111111111,0.2021037037037037,56.774193548387096,21.29032258064516,22,25,0,0,0,8,2,2,0,31,3.4516129032258065,-3.1870967741935483,-0.1419354838709677,67.0,31.15,14.051612903225807,Monachil,50.77,58.76
Sierra Nevada,2025,2,Andalucía,S,2100,3300,1200,0,27,28,0.9642857142857143,52.596296296296295,0.7487922705314011,0.48778565799842394,0.467522633744856,70.0,20.0,28,22,0,0,0,8,1,0,0,28,3.6035714285714286,-3.814285714285714,-0.44285714285714295,41.0,26.6,8.957142857142857,Monachil,64.7,72.56
Sierra Nevada,2025,3,Andalucía,S,2100,3300,1200,0,26,31,0.8387096774193549,63.95,0.774247491638796,0.5897435897435898,0.5684444444444444,205.16129032258064,53.87096774193548,31,7,0,0,4,10,0,0,0,31,1.6193548387096774,-4.193548387096774,-1.1193548387096774,255.9,167.23,13.577419354838709,Monachil,60.42,65.6
Sierra Nevada,2025,4,Andalucía,S,2100,3300,1200,0,27,30,0.9,61.05185185185186,0.6360708534621579,0.5245600210139217,0.5426831275720164,210.0,32.0,15,3,0,0,21,8,3,0,2,30,7.6033333333333335,0.3066666666666667,3.98,109.0,45.08,10.916666666666666,Monachil,42.33,42.26
Sierra Nevada,2025,5,Andalucía,S,2100,3300,1200,0,3,31,0.0967741935483871,28.066666666666666,0.3478260869565217,0.22695035460992904,0.2494814814814815,150.0,30.0,0,0,0,0,4,9,2,0,0,31,11.69032258064516,4.22258064516129,7.9,81.7,18.13,11.996774193548386,Monachil,,
Sierra Nevada,2025,6,Andalucía,S,2100,3300,1200,0,0,30,0.0,,,,,,,0,0,0,0,0,9,0,0,0,0,20.493333333333332,12.216666666666667,16.396666666666665,83.1,0.0,11.963333333333333,Monachil,,
Sierra Nevada,2025,7,Andalucía,S,2100,3300,1200,0,0,31,0.0,,,,,,,0,0,0,0,0,8,0,0,0,0,22.887096774193548,14.070967741935483,18.490322580645163,16.8,0.0,12.116129032258065,Monachil,,
Sierra Nevada,2025,8,Andalucía,S,2100,3300,1200,0,0,31,0.0,,,,,,,0,0,0,0,0,10,1,0,0,0,22.241935483870968,13.648387096774194,17.81935483870968,55.800000000000004,0.0,12.019354838709678,Monachil,,
Sierra Nevada,2025,9,Andalucía,S,2100,3300,1200,0,0,8,0.0,,,,,,,0,0,0,0,0,2,0,0,0,0,19.625,11.0125,14.9,24.9,0.0,12.7875,Monachil,,
Sierra de Béjar,2018,1,Castilla y León,N,1450,2050,600,1,24,29,0.8275862068965517,6.7004166666666665,0.7083333333333334,0.3333333333333333,0.330232462625267,68.8,70.0,19,12,0,0,0,7,1,1,0,29,,,,0.0,0.0,,,,
Sierra de Béjar,2018,2,Castilla y León,N,1450,2050,600,1,22,26,0.8461538461538461,9.56,0.8181818181818182,0.46780303030303033,0.4711680630852637,147.30769230769232,119.5,15,9,0,0,0,7,1,0,0,26,,,,0.0,0.0,,,,
Sierra de Béjar,2018,3,Castilla y León,N,1450,2050,600,1,17,29,0.5862068965517241,4.554705882352941,0.5588235294117647,0.25980392156862747,0.22448032934218537,261.7241379310345,194.48275862068965,16,2,0,0,0,8,1,0,1,29,,,,0.0,0.0,,,,
Sierra de Béjar,2018,4,Castilla y León,N,1450,2050,600,1,25,28,0.8928571428571429,8.1952,0.77,0.415,0.4039034006899951,266.42857142857144,219.28571428571428,15,15,0,0,11,8,1,0,0,28,,,,0.0,0.0,,,,
Sierra de Béjar,2018,5,Castilla y León,N,1450,2050,600,1,6,31,0.1935483870967742,12.131666666666666,1.0,0.576388888888889,0.5979135863315262,175.0,116.66666666666667,2,4,0,0,3,8,2,0,0,31,,,,0.0,0.0,,,,
Sierra de Béjar,2018,6,Castilla y León,N,1450,2050,600,1,0,30,0.0,,,,,,,0,0,0,0,0,9,0,0,0,0,,,,0.0,0.0,,,,
Sierra de Béjar,2018,7,Castilla y León,N,1450,2050,600,1,0,31,0.0,,,,,,,0,0,0,0,0,9,0,0,0,0,,,,0.0,0.0,,,,
Sierra de Béjar,2018,8,Castilla y León,N,1450,2050,600,1,0,31,0.0,,,,,,,0,0,0,0,0,8,1,0,0,0,,,,0.0,0.0,,,,
Sierra de Béjar,2018,9,Castilla y León,N,1450,2050,600,1,0,30,0.0,,,,,,,0,0,0,0,0,10,1,0,0,0,,,,0.0,0.0,,,,
Sierra de Béjar,2018,10,Castilla y León,N,1450,2050,600,1,0,31,0.0,,,,,,,0,0,0,0,0,8,1,0,0,31,,,,0.0,0.0,,,,
Sierra de Béjar,2018,11,Castilla y León,N,1450,2050,600,1,0,30,0.0,,,,,,,0,0,0,0,0,8,1,0,0,30,,,,0.0,0.0,,,,
Sierra de Béjar,2018,12,Castilla y León,N,1450,2050,600,1,0,31,0.0,,,,,,,0,0,0,0,0,10,4,2,0,31,,,,0.0,0.0,,,,
Sierra de Béjar,2019,1,Castilla y León,N,1450,2050,600,1,0,31,0.0,,,,,,,0,0,0,0,0,8,2,2,0,31,,,,0.0,0.0,,,,
Sierra de Béjar,2019,2,Castilla y León,N,1450,2050,600,1,26,27,0.9629629629629629,1.3288461538461538,0.7211538461538461,0.1458333333333333,0.06549266406338851,27.884615384615383,18.5,8,20,0,0,15,7,1,0,0,27,,,,0.0,0.0,,,,
Sierra de Béjar,2019,3,Castilla y León,N,1450,2050,600,1,9,29,0.3103448275862069,1.4277777777777778,0.6666666666666666,0.10648148148148147,0.07036854498658339,38.0,13.333333333333334,2,8,0,0,8,9,0,0,0,29,,,,0.0,0.0,,,,
Sierra de Béjar,2019,4,Castilla y León,N,1450,2050,600,1,0,29,0.0,,,,,,,0,0,0,0,0,8,3,0,2,29,,,,0.0,0.0,,,,
Sierra de Béjar,2019,5,Castilla y León,N,1450,2050,600,1,0,31,0.0,,,,,,,0,0,0,0,0,8,2,0,0,31,,,,0.0,0.0,,,,
Sierra de Béjar,2019,6,Castilla y León,N,1450,2050,600,1,0,30,0.0,,,,,,,0,0,0,0,0,10,0,0,0,0,,,,0.0,0.0,,,,
Sierra de Béjar,2019,7,Castilla y León,N,1450,2050,600,1,0,31,0.0,,,,,,,0,0,0,0,0,8,0,0,0,0,,,,0.0,0.0,,,,
Sierra de Béjar,2019,8,Castilla y León,N,1450,2050,600,1,0,31,0.0,,,,,,,0,0,0,0,0,9,1,0,0,0,,,,0.0,0.0,,,,
Sierra de Béjar,2019,9,Castilla y León,N,1450,2050,600,1,0,30,0.0,,,,,,,0,0,0,0,0,9,1,0,0,0,,,,0.0,0.0,,,,
Sierra de Béjar,2019,10,Castilla y León,N,1450,2050,600,1,0,31,0.0,,,,,,,0,0,0,0,0,8,1,0,0,31,,,,0.0,0.0,,,,
Sierra de Béjar,2019,11,Castilla y León,N,1450,2050,600,1,0,30,0.0,,,,,,,0,0,0,0,0,9,1,0,0,30,,,,0.0,0.0,,,,
Sierra de Béjar,2019,12,Castilla y León,N,1450,2050,600,1,0,31,0.0,,,,,,,0,0,0,0,0,9,4,2,0,31,,,,0.0,0.0,,,,
Sierra de Béjar,2020,1,Castilla y León,N,1450,2050,600,1,4,31,0.12903225806451613,1.5425,0.5,0.1145833333333333,0.07602267126663376,42.5,13.75,3,0,0,0,0,8,2,2,0,31,,,,0.0,0.0,,,,
Sierra de Béjar,2020,2,Castilla y León,N,1450,2050,600,1,0,27,0.0,,,,,,,0,0,0,0,0,7,1,0,0,27,,,,0.0,0.0,,,,
Sierra de Béjar,2020,3,Castilla y León,N,1450,2050,600,1,0,31,0.0,,,,,,,0,0,0,0,0,9,0,0,0,31,,,,0.0,0.0,,,,
Sierra de Béjar,2020,4,Castilla y León,N,1450,2050,600,1,0,30,0.0,,,,,,,0,0,0,0,0,8,3,0,2,30,,,,0.0,0.0,,,,
Sierra de Béjar,2020,5,Castilla y León,N,1450,2050,600,1,0,31,0.0,,,,,,,0,0,0,0,0,10,2,0,0,31,,,,0.0,0.0,,,,
Sierra de Béjar,2020,6,Castilla y León,N,1450,2050,600,1,0,30,0.0,,,,,,,0,0,0,0,0,8,0,0,0,0,,,,0.0,0.0,,,,
Sierra de Béjar,2020,7,Castilla y León,N,1450,2050,600,1,0,31,0.0,,,,,,,0,0,0,0,0,8,0,0,0,0,,,,0.0,0.0,,,,
Sierra de Béjar,2020,8,Castilla y León,N,1450,2050,600,1,0,31,0.0,,,,,,,0,0,0,0,0,10,1,0,0,0,,,,0.0,0.0,,,,
Sierra de Béjar,2020,9,Castilla y León,N,1450,2050,600,1,0,30,0.0,,,,,,,0,0,0,0,0,8,1,0,0,0,,,,0.0,0.0,,,,
Sierra de Béjar,2020,10,Castilla y León,N,1450,2050,600,1,0,31,0.0,,,,,,,0,0,0,0,0,9,1,0,0,31,,,,0.0,0.0,,,,
Sierra de Béjar,2020,11,Castilla y León,N,1450,2050,600,1,0,30,0.0,,,,,,,0,0,0,0,0,9,1,0,0,30,,,,0.0,0.0,,,,
Sierra de Béjar,2020,12,Castilla y León,N,1450,2050,600,1,0,31,0.0,,,,,,,0,0,0,0,0,8,4,2,0,31,,,,0.0,0.0,,,,
Sierra de Béjar,2021,1,Castilla y León,N,1450,2050,600,1,12,31,0.3870967741935484,2.2308333333333334,0.625,0.1666666666666666,0.10994742894693604,50.76923076923077,26.153846153846153,12,1,0,0,0,10,2,2,0,31,,,,0.0,0.0,,,,
Sierra de Béjar,2021,2,Castilla y León,N,1450,2050,600,1,17,28,0.6071428571428571,5.7429411764705875,0.7352941176470589,0.25735294117647056,0.28304293624793436,120.0,30.0,5,1,0,0,10,8,1,0,0,28,,,,0.0,0.0,,,,
Sierra de Béjar,2021,3,Castilla y León,N,1450,2050,600,1,28,31,0.9032258064516129,11.316071428571428,0.7142857142857143,0.40773809523809523,0.5577166795747377,164.83870967741936,21.451612903225808,3,0,0,0,26,8,0,0,0,31,,,,0.0,0.0,,,,
Sierra de Béjar,2021,4,Castilla y León,N,1450,2050,600,1,3,30,0.1,1.38,0.5,0.0833333333333333,0.0680137999014292,100.0,30.0,0,0,0,0,3,8,3,0,2,30,,,,0.0,0.0,,,,
Sierra de Béjar,2021,5,Castilla y León,N,1450,2050,600,1,0,31,0.0,,,,,,,0,0,0,0,0,10,2,0,0,31,,,,0.0,0.0,,,,
Sierra de Béjar,2021,6,Castilla y León,N,1450,2050,600,1,0,30,0.0,,,,,,,0,0,0,0,0,8,0,0,0,0,,,,0.0,0.0,,,,
Sierra de Béjar,2021,7,Castilla y León,N,1450,2050,600,1,0,31,0.0,,,,,,,0,0,0,0,0,9,0,0,0,0,,,,0.0,0.0,,,,
Sierra de Béjar,2021,8,Castilla y León,N,1450,2050,600,1,0,31,0.0,,,,,,,0,0,0,0,0,9,1,0,0,0,,,,0.0,0.0,,,,
Sierra de Béjar,2021,9,Castilla y León,N,1450,2050,600,1,0,30,0.0,,,,,,,0,0,0,0,0,8,1,0,0,0,,,,0.0,0.0,,,,
Sierra de Béjar,2021,10,Castilla y León,N,1450,2050,600,1,0,31,0.0,,,,,,,0,0,0,0,0,10,1,0,0,31,,,,0.0,0.0,,,,
Sierra de Béjar,2021,11,Castilla y León,N,1450,2050,600,1,0,30,0.0,,,,,,,0,0,0,0,0,8,1,0,0,30,,,,0.0,0.0,,,,
Sierra de Béjar,2021,12,Castilla y León,N,1450,2050,600,1,0,31,0.0,,,,,,,0,0,0,0,0,8,4,2,0,31,,,,0.0,0.0,,,,
Sierra de Béjar,2022,1,Castilla y León,N,1450,2050,600,1,11,31,0.3548387096774194,0.6799999999999999,0.5,0.10774410774410774,0.031178358551123317,86.36363636363636,,11,0,0,0,0,10,2,2,0,31,,,,0.0,0.0,,,,
Sierra de Béjar,2022,2,Castilla y León,N,1450,2050,600,1,28,28,1.0,0.7942857142857143,0.5,0.12698412698412695,0.03641841881181631,70.71428571428571,,11,6,0,0,15,8,1,0,0,28,,,,0.0,0.0,,,,
Sierra de Béjar,2022,3,Castilla y León,N,1450,2050,600,1,24,31,0.7741935483870968,1.8908333333333334,0.5104166666666666,0.15277777777777776,0.08669570533394466,92.22222222222223,15.0,13,2,0,0,6,8,0,0,0,31,,,,0.0,0.0,,,,
Sierra de Béjar,2022,4,Castilla y León,N,1450,2050,600,1,10,30,0.3333333333333333,4.821,0.65,0.22592592592592592,0.2210453920220082,95.0,15.0,6,0,0,0,2,9,3,0,2,30,,,,0.0,0.0,,,,
Sierra de Béjar,2022,5,Castilla y León,N,1450,2050,600,1,0,31,0.0,,,,,,,0,0,0,0,0,9,2,0,0,31,,,,0.0,0.0,,,,
Sierra de Béjar,2022,6,Castilla y León,N,1450,2050,600,1,0,30,0.0,,,,,,,0,0,0,0,0,8,0,0,0,0,,,,0.0,0.0,,,,
Sierra de Béjar,2022,7,Castilla y León,N,1450,2050,600,1,0,31,0.0,,,,,,,0,0,0,0,0,10,0,0,0,0,,,,0.0,0.0,,,,
Sierra de Béjar,2022,8,Castilla y León,N,1450,2050,600,1,0,31,0.0,,,,,,,0,0,0,0,0,8,1,0,0,0,,,,0.0,0.0,,,,
Sierra de Béjar,2022,9,Castilla y León,N,1450,2050,600,1,0,30,0.0,,,,,,,0,0,0,0,0,8,1,0,0,0,,,,0.0,0.0,,,,
Sierra de Béjar,2022,10,Castilla y León,N,1450,2050,600,1,0,31,0.0,,,,,,,0,0,0,0,0,10,1,0,0,31,,,,0.0,0.0,,,,
Sierra de Béjar,2022,11,Castilla y León,N,1450,2050,600,1,0,30,0.0,,,,,,,0,0,0,0,0,8,1,0,0,30,,,,0.0,0.0,,,,
Sierra de Béjar,2022,12,Castilla y León,N,1450,2050,600,1,0,31,0.0,,,,,,,0,0,0,0,0,9,4,2,0,31,,,,0.0,0.0,,,,
Sierra de Béjar,2023,1,Castilla y León,N,1450,2050,600,1,11,31,0.3548387096774194,0.5363636363636364,0.3409090909090909,0.1052631578947368,0.03037166683825795,37.27272727272727,16.818181818181817,10,10,0,0,0,9,2,2,0,31,,,,0.0,0.0,,,,
Sierra de Béjar,2023,2,Castilla y León,N,1450,2050,600,1,28,28,1.0,1.1017857142857144,0.6428571428571429,0.1832358674463937,0.06238877204335865,44.285714285714285,18.0,25,13,0,0,3,8,1,0,0,28,,,,0.0,0.0,,,,
Sierra de Béjar,2023,3,Castilla y León,N,1450,2050,600,1,13,31,0.41935483870967744,1.1153846153846154,0.6923076923076923,0.16194331983805663,0.06315881174318318,68.75,18.75,7,0,0,0,7,8,0,0,0,31,,,,0.0,0.0,,,,
Sierra de Béjar,2023,4,Castilla y León,N,1450,2050,600,1,0,30,0.0,,,,,,,0,0,0,0,0,10,3,0,2,30,,,,0.0,0.0,,,,
Sierra de Béjar,2023,5,Castilla y León,N,1450,2050,600,1,0,31,0.0,,,,,,,0,0,0,0,0,8,2,0,0,31,,,,0.0,0.0,,,,
Sierra de Béjar,2023,6,Castilla y León,N,1450,2050,600,1,0,30,0.0,,,,,,,0,0,0,0,0,8,0,0,0,0,,,,0.0,0.0,,,,
Sierra de Béjar,2023,7,Castilla y León,N,1450,2050,600,1,0,31,0.0,,,,,,,0,0,0,0,0,10,0,0,0,0,,,,0.0,0.0,,,,
Sierra de Béjar,2023,8,Castilla y León,N,1450,2050,600,1,0,31,0.0,,,,,,,0,0,0,0,0,8,1,0,0,0,,,,0.0,0.0,,,,
Sierra de Béjar,2023,9,Castilla y León,N,1450,2050,600,1,0,30,0.0,,,,,,,0,0,0,0,0,9,1,0,0,0,,,,0.0,0.0,,,,
Sierra de Béjar,2023,10,Castilla y León,N,1450,2050,600,1,0,31,0.0,,,,,,,0,0,0,0,0,9,1,0,0,31,,,,0.0,0.0,,,,
Sierra de Béjar,2023,11,Castilla y León,N,1450,2050,600,1,0,30,0.0,,,,,,,0,0,0,0,0,8,1,0,0,30,,,,0.0,0.0,,,,
Sierra de Béjar,2023,12,Castilla y León,N,1450,2050,600,1,0,31,0.0,,,,,,,0,0,0,0,0,10,4,2,0,31,,,,0.0,0.0,,,,
Sierra de Béjar,2024,1,Castilla y León,N,1450,2050,600,1,0,31,0.0,,,,,,,0,0,0,0,0,8,2,2,0,31,,,,0.0,0.0,,,,
Sierra de Béjar,2024,2,Castilla y León,N,1450,2050,600,1,5,29,0.1724137931034483,0.8399999999999999,0.42857142857142855,0.06315789473684208,0.047565118912797244,23.333333333333332,11.11111111111111,1,8,0,0,0,8,1,0,0,29,,,,0.0,0.0,,,,
Sierra de Béjar,2024,3,Castilla y León,N,1450,2050,600,1,10,31,0.3225806451612903,2.74,0.45,0.1473684210526315,0.15515288788221965,56.92307692307692,14.615384615384615,4,0,0,0,9,10,2,0,2,31,,,,0.0,0.0,,,,
Sierra de Béjar,2024,4,Castilla y León,N,1450,2050,600,1,2,30,0.06666666666666667,0.26,0.25,0.0526315789473684,0.014722536806342,25.0,15.0,0,0,0,0,2,8,1,0,0,30,,,,0.0,0.0,,,,
Sierra de Béjar,2024,5,Castilla y León,N,1450,2050,600,1,0,31,0.0,,,,,,,0,0,0,0,0,8,2,0,0,31,,,,0.0,0.0,,,,
Sierra de Béjar,2024,6,Castilla y León,N,1450,2050,600,1,0,30,0.0,,,,,,,0,0,0,0,0,10,0,0,0,0,,,,0.0,0.0,,,,
Sierra de Béjar,2024,7,Castilla y León,N,1450,2050,600,1,0,31,0.0,,,,,,,0,0,0,0,0,8,0,0,0,0,,,,0.0,0.0,,,,
Sierra de Béjar,2024,8,Castilla y León,N,1450,2050,600,1,0,31,0.0,,,,,,,0,0,0,0,0,9,1,0,0,0,,,,0.0,0.0,,,,
Sierra de Béjar,2024,9,Castilla y León,N,1450,2050,600,1,0,30,0.0,,,,,,,0,0,0,0,0,9,1,0,0,0,,,,0.0,0.0,,,,
Sierra de Béjar,2024,10,Castilla y León,N,1450,2050,600,1,0,31,0.0,,,,,,,0,0,0,0,0,8,1,0,0,31,,,,0.0,0.0,,,,
Sierra de Béjar,2024,11,Castilla y León,N,1450,2050,600,1,0,30,0.0,,,,,,,0,0,0,0,0,9,1,0,0,30,,,,0.0,0.0,,,,
Sierra de Béjar,2024,12,Castilla y León,N,1450,2050,600,1,0,31,0.0,,,,,,,0,0,0,0,0,9,4,2,0,31,,,,0.0,0.0,,,,
Sierra de Béjar,2025,1,Castilla y León,N,1450,2050,600,1,0,31,0.0,,,,,,,0,0,0,0,0,8,2,2,0,31,,,,0.0,0.0,,,,
Sierra de Béjar,2025,2,Castilla y León,N,1450,2050,600,1,21,28,0.75,0.3742857142857143,0.25,0.0776942355889724,0.02119398155638243,18.095238095238095,,5,7,0,0,0,8,1,0,0,28,,,,0.0,0.0,,,,
Sierra de Béjar,2025,3,Castilla y León,N,1450,2050,600,1,23,31,0.7419354838709677,0.6269565217391304,0.29347826086956524,0.15789473684210523,0.035501501797232694,53.4,,10,2,0,0,2,10,0,0,0,31,,,,0.0,0.0,,,,
Sierra de Béjar,2025,4,Castilla y León,N,1450,2050,600,1,20,30,0.6666666666666666,0.86,0.3875,0.2078947368421052,0.048697621744054335,35.75,,1,1,0,0,16,8,3,0,2,30,,,,0.0,0.0,,,,
Sierra de Béjar,2025,5,Castilla y León,N,1450,2050,600,1,0,31,0.0,,,,,,,0,0,0,0,0,9,2,0,0,31,,,,0.0,0.0,,,,
Sierra de Béjar,2025,6,Castilla y León,N,1450,2050,600,1,0,30,0.0,,,,,,,0,0,0,0,0,9,0,0,0,0,,,,0.0,0.0,,,,
Sierra de Béjar,2025,7,Castilla y León,N,1450,2050,600,1,0,31,0.0,,,,,,,0,0,0,0,0,8,0,0,0,0,,,,0.0,0.0,,,,
Sierra de Béjar,2025,8,Castilla y León,N,1450,2050,600,1,0,31,0.0,,,,,,,0,0,0,0,0,10,1,0,0,0,,,,0.0,0.0,,,,
Sierra de Béjar,2025,9,Castilla y León,N,1450,2050,600,1,0,8,0.0,,,,,,,0,0,0,0,0,2,0,0,0,0,,,,0.0,0.0,,,,
Tavascán,2018,1,Cataluña,N,1640,2250,610,1,28,29,0.9655172413793104,6.0,0.9166666666666667,0.8826530612244898,1.0,132.24137931034483,86.72413793103448,19,11,0,0,0,7,1,1,0,29,,,,0.0,0.0,,Lleida,26.22,30.86
Tavascán,2018,2,Cataluña,N,1640,2250,610,1,21,27,0.7777777777777778,5.947368421052632,0.9365079365079365,0.9727891156462585,0.9912280701754386,192.22222222222223,160.92592592592592,22,5,0,0,0,8,1,0,0,27,,,,0.0,0.0,,Lleida,37.01,48.89
Tavascán,2018,3,Cataluña,N,1640,2250,610,1,25,29,0.8620689655172413,5.9375,0.9066666666666667,0.9028571428571428,0.9895833333333334,201.72413793103448,151.72413793103448,22,9,0,0,10,8,1,0,1,29,,,,0.0,0.0,,Lleida,42.78,50.98
Tavascán,2018,4,Cataluña,N,1640,2250,610,1,1,29,0.034482758620689655,,0.6666666666666666,0.8571428571428571,,210.0,160.0,1,0,0,0,1,8,1,0,0,29,,,,0.0,0.0,,Lleida,45.08,51.75
Tavascán,2018,5,Cataluña,N,1640,2250,610,1,0,31,0.0,,,,,,,0,0,0,0,0,8,2,0,0,31,,,,0.0,0.0,,Lleida,46.03,56.19
Tavascán,2018,6,Cataluña,N,1640,2250,610,1,0,30,0.0,,,,,,,0,0,0,0,0,9,0,0,0,0,,,,0.0,0.0,,Lleida,38.6,47.59
Tavascán,2018,7,Cataluña,N,1640,2250,610,1,0,31,0.0,,,,,,,0,0,0,0,0,9,0,0,0,0,,,,0.0,0.0,,Lleida,40.49,45.94
Tavascán,2018,8,Cataluña,N,1640,2250,610,1,0,31,0.0,,,,,,,0,0,0,0,0,8,1,0,0,0,,,,0.0,0.0,,Lleida,45.99,55.73
Tavascán,2018,9,Cataluña,N,1640,2250,610,1,0,30,0.0,,,,,,,0,0,0,0,0,10,1,0,0,0,,,,0.0,0.0,,Lleida,48.63,62.87
Tavascán,2018,10,Cataluña,N,1640,2250,610,1,0,31,0.0,,,,,,,0,0,0,0,0,8,1,0,0,31,,,,0.0,0.0,,Lleida,45.47,61.51
Tavascán,2018,11,Cataluña,N,1640,2250,610,1,0,30,0.0,,,,,,,0,0,0,0,0,8,1,0,0,30,,,,0.0,0.0,,Lleida,39.25,53.59
Tavascán,2018,12,Cataluña,N,1640,2250,610,1,0,31,0.0,,,,,,,0,0,0,0,0,10,4,2,0,31,,,,0.0,0.0,,Lleida,37.89,44.18
Tavascán,2019,1,Cataluña,N,1640,2250,610,1,2,31,0.06451612903225806,6.0,1.0,0.7857142857142857,1.0,100.0,50.0,2,0,0,0,0,8,2,2,0,31,,,,0.0,0.0,,Lleida,26.44,29.32
Tavascán,2019,2,Cataluña,N,1640,2250,610,1,19,27,0.7037037037037037,6.0,1.0,1.0,1.0,194.42307692307693,121.53846153846153,23,2,0,0,1,7,1,0,0,27,,,,0.0,0.0,,Lleida,33.03,40.66
Tavascán,2019,3,Cataluña,N,1640,2250,610,1,30,30,1.0,6.0,1.0,1.0,1.0,132.33333333333334,66.66666666666667,4,16,0,0,21,9,0,0,0,30,,,,0.0,0.0,,Lleida,50.45,59.85
Tavascán,2019,4,Cataluña,N,1640,2250,610,1,0,29,0.0,,,,,,,0,0,0,0,0,8,3,0,2,29,,,,0.0,0.0,,Lleida,46.44,48.41
Tavascán,2019,5,Cataluña,N,1640,2250,610,1,0,31,0.0,,,,,,,0,0,0,0,0,8,2,0,0,31,,,,0.0,0.0,,Lleida,53.04,67.91
Tavascán,2019,6,Cataluña,N,1640,2250,610,1,0,30,0.0,,,,,,,0,0,0,0,0,10,0,0,0,0,,,,0.0,0.0,,Lleida,52.44,61.34
Tavascán,2019,7,Cataluña,N,1640,2250,610,1,0,31,0.0,,,,,,,0,0,0,0,0,8,0,0,0,0,,,,0.0,0.0,,Lleida,47.79,52.65
Tavascán,2019,8,Cataluña,N,1640,2250,610,1,0,31,0.0,,,,,,,0,0,0,0,0,9,1,0,0,0,,,,0.0,0.0,,Lleida,50.57,60.74
Tavascán,2019,9,Cataluña,N,1640,2250,610,1,0,30,0.0,,,,,,,0,0,0,0,0,9,1,0,0,0,,,,0.0,0.0,,Lleida,45.02,56.75
Tavascán,2019,10,Cataluña,N,1640,2250,610,1,0,31,0.0,,,,,,,0,0,0,0,0,8,1,0,0,31,,,,0.0,0.0,,Lleida,48.66,53.76
Tavascán,2019,11,Cataluña,N,1640,2250,610,1,0,30,0.0,,,,,,,0,0,0,0,0,9,1,0,0,30,,,,0.0,0.0,,Lleida,39.47,47.88
Tavascán,2019,12,Cataluña,N,1640,2250,610,1,22,31,0.7096774193548387,5.526666666666667,0.7878787878787878,0.7142857142857143,0.9211111111111111,88.84615384615384,29.653846153846153,12,8,0,0,0,9,4,2,0,31,,,,0.0,0.0,,Lleida,43.65,52.04
Tavascán,2020,1,Cataluña,N,1640,2250,610,1,29,31,0.9354838709677419,5.0,1.0,0.9458128078817734,0.8333333333333334,104.64516129032258,24.64516129032258,23,18,0,0,0,8,2,2,0,31,,,,0.0,0.0,,Lleida,27.09,32.25
Tavascán,2020,2,Cataluña,N,1640,2250,610,1,25,26,0.9615384615384616,5.0,1.0,0.9485714285714286,0.8333333333333335,108.76,26.8,3,22,0,0,0,6,1,0,0,26,,,,0.0,0.0,,Lleida,36.76,49.05
Tavascán,2020,3,Cataluña,N,1640,2250,610,1,13,31,0.41935483870967744,4.246153846153846,0.8974358974358974,0.868131868131868,0.7076923076923077,128.92307692307693,23.846153846153847,7,1,0,0,4,9,0,0,0,31,,,,0.0,0.0,,Lleida,32.26,28.02
Tavascán,2020,4,Cataluña,N,1640,2250,610,1,0,30,0.0,,,,,,,0,0,0,0,0,8,3,0,2,30,,,,0.0,0.0,,Lleida,0.0,0.0
Tavascán,2020,5,Cataluña,N,1640,2250,610,1,0,31,0.0,,,,,,,0,0,0,0,0,10,2,0,0,31,,,,0.0,0.0,,Lleida,,
Tavascán,2020,6,Cataluña,N,1640,2250,610,1,0,30,0.0,,,,,,,0,0,0,0,0,8,0,0,0,0,,,,0.0,0.0,,Lleida,,
Tavascán,2020,7,Cataluña,N,1640,2250,610,1,0,31,0.0,,,,,,,0,0,0,0,0,8,0,0,0,0,,,,0.0,0.0,,Lleida,,
Tavascán,2020,8,Cataluña,N,1640,2250,610,1,0,31,0.0,,,,,,,0,0,0,0,0,10,1,0,0,0,,,,0.0,0.0,,Lleida,,
Tavascán,2020,9,Cataluña,N,1640,2250,610,1,0,30,0.0,,,,,,,0,0,0,0,0,8,1,0,0,0,,,,0.0,0.0,,Lleida,22.73,28.69
Tavascán,2020,10,Cataluña,N,1640,2250,610,1,0,31,0.0,,,,,,,0,0,0,0,0,9,1,0,0,31,,,,0.0,0.0,,Lleida,23.23,28.38
Tavascán,2020,11,Cataluña,N,1640,2250,610,1,0,30,0.0,,,,,,,0,0,0,0,0,9,1,0,0,30,,,,0.0,0.0,,Lleida,16.45,11.08
Tavascán,2020,12,Cataluña,N,1640,2250,610,1,17,31,0.5483870967741935,5.0,0.8823529411764706,0.8487394957983193,0.8333333333333334,93.52941176470588,41.76470588235294,3,2,0,0,1,8,4,2,0,31,,,,0.0,0.0,,Lleida,19.11,18.07
Tavascán,2021,1,Cataluña,N,1640,2250,610,1,29,30,0.9666666666666667,5.793103448275862,0.9195402298850575,0.9556650246305419,0.9655172413793104,140.16666666666666,87.16666666666667,26,5,0,0,0,9,2,2,0,30,,,,0.0,0.0,,Lleida,20.84,19.52
Tavascán,2021,2,Cataluña,N,1640,2250,610,1,27,28,0.9642857142857143,5.703703703703703,1.0,0.9788359788359787,0.9506172839506173,145.71428571428572,88.21428571428571,7,3,0,0,8,8,1,0,0,28,,,,0.0,0.0,,Lleida,27.46,28.76
Tavascán,2021,3,Cataluña,N,1640,2250,610,1,30,30,1.0,4.866666666666666,0.9777777777777777,0.9047619047619048,0.8111111111111112,126.83333333333333,26.5,9,5,0,0,17,8,0,0,0,30,,,,0.0,0.0,,Lleida,29.63,34.71
Tavascán,2021,4,Cataluña,N,1640,2250,610,1,5,30,0.16666666666666666,5.0,1.0,0.5714285714285714,0.8333333333333334,130.0,10.0,0,0,0,0,5,8,3,0,2,30,,,,0.0,0.0,,Lleida,36.96,47.85
Tavascán,2021,5,Cataluña,N,1640,2250,610,1,0,31,0.0,,,,,,,0,0,0,0,0,10,2,0,0,31,,,,0.0,0.0,,Lleida,31.62,36.37
Tavascán,2021,6,Cataluña,N,1640,2250,610,1,0,30,0.0,,,,,,,0,0,0,0,0,8,0,0,0,0,,,,0.0,0.0,,Lleida,47.27,59.37
Tavascán,2021,7,Cataluña,N,1640,2250,610,1,0,31,0.0,,,,,,,0,0,0,0,0,9,0,0,0,0,,,,0.0,0.0,,Lleida,56.07,56.85
Tavascán,2021,8,Cataluña,N,1640,2250,610,1,0,31,0.0,,,,,,,0,0,0,0,0,9,1,0,0,0,,,,0.0,0.0,,Lleida,58.7,66.57
Tavascán,2021,9,Cataluña,N,1640,2250,610,1,0,30,0.0,,,,,,,0,0,0,0,0,8,1,0,0,0,,,,0.0,0.0,,Lleida,52.03,62.43
Tavascán,2021,10,Cataluña,N,1640,2250,610,1,0,31,0.0,,,,,,,0,0,0,0,0,10,1,0,0,31,,,,0.0,0.0,,Lleida,49.83,57.81
Tavascán,2021,11,Cataluña,N,1640,2250,610,1,0,30,0.0,,,,,,,0,0,0,0,0,8,1,0,0,30,,,,0.0,0.0,,Lleida,48.34,58.4
Tavascán,2021,12,Cataluña,N,1640,2250,610,1,21,31,0.6774193548387096,5.0,0.9841269841269842,0.9047619047619048,1.0,176.42857142857142,141.07142857142858,28,0,0,0,0,8,4,2,0,31,,,,0.0,0.0,,Lleida,35.67,42.9
Tavascán,2022,1,Cataluña,N,1640,2250,610,1,29,30,0.9666666666666667,5.0,1.0,1.0,1.0,193.33333333333334,160.0,26,7,0,0,0,10,2,2,0,30,,,,0.0,0.0,,Lleida,29.05,37.57
Tavascán,2022,2,Cataluña,N,1640,2250,610,1,28,28,1.0,4.833333333333333,0.9761904761904762,0.9489795918367346,0.9666666666666667,195.0,164.64285714285714,15,25,0,0,0,8,1,0,0,28,,,,0.0,0.0,,Lleida,43.46,58.89
Tavascán,2022,3,Cataluña,N,1640,2250,610,1,31,31,1.0,5.0,1.0,1.0,1.0,200.0,170.0,31,31,0,0,0,8,0,0,0,31,,,,0.0,0.0,,Lleida,46.75,64.95
Tavascán,2022,4,Cataluña,N,1640,2250,610,1,3,30,0.1,5.0,0.5555555555555555,0.7142857142857143,1.0,200.0,170.0,3,3,0,0,0,9,3,0,2,30,,,,0.0,0.0,,Lleida,57.08,71.31
Tavascán,2022,5,Cataluña,N,1640,2250,610,1,0,31,0.0,,,,,,,0,0,0,0,0,9,2,0,0,31,,,,0.0,0.0,,Lleida,62.31,74.22
Tavascán,2022,6,Cataluña,N,1640,2250,610,1,0,30,0.0,,,,,,,0,0,0,0,0,8,0,0,0,0,,,,0.0,0.0,,Lleida,58.85,70.31
Tavascán,2022,7,Cataluña,N,1640,2250,610,1,0,31,0.0,,,,,,,0,0,0,0,0,10,0,0,0,0,,,,0.0,0.0,,Lleida,56.17,67.77
Tavascán,2022,8,Cataluña,N,1640,2250,610,1,0,31,0.0,,,,,,,0,0,0,0,0,8,1,0,0,0,,,,0.0,0.0,,Lleida,61.74,65.2
Tavascán,2022,9,Cataluña,N,1640,2250,610,1,0,30,0.0,,,,,,,0,0,0,0,0,8,1,0,0,0,,,,0.0,0.0,,Lleida,55.86,64.03
Tavascán,2022,10,Cataluña,N,1640,2250,610,1,0,31,0.0,,,,,,,0,0,0,0,0,10,1,0,0,31,,,,0.0,0.0,,Lleida,51.6,62.46
Tavascán,2022,11,Cataluña,N,1640,2250,610,1,0,30,0.0,,,,,,,0,0,0,0,0,8,1,0,0,30,,,,0.0,0.0,,Lleida,45.32,52.91
Tavascán,2022,12,Cataluña,N,1640,2250,610,1,25,31,0.8064516129032258,0.5715789473684211,0.4133333333333333,0.1428571428571428,0.08165413533834585,43.2,16.2,7,16,0,0,2,9,4,2,0,31,,,,0.0,0.0,,Lleida,36.78,47.07
Tavascán,2023,1,Cataluña,N,1640,2250,610,1,19,31,0.6129032258064516,3.3157894736842106,0.6388888888888888,0.5037593984962406,0.47368421052631576,77.89655172413794,34.86206896551724,14,14,0,0,0,9,2,2,0,31,,,,0.0,0.0,,Lleida,40.67,44.57
Tavascán,2023,2,Cataluña,N,1640,2250,610,1,28,28,1.0,7.0,0.9047619047619048,1.0,1.0,117.57142857142857,57.607142857142854,25,12,0,0,1,8,1,0,0,28,,,,0.0,0.0,,Lleida,45.63,59.93
Tavascán,2023,3,Cataluña,N,1640,2250,610,1,30,31,0.967741935483871,4.225,0.8160919540229885,0.619047619047619,0.6035714285714285,113.54838709677419,38.38709677419355,8,10,0,0,21,8,0,0,0,31,,,,0.0,0.0,,Lleida,47.72,64.99
Tavascán,2023,4,Cataluña,N,1640,2250,610,1,9,30,0.3,0.6,0.5833333333333333,0.1428571428571428,0.0857142857142857,94.44444444444444,20.0,0,0,0,0,9,10,3,0,2,30,,,,0.0,0.0,,Lleida,52.94,68.09
Tavascán,2023,5,Cataluña,N,1640,2250,610,1,0,31,0.0,,,,,,,0,0,0,0,0,8,2,0,0,31,,,,0.0,0.0,,Lleida,53.07,62.82
Tavascán,2023,6,Cataluña,N,1640,2250,610,1,0,30,0.0,,,,,,,0,0,0,0,0,8,0,0,0,0,,,,0.0,0.0,,Lleida,51.52,66.91
Tavascán,2023,7,Cataluña,N,1640,2250,610,1,0,31,0.0,,,,,,,0,0,0,0,0,10,0,0,0,0,,,,0.0,0.0,,Lleida,51.46,57.12
Tavascán,2023,8,Cataluña,N,1640,2250,610,1,0,31,0.0,,,,,,,0,0,0,0,0,8,1,0,0,0,,,,0.0,0.0,,Lleida,53.42,63.93
Tavascán,2023,9,Cataluña,N,1640,2250,610,1,0,30,0.0,,,,,,,0,0,0,0,0,9,1,0,0,0,,,,0.0,0.0,,Lleida,51.95,58.41
Tavascán,2023,10,Cataluña,N,1640,2250,610,1,0,31,0.0,,,,,,,0,0,0,0,0,9,1,0,0,31,,,,0.0,0.0,,Lleida,54.33,62.32
Tavascán,2023,11,Cataluña,N,1640,2250,610,1,0,30,0.0,,,,,,,0,0,0,0,0,8,1,0,0,30,,,,0.0,0.0,,Lleida,43.84,52.33
Tavascán,2023,12,Cataluña,N,1640,2250,610,1,5,31,0.16129032258064516,0.5,0.6666666666666666,0.1428571428571428,0.0714285714285714,30.0,5.0,0,5,0,0,0,10,4,2,0,31,,,,0.0,0.0,,Lleida,41.39,45.0
Tavascán,2024,1,Cataluña,N,1640,2250,610,1,29,31,0.9354838709677419,2.8137931034482757,0.8275862068965517,0.3940886699507389,0.4019704433497537,38.10344827586207,19.310344827586206,13,16,0,0,0,8,2,2,0,31,,,,0.0,0.0,,Lleida,38.88,41.55
Tavascán,2024,2,Cataluña,N,1640,2250,610,1,29,29,1.0,4.224137931034483,0.9080459770114943,0.541871921182266,0.603448275862069,27.586206896551722,10.344827586206897,9,11,0,0,11,8,1,0,0,29,,,,0.0,0.0,,Lleida,46.3,56.1
Tavascán,2024,3,Cataluña,N,1640,2250,610,1,31,31,1.0,5.0,0.9784946236559139,0.9354838709677419,0.7142857142857143,132.25806451612902,55.16129032258065,14,3,0,0,17,10,2,0,2,31,,,,0.0,0.0,,Lleida,51.67,69.27
Tavascán,2024,4,Cataluña,N,1640,2250,610,1,0,30,0.0,,,,,,,0,0,0,0,0,8,1,0,0,30,,,,0.0,0.0,,Lleida,47.53,52.79
Tavascán,2024,5,Cataluña,N,1640,2250,610,1,0,31,0.0,,,,,,,0,0,0,0,0,8,2,0,0,31,,,,0.0,0.0,,Lleida,55.23,66.44
Tavascán,2024,6,Cataluña,N,1640,2250,610,1,0,30,0.0,,,,,,,0,0,0,0,0,10,0,0,0,0,,,,0.0,0.0,,Lleida,57.62,66.38
Tavascán,2024,7,Cataluña,N,1640,2250,610,1,0,31,0.0,,,,,,,0,0,0,0,0,8,0,0,0,0,,,,0.0,0.0,,Lleida,53.05,69.47
Tavascán,2024,8,Cataluña,N,1640,2250,610,1,0,31,0.0,,,,,,,0,0,0,0,0,9,1,0,0,0,,,,0.0,0.0,,Lleida,54.76,63.24
Tavascán,2024,9,Cataluña,N,1640,2250,610,1,0,30,0.0,,,,,,,0,0,0,0,0,9,1,0,0,0,,,,0.0,0.0,,Lleida,51.44,59.78
Tavascán,2024,10,Cataluña,N,1640,2250,610,1,0,31,0.0,,,,,,,0,0,0,0,0,8,1,0,0,31,,,,0.0,0.0,,Lleida,54.64,66.75
Tavascán,2024,11,Cataluña,N,1640,2250,610,1,0,30,0.0,,,,,,,0,0,0,0,0,9,1,0,0,30,,,,0.0,0.0,,Lleida,46.61,55.41
Tavascán,2024,12,Cataluña,N,1640,2250,610,1,8,31,0.25806451612903225,4.0,0.875,0.5178571428571428,0.5714285714285714,74.0909090909091,37.0,11,5,0,0,0,9,4,2,0,31,,,,0.0,0.0,,Lleida,43.91,55.38
Tavascán,2025,1,Cataluña,N,1640,2250,610,1,30,31,0.967741935483871,5.0,0.8444444444444444,0.7571428571428572,0.7142857142857143,40.32258064516129,19.838709677419356,14,30,0,0,3,8,2,2,0,31,,,,0.0,0.0,,Lleida,35.68,42.8
Tavascán,2025,2,Cataluña,N,1640,2250,610,1,27,28,0.9642857142857143,5.0,0.7530864197530863,0.7724867724867726,0.7142857142857143,56.07142857142857,35.357142857142854,16,15,0,0,7,8,1,0,0,28,,,,0.0,0.0,,Lleida,46.3,59.2
Tavascán,2025,3,Cataluña,N,1640,2250,610,1,19,31,0.6129032258064516,5.416666666666667,0.9649122807017543,0.8421052631578947,0.7738095238095238,57.61904761904762,34.76190476190476,6,4,0,0,11,10,0,0,0,31,,,,0.0,0.0,,Lleida,46.45,61.46
Tavascán,2025,4,Cataluña,N,1640,2250,610,1,0,30,0.0,,,,,,,0,0,0,0,0,8,3,0,2,30,,,,0.0,0.0,,Lleida,49.2,68.12
Tavascán,2025,5,Cataluña,N,1640,2250,610,1,0,31,0.0,,,,,,,0,0,0,0,0,9,2,0,0,31,,,,0.0,0.0,,Lleida,50.87,62.37
Tavascán,2025,6,Cataluña,N,1640,2250,610,1,0,30,0.0,,,,,,,0,0,0,0,0,9,0,0,0,0,,,,0.0,0.0,,Lleida,53.1,65.03
Tavascán,2025,7,Cataluña,N,1640,2250,610,1,0,31,0.0,,,,,,,0,0,0,0,0,8,0,0,0,0,,,,0.0,0.0,,Lleida,53.13,63.78
Tavascán,2025,8,Cataluña,N,1640,2250,610,1,0,31,0.0,,,,,,,0,0,0,0,0,10,1,0,0,0,,,,0.0,0.0,,Lleida,59.81,70.16
Tavascán,2025,9,Cataluña,N,1640,2250,610,1,0,8,0.0,,,,,,,0,0,0,0,0,2,0,0,0,0,,,,0.0,0.0,,Lleida,50.46,60.76
Valdelinares,2018,1,Aragón,N,1700,2020,320,1,30,30,1.0,10.866666666666667,0.8583333333333333,0.817948717948718,0.7761904761904762,61.166666666666664,26.333333333333332,21,22,0,0,10,8,1,1,0,30,,,,0.0,0.0,,,,
Valdelinares,2018,2,Aragón,N,1700,2020,320,1,26,26,1.0,13.461538461538462,0.8653846153846154,0.9704142011834319,0.9615384615384616,92.88461538461539,41.53846153846154,20,14,0,0,0,7,1,0,0,26,,,,0.0,0.0,,,,
Valdelinares,2018,3,Aragón,N,1700,2020,320,1,29,29,1.0,13.931034482758621,0.8706896551724138,0.9893899204244032,0.9950738916256158,106.55172413793103,42.58620689655172,14,14,0,0,11,8,1,0,1,29,,,,0.0,0.0,,,,
Valdelinares,2018,4,Aragón,N,1700,2020,320,1,2,29,0.06896551724137931,14.0,1.0,1.0,1.0,82.5,22.5,0,1,0,0,2,8,1,0,0,29,,,,0.0,0.0,,,,
Valdelinares,2018,5,Aragón,N,1700,2020,320,1,0,31,0.0,,,,,,,0,0,0,0,0,8,2,0,0,31,,,,0.0,0.0,,,,
Valdelinares,2018,6,Aragón,N,1700,2020,320,1,0,30,0.0,,,,,,,0,0,0,0,0,9,0,0,0,0,,,,0.0,0.0,,,,
Valdelinares,2018,7,Aragón,N,1700,2020,320,1,0,31,0.0,,,,,,,0,0,0,0,0,9,0,0,0,0,,,,0.0,0.0,,,,
Valdelinares,2018,8,Aragón,N,1700,2020,320,1,0,31,0.0,,,,,,,0,0,0,0,0,8,1,0,0,0,,,,0.0,0.0,,,,
Valdelinares,2018,9,Aragón,N,1700,2020,320,1,0,30,0.0,,,,,,,0,0,0,0,0,10,1,0,0,0,,,,0.0,0.0,,,,
Valdelinares,2018,10,Aragón,N,1700,2020,320,1,0,31,0.0,,,,,,,0,0,0,0,0,8,1,0,0,31,,,,0.0,0.0,,,,
Valdelinares,2018,11,Aragón,N,1700,2020,320,1,0,30,0.0,,,,,,,0,0,0,0,0,8,1,0,0,30,,,,0.0,0.0,,,,
Valdelinares,2018,12,Aragón,N,1700,2020,320,1,6,31,0.1935483870967742,3.1666666666666665,0.5,0.22619047619047614,0.18199233716475097,25.0,10.0,3,6,0,0,3,10,4,2,0,31,,,,0.0,0.0,,,,
Valdelinares,2019,1,Aragón,N,1700,2020,320,1,31,31,1.0,13.819999999999999,0.6989247311827957,0.7511520737327189,0.7942528735632184,54.516129032258064,29.838709677419356,30,28,0,0,0,8,2,2,0,31,,,,0.0,0.0,,,,
Valdelinares,2019,2,Aragón,N,1700,2020,320,1,28,28,1.0,17.349999999999998,0.8601190476190477,0.9948979591836735,0.9971264367816092,74.64285714285714,39.82142857142857,24,28,0,0,4,8,1,0,0,28,,,,0.0,0.0,,,,
Valdelinares,2019,3,Aragón,N,1700,2020,320,1,29,29,1.0,16.093103448275862,0.7385057471264368,0.852216748768473,0.9248910027744749,64.3103448275862,21.379310344827587,1,7,0,0,27,9,0,0,0,29,,,,0.0,0.0,,,,
Valdelinares,2019,4,Aragón,N,1700,2020,320,1,0,29,0.0,,,,,,,0,0,0,0,0,8,3,0,2,29,,,,0.0,0.0,,,,
Valdelinares,2019,5,Aragón,N,1700,2020,320,1,0,31,0.0,,,,,,,0,0,0,0,0,8,2,0,0,31,,,,0.0,0.0,,,,
Valdelinares,2019,6,Aragón,N,1700,2020,320,1,0,30,0.0,,,,,,,0,0,0,0,0,10,0,0,0,0,,,,0.0,0.0,,,,
Valdelinares,2019,7,Aragón,N,1700,2020,320,1,0,31,0.0,,,,,,,0,0,0,0,0,8,0,0,0,0,,,,0.0,0.0,,,,
Valdelinares,2019,8,Aragón,N,1700,2020,320,1,0,31,0.0,,,,,,,0,0,0,0,0,9,1,0,0,0,,,,0.0,0.0,,,,
Valdelinares,2019,9,Aragón,N,1700,2020,320,1,0,30,0.0,,,,,,,0,0,0,0,0,9,1,0,0,0,,,,0.0,0.0,,,,
Valdelinares,2019,10,Aragón,N,1700,2020,320,1,0,31,0.0,,,,,,,0,0,0,0,0,8,1,0,0,31,,,,0.0,0.0,,,,
Valdelinares,2019,11,Aragón,N,1700,2020,320,1,1,30,0.03333333333333333,10.7,0.5833333333333334,0.5,0.6149425287356322,70.0,20.0,0,0,0,0,1,9,1,0,0,30,,,,0.0,0.0,,,,
Valdelinares,2019,12,Aragón,N,1700,2020,320,1,26,31,0.8387096774193549,8.95,0.5641025641025641,0.4258241758241758,0.514367816091954,56.92307692307692,19.23076923076923,6,13,0,0,15,9,4,2,0,31,,,,0.0,0.0,,,,
Valdelinares,2020,1,Aragón,N,1700,2020,320,1,20,31,0.6451612903225806,10.620000000000001,0.5958333333333333,0.5928571428571427,0.6103448275862069,101.5,50.75,16,11,0,0,0,8,2,2,0,31,,,,0.0,0.0,,,,
Valdelinares,2020,2,Aragón,N,1700,2020,320,1,27,27,1.0,12.55185185185185,0.8055555555555556,0.7142857142857143,0.7213707960834398,87.4074074074074,16.666666666666668,5,4,0,0,22,7,1,0,0,27,,,,0.0,0.0,,,,
Valdelinares,2020,3,Aragón,N,1700,2020,320,1,13,31,0.41935483870967744,7.730769230769231,0.608974358974359,0.39010989010989,0.44429708222811676,43.46153846153846,11.923076923076923,4,5,0,0,9,9,0,0,0,31,,,,0.0,0.0,,,,
Valdelinares,2020,4,Aragón,N,1700,2020,320,1,0,30,0.0,,,,,,,0,0,0,0,0,8,3,0,2,30,,,,0.0,0.0,,,,
Valdelinares,2020,5,Aragón,N,1700,2020,320,1,0,31,0.0,,,,,,,0,0,0,0,0,10,2,0,0,31,,,,0.0,0.0,,,,
Valdelinares,2020,6,Aragón,N,1700,2020,320,1,0,30,0.0,,,,,,,0,0,0,0,0,8,0,0,0,0,,,,0.0,0.0,,,,
Valdelinares,2020,7,Aragón,N,1700,2020,320,1,0,31,0.0,,,,,,,0,0,0,0,0,8,0,0,0,0,,,,0.0,0.0,,,,
Valdelinares,2020,8,Aragón,N,1700,2020,320,1,0,31,0.0,,,,,,,0,0,0,0,0,10,1,0,0,0,,,,0.0,0.0,,,,
Valdelinares,2020,9,Aragón,N,1700,2020,320,1,0,30,0.0,,,,,,,0,0,0,0,0,8,1,0,0,0,,,,0.0,0.0,,,,
Valdelinares,2020,10,Aragón,N,1700,2020,320,1,0,31,0.0,,,,,,,0,0,0,0,0,9,1,0,0,31,,,,0.0,0.0,,,,
Valdelinares,2020,11,Aragón,N,1700,2020,320,1,0,30,0.0,,,,,,,0,0,0,0,0,9,1,0,0,30,,,,0.0,0.0,,,,
Valdelinares,2020,12,Aragón,N,1700,2020,320,1,0,31,0.0,,,,,,,0,0,0,0,0,8,4,2,0,31,,,,0.0,0.0,,,,
Valdelinares,2021,1,Aragón,N,1700,2020,320,1,0,31,0.0,,,,,,,0,0,0,0,0,10,2,2,0,31,,,,0.0,0.0,,,,
Valdelinares,2021,2,Aragón,N,1700,2020,320,1,0,28,0.0,,,,,,,0,0,0,0,0,8,1,0,0,28,,,,0.0,0.0,,,,
Valdelinares,2021,3,Aragón,N,1700,2020,320,1,0,31,0.0,,,,,,,0,0,0,0,0,8,0,0,0,31,,,,0.0,0.0,,,,
Valdelinares,2021,4,Aragón,N,1700,2020,320,1,0,30,0.0,,,,,,,0,0,0,0,0,8,3,0,2,30,,,,0.0,0.0,,,,
Valdelinares,2021,5,Aragón,N,1700,2020,320,1,0,31,0.0,,,,,,,0,0,0,0,0,10,2,0,0,31,,,,0.0,0.0,,,,
Valdelinares,2021,6,Aragón,N,1700,2020,320,1,0,30,0.0,,,,,,,0,0,0,0,0,8,0,0,0,0,,,,0.0,0.0,,,,
Valdelinares,2021,7,Aragón,N,1700,2020,320,1,0,31,0.0,,,,,,,0,0,0,0,0,9,0,0,0,0,,,,0.0,0.0,,,,
Valdelinares,2021,8,Aragón,N,1700,2020,320,1,0,31,0.0,,,,,,,0,0,0,0,0,9,1,0,0,0,,,,0.0,0.0,,,,
Valdelinares,2021,9,Aragón,N,1700,2020,320,1,0,30,0.0,,,,,,,0,0,0,0,0,8,1,0,0,0,,,,0.0,0.0,,,,
Valdelinares,2021,10,Aragón,N,1700,2020,320,1,0,31,0.0,,,,,,,0,0,0,0,0,10,1,0,0,31,,,,0.0,0.0,,,,
Valdelinares,2021,11,Aragón,N,1700,2020,320,1,0,30,0.0,,,,,,,0,0,0,0,0,8,1,0,0,30,,,,0.0,0.0,,,,
Valdelinares,2021,12,Aragón,N,1700,2020,320,1,29,31,0.9354838709677419,12.551724137931034,0.6925287356321839,0.6822660098522167,0.7213634562029331,94.82758620689656,18.79310344827586,13,18,0,0,13,8,4,2,0,31,,,,0.0,0.0,,,,
Valdelinares,2022,1,Aragón,N,1700,2020,320,1,31,31,1.0,13.870967741935484,0.7043010752688171,0.7350230414746544,0.7971820541342232,95.0,30.967741935483872,25,22,0,0,5,10,2,2,0,31,,,,0.0,0.0,,,,
Valdelinares,2022,2,Aragón,N,1700,2020,320,1,28,28,1.0,17.0,0.8601190476190476,0.9285714285714286,0.9770114942528736,118.57142857142857,36.42857142857143,20,27,0,0,8,8,1,0,0,28,,,,0.0,0.0,,,,
Valdelinares,2022,3,Aragón,N,1700,2020,320,1,27,31,0.8709677419354839,17.0,0.8055555555555556,0.9285714285714286,0.9770114942528736,105.37037037037037,26.296296296296298,7,7,0,0,20,8,0,0,0,31,,,,0.0,0.0,,,,
Valdelinares,2022,4,Aragón,N,1700,2020,320,1,0,30,0.0,,,,,,,0,0,0,0,0,9,3,0,2,30,,,,0.0,0.0,,,,
Valdelinares,2022,5,Aragón,N,1700,2020,320,1,0,31,0.0,,,,,,,0,0,0,0,0,9,2,0,0,31,,,,0.0,0.0,,,,
Valdelinares,2022,6,Aragón,N,1700,2020,320,1,0,30,0.0,,,,,,,0,0,0,0,0,8,0,0,0,0,,,,0.0,0.0,,,,
Valdelinares,2022,7,Aragón,N,1700,2020,320,1,0,31,0.0,,,,,,,0,0,0,0,0,10,0,0,0,0,,,,0.0,0.0,,,,
Valdelinares,2022,8,Aragón,N,1700,2020,320,1,0,31,0.0,,,,,,,0,0,0,0,0,8,1,0,0,0,,,,0.0,0.0,,,,
Valdelinares,2022,9,Aragón,N,1700,2020,320,1,0,30,0.0,,,,,,,0,0,0,0,0,8,1,0,0,0,,,,0.0,0.0,,,,
Valdelinares,2022,10,Aragón,N,1700,2020,320,1,0,31,0.0,,,,,,,0,0,0,0,0,10,1,0,0,31,,,,0.0,0.0,,,,
Valdelinares,2022,11,Aragón,N,1700,2020,320,1,0,30,0.0,,,,,,,0,0,0,0,0,8,1,0,0,30,,,,0.0,0.0,,,,
Valdelinares,2022,12,Aragón,N,1700,2020,320,1,0,31,0.0,,,,,,,0,0,0,0,0,9,4,2,0,31,,,,0.0,0.0,,,,
Valdelinares,2023,1,Aragón,N,1700,2020,320,1,13,31,0.41935483870967744,10.307692307692308,0.7051282051282051,0.5274725274725275,0.6063348416289593,67.3076923076923,39.23076923076923,12,13,0,0,0,9,2,2,0,31,,,,0.0,0.0,,,,
Valdelinares,2023,2,Aragón,N,1700,2020,320,1,28,28,1.0,17.0,0.8392857142857143,0.9285714285714286,1.0,83.21428571428571,35.17857142857143,25,26,0,0,2,8,1,0,0,28,,,,0.0,0.0,,,,
Valdelinares,2023,3,Aragón,N,1700,2020,320,1,19,31,0.6129032258064516,12.631578947368421,0.7543859649122807,0.7030075187969925,0.7430340557275542,68.15789473684211,18.94736842105263,6,13,0,0,10,8,0,0,0,31,,,,0.0,0.0,,,,
Valdelinares,2023,4,Aragón,N,1700,2020,320,1,0,30,0.0,,,,,,,0,0,0,0,0,10,3,0,2,30,,,,0.0,0.0,,,,
Valdelinares,2023,5,Aragón,N,1700,2020,320,1,0,31,0.0,,,,,,,0,0,0,0,0,8,2,0,0,31,,,,0.0,0.0,,,,
Valdelinares,2023,6,Aragón,N,1700,2020,320,1,0,30,0.0,,,,,,,0,0,0,0,0,8,0,0,0,0,,,,0.0,0.0,,,,
Valdelinares,2023,7,Aragón,N,1700,2020,320,1,0,31,0.0,,,,,,,0,0,0,0,0,10,0,0,0,0,,,,0.0,0.0,,,,
Valdelinares,2023,8,Aragón,N,1700,2020,320,1,0,31,0.0,,,,,,,0,0,0,0,0,8,1,0,0,0,,,,0.0,0.0,,,,
Valdelinares,2023,9,Aragón,N,1700,2020,320,1,0,30,0.0,,,,,,,0,0,0,0,0,9,1,0,0,0,,,,0.0,0.0,,,,
Valdelinares,2023,10,Aragón,N,1700,2020,320,1,0,31,0.0,,,,,,,0,0,0,0,0,9,1,0,0,31,,,,0.0,0.0,,,,
Valdelinares,2023,11,Aragón,N,1700,2020,320,1,0,30,0.0,,,,,,,0,0,0,0,0,8,1,0,0,30,,,,0.0,0.0,,,,
Valdelinares,2023,12,Aragón,N,1700,2020,320,1,26,31,0.8387096774193549,2.980769230769231,0.4230769230769231,0.2087912087912087,0.17533936651583706,30.384615384615383,16.153846153846153,20,20,0,0,6,10,4,2,0,31,,,,0.0,0.0,,,,
Valdelinares,2024,1,Aragón,N,1700,2020,320,1,31,31,1.0,6.519354838709678,0.5618279569892474,0.3479262672811059,0.3834914611005692,67.25806451612904,25.967741935483872,13,23,0,0,8,8,2,2,0,31,,,,0.0,0.0,,,,
Valdelinares,2024,2,Aragón,N,1700,2020,320,1,29,29,1.0,7.948275862068965,0.6867816091954023,0.4162561576354679,0.46754563894523327,55.0,16.724137931034484,9,25,0,0,17,8,1,0,0,29,,,,0.0,0.0,,,,
Valdelinares,2024,3,Aragón,N,1700,2020,320,1,24,31,0.7741935483870968,7.554166666666666,0.6111111111111112,0.4017857142857142,0.4443627450980392,57.916666666666664,21.458333333333332,14,10,0,0,10,10,2,0,2,31,,,,0.0,0.0,,,,
Valdelinares,2024,4,Aragón,N,1700,2020,320,1,0,30,0.0,,,,,,,0,0,0,0,0,8,1,0,0,30,,,,0.0,0.0,,,,
Valdelinares,2024,5,Aragón,N,1700,2020,320,1,0,31,0.0,,,,,,,0,0,0,0,0,8,2,0,0,31,,,,0.0,0.0,,,,
Valdelinares,2024,6,Aragón,N,1700,2020,320,1,0,30,0.0,,,,,,,0,0,0,0,0,10,0,0,0,0,,,,0.0,0.0,,,,
Valdelinares,2024,7,Aragón,N,1700,2020,320,1,0,31,0.0,,,,,,,0,0,0,0,0,8,0,0,0,0,,,,0.0,0.0,,,,
Valdelinares,2024,8,Aragón,N,1700,2020,320,1,0,31,0.0,,,,,,,0,0,0,0,0,9,1,0,0,0,,,,0.0,0.0,,,,
Valdelinares,2024,9,Aragón,N,1700,2020,320,1,0,30,0.0,,,,,,,0,0,0,0,0,9,1,0,0,0,,,,0.0,0.0,,,,
Valdelinares,2024,10,Aragón,N,1700,2020,320,1,0,31,0.0,,,,,,,0,0,0,0,0,8,1,0,0,31,,,,0.0,0.0,,,,
Valdelinares,2024,11,Aragón,N,1700,2020,320,1,0,30,0.0,,,,,,,0,0,0,0,0,9,1,0,0,30,,,,0.0,0.0,,,,
Valdelinares,2024,12,Aragón,N,1700,2020,320,1,17,31,0.5483870967741935,9.670588235294117,0.6470588235294118,0.44796380090497734,0.5688581314878892,81.66666666666667,30.0,18,18,0,0,0,9,4,2,0,31,,,,0.0,0.0,,,,
Valdelinares,2025,1,Aragón,N,1700,2020,320,1,31,31,1.0,10.98709677419355,0.6532258064516129,0.5359801488833748,0.6462998102466793,76.61290322580645,27.096774193548388,18,23,0,0,7,8,2,2,0,31,,,,0.0,0.0,,,,
Valdelinares,2025,2,Aragón,N,1700,2020,320,1,28,28,1.0,12.05,0.6607142857142857,0.6510989010989011,0.7088235294117649,79.10714285714286,25.892857142857142,13,18,0,0,14,8,1,0,0,28,,,,0.0,0.0,,,,
Valdelinares,2025,3,Aragón,N,1700,2020,320,1,30,31,0.967741935483871,11.816666666666666,0.6444444444444444,0.6153846153846154,0.6950980392156864,74.16666666666667,27.833333333333332,11,12,0,0,11,10,0,0,0,31,,,,0.0,0.0,,,,
Valdelinares,2025,4,Aragón,N,1700,2020,320,1,0,30,0.0,,,,,,,0,0,0,0,0,8,3,0,2,30,,,,0.0,0.0,,,,
Valdelinares,2025,5,Aragón,N,1700,2020,320,1,0,31,0.0,,,,,,,0,0,0,0,0,9,2,0,0,31,,,,0.0,0.0,,,,
Valdelinares,2025,6,Aragón,N,1700,2020,320,1,0,30,0.0,,,,,,,0,0,0,0,0,9,0,0,0,0,,,,0.0,0.0,,,,
Valdelinares,2025,7,Aragón,N,1700,2020,320,1,0,31,0.0,,,,,,,0,0,0,0,0,8,0,0,0,0,,,,0.0,0.0,,,,
Valdelinares,2025,8,Aragón,N,1700,2020,320,1,0,31,0.0,,,,,,,0,0,0,0,0,10,1,0,0,0,,,,0.0,0.0,,,,
Valdelinares,2025,9,Aragón,N,1700,2020,320,1,0,8,0.0,,,,,,,0,0,0,0,0,2,0,0,0,0,,,,0.0,0.0,,,,
Valdesquí,2018,1,Madrid,N,1860,2280,420,1,20,29,0.6896551724137931,15.925,0.77,0.8173076923076923,0.7160521582733813,68.25,27.5,10,16,0,0,0,7,1,1,0,29,,,,0.0,0.0,,,,
Valdesquí,2018,2,Madrid,N,1860,2280,420,1,23,26,0.8846153846153846,19.91304347826087,0.7913043478260869,0.9448160535117056,0.8953706599937441,156.15384615384616,80.96153846153847,12,18,0,0,1,7,1,0,0,26,,,,0.0,0.0,,,,
Valdesquí,2018,3,Madrid,N,1860,2280,420,1,20,29,0.6896551724137931,16.1,0.7633333333333333,0.8192307692307693,0.7239208633093526,227.58620689655172,105.86206896551724,15,18,0,0,2,8,1,0,1,29,,,,0.0,0.0,,,,
Valdesquí,2018,4,Madrid,N,1860,2280,420,1,22,28,0.7857142857142857,20.772727272727273,0.7303030303030303,0.9562937062937064,0.9340255068672335,238.07692307692307,106.34615384615384,5,4,0,0,13,8,1,0,0,28,,,,0.0,0.0,,,,
Valdesquí,2018,5,Madrid,N,1860,2280,420,1,0,31,0.0,,,,,,,0,0,0,0,0,8,2,0,0,31,,,,0.0,0.0,,,,
Valdesquí,2018,6,Madrid,N,1860,2280,420,1,0,30,0.0,,,,,,,0,0,0,0,0,9,0,0,0,0,,,,0.0,0.0,,,,
Valdesquí,2018,7,Madrid,N,1860,2280,420,1,0,31,0.0,,,,,,,0,0,0,0,0,9,0,0,0,0,,,,0.0,0.0,,,,
Valdesquí,2018,8,Madrid,N,1860,2280,420,1,0,31,0.0,,,,,,,0,0,0,0,0,8,1,0,0,0,,,,0.0,0.0,,,,
Valdesquí,2018,9,Madrid,N,1860,2280,420,1,0,30,0.0,,,,,,,0,0,0,0,0,10,1,0,0,0,,,,0.0,0.0,,,,
Valdesquí,2018,10,Madrid,N,1860,2280,420,1,0,31,0.0,,,,,,,0,0,0,0,0,8,1,0,0,31,,,,0.0,0.0,,,,
Valdesquí,2018,11,Madrid,N,1860,2280,420,1,0,30,0.0,,,,,,,0,0,0,0,0,8,1,0,0,30,,,,0.0,0.0,,,,
Valdesquí,2018,12,Madrid,N,1860,2280,420,1,0,31,0.0,,,,,,,0,0,0,0,0,10,4,2,0,31,,,,0.0,0.0,,,,
Valdesquí,2019,1,Madrid,N,1860,2280,420,1,0,31,0.0,,,,,,,0,0,0,0,0,8,2,2,0,31,,,,0.0,0.0,,,,
Valdesquí,2019,2,Madrid,N,1860,2280,420,1,22,27,0.8148148148148148,19.59090909090909,0.7939393939393941,0.8944805194805195,0.8808862001308045,60.0,18.363636363636363,4,19,0,0,3,7,1,0,0,27,,,,0.0,0.0,,,,
Valdesquí,2019,3,Madrid,N,1860,2280,420,1,12,29,0.41379310344827586,11.975,0.5222222222222223,0.5446428571428571,0.5384442446043166,36.42857142857143,12.5,1,2,0,0,12,9,0,0,0,29,,,,0.0,0.0,,,,
Valdesquí,2019,4,Madrid,N,1860,2280,420,1,0,29,0.0,,,,,,,0,0,0,0,0,8,3,0,2,29,,,,0.0,0.0,,,,
Valdesquí,2019,5,Madrid,N,1860,2280,420,1,0,31,0.0,,,,,,,0,0,0,0,0,8,2,0,0,31,,,,0.0,0.0,,,,
Valdesquí,2019,6,Madrid,N,1860,2280,420,1,0,30,0.0,,,,,,,0,0,0,0,0,10,0,0,0,0,,,,0.0,0.0,,,,
Valdesquí,2019,7,Madrid,N,1860,2280,420,1,0,31,0.0,,,,,,,0,0,0,0,0,8,0,0,0,0,,,,0.0,0.0,,,,
Valdesquí,2019,8,Madrid,N,1860,2280,420,1,0,31,0.0,,,,,,,0,0,0,0,0,9,1,0,0,0,,,,0.0,0.0,,,,
Valdesquí,2019,9,Madrid,N,1860,2280,420,1,0,30,0.0,,,,,,,0,0,0,0,0,9,1,0,0,0,,,,0.0,0.0,,,,
Valdesquí,2019,10,Madrid,N,1860,2280,420,1,0,31,0.0,,,,,,,0,0,0,0,0,8,1,0,0,31,,,,0.0,0.0,,,,
Valdesquí,2019,11,Madrid,N,1860,2280,420,1,0,30,0.0,,,,,,,0,0,0,0,0,9,1,0,0,30,,,,0.0,0.0,,,,
Valdesquí,2019,12,Madrid,N,1860,2280,420,1,0,31,0.0,,,,,,,0,0,0,0,0,9,4,2,0,31,,,,0.0,0.0,,,,
Valdesquí,2020,1,Madrid,N,1860,2280,420,1,5,31,0.16129032258064516,12.6,0.6533333333333333,0.5928571428571429,0.5665467625899281,57.0,39.0,4,2,0,0,0,8,2,2,0,31,,,,0.0,0.0,,,,
Valdesquí,2020,2,Madrid,N,1860,2280,420,1,0,27,0.0,,,,,,,0,0,0,0,0,7,1,0,0,27,,,,0.0,0.0,,,,
Valdesquí,2020,3,Madrid,N,1860,2280,420,1,0,31,0.0,,,,,,,0,0,0,0,0,9,0,0,0,31,,,,0.0,0.0,,,,
Valdesquí,2020,4,Madrid,N,1860,2280,420,1,0,30,0.0,,,,,,,0,0,0,0,0,8,3,0,2,30,,,,0.0,0.0,,,,
Valdesquí,2020,5,Madrid,N,1860,2280,420,1,0,31,0.0,,,,,,,0,0,0,0,0,10,2,0,0,31,,,,0.0,0.0,,,,
Valdesquí,2020,6,Madrid,N,1860,2280,420,1,0,30,0.0,,,,,,,0,0,0,0,0,8,0,0,0,0,,,,0.0,0.0,,,,
Valdesquí,2020,7,Madrid,N,1860,2280,420,1,0,31,0.0,,,,,,,0,0,0,0,0,8,0,0,0,0,,,,0.0,0.0,,,,
Valdesquí,2020,8,Madrid,N,1860,2280,420,1,0,31,0.0,,,,,,,0,0,0,0,0,10,1,0,0,0,,,,0.0,0.0,,,,
Valdesquí,2020,9,Madrid,N,1860,2280,420,1,0,30,0.0,,,,,,,0,0,0,0,0,8,1,0,0,0,,,,0.0,0.0,,,,
Valdesquí,2020,10,Madrid,N,1860,2280,420,1,0,31,0.0,,,,,,,0,0,0,0,0,9,1,0,0,31,,,,0.0,0.0,,,,
Valdesquí,2020,11,Madrid,N,1860,2280,420,1,0,30,0.0,,,,,,,0,0,0,0,0,9,1,0,0,30,,,,0.0,0.0,,,,
Valdesquí,2020,12,Madrid,N,1860,2280,420,1,0,31,0.0,,,,,,,0,0,0,0,0,8,4,2,0,31,,,,0.0,0.0,,,,
Valdesquí,2021,1,Madrid,N,1860,2280,420,1,11,31,0.3548387096774194,14.181818181818182,0.7333333333333333,0.7045454545454546,0.6376716808371484,58.333333333333336,25.833333333333332,9,7,0,0,0,10,2,2,0,31,,,,0.0,0.0,,,,
Valdesquí,2021,2,Madrid,N,1860,2280,420,1,16,28,0.5714285714285714,15.25,0.7124999999999999,0.71875,0.6857014388489209,51.5625,21.25,3,12,0,0,1,8,1,0,0,28,,,,0.0,0.0,,,,
Valdesquí,2021,3,Madrid,N,1860,2280,420,1,26,31,0.8387096774193549,11.692307692307692,0.5128205128205128,0.5178571428571428,0.5257332595462092,41.111111111111114,17.59259259259259,3,16,0,0,15,8,0,0,0,31,,,,0.0,0.0,,,,
Valdesquí,2021,4,Madrid,N,1860,2280,420,1,0,30,0.0,,,,,,,0,0,0,0,0,8,3,0,2,30,,,,0.0,0.0,,,,
Valdesquí,2021,5,Madrid,N,1860,2280,420,1,0,31,0.0,,,,,,,0,0,0,0,0,10,2,0,0,31,,,,0.0,0.0,,,,
Valdesquí,2021,6,Madrid,N,1860,2280,420,1,0,30,0.0,,,,,,,0,0,0,0,0,8,0,0,0,0,,,,0.0,0.0,,,,
Valdesquí,2021,7,Madrid,N,1860,2280,420,1,0,31,0.0,,,,,,,0,0,0,0,0,9,0,0,0,0,,,,0.0,0.0,,,,
Valdesquí,2021,8,Madrid,N,1860,2280,420,1,0,31,0.0,,,,,,,0,0,0,0,0,9,1,0,0,0,,,,0.0,0.0,,,,
Valdesquí,2021,9,Madrid,N,1860,2280,420,1,0,30,0.0,,,,,,,0,0,0,0,0,8,1,0,0,0,,,,0.0,0.0,,,,
Valdesquí,2021,10,Madrid,N,1860,2280,420,1,0,31,0.0,,,,,,,0,0,0,0,0,10,1,0,0,31,,,,0.0,0.0,,,,
Valdesquí,2021,11,Madrid,N,1860,2280,420,1,0,30,0.0,,,,,,,0,0,0,0,0,8,1,0,0,30,,,,0.0,0.0,,,,
Valdesquí,2021,12,Madrid,N,1860,2280,420,1,0,31,0.0,,,,,,,0,0,0,0,0,8,4,2,0,31,,,,0.0,0.0,,,,
Valdesquí,2022,1,Madrid,N,1860,2280,420,1,12,31,0.3870967741935484,2.4250000000000003,0.26666666666666666,0.13690476190476183,0.10903776978417266,29.166666666666668,,12,7,0,0,0,10,2,2,0,31,,,,0.0,0.0,,,,
Valdesquí,2022,2,Madrid,N,1860,2280,420,1,28,28,1.0,2.6,0.26904761904761904,0.1428571428571428,0.1169064748201439,33.214285714285715,,11,13,0,0,15,8,1,0,0,28,,,,0.0,0.0,,,,
Valdesquí,2022,3,Madrid,N,1860,2280,420,1,24,31,0.7741935483870968,8.945833333333335,0.4749999999999999,0.4255952380952381,0.40224070743405277,64.4,45.27777777777778,8,6,0,0,8,8,0,0,0,31,,,,0.0,0.0,,,,
Valdesquí,2022,4,Madrid,N,1860,2280,420,1,22,30,0.7333333333333333,12.622727272727273,0.5515151515151515,0.5681818181818182,0.5675686723348594,77.5,42.04545454545455,8,11,0,0,9,9,3,0,2,30,,,,0.0,0.0,,,,
Valdesquí,2022,5,Madrid,N,1860,2280,420,1,0,31,0.0,,,,,,,0,0,0,0,0,9,2,0,0,31,,,,0.0,0.0,,,,
Valdesquí,2022,6,Madrid,N,1860,2280,420,1,0,30,0.0,,,,,,,0,0,0,0,0,8,0,0,0,0,,,,0.0,0.0,,,,
Valdesquí,2022,7,Madrid,N,1860,2280,420,1,0,31,0.0,,,,,,,0,0,0,0,0,10,0,0,0,0,,,,0.0,0.0,,,,
Valdesquí,2022,8,Madrid,N,1860,2280,420,1,0,31,0.0,,,,,,,0,0,0,0,0,8,1,0,0,0,,,,0.0,0.0,,,,
Valdesquí,2022,9,Madrid,N,1860,2280,420,1,0,30,0.0,,,,,,,0,0,0,0,0,8,1,0,0,0,,,,0.0,0.0,,,,
Valdesquí,2022,10,Madrid,N,1860,2280,420,1,0,31,0.0,,,,,,,0,0,0,0,0,10,1,0,0,31,,,,0.0,0.0,,,,
Valdesquí,2022,11,Madrid,N,1860,2280,420,1,0,30,0.0,,,,,,,0,0,0,0,0,8,1,0,0,30,,,,0.0,0.0,,,,
Valdesquí,2022,12,Madrid,N,1860,2280,420,1,0,31,0.0,,,,,,,0,0,0,0,0,9,4,2,0,31,,,,0.0,0.0,,,,
Valdesquí,2023,1,Madrid,N,1860,2280,420,1,6,31,0.1935483870967742,6.875,0.35555555555555557,0.3988095238095238,0.3091276978417266,43.333333333333336,20.0,6,6,0,0,0,9,2,2,0,31,,,,0.0,0.0,,,,
Valdesquí,2023,2,Madrid,N,1860,2280,420,1,28,28,1.0,8.214285714285714,0.42857142857142855,0.46683673469387754,0.3693473792394656,45.714285714285715,18.928571428571427,24,25,0,0,2,8,1,0,0,28,,,,0.0,0.0,,,,
Valdesquí,2023,3,Madrid,N,1860,2280,420,1,12,31,0.3870967741935484,5.95,0.35000000000000003,0.3154761904761904,0.2675359712230216,38.57142857142857,18.0,5,5,0,0,3,8,0,0,0,31,,,,0.0,0.0,,,,
Valdesquí,2023,4,Madrid,N,1860,2280,420,1,0,30,0.0,,,,,,,0,0,0,0,0,10,3,0,2,30,,,,0.0,0.0,,,,
Valdesquí,2023,5,Madrid,N,1860,2280,420,1,0,31,0.0,,,,,,,0,0,0,0,0,8,2,0,0,31,,,,0.0,0.0,,,,
Valdesquí,2023,6,Madrid,N,1860,2280,420,1,0,30,0.0,,,,,,,0,0,0,0,0,8,0,0,0,0,,,,0.0,0.0,,,,
Valdesquí,2023,7,Madrid,N,1860,2280,420,1,0,31,0.0,,,,,,,0,0,0,0,0,10,0,0,0,0,,,,0.0,0.0,,,,
Valdesquí,2023,8,Madrid,N,1860,2280,420,1,0,31,0.0,,,,,,,0,0,0,0,0,8,1,0,0,0,,,,0.0,0.0,,,,
Valdesquí,2023,9,Madrid,N,1860,2280,420,1,0,30,0.0,,,,,,,0,0,0,0,0,9,1,0,0,0,,,,0.0,0.0,,,,
Valdesquí,2023,10,Madrid,N,1860,2280,420,1,0,31,0.0,,,,,,,0,0,0,0,0,9,1,0,0,31,,,,0.0,0.0,,,,
Valdesquí,2023,11,Madrid,N,1860,2280,420,1,0,30,0.0,,,,,,,0,0,0,0,0,8,1,0,0,30,,,,0.0,0.0,,,,
Valdesquí,2023,12,Madrid,N,1860,2280,420,1,0,31,0.0,,,,,,,0,0,0,0,0,10,4,2,0,31,,,,0.0,0.0,,,,
Valdesquí,2024,1,Madrid,N,1860,2280,420,1,4,31,0.12903225806451613,7.295,0.36666666666666664,0.3839285714285714,0.32801258992805754,47.5,22.5,3,0,0,0,0,8,2,2,0,31,,,,0.0,0.0,,,,
Valdesquí,2024,2,Madrid,N,1860,2280,420,1,0,29,0.0,,0.0666666666666666,,,,,0,0,0,0,0,8,1,0,0,29,,,,0.0,0.0,,,,
Valdesquí,2024,3,Madrid,N,1860,2280,420,1,16,31,0.5161290322580645,8.92,0.3888888888888889,0.45535714285714285,0.4010791366906475,40.3125,25.0,8,0,0,0,8,10,2,0,2,31,,,,0.0,0.0,,,,
Valdesquí,2024,4,Madrid,N,1860,2280,420,1,3,30,0.1,11.233333333333334,0.4444444444444445,0.5238095238095237,0.5050959232613909,46.666666666666664,25.0,1,0,0,0,2,8,1,0,0,30,,,,0.0,0.0,,,,
Valdesquí,2024,5,Madrid,N,1860,2280,420,1,0,31,0.0,,,,,,,0,0,0,0,0,8,2,0,0,31,,,,0.0,0.0,,,,
Valdesquí,2024,6,Madrid,N,1860,2280,420,1,0,30,0.0,,,,,,,0,0,0,0,0,10,0,0,0,0,,,,0.0,0.0,,,,
Valdesquí,2024,7,Madrid,N,1860,2280,420,1,0,31,0.0,,,,,,,0,0,0,0,0,8,0,0,0,0,,,,0.0,0.0,,,,
Valdesquí,2024,8,Madrid,N,1860,2280,420,1,0,31,0.0,,,,,,,0,0,0,0,0,9,1,0,0,0,,,,0.0,0.0,,,,
Valdesquí,2024,9,Madrid,N,1860,2280,420,1,0,30,0.0,,,,,,,0,0,0,0,0,9,1,0,0,0,,,,0.0,0.0,,,,
Valdesquí,2024,10,Madrid,N,1860,2280,420,1,0,31,0.0,,,,,,,0,0,0,0,0,8,1,0,0,31,,,,0.0,0.0,,,,
Valdesquí,2024,11,Madrid,N,1860,2280,420,1,0,30,0.0,,,,,,,0,0,0,0,0,9,1,0,0,30,,,,0.0,0.0,,,,
Valdesquí,2024,12,Madrid,N,1860,2280,420,1,11,31,0.3548387096774194,1.2545454545454544,0.1333333333333333,0.0714285714285714,0.05384315255559882,28.636363636363637,,8,7,0,0,3,9,4,2,0,31,,,,0.0,0.0,,,,
Valdesquí,2025,1,Madrid,N,1860,2280,420,1,20,31,0.6451612903225806,1.285,0.15333333333333332,0.08035714285714282,0.05515021459227461,31.666666666666668,,11,14,0,0,4,8,2,2,0,31,,,,0.0,0.0,,,,
Valdesquí,2025,2,Madrid,N,1860,2280,420,1,28,28,1.0,1.510714285714286,0.2,0.10841836734693873,0.0648375229920294,31.071428571428573,10.833333333333334,8,9,0,0,16,8,1,0,0,28,,,,0.0,0.0,,,,
Valdesquí,2025,3,Madrid,N,1860,2280,420,1,27,31,0.8709677419354839,13.178518518518517,0.5530864197530865,0.6415343915343915,0.5656016531553012,219.46428571428572,95.38461538461539,15,6,0,0,6,10,0,0,0,31,,,,0.0,0.0,,,,
Valdesquí,2025,4,Madrid,N,1860,2280,420,1,29,30,0.9666666666666667,14.97655172413793,0.6238095238095237,0.6798469387755102,0.6427704602634304,245.66666666666666,74.0,4,2,0,0,20,8,3,0,2,30,,,,0.0,0.0,,,,
Valdesquí,2025,5,Madrid,N,1860,2280,420,1,0,31,0.0,,,,,,,0,0,0,0,0,9,2,0,0,31,,,,0.0,0.0,,,,
Valdesquí,2025,6,Madrid,N,1860,2280,420,1,0,30,0.0,,,,,,,0,0,0,0,0,9,0,0,0,0,,,,0.0,0.0,,,,
Valdesquí,2025,7,Madrid,N,1860,2280,420,1,0,31,0.0,,,,,,,0,0,0,0,0,8,0,0,0,0,,,,0.0,0.0,,,,
Valdesquí,2025,8,Madrid,N,1860,2280,420,1,0,31,0.0,,,,,,,0,0,0,0,0,10,1,0,0,0,,,,0.0,0.0,,,,
Valdesquí,2025,9,Madrid,N,1860,2280,420,1,0,8,0.0,,,,,,,0,0,0,0,0,2,0,0,0,0,,,,0.0,0.0,,,,
Valdezcaray,2018,1,La Rioja,N,1350,2270,920,1,28,29,0.9655172413793104,12.064642857142857,0.8968253968253969,0.6071428571428571,0.5398050495365931,84.48275862068965,64.82758620689656,19,7,0,0,2,7,1,1,0,29,,,,0.0,0.0,,,,
Valdezcaray,2018,2,La Rioja,N,1350,2270,920,1,26,26,1.0,14.351923076923075,0.9059829059829059,0.75,0.6421442092583032,172.30769230769232,73.07692307692308,23,0,0,0,0,7,1,0,0,26,,,,0.0,0.0,,,,
Valdezcaray,2018,3,La Rioja,N,1350,2270,920,1,23,29,0.7931034482758621,12.430434782608698,0.855072463768116,0.6755852842809364,0.55617157864021,200.0,80.0,12,7,0,0,2,8,1,0,1,29,,,,0.0,0.0,,,,
Valdezcaray,2018,4,La Rioja,N,1350,2270,920,1,14,29,0.4827586206896552,15.242857142857144,0.9365079365079365,0.7802197802197802,0.6820070310003195,200.0,80.0,6,5,0,0,8,8,1,0,0,29,,,,0.0,0.0,,,,
Valdezcaray,2018,5,La Rioja,N,1350,2270,920,1,0,31,0.0,,,,,,,0,0,0,0,0,8,2,0,0,31,,,,0.0,0.0,,,,
Valdezcaray,2018,6,La Rioja,N,1350,2270,920,1,0,30,0.0,,,,,,,0,0,0,0,0,9,0,0,0,0,,,,0.0,0.0,,,,
Valdezcaray,2018,7,La Rioja,N,1350,2270,920,1,0,31,0.0,,,,,,,0,0,0,0,0,9,0,0,0,0,,,,0.0,0.0,,,,
Valdezcaray,2018,8,La Rioja,N,1350,2270,920,1,0,31,0.0,,,,,,,0,0,0,0,0,8,1,0,0,0,,,,0.0,0.0,,,,
Valdezcaray,2018,9,La Rioja,N,1350,2270,920,1,0,30,0.0,,,,,,,0,0,0,0,0,10,1,0,0,0,,,,0.0,0.0,,,,
Valdezcaray,2018,10,La Rioja,N,1350,2270,920,1,0,31,0.0,,,,,,,0,0,0,0,0,8,1,0,0,31,,,,0.0,0.0,,,,
Valdezcaray,2018,11,La Rioja,N,1350,2270,920,1,0,30,0.0,,,,,,,0,0,0,0,0,8,1,0,0,30,,,,0.0,0.0,,,,
Valdezcaray,2018,12,La Rioja,N,1350,2270,920,1,0,31,0.0,,,,,,,0,0,0,0,0,10,4,2,0,31,,,,0.0,0.0,,,,
Valdezcaray,2019,1,La Rioja,N,1350,2270,920,1,13,31,0.41935483870967744,8.222307692307693,0.7606837606837608,0.4970414201183432,0.3678884873515746,44.61538461538461,25.76923076923077,9,5,0,0,0,8,2,2,0,31,,,,0.0,0.0,,,,
Valdezcaray,2019,2,La Rioja,N,1350,2270,920,1,27,27,1.0,14.901851851851852,0.9835390946502058,0.7222222222222222,0.6667495235727897,95.55555555555556,30.0,23,22,0,0,2,7,1,0,0,27,,,,0.0,0.0,,,,
Valdezcaray,2019,3,La Rioja,N,1350,2270,920,1,28,29,0.9655172413793104,13.798214285714286,0.9325396825396826,0.614010989010989,0.6173697666986258,82.06896551724138,23.448275862068964,12,23,0,0,15,9,0,0,0,29,,,,0.0,0.0,,,,
Valdezcaray,2019,4,La Rioja,N,1350,2270,920,1,16,29,0.5517241379310345,9.874375,0.7222222222222222,0.4423076923076923,0.44180648769574943,76.25,20.0,8,6,0,0,7,8,3,0,2,29,,,,0.0,0.0,,,,
Valdezcaray,2019,5,La Rioja,N,1350,2270,920,1,0,31,0.0,,,,,,,0,0,0,0,0,8,2,0,0,31,,,,0.0,0.0,,,,
Valdezcaray,2019,6,La Rioja,N,1350,2270,920,1,0,30,0.0,,,,,,,0,0,0,0,0,10,0,0,0,0,,,,0.0,0.0,,,,
Valdezcaray,2019,7,La Rioja,N,1350,2270,920,1,0,31,0.0,,,,,,,0,0,0,0,0,8,0,0,0,0,,,,0.0,0.0,,,,
Valdezcaray,2019,8,La Rioja,N,1350,2270,920,1,0,31,0.0,,,,,,,0,0,0,0,0,9,1,0,0,0,,,,0.0,0.0,,,,
Valdezcaray,2019,9,La Rioja,N,1350,2270,920,1,0,30,0.0,,,,,,,0,0,0,0,0,9,1,0,0,0,,,,0.0,0.0,,,,
Valdezcaray,2019,10,La Rioja,N,1350,2270,920,1,0,31,0.0,,,,,,,0,0,0,0,0,8,1,0,0,31,,,,0.0,0.0,,,,
Valdezcaray,2019,11,La Rioja,N,1350,2270,920,1,0,30,0.0,,,,,,,0,0,0,0,0,9,1,0,0,30,,,,0.0,0.0,,,,
Valdezcaray,2019,12,La Rioja,N,1350,2270,920,1,0,31,0.0,,,,,,,0,0,0,0,0,9,4,2,0,31,,,,0.0,0.0,,,,
Valdezcaray,2020,1,La Rioja,N,1350,2270,920,1,7,31,0.22580645161290322,7.78,0.8412698412698413,0.4395604395604395,0.3480984340044742,48.57142857142857,25.714285714285715,3,3,0,0,0,8,2,2,0,31,,,,0.0,0.0,,,,
Valdezcaray,2020,2,La Rioja,N,1350,2270,920,1,11,27,0.4074074074074074,0.38090909090909086,0.35353535353535354,0.08391608391608389,0.017042912344925717,30.0,20.0,2,0,0,0,0,7,1,0,0,27,,,,0.0,0.0,,,,
Valdezcaray,2020,3,La Rioja,N,1350,2270,920,1,0,31,0.0,,,,,,,0,0,0,0,0,9,0,0,0,31,,,,0.0,0.0,,,,
Valdezcaray,2020,4,La Rioja,N,1350,2270,920,1,0,30,0.0,,,,,,,0,0,0,0,0,8,3,0,2,30,,,,0.0,0.0,,,,
Valdezcaray,2020,5,La Rioja,N,1350,2270,920,1,0,31,0.0,,,,,,,0,0,0,0,0,10,2,0,0,31,,,,0.0,0.0,,,,
Valdezcaray,2020,6,La Rioja,N,1350,2270,920,1,0,30,0.0,,,,,,,0,0,0,0,0,8,0,0,0,0,,,,0.0,0.0,,,,
Valdezcaray,2020,7,La Rioja,N,1350,2270,920,1,0,31,0.0,,,,,,,0,0,0,0,0,8,0,0,0,0,,,,0.0,0.0,,,,
Valdezcaray,2020,8,La Rioja,N,1350,2270,920,1,0,31,0.0,,,,,,,0,0,0,0,0,10,1,0,0,0,,,,0.0,0.0,,,,
Valdezcaray,2020,9,La Rioja,N,1350,2270,920,1,0,30,0.0,,,,,,,0,0,0,0,0,8,1,0,0,0,,,,0.0,0.0,,,,
Valdezcaray,2020,10,La Rioja,N,1350,2270,920,1,0,31,0.0,,,,,,,0,0,0,0,0,9,1,0,0,31,,,,0.0,0.0,,,,
Valdezcaray,2020,11,La Rioja,N,1350,2270,920,1,0,30,0.0,,,,,,,0,0,0,0,0,9,1,0,0,30,,,,0.0,0.0,,,,
Valdezcaray,2020,12,La Rioja,N,1350,2270,920,1,0,31,0.0,,,,,,,0,0,0,0,0,8,4,2,0,31,,,,0.0,0.0,,,,
Valdezcaray,2021,1,La Rioja,N,1350,2270,920,1,0,31,0.0,,,,,,,0,0,0,0,0,10,2,2,0,31,,,,0.0,0.0,,,,
Valdezcaray,2021,2,La Rioja,N,1350,2270,920,1,0,28,0.0,,,,,,,0,0,0,0,0,8,1,0,0,28,,,,0.0,0.0,,,,
Valdezcaray,2021,3,La Rioja,N,1350,2270,920,1,0,31,0.0,,,,,,,0,0,0,0,0,8,0,0,0,31,,,,0.0,0.0,,,,
Valdezcaray,2021,4,La Rioja,N,1350,2270,920,1,0,30,0.0,,,,,,,0,0,0,0,0,8,3,0,2,30,,,,0.0,0.0,,,,
Valdezcaray,2021,5,La Rioja,N,1350,2270,920,1,0,31,0.0,,,,,,,0,0,0,0,0,10,2,0,0,31,,,,0.0,0.0,,,,
Valdezcaray,2021,6,La Rioja,N,1350,2270,920,1,0,30,0.0,,,,,,,0,0,0,0,0,8,0,0,0,0,,,,0.0,0.0,,,,
Valdezcaray,2021,7,La Rioja,N,1350,2270,920,1,0,31,0.0,,,,,,,0,0,0,0,0,9,0,0,0,0,,,,0.0,0.0,,,,
Valdezcaray,2021,8,La Rioja,N,1350,2270,920,1,0,31,0.0,,,,,,,0,0,0,0,0,9,1,0,0,0,,,,0.0,0.0,,,,
Valdezcaray,2021,9,La Rioja,N,1350,2270,920,1,0,30,0.0,,,,,,,0,0,0,0,0,8,1,0,0,0,,,,0.0,0.0,,,,
Valdezcaray,2021,10,La Rioja,N,1350,2270,920,1,0,31,0.0,,,,,,,0,0,0,0,0,10,1,0,0,31,,,,0.0,0.0,,,,
Valdezcaray,2021,11,La Rioja,N,1350,2270,920,1,0,30,0.0,,,,,,,0,0,0,0,0,8,1,0,0,30,,,,0.0,0.0,,,,
Valdezcaray,2021,12,La Rioja,N,1350,2270,920,1,28,31,0.9032258064516129,12.756428571428572,0.7464285714285716,0.6263736263736263,0.5707574304889741,94.48275862068965,29.137931034482758,1,19,0,0,0,8,4,2,0,31,,,,0.0,0.0,,,,
Valdezcaray,2022,1,La Rioja,N,1350,2270,920,1,29,31,0.9354838709677419,4.089655172413793,0.5103448275862069,0.16312997347480104,0.18298233433618752,71.61290322580645,15.64516129032258,15,27,0,0,0,10,2,2,0,31,,,,0.0,0.0,,,,
Valdezcaray,2022,2,La Rioja,N,1350,2270,920,1,28,28,1.0,5.7425,0.5857142857142856,0.24725274725274723,0.25693512304250554,69.64285714285714,15.0,6,24,0,0,0,8,1,0,0,28,,,,0.0,0.0,,,,
Valdezcaray,2022,3,La Rioja,N,1350,2270,920,1,27,31,0.8709677419354839,8.738518518518518,0.6,0.3846153846153846,0.39098516861380395,68.51851851851852,17.22222222222222,9,11,0,0,2,8,0,0,0,31,,,,0.0,0.0,,,,
Valdezcaray,2022,4,La Rioja,N,1350,2270,920,1,8,30,0.26666666666666666,7.055,0.5375,0.2932692307692307,0.31565995525727064,76.25,15.0,3,0,0,0,4,9,3,0,2,30,,,,0.0,0.0,,,,
Valdezcaray,2022,5,La Rioja,N,1350,2270,920,1,0,31,0.0,,,,,,,0,0,0,0,0,9,2,0,0,31,,,,0.0,0.0,,,,
Valdezcaray,2022,6,La Rioja,N,1350,2270,920,1,0,30,0.0,,,,,,,0,0,0,0,0,8,0,0,0,0,,,,0.0,0.0,,,,
Valdezcaray,2022,7,La Rioja,N,1350,2270,920,1,0,31,0.0,,,,,,,0,0,0,0,0,10,0,0,0,0,,,,0.0,0.0,,,,
Valdezcaray,2022,8,La Rioja,N,1350,2270,920,1,0,31,0.0,,,,,,,0,0,0,0,0,8,1,0,0,0,,,,0.0,0.0,,,,
Valdezcaray,2022,9,La Rioja,N,1350,2270,920,1,0,30,0.0,,,,,,,0,0,0,0,0,8,1,0,0,0,,,,0.0,0.0,,,,
Valdezcaray,2022,10,La Rioja,N,1350,2270,920,1,0,31,0.0,,,,,,,0,0,0,0,0,10,1,0,0,31,,,,0.0,0.0,,,,
Valdezcaray,2022,11,La Rioja,N,1350,2270,920,1,0,30,0.0,,,,,,,0,0,0,0,0,8,1,0,0,30,,,,0.0,0.0,,,,
Valdezcaray,2022,12,La Rioja,N,1350,2270,920,1,0,31,0.0,,,,,,,0,0,0,0,0,9,4,2,0,31,,,,0.0,0.0,,,,
Valdezcaray,2023,1,La Rioja,N,1350,2270,920,1,12,31,0.3870967741935484,5.843333333333334,0.6749999999999999,0.3717948717948718,0.2614466815809097,40.833333333333336,17.083333333333332,12,0,0,0,0,9,2,2,0,31,,,,0.0,0.0,,,,
Valdezcaray,2023,2,La Rioja,N,1350,2270,920,1,28,28,1.0,14.174285714285714,0.9535714285714285,0.6112637362637363,0.6341962288271012,58.035714285714285,21.428571428571427,25,9,0,0,1,8,1,0,0,28,,,,0.0,0.0,,,,
Valdezcaray,2023,3,La Rioja,N,1350,2270,920,1,19,31,0.6129032258064516,8.253684210526316,0.6631578947368421,0.3785425101214575,0.36929235841281044,51.31578947368421,23.68421052631579,6,0,0,0,5,8,0,0,0,31,,,,0.0,0.0,,,,
Valdezcaray,2023,4,La Rioja,N,1350,2270,920,1,0,30,0.0,,,,,,,0,0,0,0,0,10,3,0,2,30,,,,0.0,0.0,,,,
Valdezcaray,2023,5,La Rioja,N,1350,2270,920,1,0,31,0.0,,,,,,,0,0,0,0,0,8,2,0,0,31,,,,0.0,0.0,,,,
Valdezcaray,2023,6,La Rioja,N,1350,2270,920,1,0,30,0.0,,,,,,,0,0,0,0,0,8,0,0,0,0,,,,0.0,0.0,,,,
Valdezcaray,2023,7,La Rioja,N,1350,2270,920,1,0,31,0.0,,,,,,,0,0,0,0,0,10,0,0,0,0,,,,0.0,0.0,,,,
Valdezcaray,2023,8,La Rioja,N,1350,2270,920,1,0,31,0.0,,,,,,,0,0,0,0,0,8,1,0,0,0,,,,0.0,0.0,,,,
Valdezcaray,2023,9,La Rioja,N,1350,2270,920,1,0,30,0.0,,,,,,,0,0,0,0,0,9,1,0,0,0,,,,0.0,0.0,,,,
Valdezcaray,2023,10,La Rioja,N,1350,2270,920,1,0,31,0.0,,,,,,,0,0,0,0,0,9,1,0,0,31,,,,0.0,0.0,,,,
Valdezcaray,2023,11,La Rioja,N,1350,2270,920,1,0,30,0.0,,,,,,,0,0,0,0,0,8,1,0,0,30,,,,0.0,0.0,,,,
Valdezcaray,2023,12,La Rioja,N,1350,2270,920,1,0,31,0.0,,,,,,,0,0,0,0,0,10,4,2,0,31,,,,0.0,0.0,,,,
Valdezcaray,2024,1,La Rioja,N,1350,2270,920,1,17,31,0.5483870967741935,2.2411764705882353,0.3294117647058824,0.11990950226244337,0.10027635215159884,32.22222222222222,6.666666666666667,11,6,0,0,6,8,2,2,0,31,,,,0.0,0.0,,,,
Valdezcaray,2024,2,La Rioja,N,1350,2270,920,1,12,29,0.41379310344827586,0.7083333333333334,0.20000000000000004,0.0384615384615384,0.03169276659209536,30.0,5.0,3,0,0,0,12,8,1,0,0,29,,,,0.0,0.0,,,,
Valdezcaray,2024,3,La Rioja,N,1350,2270,920,1,19,31,0.6129032258064516,11.513684210526316,0.6736842105263158,0.4595141700404858,0.5151536559519604,56.19047619047619,16.19047619047619,14,0,0,0,7,10,2,0,2,31,,,,0.0,0.0,,,,
Valdezcaray,2024,4,La Rioja,N,1350,2270,920,1,0,30,0.0,,,,,,,0,0,0,0,0,8,1,0,0,30,,,,0.0,0.0,,,,
Valdezcaray,2024,5,La Rioja,N,1350,2270,920,1,0,31,0.0,,,,,,,0,0,0,0,0,8,2,0,0,31,,,,0.0,0.0,,,,
Valdezcaray,2024,6,La Rioja,N,1350,2270,920,1,0,30,0.0,,,,,,,0,0,0,0,0,10,0,0,0,0,,,,0.0,0.0,,,,
Valdezcaray,2024,7,La Rioja,N,1350,2270,920,1,0,31,0.0,,,,,,,0,0,0,0,0,8,0,0,0,0,,,,0.0,0.0,,,,
Valdezcaray,2024,8,La Rioja,N,1350,2270,920,1,0,31,0.0,,,,,,,0,0,0,0,0,9,1,0,0,0,,,,0.0,0.0,,,,
Valdezcaray,2024,9,La Rioja,N,1350,2270,920,1,0,30,0.0,,,,,,,0,0,0,0,0,9,1,0,0,0,,,,0.0,0.0,,,,
Valdezcaray,2024,10,La Rioja,N,1350,2270,920,1,0,31,0.0,,,,,,,0,0,0,0,0,8,1,0,0,31,,,,0.0,0.0,,,,
Valdezcaray,2024,11,La Rioja,N,1350,2270,920,1,0,30,0.0,,,,,,,0,0,0,0,0,9,1,0,0,30,,,,0.0,0.0,,,,
Valdezcaray,2024,12,La Rioja,N,1350,2270,920,1,18,31,0.5806451612903226,6.4,0.5,0.26068376068376065,0.2863534675615212,39.473684210526315,10.0,15,5,0,0,0,9,4,2,0,31,,,,0.0,0.0,,,,
Valdezcaray,2025,1,La Rioja,N,1350,2270,920,1,6,31,0.1935483870967742,0.9,0.26666666666666666,0.06410256410256407,0.04026845637583886,30.0,10.0,2,6,0,0,0,8,2,2,0,31,,,,0.0,0.0,,,,
Valdezcaray,2025,2,La Rioja,N,1350,2270,920,1,28,28,1.0,3.1146428571428575,0.46785714285714286,0.16071428571428567,0.13935762224352824,41.07142857142857,10.0,12,2,0,0,11,8,1,0,0,28,,,,0.0,0.0,,,,
Valdezcaray,2025,3,La Rioja,N,1350,2270,920,1,26,31,0.8387096774193549,5.249615384615385,0.5115384615384616,0.2100591715976331,0.2348821201170194,49.67741935483871,10.0,25,9,0,0,0,10,0,0,0,31,,,,0.0,0.0,,,,
Valdezcaray,2025,4,La Rioja,N,1350,2270,920,1,4,30,0.13333333333333333,4.715,0.44999999999999996,0.16346153846153844,0.21096196868008943,51.666666666666664,10.0,1,0,0,0,6,8,3,0,2,30,,,,0.0,0.0,,,,
Valdezcaray,2025,5,La Rioja,N,1350,2270,920,1,0,31,0.0,,,,,,,0,0,0,0,0,9,2,0,0,31,,,,0.0,0.0,,,,
Valdezcaray,2025,6,La Rioja,N,1350,2270,920,1,0,30,0.0,,,,,,,0,0,0,0,0,9,0,0,0,0,,,,0.0,0.0,,,,
Valdezcaray,2025,7,La Rioja,N,1350,2270,920,1,0,31,0.0,,,,,,,0,0,0,0,0,8,0,0,0,0,,,,0.0,0.0,,,,
Valdezcaray,2025,8,La Rioja,N,1350,2270,920,1,0,31,0.0,,,,,,,0,0,0,0,0,10,1,0,0,0,,,,0.0,0.0,,,,
Valdezcaray,2025,9,La Rioja,N,1350,2270,920,1,0,8,0.0,,,,,,,0,0,0,0,0,2,0,0,0,0,,,,0.0,0.0,,,,
Valgrande-Pajares,2018,1,Asturias,N,1600,1850,250,1,29,30,0.9666666666666667,9.681724137931035,0.4099616858237548,0.46225535880708296,0.4302988505747126,98.16666666666667,49.6551724137931,14,11,0,0,0,8,1,1,0,30,,,,0.0,0.0,,,,
Valgrande-Pajares,2018,2,Asturias,N,1600,1850,250,1,22,26,0.8461538461538461,17.470454545454547,0.5959595959595959,0.8022113022113022,0.7764646464646464,275.96153846153845,175.3846153846154,21,7,0,0,0,7,1,0,0,26,,,,0.0,0.0,,,,
Valgrande-Pajares,2018,3,Asturias,N,1600,1850,250,1,28,29,0.9655172413793104,14.797142857142857,0.6031746031746031,0.7123552123552124,0.6576507936507936,361.37931034482756,150.51724137931035,21,4,0,0,0,8,1,0,1,29,,,,0.0,0.0,,,,
Valgrande-Pajares,2018,4,Asturias,N,1600,1850,250,1,8,29,0.27586206896551724,12.0275,0.5416666666666666,0.6114864864864864,0.5345555555555556,428.75,157.5,2,4,0,0,3,8,1,0,0,29,,,,0.0,0.0,,,,
Valgrande-Pajares,2018,5,Asturias,N,1600,1850,250,1,0,31,0.0,,,,,,,0,0,0,0,0,8,2,0,0,31,,,,0.0,0.0,,,,
Valgrande-Pajares,2018,6,Asturias,N,1600,1850,250,1,0,30,0.0,,,,,,,0,0,0,0,0,9,0,0,0,0,,,,0.0,0.0,,,,
Valgrande-Pajares,2018,7,Asturias,N,1600,1850,250,1,0,31,0.0,,,,,,,0,0,0,0,0,9,0,0,0,0,,,,0.0,0.0,,,,
Valgrande-Pajares,2018,8,Asturias,N,1600,1850,250,1,0,31,0.0,,,,,,,0,0,0,0,0,8,1,0,0,0,,,,0.0,0.0,,,,
Valgrande-Pajares,2018,9,Asturias,N,1600,1850,250,1,0,30,0.0,,,,,,,0,0,0,0,0,10,1,0,0,0,,,,0.0,0.0,,,,
Valgrande-Pajares,2018,10,Asturias,N,1600,1850,250,1,0,31,0.0,,,,,,,0,0,0,0,0,8,1,0,0,31,,,,0.0,0.0,,,,
Valgrande-Pajares,2018,11,Asturias,N,1600,1850,250,1,0,30,0.0,,,,,,,0,0,0,0,0,8,1,0,0,30,,,,0.0,0.0,,,,
Valgrande-Pajares,2018,12,Asturias,N,1600,1850,250,1,0,31,0.0,,,,,,,0,0,0,0,0,10,4,2,0,31,,,,0.0,0.0,,,,
Valgrande-Pajares,2019,1,Asturias,N,1600,1850,250,1,11,31,0.3548387096774194,8.846363636363636,0.4444444444444444,0.47665847665847666,0.3931717171717171,64.54545454545455,35.45454545454545,8,1,0,0,0,8,2,2,0,31,,,,0.0,0.0,,,,
Valgrande-Pajares,2019,2,Asturias,N,1600,1850,250,1,26,28,0.9285714285714286,17.46423076923077,0.6837606837606838,0.7900207900207901,0.7761880341880343,149.03846153846155,50.96153846153846,10,23,0,0,3,8,1,0,0,28,,,,0.0,0.0,,,,
Valgrande-Pajares,2019,3,Asturias,N,1600,1850,250,1,28,29,0.9655172413793104,8.141428571428571,0.4880952380952381,0.4092664092664093,0.3618412698412698,104.28571428571429,18.571428571428573,3,25,0,0,16,9,0,0,0,29,,,,0.0,0.0,,,,
Valgrande-Pajares,2019,4,Asturias,N,1600,1850,250,1,12,29,0.41379310344827586,3.983333333333334,0.2685185185185185,0.19594594594594592,0.177037037037037,77.5,14.0625,3,12,0,0,13,8,3,0,2,29,,,,0.0,0.0,,,,
Valgrande-Pajares,2019,5,Asturias,N,1600,1850,250,1,0,31,0.0,,,,,,,0,0,0,0,0,8,2,0,0,31,,,,0.0,0.0,,,,
Valgrande-Pajares,2019,6,Asturias,N,1600,1850,250,1,0,30,0.0,,,,,,,0,0,0,0,0,10,0,0,0,0,,,,0.0,0.0,,,,
Valgrande-Pajares,2019,7,Asturias,N,1600,1850,250,1,0,31,0.0,,,,,,,0,0,0,0,0,8,0,0,0,0,,,,0.0,0.0,,,,
Valgrande-Pajares,2019,8,Asturias,N,1600,1850,250,1,0,31,0.0,,,,,,,0,0,0,0,0,9,1,0,0,0,,,,0.0,0.0,,,,
Valgrande-Pajares,2019,9,Asturias,N,1600,1850,250,1,0,30,0.0,,,,,,,0,0,0,0,0,9,1,0,0,0,,,,0.0,0.0,,,,
Valgrande-Pajares,2019,10,Asturias,N,1600,1850,250,1,0,31,0.0,,,,,,,0,0,0,0,0,8,1,0,0,31,,,,0.0,0.0,,,,
Valgrande-Pajares,2019,11,Asturias,N,1600,1850,250,1,0,30,0.0,,,,,,,0,0,0,0,0,9,1,0,0,30,,,,0.0,0.0,,,,
Valgrande-Pajares,2019,12,Asturias,N,1600,1850,250,1,17,31,0.5483870967741935,11.07764705882353,0.4901960784313726,0.4912559618441971,0.49233986928104573,80.75,25.15,5,13,0,0,7,9,4,2,0,31,,,,0.0,0.0,,,,
Valgrande-Pajares,2020,1,Asturias,N,1600,1850,250,1,25,31,0.8064516129032258,8.442,0.44888888888888884,0.3989189189189189,0.3752,89.51612903225806,30.161290322580644,10,17,0,0,12,8,2,2,0,31,,,,0.0,0.0,,,,
Valgrande-Pajares,2020,2,Asturias,N,1600,1850,250,1,15,27,0.5555555555555556,3.8899999999999997,0.4222222222222222,0.24504504504504507,0.17288888888888881,78.66666666666667,13.333333333333334,1,7,0,0,10,7,1,0,0,27,,,,0.0,0.0,,,,
Valgrande-Pajares,2020,3,Asturias,N,1600,1850,250,1,0,31,0.0,,,,,,,0,0,0,0,0,9,0,0,0,31,,,,0.0,0.0,,,,
Valgrande-Pajares,2020,4,Asturias,N,1600,1850,250,1,0,30,0.0,,,,,,,0,0,0,0,0,8,3,0,2,30,,,,0.0,0.0,,,,
Valgrande-Pajares,2020,5,Asturias,N,1600,1850,250,1,0,31,0.0,,,,,,,0,0,0,0,0,10,2,0,0,31,,,,0.0,0.0,,,,
Valgrande-Pajares,2020,6,Asturias,N,1600,1850,250,1,0,30,0.0,,,,,,,0,0,0,0,0,8,0,0,0,0,,,,0.0,0.0,,,,
Valgrande-Pajares,2020,7,Asturias,N,1600,1850,250,1,0,31,0.0,,,,,,,0,0,0,0,0,8,0,0,0,0,,,,0.0,0.0,,,,
Valgrande-Pajares,2020,8,Asturias,N,1600,1850,250,1,0,31,0.0,,,,,,,0,0,0,0,0,10,1,0,0,0,,,,0.0,0.0,,,,
Valgrande-Pajares,2020,9,Asturias,N,1600,1850,250,1,0,30,0.0,,,,,,,0,0,0,0,0,8,1,0,0,0,,,,0.0,0.0,,,,
Valgrande-Pajares,2020,10,Asturias,N,1600,1850,250,1,0,31,0.0,,,,,,,0,0,0,0,0,9,1,0,0,31,,,,0.0,0.0,,,,
Valgrande-Pajares,2020,11,Asturias,N,1600,1850,250,1,0,30,0.0,,,,,,,0,0,0,0,0,9,1,0,0,30,,,,0.0,0.0,,,,
Valgrande-Pajares,2020,12,Asturias,N,1600,1850,250,1,0,31,0.0,,,,,,,0,0,0,0,0,8,4,2,0,31,,,,0.0,0.0,,,,
Valgrande-Pajares,2021,1,Asturias,N,1600,1850,250,1,21,30,0.7,15.510476190476192,0.41428571428571426,0.7400257400257401,0.6893544973544974,218.14814814814815,128.7037037037037,17,13,0,0,4,9,2,2,0,30,,,,0.0,0.0,,,,
Valgrande-Pajares,2021,2,Asturias,N,1600,1850,250,1,16,28,0.5714285714285714,9.9675,0.3625,0.46621621621621623,0.443,132.91666666666666,30.416666666666668,9,17,0,0,9,8,1,0,0,28,,,,0.0,0.0,,,,
Valgrande-Pajares,2021,3,Asturias,N,1600,1850,250,1,25,31,0.8064516129032258,4.0451999999999995,0.336,0.21513513513513513,0.17978666666666665,50.76923076923077,21.692307692307693,9,22,0,0,16,8,0,0,0,31,,,,0.0,0.0,,,,
Valgrande-Pajares,2021,4,Asturias,N,1600,1850,250,1,1,30,0.03333333333333333,1.1,0.2,0.081081081081081,0.0488888888888888,30.0,15.0,0,0,0,0,1,8,3,0,2,30,,,,0.0,0.0,,,,
Valgrande-Pajares,2021,5,Asturias,N,1600,1850,250,1,0,31,0.0,,,,,,,0,0,0,0,0,10,2,0,0,31,,,,0.0,0.0,,,,
Valgrande-Pajares,2021,6,Asturias,N,1600,1850,250,1,0,30,0.0,,,,,,,0,0,0,0,0,8,0,0,0,0,,,,0.0,0.0,,,,
Valgrande-Pajares,2021,7,Asturias,N,1600,1850,250,1,0,31,0.0,,,,,,,0,0,0,0,0,9,0,0,0,0,,,,0.0,0.0,,,,
Valgrande-Pajares,2021,8,Asturias,N,1600,1850,250,1,0,31,0.0,,,,,,,0,0,0,0,0,9,1,0,0,0,,,,0.0,0.0,,,,
Valgrande-Pajares,2021,9,Asturias,N,1600,1850,250,1,0,30,0.0,,,,,,,0,0,0,0,0,8,1,0,0,0,,,,0.0,0.0,,,,
Valgrande-Pajares,2021,10,Asturias,N,1600,1850,250,1,0,31,0.0,,,,,,,0,0,0,0,0,10,1,0,0,31,,,,0.0,0.0,,,,
Valgrande-Pajares,2021,11,Asturias,N,1600,1850,250,1,0,30,0.0,,,,,,,0,0,0,0,0,8,1,0,0,30,,,,0.0,0.0,,,,
Valgrande-Pajares,2021,12,Asturias,N,1600,1850,250,1,25,31,0.8064516129032258,11.2276,0.34,0.547027027027027,0.4990044444444445,168.33333333333334,57.77777777777778,16,11,0,0,0,8,4,2,0,31,,,,0.0,0.0,,,,
Valgrande-Pajares,2022,1,Asturias,N,1600,1850,250,1,28,31,0.9032258064516129,5.472857142857143,0.3392857142857143,0.2915057915057915,0.2432380952380952,78.10344827586206,22.413793103448278,23,16,0,0,2,10,2,2,0,31,,,,0.0,0.0,,,,
Valgrande-Pajares,2022,2,Asturias,N,1600,1850,250,1,28,28,1.0,6.980714285714286,0.43928571428571433,0.3832046332046332,0.31025396825396817,88.57142857142857,23.571428571428573,13,22,0,0,7,8,1,0,0,28,,,,0.0,0.0,,,,
Valgrande-Pajares,2022,3,Asturias,N,1600,1850,250,1,25,31,0.8064516129032258,5.6148,0.37200000000000005,0.31027027027027027,0.24954666666666664,123.46153846153847,23.076923076923077,11,6,0,0,3,8,0,0,0,31,,,,0.0,0.0,,,,
Valgrande-Pajares,2022,4,Asturias,N,1600,1850,250,1,11,30,0.36666666666666664,4.219090909090909,0.3,0.23095823095823095,0.18751515151515144,80.0,27.272727272727273,5,6,0,0,6,9,3,0,2,30,,,,0.0,0.0,,,,
Valgrande-Pajares,2022,5,Asturias,N,1600,1850,250,1,0,31,0.0,,,,,,,0,0,0,0,0,9,2,0,0,31,,,,0.0,0.0,,,,
Valgrande-Pajares,2022,6,Asturias,N,1600,1850,250,1,0,30,0.0,,,,,,,0,0,0,0,0,8,0,0,0,0,,,,0.0,0.0,,,,
Valgrande-Pajares,2022,7,Asturias,N,1600,1850,250,1,0,31,0.0,,,,,,,0,0,0,0,0,10,0,0,0,0,,,,0.0,0.0,,,,
Valgrande-Pajares,2022,8,Asturias,N,1600,1850,250,1,0,31,0.0,,,,,,,0,0,0,0,0,8,1,0,0,0,,,,0.0,0.0,,,,
Valgrande-Pajares,2022,9,Asturias,N,1600,1850,250,1,0,30,0.0,,,,,,,0,0,0,0,0,8,1,0,0,0,,,,0.0,0.0,,,,
Valgrande-Pajares,2022,10,Asturias,N,1600,1850,250,1,0,31,0.0,,,,,,,0,0,0,0,0,10,1,0,0,31,,,,0.0,0.0,,,,
Valgrande-Pajares,2022,11,Asturias,N,1600,1850,250,1,0,30,0.0,,,,,,,0,0,0,0,0,8,1,0,0,30,,,,0.0,0.0,,,,
Valgrande-Pajares,2022,12,Asturias,N,1600,1850,250,1,0,31,0.0,,0.1428571428571428,,,,,0,0,0,0,0,9,4,2,0,31,,,,0.0,0.0,,,,
Valgrande-Pajares,2023,1,Asturias,N,1600,1850,250,1,10,31,0.3225806451612903,9.311,0.27678571428571425,0.4131578947368421,0.412356067316209,60.5,36.5,8,5,0,0,0,9,2,2,0,31,,,,0.0,0.0,,,,
Valgrande-Pajares,2023,2,Asturias,N,1600,1850,250,1,28,28,1.0,16.578214285714285,0.6938775510204082,0.7095864661654135,0.734199038339871,89.82142857142857,50.357142857142854,24,18,0,0,4,8,1,0,0,28,,,,0.0,0.0,,,,
Valgrande-Pajares,2023,3,Asturias,N,1600,1850,250,1,14,31,0.45161290322580644,10.054999999999998,0.4841269841269841,0.46616541353383456,0.44530558015943317,84.41176470588235,40.294117647058826,4,7,0,0,13,8,0,0,0,31,,,,0.0,0.0,,,,
Valgrande-Pajares,2023,4,Asturias,N,1600,1850,250,1,0,30,0.0,,0.1428571428571428,,,,,0,0,0,0,0,10,3,0,2,30,,,,0.0,0.0,,,,
Valgrande-Pajares,2023,5,Asturias,N,1600,1850,250,1,0,31,0.0,,,,,,,0,0,0,0,0,8,2,0,0,31,,,,0.0,0.0,,,,
Valgrande-Pajares,2023,6,Asturias,N,1600,1850,250,1,0,30,0.0,,,,,,,0,0,0,0,0,8,0,0,0,0,,,,0.0,0.0,,,,
Valgrande-Pajares,2023,7,Asturias,N,1600,1850,250,1,0,31,0.0,,,,,,,0,0,0,0,0,10,0,0,0,0,,,,0.0,0.0,,,,
Valgrande-Pajares,2023,8,Asturias,N,1600,1850,250,1,0,31,0.0,,,,,,,0,0,0,0,0,8,1,0,0,0,,,,0.0,0.0,,,,
Valgrande-Pajares,2023,9,Asturias,N,1600,1850,250,1,0,30,0.0,,,,,,,0,0,0,0,0,9,1,0,0,0,,,,0.0,0.0,,,,
Valgrande-Pajares,2023,10,Asturias,N,1600,1850,250,1,0,31,0.0,,,,,,,0,0,0,0,0,9,1,0,0,31,,,,0.0,0.0,,,,
Valgrande-Pajares,2023,11,Asturias,N,1600,1850,250,1,0,30,0.0,,,,,,,0,0,0,0,0,8,1,0,0,30,,,,0.0,0.0,,,,
Valgrande-Pajares,2023,12,Asturias,N,1600,1850,250,1,0,31,0.0,,0.1428571428571428,,,,,0,0,0,0,0,10,4,2,0,31,,,,0.0,0.0,,,,
Valgrande-Pajares,2024,1,Asturias,N,1600,1850,250,1,15,31,0.4838709677419355,4.998,0.43697478991596633,0.31228070175438594,0.22134632418069086,49.333333333333336,19.0,7,4,0,0,0,8,2,2,0,31,,,,0.0,0.0,,,,
Valgrande-Pajares,2024,2,Asturias,N,1600,1850,250,1,3,29,0.10344827586206896,4.37,0.22222222222222218,0.18421052631578946,0.1935341009743135,80.0,35.0,3,0,0,0,0,8,1,0,0,29,,,,0.0,0.0,,,,
Valgrande-Pajares,2024,3,Asturias,N,1600,1850,250,1,23,31,0.7419354838709677,7.8078260869565215,0.5654761904761905,0.4107551487414187,0.3457850348519274,66.9047619047619,27.38095238095238,14,3,0,0,6,10,2,0,2,31,,,,0.0,0.0,,,,
Valgrande-Pajares,2024,4,Asturias,N,1600,1850,250,1,2,30,0.06666666666666667,1.17,0.4285714285714285,0.131578947368421,0.0518157661647475,,,2,0,0,0,2,8,1,0,0,30,,,,0.0,0.0,,,,
Valgrande-Pajares,2024,5,Asturias,N,1600,1850,250,1,0,31,0.0,,,,,,,0,0,0,0,0,8,2,0,0,31,,,,0.0,0.0,,,,
Valgrande-Pajares,2024,6,Asturias,N,1600,1850,250,1,0,30,0.0,,,,,,,0,0,0,0,0,10,0,0,0,0,,,,0.0,0.0,,,,
Valgrande-Pajares,2024,7,Asturias,N,1600,1850,250,1,0,31,0.0,,,,,,,0,0,0,0,0,8,0,0,0,0,,,,0.0,0.0,,,,
Valgrande-Pajares,2024,8,Asturias,N,1600,1850,250,1,0,31,0.0,,,,,,,0,0,0,0,0,9,1,0,0,0,,,,0.0,0.0,,,,
Valgrande-Pajares,2024,9,Asturias,N,1600,1850,250,1,0,30,0.0,,,,,,,0,0,0,0,0,9,1,0,0,0,,,,0.0,0.0,,,,
Valgrande-Pajares,2024,10,Asturias,N,1600,1850,250,1,0,31,0.0,,,,,,,0,0,0,0,0,8,1,0,0,31,,,,0.0,0.0,,,,
Valgrande-Pajares,2024,11,Asturias,N,1600,1850,250,1,0,30,0.0,,,,,,,0,0,0,0,0,9,1,0,0,30,,,,0.0,0.0,,,,
Valgrande-Pajares,2024,12,Asturias,N,1600,1850,250,1,20,31,0.6451612903225806,11.595789473684212,0.5571428571428572,0.48157894736842105,0.5135424921915063,41.75,22.5,8,1,0,0,0,9,4,2,0,31,,,,0.0,0.0,,,,
Valgrande-Pajares,2025,1,Asturias,N,1600,1850,250,1,5,31,0.16129032258064516,2.48,0.3428571428571428,0.1578947368421052,0.10983170947741364,30.0,10.0,0,0,0,0,0,8,2,2,0,31,,,,0.0,0.0,,,,
Valgrande-Pajares,2025,2,Asturias,N,1600,1850,250,1,19,28,0.6785714285714286,3.6757894736842105,0.4436090225563909,0.23545706371191133,0.16278961353783036,26.25,12.1875,2,4,0,0,0,8,1,0,0,28,,,,0.0,0.0,,,,
Valgrande-Pajares,2025,3,Asturias,N,1600,1850,250,1,5,31,0.16129032258064516,2.84,0.3428571428571428,0.1842105263157894,0.12577502214348976,21.0,11.0,4,0,0,0,0,10,0,0,0,31,,,,0.0,0.0,,,,
Valgrande-Pajares,2025,4,Asturias,N,1600,1850,250,1,0,30,0.0,,,,,,,0,0,0,0,0,8,3,0,2,30,,,,0.0,0.0,,,,
Valgrande-Pajares,2025,5,Asturias,N,1600,1850,250,1,0,31,0.0,,,,,,,0,0,0,0,0,9,2,0,0,31,,,,0.0,0.0,,,,
Valgrande-Pajares,2025,6,Asturias,N,1600,1850,250,1,0,30,0.0,,,,,,,0,0,0,0,0,9,0,0,0,0,,,,0.0,0.0,,,,
Valgrande-Pajares,2025,7,Asturias,N,1600,1850,250,1,0,31,0.0,,,,,,,0,0,0,0,0,8,0,0,0,0,,,,0.0,0.0,,,,
Valgrande-Pajares,2025,8,Asturias,N,1600,1850,250,1,0,31,0.0,,,,,,,0,0,0,0,0,10,1,0,0,0,,,,0.0,0.0,,,,
Valgrande-Pajares,2025,9,Asturias,N,1600,1850,250,1,0,8,0.0,,,,,,,0,0,0,0,0,2,0,0,0,0,,,,0.0,0.0,,,,
Vall de Nuria,2018,1,Cataluña,N,1964,2252,288,1,29,29,1.0,5.758620689655173,0.9448275862068966,0.7147335423197492,0.7577132486388386,82.41379310344827,57.241379310344826,22,0,0,0,0,7,1,1,0,29,,,,0.0,0.0,,,,
Vall de Nuria,2018,2,Cataluña,N,1964,2252,288,1,23,27,0.8518518518518519,6.782608695652174,0.9304347826086956,0.8616600790513835,0.8924485125858124,199.25925925925927,134.07407407407408,23,4,0,0,0,7,1,0,0,27,,,,0.0,0.0,,,,
Vall de Nuria,2018,3,Cataluña,N,1964,2252,288,1,28,29,0.9655172413793104,7.392857142857143,0.9714285714285714,0.9350649350649352,0.9727443609022556,228.6206896551724,128.6206896551724,17,6,0,0,8,8,1,0,1,29,,,,0.0,0.0,,,,
Vall de Nuria,2018,4,Cataluña,N,1964,2252,288,1,3,29,0.10344827586206896,7.666666666666667,1.0,0.9393939393939394,1.0087719298245614,205.0,105.0,0,0,0,0,8,8,1,0,0,29,,,,0.0,0.0,,,,
Vall de Nuria,2018,5,Cataluña,N,1964,2252,288,1,0,31,0.0,,,,,,,0,0,0,0,0,8,2,0,0,31,,,,0.0,0.0,,,,
Vall de Nuria,2018,6,Cataluña,N,1964,2252,288,1,0,30,0.0,,,,,,,0,0,0,0,0,9,0,0,0,0,,,,0.0,0.0,,,,
Vall de Nuria,2018,7,Cataluña,N,1964,2252,288,1,0,31,0.0,,,,,,,0,0,0,0,0,9,0,0,0,0,,,,0.0,0.0,,,,
Vall de Nuria,2018,8,Cataluña,N,1964,2252,288,1,0,31,0.0,,,,,,,0,0,0,0,0,8,1,0,0,0,,,,0.0,0.0,,,,
Vall de Nuria,2018,9,Cataluña,N,1964,2252,288,1,0,30,0.0,,,,,,,0,0,0,0,0,10,1,0,0,0,,,,0.0,0.0,,,,
Vall de Nuria,2018,10,Cataluña,N,1964,2252,288,1,0,31,0.0,,,,,,,0,0,0,0,0,8,1,0,0,31,,,,0.0,0.0,,,,
Vall de Nuria,2018,11,Cataluña,N,1964,2252,288,1,0,30,0.0,,,,,,,0,0,0,0,0,8,1,0,0,30,,,,0.0,0.0,,,,
Vall de Nuria,2018,12,Cataluña,N,1964,2252,288,1,20,31,0.6451612903225806,2.9,0.95,0.359090909090909,0.381578947368421,30.0,20.0,20,12,0,0,0,10,4,2,0,31,,,,0.0,0.0,,,,
Vall de Nuria,2019,1,Cataluña,N,1964,2252,288,1,30,31,0.967741935483871,3.7,0.88,0.4606060606060606,0.48684210526315785,40.0,25.833333333333332,31,22,0,0,0,8,2,2,0,31,,,,0.0,0.0,,,,
Vall de Nuria,2019,2,Cataluña,N,1964,2252,288,1,27,28,0.9642857142857143,6.777777777777778,0.9851851851851853,0.797979797979798,0.8918128654970763,67.5,42.5,26,18,0,0,2,8,1,0,0,28,,,,0.0,0.0,,,,
Vall de Nuria,2019,3,Cataluña,N,1964,2252,288,1,25,29,0.8620689655172413,5.36,0.9840000000000001,0.6363636363636364,0.7052631578947368,70.8,38.4,3,3,0,0,22,9,0,0,0,29,,,,0.0,0.0,,,,
Vall de Nuria,2019,4,Cataluña,N,1964,2252,288,1,0,29,0.0,,,,,,,0,0,0,0,0,8,3,0,2,29,,,,0.0,0.0,,,,
Vall de Nuria,2019,5,Cataluña,N,1964,2252,288,1,0,31,0.0,,,,,,,0,0,0,0,0,8,2,0,0,31,,,,0.0,0.0,,,,
Vall de Nuria,2019,6,Cataluña,N,1964,2252,288,1,0,30,0.0,,,,,,,0,0,0,0,0,10,0,0,0,0,,,,0.0,0.0,,,,
Vall de Nuria,2019,7,Cataluña,N,1964,2252,288,1,0,31,0.0,,,,,,,0,0,0,0,0,8,0,0,0,0,,,,0.0,0.0,,,,
Vall de Nuria,2019,8,Cataluña,N,1964,2252,288,1,0,31,0.0,,,,,,,0,0,0,0,0,9,1,0,0,0,,,,0.0,0.0,,,,
Vall de Nuria,2019,9,Cataluña,N,1964,2252,288,1,0,30,0.0,,,,,,,0,0,0,0,0,9,1,0,0,0,,,,0.0,0.0,,,,
Vall de Nuria,2019,10,Cataluña,N,1964,2252,288,1,0,31,0.0,,,,,,,0,0,0,0,0,8,1,0,0,31,,,,0.0,0.0,,,,
Vall de Nuria,2019,11,Cataluña,N,1964,2252,288,1,1,30,0.03333333333333333,1.0,0.6,0.2727272727272727,0.131578947368421,40.0,30.0,1,0,0,0,0,9,1,0,0,30,,,,0.0,0.0,,,,
Vall de Nuria,2019,12,Cataluña,N,1964,2252,288,1,21,31,0.6774193548387096,3.4285714285714284,0.7047619047619048,0.4458874458874459,0.45112781954887216,40.0,30.0,6,2,0,0,2,9,4,2,0,31,,,,0.0,0.0,,,,
Vall de Nuria,2020,1,Cataluña,N,1964,2252,288,1,28,31,0.9032258064516129,4.678571428571429,0.7642857142857143,0.5292207792207791,0.6156015037593985,79.03225806451613,55.16129032258065,29,11,0,0,2,8,2,2,0,31,,,,0.0,0.0,,,,
Vall de Nuria,2020,2,Cataluña,N,1964,2252,288,1,27,27,1.0,5.7407407407407405,0.8222222222222223,0.7171717171717171,0.7553606237816765,136.2962962962963,68.88888888888889,10,7,0,0,13,7,1,0,0,27,,,,0.0,0.0,,,,
Vall de Nuria,2020,3,Cataluña,N,1964,2252,288,1,13,31,0.41935483870967744,5.153846153846154,0.9076923076923078,0.6993006993006994,0.6781376518218625,110.0,50.0,6,4,0,0,7,9,0,0,0,31,,,,0.0,0.0,,,,
Vall de Nuria,2020,4,Cataluña,N,1964,2252,288,1,0,30,0.0,,,,,,,0,0,0,0,0,8,3,0,2,30,,,,0.0,0.0,,,,
Vall de Nuria,2020,5,Cataluña,N,1964,2252,288,1,0,31,0.0,,,,,,,0,0,0,0,0,10,2,0,0,31,,,,0.0,0.0,,,,
Vall de Nuria,2020,6,Cataluña,N,1964,2252,288,1,0,30,0.0,,,,,,,0,0,0,0,0,8,0,0,0,0,,,,0.0,0.0,,,,
Vall de Nuria,2020,7,Cataluña,N,1964,2252,288,1,0,31,0.0,,,,,,,0,0,0,0,0,8,0,0,0,0,,,,0.0,0.0,,,,
Vall de Nuria,2020,8,Cataluña,N,1964,2252,288,1,0,31,0.0,,,,,,,0,0,0,0,0,10,1,0,0,0,,,,0.0,0.0,,,,
Vall de Nuria,2020,9,Cataluña,N,1964,2252,288,1,0,30,0.0,,,,,,,0,0,0,0,0,8,1,0,0,0,,,,0.0,0.0,,,,
Vall de Nuria,2020,10,Cataluña,N,1964,2252,288,1,0,31,0.0,,,,,,,0,0,0,0,0,9,1,0,0,31,,,,0.0,0.0,,,,
Vall de Nuria,2020,11,Cataluña,N,1964,2252,288,1,0,30,0.0,,,,,,,0,0,0,0,0,9,1,0,0,30,,,,0.0,0.0,,,,
Vall de Nuria,2020,12,Cataluña,N,1964,2252,288,1,17,31,0.5483870967741935,2.9411764705882355,0.7647058823529411,0.3636363636363636,0.3869969040247677,66.47058823529412,36.470588235294116,17,6,0,0,0,8,4,2,0,31,,,,0.0,0.0,,,,
Vall de Nuria,2021,1,Cataluña,N,1964,2252,288,1,29,31,0.9354838709677419,3.7241379310344827,0.6571428571428571,0.4294670846394984,0.4900181488203266,96.89655172413794,56.89655172413793,29,9,0,0,0,10,2,2,0,31,,,,0.0,0.0,,,,
Vall de Nuria,2021,2,Cataluña,N,1964,2252,288,1,28,28,1.0,5.285714285714286,0.5928571428571427,0.5714285714285714,0.6954887218045113,89.64285714285714,49.642857142857146,14,12,0,0,3,8,1,0,0,28,,,,0.0,0.0,,,,
Vall de Nuria,2021,3,Cataluña,N,1964,2252,288,1,31,31,1.0,5.064516129032258,0.6967741935483871,0.5571847507331379,0.666383701188455,71.61290322580645,31.612903225806452,5,5,0,0,25,8,0,0,0,31,,,,0.0,0.0,,,,
Vall de Nuria,2021,4,Cataluña,N,1964,2252,288,1,4,30,0.13333333333333333,3.0,0.52,0.2727272727272727,0.3947368421052631,60.0,20.0,0,0,0,0,4,8,3,0,2,30,,,,0.0,0.0,,,,
Vall de Nuria,2021,5,Cataluña,N,1964,2252,288,1,0,31,0.0,,,,,,,0,0,0,0,0,10,2,0,0,31,,,,0.0,0.0,,,,
Vall de Nuria,2021,6,Cataluña,N,1964,2252,288,1,0,30,0.0,,,,,,,0,0,0,0,0,8,0,0,0,0,,,,0.0,0.0,,,,
Vall de Nuria,2021,7,Cataluña,N,1964,2252,288,1,0,31,0.0,,,,,,,0,0,0,0,0,9,0,0,0,0,,,,0.0,0.0,,,,
Vall de Nuria,2021,8,Cataluña,N,1964,2252,288,1,0,31,0.0,,,,,,,0,0,0,0,0,9,1,0,0,0,,,,0.0,0.0,,,,
Vall de Nuria,2021,9,Cataluña,N,1964,2252,288,1,0,30,0.0,,,,,,,0,0,0,0,0,8,1,0,0,0,,,,0.0,0.0,,,,
Vall de Nuria,2021,10,Cataluña,N,1964,2252,288,1,0,31,0.0,,,,,,,0,0,0,0,0,10,1,0,0,31,,,,0.0,0.0,,,,
Vall de Nuria,2021,11,Cataluña,N,1964,2252,288,1,0,30,0.0,,,,,,,0,0,0,0,0,8,1,0,0,30,,,,0.0,0.0,,,,
Vall de Nuria,2021,12,Cataluña,N,1964,2252,288,1,17,31,0.5483870967741935,5.470588235294118,0.75,0.5935828877005347,0.7198142414860681,59.54545454545455,34.09090909090909,15,0,0,0,0,8,4,2,0,31,,,,0.0,0.0,,,,
Vall de Nuria,2022,1,Cataluña,N,1964,2252,288,1,31,31,1.0,5.225806451612903,0.9225806451612903,0.6187683284457478,0.6876061120543294,80.96774193548387,37.74193548387097,24,5,0,0,0,10,2,2,0,31,,,,0.0,0.0,,,,
Vall de Nuria,2022,2,Cataluña,N,1964,2252,288,1,27,28,0.9642857142857143,5.555555555555555,0.9259259259259259,0.686868686868687,0.7309941520467838,95.35714285714286,46.42857142857143,12,9,0,0,4,8,1,0,0,28,,,,0.0,0.0,,,,
Vall de Nuria,2022,3,Cataluña,N,1964,2252,288,1,22,31,0.7096774193548387,6.318181818181818,0.8142857142857143,0.756198347107438,0.8313397129186604,85.0,44.54545454545455,8,5,0,0,3,8,0,0,0,31,,,,0.0,0.0,,,,
Vall de Nuria,2022,4,Cataluña,N,1964,2252,288,1,10,30,0.3333333333333333,4.7,0.6266666666666667,0.5454545454545454,0.618421052631579,80.9090909090909,38.18181818181818,1,0,0,0,10,9,3,0,2,30,,,,0.0,0.0,,,,
Vall de Nuria,2022,5,Cataluña,N,1964,2252,288,1,0,31,0.0,,,,,,,0,0,0,0,0,9,2,0,0,31,,,,0.0,0.0,,,,
Vall de Nuria,2022,6,Cataluña,N,1964,2252,288,1,0,30,0.0,,,,,,,0,0,0,0,0,8,0,0,0,0,,,,0.0,0.0,,,,
Vall de Nuria,2022,7,Cataluña,N,1964,2252,288,1,0,31,0.0,,,,,,,0,0,0,0,0,10,0,0,0,0,,,,0.0,0.0,,,,
Vall de Nuria,2022,8,Cataluña,N,1964,2252,288,1,0,31,0.0,,,,,,,0,0,0,0,0,8,1,0,0,0,,,,0.0,0.0,,,,
Vall de Nuria,2022,9,Cataluña,N,1964,2252,288,1,0,30,0.0,,,,,,,0,0,0,0,0,8,1,0,0,0,,,,0.0,0.0,,,,
Vall de Nuria,2022,10,Cataluña,N,1964,2252,288,1,0,31,0.0,,,,,,,0,0,0,0,0,10,1,0,0,31,,,,0.0,0.0,,,,
Vall de Nuria,2022,11,Cataluña,N,1964,2252,288,1,0,30,0.0,,,,,,,0,0,0,0,0,8,1,0,0,30,,,,0.0,0.0,,,,
Vall de Nuria,2022,12,Cataluña,N,1964,2252,288,1,21,31,0.6774193548387096,4.428571428571429,0.6802721088435375,0.5064935064935066,0.5535714285714286,40.0,20.0,19,16,0,0,10,9,4,2,0,31,,,,0.0,0.0,,,,
Vall de Nuria,2023,1,Cataluña,N,1964,2252,288,1,30,31,0.967741935483871,4.733333333333333,0.6428571428571428,0.5545454545454546,0.5916666666666667,51.935483870967744,30.0,21,22,0,0,9,9,2,2,0,31,,,,0.0,0.0,,,,
Vall de Nuria,2023,2,Cataluña,N,1964,2252,288,1,28,28,1.0,6.392857142857143,0.6683673469387755,0.7564935064935066,0.7991071428571429,80.0,50.0,27,0,0,0,0,8,1,0,0,28,,,,0.0,0.0,,,,
Vall de Nuria,2023,3,Cataluña,N,1964,2252,288,1,31,31,1.0,5.806451612903226,0.6774193548387096,0.6627565982404693,0.7258064516129032,73.2258064516129,49.354838709677416,8,0,0,0,23,8,0,0,0,31,,,,0.0,0.0,,,,
Vall de Nuria,2023,4,Cataluña,N,1964,2252,288,1,9,30,0.3,4.0,0.6666666666666666,0.4545454545454544,0.5,50.0,30.0,0,0,0,0,9,10,3,0,2,30,,,,0.0,0.0,,,,
Vall de Nuria,2023,5,Cataluña,N,1964,2252,288,1,0,31,0.0,,,,,,,0,0,0,0,0,8,2,0,0,31,,,,0.0,0.0,,,,
Vall de Nuria,2023,6,Cataluña,N,1964,2252,288,1,0,30,0.0,,,,,,,0,0,0,0,0,8,0,0,0,0,,,,0.0,0.0,,,,
Vall de Nuria,2023,7,Cataluña,N,1964,2252,288,1,0,31,0.0,,,,,,,0,0,0,0,0,10,0,0,0,0,,,,0.0,0.0,,,,
Vall de Nuria,2023,8,Cataluña,N,1964,2252,288,1,0,31,0.0,,,,,,,0,0,0,0,0,8,1,0,0,0,,,,0.0,0.0,,,,
Vall de Nuria,2023,9,Cataluña,N,1964,2252,288,1,0,30,0.0,,,,,,,0,0,0,0,0,9,1,0,0,0,,,,0.0,0.0,,,,
Vall de Nuria,2023,10,Cataluña,N,1964,2252,288,1,0,31,0.0,,,,,,,0,0,0,0,0,9,1,0,0,31,,,,0.0,0.0,,,,
Vall de Nuria,2023,11,Cataluña,N,1964,2252,288,1,0,30,0.0,,,,,,,0,0,0,0,0,8,1,0,0,30,,,,0.0,0.0,,,,
Vall de Nuria,2023,12,Cataluña,N,1964,2252,288,1,19,31,0.6129032258064516,2.3684210526315788,0.5793103448275863,0.33492822966507174,0.29605263157894735,16.842105263157894,13.68421052631579,19,7,0,0,0,10,4,2,0,31,,,,0.0,0.0,,,,
Vall de Nuria,2024,1,Cataluña,N,1964,2252,288,1,30,31,0.967741935483871,3.8,0.92,0.4454545454545454,0.475,38.54838709677419,29.35483870967742,23,16,0,0,7,8,2,2,0,31,,,,0.0,0.0,,,,
Vall de Nuria,2024,2,Cataluña,N,1964,2252,288,1,29,29,1.0,4.586206896551724,0.9586206896551724,0.5172413793103448,0.5732758620689655,41.03448275862069,30.689655172413794,11,11,0,0,15,8,1,0,0,29,,,,0.0,0.0,,,,
Vall de Nuria,2024,3,Cataluña,N,1964,2252,288,1,31,31,1.0,5.032258064516129,0.9741935483870967,0.5601173020527859,0.6290322580645161,65.48387096774194,45.483870967741936,16,9,0,0,11,10,2,0,2,31,,,,0.0,0.0,,,,
Vall de Nuria,2024,4,Cataluña,N,1964,2252,288,1,0,30,0.0,,,,,,,0,0,0,0,0,8,1,0,0,30,,,,0.0,0.0,,,,
Vall de Nuria,2024,5,Cataluña,N,1964,2252,288,1,0,31,0.0,,,,,,,0,0,0,0,0,8,2,0,0,31,,,,0.0,0.0,,,,
Vall de Nuria,2024,6,Cataluña,N,1964,2252,288,1,0,30,0.0,,,,,,,0,0,0,0,0,10,0,0,0,0,,,,0.0,0.0,,,,
Vall de Nuria,2024,7,Cataluña,N,1964,2252,288,1,0,31,0.0,,,,,,,0,0,0,0,0,8,0,0,0,0,,,,0.0,0.0,,,,
Vall de Nuria,2024,8,Cataluña,N,1964,2252,288,1,0,31,0.0,,,,,,,0,0,0,0,0,9,1,0,0,0,,,,0.0,0.0,,,,
Vall de Nuria,2024,9,Cataluña,N,1964,2252,288,1,0,30,0.0,,,,,,,0,0,0,0,0,9,1,0,0,0,,,,0.0,0.0,,,,
Vall de Nuria,2024,10,Cataluña,N,1964,2252,288,1,0,31,0.0,,,,,,,0,0,0,0,0,8,1,0,0,31,,,,0.0,0.0,,,,
Vall de Nuria,2024,11,Cataluña,N,1964,2252,288,1,0,30,0.0,,,,,,,0,0,0,0,0,9,1,0,0,30,,,,0.0,0.0,,,,
Vall de Nuria,2024,12,Cataluña,N,1964,2252,288,1,12,31,0.3870967741935484,4.0,0.6095238095238096,0.47727272727272724,0.5,34.166666666666664,20.0,17,9,0,0,0,9,4,2,0,31,,,,0.0,0.0,,,,
Vall de Nuria,2025,1,Cataluña,N,1964,2252,288,1,31,31,1.0,5.935483870967742,0.967741935483871,0.6744868035190617,0.7419354838709677,52.58064516129032,32.58064516129032,25,15,0,0,4,8,2,2,0,31,,,,0.0,0.0,,,,
Vall de Nuria,2025,2,Cataluña,N,1964,2252,288,1,28,28,1.0,6.892857142857143,1.0,0.8019480519480521,0.8616071428571429,70.0,50.0,16,27,0,0,12,8,1,0,0,28,,,,0.0,0.0,,,,
Vall de Nuria,2025,3,Cataluña,N,1964,2252,288,1,29,31,0.9354838709677419,6.931034482758621,0.9655172413793104,0.8401253918495297,0.8663793103448276,77.74193548387096,57.74193548387097,18,10,0,0,5,10,0,0,0,31,,,,0.0,0.0,,,,
Vall de Nuria,2025,4,Cataluña,N,1964,2252,288,1,11,30,0.36666666666666664,6.181818181818182,0.64,0.7272727272727273,0.7727272727272727,81.0,65.5,0,0,0,0,20,8,3,0,2,30,,,,0.0,0.0,,,,
Vall de Nuria,2025,5,Cataluña,N,1964,2252,288,1,0,31,0.0,,,,,,,0,0,0,0,0,9,2,0,0,31,,,,0.0,0.0,,,,
Vall de Nuria,2025,6,Cataluña,N,1964,2252,288,1,0,30,0.0,,,,,,,0,0,0,0,0,9,0,0,0,0,,,,0.0,0.0,,,,
Vall de Nuria,2025,7,Cataluña,N,1964,2252,288,1,0,31,0.0,,,,,,,0,0,0,0,0,8,0,0,0,0,,,,0.0,0.0,,,,
Vall de Nuria,2025,8,Cataluña,N,1964,2252,288,1,0,31,0.0,,,,,,,0,0,0,0,0,10,1,0,0,0,,,,0.0,0.0,,,,
Vall de Nuria,2025,9,Cataluña,N,1964,2252,288,1,0,8,0.0,,,,,,,0,0,0,0,0,2,0,0,0,0,,,,0.0,0.0,,,,
Valle Laciana - Leitariegos,2018,1,Castilla y León,N,1520,1925,405,1,22,30,0.7333333333333333,3.321818181818182,0.6477272727272727,0.43706293706293703,0.40021905805038327,35.416666666666664,13.958333333333334,13,9,0,0,3,8,1,1,0,30,,,,0.0,0.0,,,,
Valle Laciana - Leitariegos,2018,2,Castilla y León,N,1520,1925,405,1,23,27,0.8518518518518519,6.752173913043479,0.7717391304347826,0.8060200668896321,0.8135149292823468,163.33333333333334,44.583333333333336,11,14,0,0,0,7,1,0,0,27,,,,0.0,0.0,,,,
Valle Laciana - Leitariegos,2018,3,Castilla y León,N,1520,1925,405,1,25,29,0.8620689655172413,6.6636,0.76,0.8061538461538461,0.8028433734939759,232.0,66.0,19,5,0,0,0,8,1,0,1,29,,,,0.0,0.0,,,,
Valle Laciana - Leitariegos,2018,4,Castilla y León,N,1520,1925,405,1,12,29,0.41379310344827586,6.420000000000001,0.7604166666666666,0.7756410256410257,0.7734939759036145,275.0,87.5,0,1,0,0,7,8,1,0,0,29,,,,0.0,0.0,,,,
Valle Laciana - Leitariegos,2018,5,Castilla y León,N,1520,1925,405,1,0,31,0.0,,,,,,,0,0,0,0,0,8,2,0,0,31,,,,0.0,0.0,,,,
Valle Laciana - Leitariegos,2018,6,Castilla y León,N,1520,1925,405,1,0,30,0.0,,,,,,,0,0,0,0,0,9,0,0,0,0,,,,0.0,0.0,,,,
Valle Laciana - Leitariegos,2018,7,Castilla y León,N,1520,1925,405,1,0,31,0.0,,,,,,,0,0,0,0,0,9,0,0,0,0,,,,0.0,0.0,,,,
Valle Laciana - Leitariegos,2018,8,Castilla y León,N,1520,1925,405,1,0,31,0.0,,,,,,,0,0,0,0,0,8,1,0,0,0,,,,0.0,0.0,,,,
Valle Laciana - Leitariegos,2018,9,Castilla y León,N,1520,1925,405,1,0,30,0.0,,,,,,,0,0,0,0,0,10,1,0,0,0,,,,0.0,0.0,,,,
Valle Laciana - Leitariegos,2018,10,Castilla y León,N,1520,1925,405,1,0,31,0.0,,,,,,,0,0,0,0,0,8,1,0,0,31,,,,0.0,0.0,,,,
Valle Laciana - Leitariegos,2018,11,Castilla y León,N,1520,1925,405,1,0,30,0.0,,,,,,,0,0,0,0,0,8,1,0,0,30,,,,0.0,0.0,,,,
Valle Laciana - Leitariegos,2018,12,Castilla y León,N,1520,1925,405,1,0,31,0.0,,,,,,,0,0,0,0,0,10,4,2,0,31,,,,0.0,0.0,,,,
Valle Laciana - Leitariegos,2019,1,Castilla y León,N,1520,1925,405,1,6,31,0.1935483870967742,3.1016666666666666,0.6666666666666666,0.4615384615384615,0.3877083333333333,46.666666666666664,20.0,3,1,0,0,0,8,2,2,0,31,,,,0.0,0.0,,,,
Valle Laciana - Leitariegos,2019,2,Castilla y León,N,1520,1925,405,1,25,27,0.9259259259259259,7.106800000000001,0.805,0.8369230769230769,0.8883500000000001,127.6,39.6,9,9,0,0,13,7,1,0,0,27,,,,0.0,0.0,,,,
Valle Laciana - Leitariegos,2019,3,Castilla y León,N,1520,1925,405,1,29,29,1.0,3.8386206896551727,0.6939655172413793,0.519893899204244,0.4798275862068966,76.20689655172414,28.275862068965516,6,9,0,0,18,9,0,0,0,29,,,,0.0,0.0,,,,
Valle Laciana - Leitariegos,2019,4,Castilla y León,N,1520,1925,405,1,15,29,0.5172413793103449,2.48,0.65,0.39999999999999997,0.31,52.666666666666664,22.666666666666668,8,1,0,0,7,8,3,0,2,29,,,,0.0,0.0,,,,
Valle Laciana - Leitariegos,2019,5,Castilla y León,N,1520,1925,405,1,0,31,0.0,,,,,,,0,0,0,0,0,8,2,0,0,31,,,,0.0,0.0,,,,
Valle Laciana - Leitariegos,2019,6,Castilla y León,N,1520,1925,405,1,0,30,0.0,,,,,,,0,0,0,0,0,10,0,0,0,0,,,,0.0,0.0,,,,
Valle Laciana - Leitariegos,2019,7,Castilla y León,N,1520,1925,405,1,0,31,0.0,,,,,,,0,0,0,0,0,8,0,0,0,0,,,,0.0,0.0,,,,
Valle Laciana - Leitariegos,2019,8,Castilla y León,N,1520,1925,405,1,0,31,0.0,,,,,,,0,0,0,0,0,9,1,0,0,0,,,,0.0,0.0,,,,
Valle Laciana - Leitariegos,2019,9,Castilla y León,N,1520,1925,405,1,0,30,0.0,,,,,,,0,0,0,0,0,9,1,0,0,0,,,,0.0,0.0,,,,
Valle Laciana - Leitariegos,2019,10,Castilla y León,N,1520,1925,405,1,0,31,0.0,,,,,,,0,0,0,0,0,8,1,0,0,31,,,,0.0,0.0,,,,
Valle Laciana - Leitariegos,2019,11,Castilla y León,N,1520,1925,405,1,2,30,0.06666666666666667,0.95,0.5,0.2307692307692307,0.11875,45.0,20.0,0,1,0,0,0,9,1,0,0,30,,,,0.0,0.0,,,,
Valle Laciana - Leitariegos,2019,12,Castilla y León,N,1520,1925,405,1,27,31,0.8709677419354839,2.5677777777777777,0.5925925925925926,0.3874643874643874,0.3209722222222222,45.714285714285715,21.071428571428573,12,17,0,0,2,9,4,2,0,31,,,,0.0,0.0,,,,
Valle Laciana - Leitariegos,2020,1,Castilla y León,N,1520,1925,405,1,29,31,0.9354838709677419,2.7479310344827583,0.6120689655172413,0.4111405835543766,0.3434913793103448,43.44827586206897,20.689655172413794,9,20,0,0,0,8,2,2,0,31,,,,0.0,0.0,,,,
Valle Laciana - Leitariegos,2020,2,Castilla y León,N,1520,1925,405,1,9,27,0.3333333333333333,1.8522222222222224,0.625,0.3162393162393162,0.2315277777777778,41.111111111111114,18.88888888888889,0,5,0,0,0,7,1,0,0,27,,,,0.0,0.0,,,,
Valle Laciana - Leitariegos,2020,3,Castilla y León,N,1520,1925,405,1,0,31,0.0,,,,,,,0,0,0,0,0,9,0,0,0,31,,,,0.0,0.0,,,,
Valle Laciana - Leitariegos,2020,4,Castilla y León,N,1520,1925,405,1,0,30,0.0,,,,,,,0,0,0,0,0,8,3,0,2,30,,,,0.0,0.0,,,,
Valle Laciana - Leitariegos,2020,5,Castilla y León,N,1520,1925,405,1,0,31,0.0,,,,,,,0,0,0,0,0,10,2,0,0,31,,,,0.0,0.0,,,,
Valle Laciana - Leitariegos,2020,6,Castilla y León,N,1520,1925,405,1,0,30,0.0,,,,,,,0,0,0,0,0,8,0,0,0,0,,,,0.0,0.0,,,,
Valle Laciana - Leitariegos,2020,7,Castilla y León,N,1520,1925,405,1,0,31,0.0,,,,,,,0,0,0,0,0,8,0,0,0,0,,,,0.0,0.0,,,,
Valle Laciana - Leitariegos,2020,8,Castilla y León,N,1520,1925,405,1,0,31,0.0,,,,,,,0,0,0,0,0,10,1,0,0,0,,,,0.0,0.0,,,,
Valle Laciana - Leitariegos,2020,9,Castilla y León,N,1520,1925,405,1,0,30,0.0,,,,,,,0,0,0,0,0,8,1,0,0,0,,,,0.0,0.0,,,,
Valle Laciana - Leitariegos,2020,10,Castilla y León,N,1520,1925,405,1,0,31,0.0,,,,,,,0,0,0,0,0,9,1,0,0,31,,,,0.0,0.0,,,,
Valle Laciana - Leitariegos,2020,11,Castilla y León,N,1520,1925,405,1,0,30,0.0,,,,,,,0,0,0,0,0,9,1,0,0,30,,,,0.0,0.0,,,,
Valle Laciana - Leitariegos,2020,12,Castilla y León,N,1520,1925,405,1,5,31,0.16129032258064516,3.944,0.65,0.5230769230769231,0.478060606060606,66.0,24.0,4,3,0,0,0,8,4,2,0,31,,,,0.0,0.0,,,,
Valle Laciana - Leitariegos,2021,1,Castilla y León,N,1520,1925,405,1,26,30,0.8666666666666667,6.912692307692309,0.7980769230769231,0.8165680473372781,0.837902097902098,142.5,37.142857142857146,18,18,0,0,0,9,2,2,0,30,,,,0.0,0.0,,,,
Valle Laciana - Leitariegos,2021,2,Castilla y León,N,1520,1925,405,1,26,28,0.9285714285714286,3.099615384615385,0.6105769230769231,0.43491124260355024,0.3757109557109557,68.14814814814815,29.25925925925926,9,17,0,0,3,8,1,0,0,28,,,,0.0,0.0,,,,
Valle Laciana - Leitariegos,2021,3,Castilla y León,N,1520,1925,405,1,31,31,1.0,2.426774193548387,0.625,0.37965260545905705,0.2941544477028348,48.38709677419355,27.741935483870968,3,7,0,0,21,8,0,0,0,31,,,,0.0,0.0,,,,
Valle Laciana - Leitariegos,2021,4,Castilla y León,N,1520,1925,405,1,2,30,0.06666666666666667,1.78,0.625,0.3076923076923077,0.2157575757575757,35.0,15.0,0,0,0,0,2,8,3,0,2,30,,,,0.0,0.0,,,,
Valle Laciana - Leitariegos,2021,5,Castilla y León,N,1520,1925,405,1,0,31,0.0,,,,,,,0,0,0,0,0,10,2,0,0,31,,,,0.0,0.0,,,,
Valle Laciana - Leitariegos,2021,6,Castilla y León,N,1520,1925,405,1,0,30,0.0,,,,,,,0,0,0,0,0,8,0,0,0,0,,,,0.0,0.0,,,,
Valle Laciana - Leitariegos,2021,7,Castilla y León,N,1520,1925,405,1,0,31,0.0,,,,,,,0,0,0,0,0,9,0,0,0,0,,,,0.0,0.0,,,,
Valle Laciana - Leitariegos,2021,8,Castilla y León,N,1520,1925,405,1,0,31,0.0,,,,,,,0,0,0,0,0,9,1,0,0,0,,,,0.0,0.0,,,,
Valle Laciana - Leitariegos,2021,9,Castilla y León,N,1520,1925,405,1,0,30,0.0,,,,,,,0,0,0,0,0,8,1,0,0,0,,,,0.0,0.0,,,,
Valle Laciana - Leitariegos,2021,10,Castilla y León,N,1520,1925,405,1,0,31,0.0,,,,,,,0,0,0,0,0,10,1,0,0,31,,,,0.0,0.0,,,,
Valle Laciana - Leitariegos,2021,11,Castilla y León,N,1520,1925,405,1,3,30,0.1,4.3500000000000005,0.5833333333333334,0.5897435897435898,0.5272727272727273,70.0,20.0,1,0,0,0,0,8,1,0,0,30,,,,0.0,0.0,,,,
Valle Laciana - Leitariegos,2021,12,Castilla y León,N,1520,1925,405,1,22,31,0.7096774193548387,4.7736363636363635,0.6875,0.5909090909090909,0.5786225895316804,69.58333333333333,20.0,2,11,0,0,0,8,4,2,0,31,,,,0.0,0.0,,,,
Valle Laciana - Leitariegos,2022,1,Castilla y León,N,1520,1925,405,1,13,31,0.41935483870967744,1.78,0.625,0.3076923076923077,0.2157575757575757,46.15384615384615,23.076923076923077,13,13,0,0,0,10,2,2,0,31,,,,0.0,0.0,,,,
Valle Laciana - Leitariegos,2022,2,Castilla y León,N,1520,1925,405,1,28,28,1.0,1.78,0.625,0.30769230769230776,0.21575757575757568,66.42857142857143,33.214285714285715,11,20,0,0,4,8,1,0,0,28,,,,0.0,0.0,,,,
Valle Laciana - Leitariegos,2022,3,Castilla y León,N,1520,1925,405,1,31,31,1.0,1.9767741935483871,0.6290322580645161,0.33250620347394544,0.23960899315738018,69.03225806451613,33.225806451612904,10,14,0,0,3,8,0,0,0,31,,,,0.0,0.0,,,,
Valle Laciana - Leitariegos,2022,4,Castilla y León,N,1520,1925,405,1,16,30,0.5333333333333333,1.598125,0.625,0.28846153846153844,0.19371212121212117,51.25,25.625,3,5,0,0,8,9,3,0,2,30,,,,0.0,0.0,,,,
Valle Laciana - Leitariegos,2022,5,Castilla y León,N,1520,1925,405,1,0,31,0.0,,,,,,,0,0,0,0,0,9,2,0,0,31,,,,0.0,0.0,,,,
Valle Laciana - Leitariegos,2022,6,Castilla y León,N,1520,1925,405,1,0,30,0.0,,,,,,,0,0,0,0,0,8,0,0,0,0,,,,0.0,0.0,,,,
Valle Laciana - Leitariegos,2022,7,Castilla y León,N,1520,1925,405,1,0,31,0.0,,,,,,,0,0,0,0,0,10,0,0,0,0,,,,0.0,0.0,,,,
Valle Laciana - Leitariegos,2022,8,Castilla y León,N,1520,1925,405,1,0,31,0.0,,,,,,,0,0,0,0,0,8,1,0,0,0,,,,0.0,0.0,,,,
Valle Laciana - Leitariegos,2022,9,Castilla y León,N,1520,1925,405,1,0,30,0.0,,,,,,,0,0,0,0,0,8,1,0,0,0,,,,0.0,0.0,,,,
Valle Laciana - Leitariegos,2022,10,Castilla y León,N,1520,1925,405,1,0,31,0.0,,,,,,,0,0,0,0,0,10,1,0,0,31,,,,0.0,0.0,,,,
Valle Laciana - Leitariegos,2022,11,Castilla y León,N,1520,1925,405,1,0,30,0.0,,,,,,,0,0,0,0,0,8,1,0,0,30,,,,0.0,0.0,,,,
Valle Laciana - Leitariegos,2022,12,Castilla y León,N,1520,1925,405,1,0,31,0.0,,,,,,,0,0,0,0,0,9,4,2,0,31,,,,0.0,0.0,,,,
Valle Laciana - Leitariegos,2023,1,Castilla y León,N,1520,1925,405,1,9,31,0.2903225806451613,4.441111111111111,0.6527777777777778,0.5476190476190477,0.5287037037037037,55.55555555555556,32.77777777777778,7,7,0,0,0,9,2,2,0,31,,,,0.0,0.0,,,,
Valle Laciana - Leitariegos,2023,2,Castilla y León,N,1520,1925,405,1,28,28,1.0,6.291071428571429,0.8303571428571429,0.7346938775510204,0.748937074829932,69.64285714285714,25.714285714285715,8,16,0,0,2,8,1,0,0,28,,,,0.0,0.0,,,,
Valle Laciana - Leitariegos,2023,3,Castilla y León,N,1520,1925,405,1,29,31,0.9354838709677419,3.731034482758621,0.6594827586206896,0.5024630541871921,0.4441707717569786,64.48275862068965,19.137931034482758,5,4,0,0,16,8,0,0,0,31,,,,0.0,0.0,,,,
Valle Laciana - Leitariegos,2023,4,Castilla y León,N,1520,1925,405,1,0,30,0.0,,,,,,,0,0,0,0,0,10,3,0,2,30,,,,0.0,0.0,,,,
Valle Laciana - Leitariegos,2023,5,Castilla y León,N,1520,1925,405,1,0,31,0.0,,,,,,,0,0,0,0,0,8,2,0,0,31,,,,0.0,0.0,,,,
Valle Laciana - Leitariegos,2023,6,Castilla y León,N,1520,1925,405,1,0,30,0.0,,,,,,,0,0,0,0,0,8,0,0,0,0,,,,0.0,0.0,,,,
Valle Laciana - Leitariegos,2023,7,Castilla y León,N,1520,1925,405,1,0,31,0.0,,,,,,,0,0,0,0,0,10,0,0,0,0,,,,0.0,0.0,,,,
Valle Laciana - Leitariegos,2023,8,Castilla y León,N,1520,1925,405,1,0,31,0.0,,,,,,,0,0,0,0,0,8,1,0,0,0,,,,0.0,0.0,,,,
Valle Laciana - Leitariegos,2023,9,Castilla y León,N,1520,1925,405,1,0,30,0.0,,,,,,,0,0,0,0,0,9,1,0,0,0,,,,0.0,0.0,,,,
Valle Laciana - Leitariegos,2023,10,Castilla y León,N,1520,1925,405,1,0,31,0.0,,,,,,,0,0,0,0,0,9,1,0,0,31,,,,0.0,0.0,,,,
Valle Laciana - Leitariegos,2023,11,Castilla y León,N,1520,1925,405,1,0,30,0.0,,,,,,,0,0,0,0,0,8,1,0,0,30,,,,0.0,0.0,,,,
Valle Laciana - Leitariegos,2023,12,Castilla y León,N,1520,1925,405,1,0,31,0.0,,,,,,,0,0,0,0,0,10,4,2,0,31,,,,0.0,0.0,,,,
Valle Laciana - Leitariegos,2024,1,Castilla y León,N,1520,1925,405,1,20,31,0.6451612903225806,3.021,0.6375,0.42857142857142855,0.35964285714285704,42.5,12.5,4,9,0,0,0,8,2,2,0,31,,,,0.0,0.0,,,,
Valle Laciana - Leitariegos,2024,2,Castilla y León,N,1520,1925,405,1,3,29,0.10344827586206896,2.5366666666666666,0.6666666666666666,0.38095238095238093,0.30198412698412697,40.0,10.0,1,3,0,0,0,8,1,0,0,29,,,,0.0,0.0,,,,
Valle Laciana - Leitariegos,2024,3,Castilla y León,N,1520,1925,405,1,31,31,1.0,5.305806451612904,0.7338709677419355,0.6612903225806451,0.6316436251920123,86.45161290322581,31.612903225806452,11,16,0,0,7,10,2,0,2,31,,,,0.0,0.0,,,,
Valle Laciana - Leitariegos,2024,4,Castilla y León,N,1520,1925,405,1,5,30,0.16666666666666666,3.7700000000000005,0.7,0.5428571428571429,0.4488095238095238,74.0,20.0,2,2,0,0,1,8,1,0,0,30,,,,0.0,0.0,,,,
Valle Laciana - Leitariegos,2024,5,Castilla y León,N,1520,1925,405,1,0,31,0.0,,,,,,,0,0,0,0,0,8,2,0,0,31,,,,0.0,0.0,,,,
Valle Laciana - Leitariegos,2024,6,Castilla y León,N,1520,1925,405,1,0,30,0.0,,,,,,,0,0,0,0,0,10,0,0,0,0,,,,0.0,0.0,,,,
Valle Laciana - Leitariegos,2024,7,Castilla y León,N,1520,1925,405,1,0,31,0.0,,,,,,,0,0,0,0,0,8,0,0,0,0,,,,0.0,0.0,,,,
Valle Laciana - Leitariegos,2024,8,Castilla y León,N,1520,1925,405,1,0,31,0.0,,,,,,,0,0,0,0,0,9,1,0,0,0,,,,0.0,0.0,,,,
Valle Laciana - Leitariegos,2024,9,Castilla y León,N,1520,1925,405,1,0,30,0.0,,,,,,,0,0,0,0,0,9,1,0,0,0,,,,0.0,0.0,,,,
Valle Laciana - Leitariegos,2024,10,Castilla y León,N,1520,1925,405,1,0,31,0.0,,,,,,,0,0,0,0,0,8,1,0,0,31,,,,0.0,0.0,,,,
Valle Laciana - Leitariegos,2024,11,Castilla y León,N,1520,1925,405,1,0,30,0.0,,,,,,,0,0,0,0,0,9,1,0,0,30,,,,0.0,0.0,,,,
Valle Laciana - Leitariegos,2024,12,Castilla y León,N,1520,1925,405,1,6,31,0.1935483870967742,4.416666666666667,0.7857142857142857,0.4803921568627451,0.49019607843137253,30.0,10.0,5,2,0,0,0,9,4,2,0,31,,,,0.0,0.0,,,,
Valle Laciana - Leitariegos,2025,1,Castilla y León,N,1520,1925,405,1,1,31,0.03225806451612903,4.12,0.8571428571428571,0.4705882352941176,0.4572697003329634,40.0,10.0,1,0,0,0,0,8,2,2,0,31,,,,0.0,0.0,,,,
Valle Laciana - Leitariegos,2025,2,Castilla y León,N,1520,1925,405,1,19,28,0.6785714285714286,3.265789473684211,0.7744360902255639,0.38390092879256965,0.36246276067527305,29.210526315789473,10.0,4,7,0,0,0,8,1,0,0,28,,,,0.0,0.0,,,,
Valle Laciana - Leitariegos,2025,3,Castilla y León,N,1520,1925,405,1,0,31,0.0,,,,,,,0,0,0,0,0,10,0,0,0,31,,,,0.0,0.0,,,,
Valle Laciana - Leitariegos,2025,4,Castilla y León,N,1520,1925,405,1,0,30,0.0,,,,,,,0,0,0,0,0,8,3,0,2,30,,,,0.0,0.0,,,,
Valle Laciana - Leitariegos,2025,5,Castilla y León,N,1520,1925,405,1,0,31,0.0,,,,,,,0,0,0,0,0,9,2,0,0,31,,,,0.0,0.0,,,,
Valle Laciana - Leitariegos,2025,6,Castilla y León,N,1520,1925,405,1,0,30,0.0,,,,,,,0,0,0,0,0,9,0,0,0,0,,,,0.0,0.0,,,,
Valle Laciana - Leitariegos,2025,7,Castilla y León,N,1520,1925,405,1,0,31,0.0,,,,,,,0,0,0,0,0,8,0,0,0,0,,,,0.0,0.0,,,,
Valle Laciana - Leitariegos,2025,8,Castilla y León,N,1520,1925,405,1,0,31,0.0,,,,,,,0,0,0,0,0,10,1,0,0,0,,,,0.0,0.0,,,,
Valle Laciana - Leitariegos,2025,9,Castilla y León,N,1520,1925,405,1,0,8,0.0,,,,,,,0,0,0,0,0,2,0,0,0,0,,,,0.0,0.0,,,,
Vallter,2018,1,Cataluña,N,1820,2535,715,1,23,29,0.7931034482758621,13.26086956521739,0.5177865612648221,0.6739130434782609,0.7080015784953225,75.65517241379311,46.724137931034484,19,0,0,0,2,7,1,1,0,29,,,,0.0,0.0,,Lleida,26.22,30.86
Vallter,2018,2,Cataluña,N,1820,2535,715,1,21,27,0.7777777777777778,15.223809523809523,0.6060606060606061,0.7619047619047619,0.8128034983347315,194.44444444444446,141.2962962962963,27,0,0,0,0,7,1,0,0,27,,,,0.0,0.0,,Lleida,37.01,48.89
Vallter,2018,3,Cataluña,N,1820,2535,715,1,26,29,0.896551724137931,17.73076923076923,0.6293706293706294,0.8791208791208791,0.9466507864799376,228.82758620689654,155.89655172413794,19,0,0,0,0,8,1,0,1,29,,,,0.0,0.0,,Lleida,42.78,50.98
Vallter,2018,4,Cataluña,N,1820,2535,715,1,8,29,0.27586206896551724,19.0,0.7159090909090909,0.9285714285714286,1.014415376401495,225.25,148.5,0,0,0,0,2,8,1,0,0,29,,,,0.0,0.0,,Lleida,45.08,51.75
Vallter,2018,5,Cataluña,N,1820,2535,715,1,0,31,0.0,,,,,,,0,0,0,0,0,8,2,0,0,31,,,,0.0,0.0,,Lleida,46.03,56.19
Vallter,2018,6,Cataluña,N,1820,2535,715,1,0,30,0.0,,,,,,,0,0,0,0,0,9,0,0,0,0,,,,0.0,0.0,,Lleida,38.6,47.59
Vallter,2018,7,Cataluña,N,1820,2535,715,1,0,31,0.0,,,,,,,0,0,0,0,0,9,0,0,0,0,,,,0.0,0.0,,Lleida,40.49,45.94
Vallter,2018,8,Cataluña,N,1820,2535,715,1,0,31,0.0,,,,,,,0,0,0,0,0,8,1,0,0,0,,,,0.0,0.0,,Lleida,45.99,55.73
Vallter,2018,9,Cataluña,N,1820,2535,715,1,0,30,0.0,,,,,,,0,0,0,0,0,10,1,0,0,0,,,,0.0,0.0,,Lleida,48.63,62.87
Vallter,2018,10,Cataluña,N,1820,2535,715,1,0,31,0.0,,,,,,,0,0,0,0,0,8,1,0,0,31,,,,0.0,0.0,,Lleida,45.47,61.51
Vallter,2018,11,Cataluña,N,1820,2535,715,1,6,30,0.2,13.0,0.5757575757575757,0.6923076923076924,0.6940736785904965,55.0,20.0,7,0,0,0,0,8,1,0,0,30,,,,0.0,0.0,,Lleida,39.25,53.59
Vallter,2018,12,Cataluña,N,1820,2535,715,1,29,31,0.9354838709677419,10.03448275862069,0.5172413793103449,0.5013262599469496,0.5357438739252904,48.666666666666664,19.166666666666668,24,9,0,0,6,10,4,2,0,31,,,,0.0,0.0,,Lleida,37.89,44.18
Vallter,2019,1,Cataluña,N,1820,2535,715,1,24,31,0.7741935483870968,8.5,0.481060606060606,0.4423076923076923,0.4538174052322477,49.827586206896555,25.689655172413794,18,19,0,0,0,8,2,2,0,31,,,,0.0,0.0,,Lleida,26.44,29.32
Vallter,2019,2,Cataluña,N,1820,2535,715,1,27,28,0.9642857142857143,12.851851851851851,0.5185185185185185,0.6096866096866097,0.6861640070396077,63.92857142857143,38.92857142857143,27,6,0,0,1,8,1,0,0,28,,,,0.0,0.0,,Lleida,33.03,40.66
Vallter,2019,3,Cataluña,N,1820,2535,715,1,29,29,1.0,9.137931034482758,0.48902821316614414,0.46684350132625996,0.48787672367766993,41.37931034482759,23.103448275862068,4,19,0,0,21,9,0,0,0,29,,,,0.0,0.0,,Lleida,50.45,59.85
Vallter,2019,4,Cataluña,N,1820,2535,715,1,10,29,0.3448275862068966,4.8,0.3818181818181817,0.29999999999999993,0.2562733582487987,29.5,16.5,4,0,0,0,1,8,3,0,2,29,,,,0.0,0.0,,Lleida,46.44,48.41
Vallter,2019,5,Cataluña,N,1820,2535,715,1,0,31,0.0,,,,,,,0,0,0,0,0,8,2,0,0,31,,,,0.0,0.0,,Lleida,53.04,67.91
Vallter,2019,6,Cataluña,N,1820,2535,715,1,0,30,0.0,,,,,,,0,0,0,0,0,10,0,0,0,0,,,,0.0,0.0,,Lleida,52.44,61.34
Vallter,2019,7,Cataluña,N,1820,2535,715,1,0,31,0.0,,,,,,,0,0,0,0,0,8,0,0,0,0,,,,0.0,0.0,,Lleida,47.79,52.65
Vallter,2019,8,Cataluña,N,1820,2535,715,1,0,31,0.0,,,,,,,0,0,0,0,0,9,1,0,0,0,,,,0.0,0.0,,Lleida,50.57,60.74
Vallter,2019,9,Cataluña,N,1820,2535,715,1,0,30,0.0,,,,,,,0,0,0,0,0,9,1,0,0,0,,,,0.0,0.0,,Lleida,45.02,56.75
Vallter,2019,10,Cataluña,N,1820,2535,715,1,0,31,0.0,,,,,,,0,0,0,0,0,8,1,0,0,31,,,,0.0,0.0,,Lleida,48.66,53.76
Vallter,2019,11,Cataluña,N,1820,2535,715,1,1,30,0.03333333333333333,3.0,0.5,0.2307692307692307,0.202020202020202,30.0,15.0,1,1,0,0,0,9,1,0,0,30,,,,0.0,0.0,,Lleida,39.47,47.88
Vallter,2019,12,Cataluña,N,1820,2535,715,1,28,31,0.9032258064516129,6.25,0.5892857142857143,0.5027472527472527,0.42087542087542085,44.193548387096776,17.774193548387096,29,20,0,0,0,9,4,2,0,31,,,,0.0,0.0,,Lleida,43.65,52.04
Vallter,2020,1,Cataluña,N,1820,2535,715,1,24,31,0.7741935483870968,8.291666666666666,0.6625,0.7211538461538461,0.5583613916947251,90.35714285714286,45.0,28,19,0,0,0,8,2,2,0,31,,,,0.0,0.0,,Lleida,27.09,32.25
Vallter,2020,2,Cataluña,N,1820,2535,715,1,26,27,0.9629629629629629,10.961538461538462,0.7461538461538461,0.9171597633136095,0.7381507381507382,188.33333333333334,106.11111111111111,6,12,0,0,19,7,1,0,0,27,,,,0.0,0.0,,Lleida,36.76,49.05
Vallter,2020,3,Cataluña,N,1820,2535,715,1,11,31,0.3548387096774194,8.818181818181818,0.5636363636363636,0.7692307692307693,0.5938169574533211,159.23076923076923,61.53846153846154,5,7,0,0,6,9,0,0,0,31,,,,0.0,0.0,,Lleida,32.26,28.02
Vallter,2020,4,Cataluña,N,1820,2535,715,1,0,30,0.0,,,,,,,0,0,0,0,0,8,3,0,2,30,,,,0.0,0.0,,Lleida,0.0,0.0
Vallter,2020,5,Cataluña,N,1820,2535,715,1,0,31,0.0,,,,,,,0,0,0,0,0,10,2,0,0,31,,,,0.0,0.0,,Lleida,,
Vallter,2020,6,Cataluña,N,1820,2535,715,1,0,30,0.0,,,,,,,0,0,0,0,0,8,0,0,0,0,,,,0.0,0.0,,Lleida,,
Vallter,2020,7,Cataluña,N,1820,2535,715,1,0,31,0.0,,,,,,,0,0,0,0,0,8,0,0,0,0,,,,0.0,0.0,,Lleida,,
Vallter,2020,8,Cataluña,N,1820,2535,715,1,0,31,0.0,,,,,,,0,0,0,0,0,10,1,0,0,0,,,,0.0,0.0,,Lleida,,
Vallter,2020,9,Cataluña,N,1820,2535,715,1,0,30,0.0,,,,,,,0,0,0,0,0,8,1,0,0,0,,,,0.0,0.0,,Lleida,22.73,28.69
Vallter,2020,10,Cataluña,N,1820,2535,715,1,0,31,0.0,,,,,,,0,0,0,0,0,9,1,0,0,31,,,,0.0,0.0,,Lleida,23.23,28.38
Vallter,2020,11,Cataluña,N,1820,2535,715,1,0,30,0.0,,,,,,,0,0,0,0,0,9,1,0,0,30,,,,0.0,0.0,,Lleida,16.45,11.08
Vallter,2020,12,Cataluña,N,1820,2535,715,1,16,31,0.5161290322580645,5.75,0.46875,0.5192307692307692,0.43461829176114886,40.88235294117647,19.764705882352942,17,13,0,0,0,8,4,2,0,31,,,,0.0,0.0,,Lleida,19.11,18.07
Vallter,2021,1,Cataluña,N,1820,2535,715,1,29,31,0.9354838709677419,5.035714285714286,0.2689655172413793,0.4642857142857143,0.3806284418529316,70.54838709677419,50.54838709677419,27,13,0,0,0,10,2,2,0,31,,,,0.0,0.0,,Lleida,20.84,19.52
Vallter,2021,2,Cataluña,N,1820,2535,715,1,28,28,1.0,4.928571428571429,0.2785714285714286,0.445054945054945,0.372529964366699,57.5,35.357142857142854,13,11,0,0,3,8,1,0,0,28,,,,0.0,0.0,,Lleida,27.46,28.76
Vallter,2021,3,Cataluña,N,1820,2535,715,1,28,31,0.9032258064516129,5.142857142857143,0.29642857142857143,0.46703296703296704,0.38872691933916415,55.806451612903224,28.387096774193548,7,17,0,0,19,8,0,0,0,31,,,,0.0,0.0,,Lleida,29.63,34.71
Vallter,2021,4,Cataluña,N,1820,2535,715,1,3,30,0.1,5.0,0.26666666666666666,0.3076923076923077,0.3779289493575207,33.333333333333336,11.666666666666666,0,0,0,0,3,8,3,0,2,30,,,,0.0,0.0,,Lleida,36.96,47.85
Vallter,2021,5,Cataluña,N,1820,2535,715,1,0,31,0.0,,,,,,,0,0,0,0,0,10,2,0,0,31,,,,0.0,0.0,,Lleida,31.62,36.37
Vallter,2021,6,Cataluña,N,1820,2535,715,1,0,30,0.0,,,,,,,0,0,0,0,0,8,0,0,0,0,,,,0.0,0.0,,Lleida,47.27,59.37
Vallter,2021,7,Cataluña,N,1820,2535,715,1,0,31,0.0,,,,,,,0,0,0,0,0,9,0,0,0,0,,,,0.0,0.0,,Lleida,56.07,56.85
Vallter,2021,8,Cataluña,N,1820,2535,715,1,0,31,0.0,,,,,,,0,0,0,0,0,9,1,0,0,0,,,,0.0,0.0,,Lleida,58.7,66.57
Vallter,2021,9,Cataluña,N,1820,2535,715,1,0,30,0.0,,,,,,,0,0,0,0,0,8,1,0,0,0,,,,0.0,0.0,,Lleida,52.03,62.43
Vallter,2021,10,Cataluña,N,1820,2535,715,1,0,31,0.0,,,,,,,0,0,0,0,0,10,1,0,0,31,,,,0.0,0.0,,Lleida,49.83,57.81
Vallter,2021,11,Cataluña,N,1820,2535,715,1,2,30,0.06666666666666667,6.0,0.55,0.5,0.4535147392290249,60.0,32.5,4,0,0,0,0,8,1,0,0,30,,,,0.0,0.0,,Lleida,48.34,58.4
Vallter,2021,12,Cataluña,N,1820,2535,715,1,25,30,0.8333333333333334,9.92,0.748,0.8215384615384616,0.7498110355253211,82.5,62.666666666666664,27,0,0,0,0,8,4,2,0,30,,,,0.0,0.0,,Lleida,35.67,42.9
Vallter,2022,1,Cataluña,N,1820,2535,715,1,29,31,0.9354838709677419,9.793103448275861,0.7413793103448276,0.8408488063660479,0.740219459431282,68.87096774193549,58.54838709677419,27,9,0,0,4,10,2,2,0,31,,,,0.0,0.0,,Lleida,29.05,37.57
Vallter,2022,2,Cataluña,N,1820,2535,715,1,26,28,0.9285714285714286,9.5,0.7269230769230769,0.7988165680473374,0.7180650037792895,66.42857142857143,56.42857142857143,18,18,0,0,6,8,1,0,0,28,,,,0.0,0.0,,Lleida,43.46,58.89
Vallter,2022,3,Cataluña,N,1820,2535,715,1,30,31,0.967741935483871,9.266666666666667,0.5966666666666666,0.7512820512820514,0.7004283194759384,78.06451612903226,59.67741935483871,20,5,0,0,7,8,0,0,0,31,,,,0.0,0.0,,Lleida,46.75,64.95
Vallter,2022,4,Cataluña,N,1820,2535,715,1,16,30,0.5333333333333333,8.3125,0.53125,0.7115384615384616,0.6283068783068784,98.88888888888889,69.44444444444444,10,2,0,0,8,9,3,0,2,30,,,,0.0,0.0,,Lleida,57.08,71.31
Vallter,2022,5,Cataluña,N,1820,2535,715,1,0,31,0.0,,,,,,,0,0,0,0,0,9,2,0,0,31,,,,0.0,0.0,,Lleida,62.31,74.22
Vallter,2022,6,Cataluña,N,1820,2535,715,1,0,30,0.0,,,,,,,0,0,0,0,0,8,0,0,0,0,,,,0.0,0.0,,Lleida,58.85,70.31
Vallter,2022,7,Cataluña,N,1820,2535,715,1,0,31,0.0,,,,,,,0,0,0,0,0,10,0,0,0,0,,,,0.0,0.0,,Lleida,56.17,67.77
Vallter,2022,8,Cataluña,N,1820,2535,715,1,0,31,0.0,,,,,,,0,0,0,0,0,8,1,0,0,0,,,,0.0,0.0,,Lleida,61.74,65.2
Vallter,2022,9,Cataluña,N,1820,2535,715,1,0,30,0.0,,,,,,,0,0,0,0,0,8,1,0,0,0,,,,0.0,0.0,,Lleida,55.86,64.03
Vallter,2022,10,Cataluña,N,1820,2535,715,1,0,31,0.0,,,,,,,0,0,0,0,0,10,1,0,0,31,,,,0.0,0.0,,Lleida,51.6,62.46
Vallter,2022,11,Cataluña,N,1820,2535,715,1,0,30,0.0,,,,,,,0,0,0,0,0,8,1,0,0,30,,,,0.0,0.0,,Lleida,45.32,52.91
Vallter,2022,12,Cataluña,N,1820,2535,715,1,27,31,0.8709677419354839,1.0,0.35185185185185186,0.15669515669515663,0.0769230769230769,33.333333333333336,10.0,20,0,0,0,4,9,4,2,0,31,,,,0.0,0.0,,Lleida,36.78,47.07
Vallter,2023,1,Cataluña,N,1820,2535,715,1,29,31,0.9354838709677419,1.6206896551724137,0.36551724137931035,0.17771883289124663,0.12466843501326255,38.38709677419355,17.741935483870968,25,2,0,0,1,9,2,2,0,31,,,,0.0,0.0,,Lleida,40.67,44.57
Vallter,2023,2,Cataluña,N,1820,2535,715,1,28,28,1.0,4.392857142857143,0.46785714285714286,0.34615384615384615,0.3379120879120879,67.5,37.142857142857146,28,7,0,0,0,8,1,0,0,28,,,,0.0,0.0,,Lleida,45.63,59.93
Vallter,2023,3,Cataluña,N,1820,2535,715,1,22,31,0.7096774193548387,4.681818181818182,0.4681818181818182,0.4090909090909091,0.36013986013986005,53.18181818181818,28.636363636363637,10,7,0,0,12,8,0,0,0,31,,,,0.0,0.0,,Lleida,47.72,64.99
Vallter,2023,4,Cataluña,N,1820,2535,715,1,0,30,0.0,,,,,,,0,0,0,0,0,10,3,0,2,30,,,,0.0,0.0,,Lleida,52.94,68.09
Vallter,2023,5,Cataluña,N,1820,2535,715,1,0,31,0.0,,,,,,,0,0,0,0,0,8,2,0,0,31,,,,0.0,0.0,,Lleida,53.07,62.82
Vallter,2023,6,Cataluña,N,1820,2535,715,1,0,30,0.0,,,,,,,0,0,0,0,0,8,0,0,0,0,,,,0.0,0.0,,Lleida,51.52,66.91
Vallter,2023,7,Cataluña,N,1820,2535,715,1,0,31,0.0,,,,,,,0,0,0,0,0,10,0,0,0,0,,,,0.0,0.0,,Lleida,51.46,57.12
Vallter,2023,8,Cataluña,N,1820,2535,715,1,0,31,0.0,,,,,,,0,0,0,0,0,8,1,0,0,0,,,,0.0,0.0,,Lleida,53.42,63.93
Vallter,2023,9,Cataluña,N,1820,2535,715,1,0,30,0.0,,,,,,,0,0,0,0,0,9,1,0,0,0,,,,0.0,0.0,,Lleida,51.95,58.41
Vallter,2023,10,Cataluña,N,1820,2535,715,1,0,31,0.0,,,,,,,0,0,0,0,0,9,1,0,0,31,,,,0.0,0.0,,Lleida,54.33,62.32
Vallter,2023,11,Cataluña,N,1820,2535,715,1,0,30,0.0,,,,,,,0,0,0,0,0,8,1,0,0,30,,,,0.0,0.0,,Lleida,43.84,52.33
Vallter,2023,12,Cataluña,N,1820,2535,715,1,25,31,0.8064516129032258,1.0,0.3,0.21142857142857133,0.0833333333333333,19.615384615384617,9.807692307692308,18,14,0,0,4,10,4,2,0,31,,,,0.0,0.0,,Lleida,41.39,45.0
Vallter,2024,1,Cataluña,N,1820,2535,715,1,30,31,0.967741935483871,2.466666666666667,0.37,0.2666666666666666,0.20555555555555555,26.451612903225808,16.451612903225808,23,16,0,0,7,8,2,2,0,31,,,,0.0,0.0,,Lleida,38.88,41.55
Vallter,2024,2,Cataluña,N,1820,2535,715,1,28,29,0.9655172413793104,3.0,0.4,0.2857142857142857,0.25,26.03448275862069,20.517241379310345,15,21,0,0,11,8,1,0,0,29,,,,0.0,0.0,,Lleida,46.3,56.1
Vallter,2024,3,Cataluña,N,1820,2535,715,1,30,31,0.967741935483871,4.2,0.53,0.4023809523809524,0.35,52.41935483870968,30.161290322580644,18,5,0,0,8,10,2,0,2,31,,,,0.0,0.0,,Lleida,51.67,69.27
Vallter,2024,4,Cataluña,N,1820,2535,715,1,7,30,0.23333333333333334,5.571428571428571,0.5,0.4183673469387755,0.4642857142857143,50.0,24.285714285714285,3,0,0,0,4,8,1,0,0,30,,,,0.0,0.0,,Lleida,47.53,52.79
Vallter,2024,5,Cataluña,N,1820,2535,715,1,0,31,0.0,,,,,,,0,0,0,0,0,8,2,0,0,31,,,,0.0,0.0,,Lleida,55.23,66.44
Vallter,2024,6,Cataluña,N,1820,2535,715,1,0,30,0.0,,,,,,,0,0,0,0,0,10,0,0,0,0,,,,0.0,0.0,,Lleida,57.62,66.38
Vallter,2024,7,Cataluña,N,1820,2535,715,1,0,31,0.0,,,,,,,0,0,0,0,0,8,0,0,0,0,,,,0.0,0.0,,Lleida,53.05,69.47
Vallter,2024,8,Cataluña,N,1820,2535,715,1,0,31,0.0,,,,,,,0,0,0,0,0,9,1,0,0,0,,,,0.0,0.0,,Lleida,54.76,63.24
Vallter,2024,9,Cataluña,N,1820,2535,715,1,0,30,0.0,,,,,,,0,0,0,0,0,9,1,0,0,0,,,,0.0,0.0,,Lleida,51.44,59.78
Vallter,2024,10,Cataluña,N,1820,2535,715,1,0,31,0.0,,,,,,,0,0,0,0,0,8,1,0,0,31,,,,0.0,0.0,,Lleida,54.64,66.75
Vallter,2024,11,Cataluña,N,1820,2535,715,1,0,30,0.0,,,,,,,0,0,0,0,0,9,1,0,0,30,,,,0.0,0.0,,Lleida,46.61,55.41
Vallter,2024,12,Cataluña,N,1820,2535,715,1,14,31,0.45161290322580644,3.0,0.45,0.35204081632653056,0.25,32.22222222222222,18.88888888888889,13,9,0,0,0,9,4,2,0,31,,,,0.0,0.0,,Lleida,43.91,55.38
Vallter,2025,1,Cataluña,N,1820,2535,715,1,31,31,1.0,3.5161290322580645,0.5451612903225806,0.36866359447004604,0.29301075268817206,40.0,25.0,24,24,0,0,0,8,2,2,0,31,,,,0.0,0.0,,Lleida,35.68,42.8
Vallter,2025,2,Cataluña,N,1820,2535,715,1,28,28,1.0,6.035714285714286,0.6035714285714285,0.5051020408163265,0.5029761904761905,49.642857142857146,30.178571428571427,27,22,0,0,0,8,1,0,0,28,,,,0.0,0.0,,Lleida,46.3,59.2
Vallter,2025,3,Cataluña,N,1820,2535,715,1,29,31,0.9354838709677419,9.413793103448276,0.696551724137931,0.7463054187192119,0.7844827586206896,105.3225806451613,66.29032258064517,28,5,0,0,0,10,0,0,0,31,,,,0.0,0.0,,Lleida,46.45,61.46
Vallter,2025,4,Cataluña,N,1820,2535,715,1,21,30,0.7,8.0,0.6047619047619047,0.7448979591836734,0.6666666666666666,160.47619047619048,79.76190476190476,3,8,0,0,14,8,3,0,2,30,,,,0.0,0.0,,Lleida,49.2,68.12
Vallter,2025,5,Cataluña,N,1820,2535,715,1,0,31,0.0,,,,,,,0,0,0,0,0,9,2,0,0,31,,,,0.0,0.0,,Lleida,50.87,62.37
Vallter,2025,6,Cataluña,N,1820,2535,715,1,0,30,0.0,,,,,,,0,0,0,0,0,9,0,0,0,0,,,,0.0,0.0,,Lleida,53.1,65.03
Vallter,2025,7,Cataluña,N,1820,2535,715,1,0,31,0.0,,,,,,,0,0,0,0,0,8,0,0,0,0,,,,0.0,0.0,,Lleida,53.13,63.78
Vallter,2025,8,Cataluña,N,1820,2535,715,1,0,31,0.0,,,,,,,0,0,0,0,0,10,1,0,0,0,,,,0.0,0.0,,Lleida,59.81,70.16
Vallter,2025,9,Cataluña,N,1820,2535,715,1,0,8,0.0,,,,,,,0,0,0,0,0,2,0,0,0,0,,,,0.0,0.0,,Lleida,50.46,60.76
